Eval_AverageReturn,Eval_StdReturn,Eval_MaxReturn,Eval_MinReturn,Eval_AverageEpLen,step,Train_EpisodeReturn,Train_EpisodeLen,actor_loss,entropy,critic_loss,q_values,target_values,actor_lr,critic_lr,temperature
14.724653,4.527126,26.499493,9.609761,18.8,0,,,,,,,,,,
,,,,,65,85.7224,66,,,,,,,,
,,,,,89,8.398743,24,,,,,,,,
,,,,,97,5.1059904,8,,,,,,,,
,,,,,128,19.627405,31,,,,,,,,
,,,,,140,8.747837,12,,,,,,,,
,,,,,150,6.2384896,10,,,,,,,,
,,,,,197,32.45389,47,,,,,,,,
,,,,,217,14.154812,20,,,,,,,,
,,,,,239,17.478916,22,,,,,,,,
,,,,,267,17.188812,28,,,,,,,,
,,,,,281,9.466769,14,,,,,,,,
,,,,,295,10.915964,14,,,,,,,,
,,,,,314,16.69549,19,,,,,,,,
,,,,,331,11.1045,17,,,,,,,,
,,,,,347,11.432459,16,,,,,,,,
,,,,,368,12.8216915,21,,,,,,,,
,,,,,386,10.738006,18,,,,,,,,
,,,,,400,9.680927,14,,,,,,,,
,,,,,415,12.770302,15,,,,,,,,
,,,,,433,16.479242,18,,,,,,,,
,,,,,449,12.08253,16,,,,,,,,
,,,,,467,15.346324,18,,,,,,,,
,,,,,493,14.29704,26,,,,,,,,
,,,,,514,18.088512,21,,,,,,,,
,,,,,524,5.4923916,10,,,,,,,,
,,,,,562,19.322308,38,,,,,,,,
,,,,,586,17.199156,24,,,,,,,,
,,,,,601,9.349943,15,,,,,,,,
,,,,,637,49.35107,36,,,,,,,,
,,,,,647,7.767824,10,,,,,,,,
,,,,,663,12.385074,16,,,,,,,,
,,,,,687,21.61978,24,,,,,,,,
,,,,,697,6.354347,10,,,,,,,,
,,,,,712,14.3349695,15,,,,,,,,
,,,,,794,143.86328,82,,,,,,,,
,,,,,803,6.4492855,9,,,,,,,,
,,,,,826,26.818007,23,,,,,,,,
,,,,,860,19.586704,34,,,,,,,,
,,,,,900,36.959152,40,,,,,,,,
,,,,,918,14.615131,18,,,,,,,,
,,,,,942,12.804034,24,,,,,,,,
,,,,,954,9.298892,12,,,,,,,,
,,,,,968,11.293623,14,,,,,,,,
,,,,,984,17.090286,16,,,,,,,,
,,,,,1024,31.978144,40,,,,,,,,
,,,,,1039,11.018881,15,,,,,,,,
,,,,,1055,7.823371,16,,,,,,,,
,,,,,1090,37.997097,35,,,,,,,,
,,,,,1113,14.253775,23,,,,,,,,
,,,,,1129,8.715732,16,,,,,,,,
,,,,,1138,7.110069,9,,,,,,,,
,,,,,1149,8.581078,11,,,,,,,,
,,,,,1167,9.107725,18,,,,,,,,
,,,,,1187,11.352165,20,,,,,,,,
,,,,,1199,10.026008,12,,,,,,,,
,,,,,1216,12.669099,17,,,,,,,,
,,,,,1234,13.920951,18,,,,,,,,
,,,,,1244,7.212248,10,,,,,,,,
,,,,,1255,9.667157,11,,,,,,,,
,,,,,1269,11.304549,14,,,,,,,,
,,,,,1300,23.335146,31,,,,,,,,
,,,,,1340,32.194744,40,,,,,,,,
,,,,,1353,9.439041,13,,,,,,,,
,,,,,1374,9.9306965,21,,,,,,,,
,,,,,1391,12.099786,17,,,,,,,,
,,,,,1428,22.081966,37,,,,,,,,
,,,,,1443,8.752561,15,,,,,,,,
,,,,,1471,9.748685,28,,,,,,,,
,,,,,1485,12.548247,14,,,,,,,,
,,,,,1506,21.146767,21,,,,,,,,
,,,,,1518,10.6250725,12,,,,,,,,
,,,,,1530,10.682036,12,,,,,,,,
,,,,,1540,5.546156,10,,,,,,,,
,,,,,1553,9.813187,13,,,,,,,,
,,,,,1564,8.191805,11,,,,,,,,
,,,,,1580,12.038364,16,,,,,,,,
,,,,,1635,73.29203,55,,,,,,,,
,,,,,1646,7.871688,11,,,,,,,,
,,,,,1658,10.442998,12,,,,,,,,
,,,,,1680,14.705206,22,,,,,,,,
,,,,,1702,18.184769,22,,,,,,,,
,,,,,1711,5.7259326,9,,,,,,,,
,,,,,1722,9.372633,11,,,,,,,,
,,,,,1759,25.7258,37,,,,,,,,
,,,,,1776,10.776347,17,,,,,,,,
,,,,,1793,10.995348,17,,,,,,,,
,,,,,1810,13.919436,17,,,,,,,,
,,,,,1832,17.074427,22,,,,,,,,
,,,,,1847,13.263581,15,,,,,,,,
,,,,,1867,11.488466,20,,,,,,,,
,,,,,1879,6.8950815,12,,,,,,,,
,,,,,1899,16.503227,20,,,,,,,,
,,,,,1952,80.20243,53,,,,,,,,
,,,,,1964,10.05701,12,,,,,,,,
,,,,,1977,8.45415,13,,,,,,,,
,,,,,1990,9.941971,13,,,,,,,,
,,,,,2012,16.886614,22,,,,,,,,
,,,,,2027,9.574744,15,,,,,,,,
,,,,,2062,6.9864044,35,,,,,,,,
,,,,,2112,77.29836,50,,,,,,,,
,,,,,2124,9.609623,12,,,,,,,,
,,,,,2135,6.370075,11,,,,,,,,
,,,,,2147,8.928759,12,,,,,,,,
,,,,,2161,9.397403,14,,,,,,,,
,,,,,2173,9.232608,12,,,,,,,,
,,,,,2197,15.914739,24,,,,,,,,
,,,,,2209,9.959183,12,,,,,,,,
,,,,,2245,31.803537,36,,,,,,,,
,,,,,2257,9.741187,12,,,,,,,,
,,,,,2286,11.932034,29,,,,,,,,
,,,,,2302,11.9903,16,,,,,,,,
,,,,,2322,17.642818,20,,,,,,,,
,,,,,2333,9.212095,11,,,,,,,,
,,,,,2346,9.141252,13,,,,,,,,
,,,,,2358,9.077142,12,,,,,,,,
,,,,,2371,10.495975,13,,,,,,,,
,,,,,2383,8.06142,12,,,,,,,,
,,,,,2391,6.197118,8,,,,,,,,
,,,,,2407,16.269674,16,,,,,,,,
,,,,,2421,6.332497,14,,,,,,,,
,,,,,2445,19.78733,24,,,,,,,,
,,,,,2467,8.972691,22,,,,,,,,
,,,,,2485,11.567149,18,,,,,,,,
,,,,,2495,8.441534,10,,,,,,,,
,,,,,2517,20.726496,22,,,,,,,,
,,,,,2561,52.076603,44,,,,,,,,
,,,,,2580,14.224219,19,,,,,,,,
,,,,,2605,18.159449,25,,,,,,,,
,,,,,2622,16.564045,17,,,,,,,,
,,,,,2641,10.680469,19,,,,,,,,
,,,,,2657,12.031028,16,,,,,,,,
,,,,,2675,15.539541,18,,,,,,,,
,,,,,2696,17.27606,21,,,,,,,,
,,,,,2714,16.078152,18,,,,,,,,
,,,,,2725,8.772668,11,,,,,,,,
,,,,,2744,17.469807,19,,,,,,,,
,,,,,2771,10.572824,27,,,,,,,,
,,,,,2786,13.304778,15,,,,,,,,
,,,,,2800,11.227034,14,,,,,,,,
,,,,,2813,8.54909,13,,,,,,,,
,,,,,2833,18.071186,20,,,,,,,,
,,,,,2862,18.30595,29,,,,,,,,
,,,,,2876,12.640529,14,,,,,,,,
,,,,,2895,18.37349,19,,,,,,,,
,,,,,2926,25.30489,31,,,,,,,,
,,,,,2940,9.356044,14,,,,,,,,
,,,,,2952,10.225869,12,,,,,,,,
,,,,,2970,20.115236,18,,,,,,,,
,,,,,2984,10.158643,14,,,,,,,,
,,,,,2996,8.77077,12,,,,,,,,
,,,,,3005,6.0940514,9,,,,,,,,
,,,,,3024,10.5189905,19,,,,,,,,
,,,,,3037,10.319282,13,,,,,,,,
,,,,,3051,10.1442,14,,,,,,,,
,,,,,3063,9.909483,12,,,,,,,,
,,,,,3089,28.062077,26,,,,,,,,
,,,,,3121,17.854267,32,,,,,,,,
,,,,,3152,30.281197,31,,,,,,,,
,,,,,3165,11.306342,13,,,,,,,,
,,,,,3178,11.0554495,13,,,,,,,,
,,,,,3191,7.1548123,13,,,,,,,,
,,,,,3205,8.9667,14,,,,,,,,
,,,,,3221,15.341081,16,,,,,,,,
,,,,,3258,41.784145,37,,,,,,,,
,,,,,3273,6.836895,15,,,,,,,,
,,,,,3284,7.33743,11,,,,,,,,
,,,,,3315,20.678436,31,,,,,,,,
,,,,,3328,8.301354,13,,,,,,,,
,,,,,3355,32.054256,27,,,,,,,,
,,,,,3374,16.181572,19,,,,,,,,
,,,,,3384,6.757787,10,,,,,,,,
,,,,,3411,11.690434,27,,,,,,,,
,,,,,3436,14.610268,25,,,,,,,,
,,,,,3456,12.528194,20,,,,,,,,
,,,,,3466,8.304283,10,,,,,,,,
,,,,,3475,6.8461514,9,,,,,,,,
,,,,,3496,12.578922,21,,,,,,,,
,,,,,3509,12.426499,13,,,,,,,,
,,,,,3532,11.969856,23,,,,,,,,
,,,,,3553,12.983758,21,,,,,,,,
,,,,,3563,7.3795767,10,,,,,,,,
,,,,,3574,9.387722,11,,,,,,,,
,,,,,3598,28.814642,24,,,,,,,,
,,,,,3666,106.517456,68,,,,,,,,
,,,,,3680,9.69666,14,,,,,,,,
,,,,,3702,12.470026,22,,,,,,,,
,,,,,3772,69.06248,70,,,,,,,,
,,,,,3799,9.492953,27,,,,,,,,
,,,,,3824,27.041992,25,,,,,,,,
,,,,,3846,20.676792,22,,,,,,,,
,,,,,3866,9.6547165,20,,,,,,,,
,,,,,3896,30.412914,30,,,,,,,,
,,,,,3911,12.823867,15,,,,,,,,
,,,,,3941,24.604042,30,,,,,,,,
,,,,,3953,7.926459,12,,,,,,,,
,,,,,3970,6.398172,17,,,,,,,,
,,,,,3984,10.590202,14,,,,,,,,
,,,,,4038,67.133736,54,,,,,,,,
,,,,,4098,88.54691,60,,,,,,,,
,,,,,4107,5.9284077,9,,,,,,,,
,,,,,4124,13.583179,17,,,,,,,,
,,,,,4143,9.794514,19,,,,,,,,
,,,,,4166,19.750574,23,,,,,,,,
,,,,,4181,13.161156,15,,,,,,,,
,,,,,4204,7.1001005,23,,,,,,,,
,,,,,4236,38.820183,32,,,,,,,,
,,,,,4246,8.296633,10,,,,,,,,
,,,,,4262,7.7539806,16,,,,,,,,
,,,,,4279,14.009463,17,,,,,,,,
,,,,,4293,5.5666404,14,,,,,,,,
,,,,,4303,7.279812,10,,,,,,,,
,,,,,4361,59.507496,58,,,,,,,,
,,,,,4377,11.420857,16,,,,,,,,
,,,,,4389,8.13503,12,,,,,,,,
,,,,,4409,18.444649,20,,,,,,,,
,,,,,4431,27.30382,22,,,,,,,,
,,,,,4453,19.975794,22,,,,,,,,
,,,,,4472,17.048449,19,,,,,,,,
,,,,,4490,12.512204,18,,,,,,,,
,,,,,4518,10.277662,28,,,,,,,,
,,,,,4536,19.971836,18,,,,,,,,
,,,,,4560,21.02722,24,,,,,,,,
,,,,,4582,25.091522,22,,,,,,,,
,,,,,4591,7.2792797,9,,,,,,,,
,,,,,4647,50.186462,56,,,,,,,,
,,,,,4662,13.813192,15,,,,,,,,
,,,,,4680,10.869063,18,,,,,,,,
,,,,,4695,13.324309,15,,,,,,,,
,,,,,4739,68.9331,44,,,,,,,,
,,,,,4755,15.618003,16,,,,,,,,
,,,,,4786,39.943127,31,,,,,,,,
,,,,,4797,7.512607,11,,,,,,,,
,,,,,4806,6.3108416,9,,,,,,,,
,,,,,4825,9.731123,19,,,,,,,,
,,,,,4859,38.354774,34,,,,,,,,
,,,,,4880,10.85234,21,,,,,,,,
,,,,,4900,15.940111,20,,,,,,,,
,,,,,4916,14.212324,16,,,,,,,,
,,,,,4936,10.45606,20,,,,,,,,
,,,,,4948,10.995494,12,,,,,,,,
,,,,,4970,19.242922,22,,,,,,,,
,,,,,5000,38.081623,30,,,,,,,,
26.992624,16.20225,66.004326,9.843456,25.3,5000,,,,,,,,,,
,,,,,5015,13.118779,15,,,,,,,,
,,,,,5027,10.951984,12,,,,,,,,
,,,,,5037,8.49819,10,,,,,,,,
,,,,,5049,9.02581,12,,,,,,,,
,,,,,5065,15.218005,16,,,,,,,,
,,,,,5085,13.799994,20,,,,,,,,
,,,,,5119,28.786411,34,,,,,,,,
,,,,,5129,7.646815,10,,,,,,,,
,,,,,5140,8.477125,11,,,,,,,,
,,,,,5228,165.71568,88,,,,,,,,
,,,,,5239,8.925371,11,,,,,,,,
,,,,,5268,24.809546,29,,,,,,,,
,,,,,5288,17.535572,20,,,,,,,,
,,,,,5307,16.535788,19,,,,,,,,
,,,,,5332,29.465816,25,,,,,,,,
,,,,,5350,13.880581,18,,,,,,,,
,,,,,5396,46.601242,46,,,,,,,,
,,,,,5418,13.398247,22,,,,,,,,
,,,,,5445,25.253975,27,,,,,,,,
,,,,,5456,8.39131,11,,,,,,,,
,,,,,5468,11.006333,12,,,,,,,,
,,,,,5482,10.902966,14,,,,,,,,
,,,,,5497,11.920506,15,,,,,,,,
,,,,,5517,23.377346,20,,,,,,,,
,,,,,5544,33.943317,27,,,,,,,,
,,,,,5562,15.654463,18,,,,,,,,
,,,,,5577,14.211737,15,,,,,,,,
,,,,,5593,15.254478,16,,,,,,,,
,,,,,5620,27.874628,27,,,,,,,,
,,,,,5646,18.35282,26,,,,,,,,
,,,,,5662,14.878618,16,,,,,,,,
,,,,,5676,13.372972,14,,,,,,,,
,,,,,5759,158.39172,83,,,,,,,,
,,,,,5770,9.286842,11,,,,,,,,
,,,,,5791,19.38556,21,,,,,,,,
,,,,,5808,16.367762,17,,,,,,,,
,,,,,5824,16.470531,16,,,,,,,,
,,,,,5837,11.227156,13,,,,,,,,
,,,,,5860,14.819925,23,,,,,,,,
,,,,,5900,58.293526,40,,,,,,,,
,,,,,5931,37.64777,31,,,,,,,,
,,,,,5950,17.881044,19,,,,,,,,
,,,,,5995,45.899033,45,,,,,,,,
,,,,,6003,6.0158415,8,,,,,,,,
,,,,,6016,11.122147,13,,,,,,,,
,,,,,6027,9.73128,11,,,,,,,,
,,,,,6047,22.081474,20,,,,,,,,
,,,,,6076,37.703835,29,,,,,,,,
,,,,,6089,12.047519,13,,,,,,,,
,,,,,6108,14.960227,19,,,,,,,,
,,,,,6121,9.088207,13,,,,,,,,
,,,,,6137,15.569661,16,,,,,,,,
,,,,,6152,10.10125,15,,,,,,,,
,,,,,6171,13.843224,19,,,,,,,,
,,,,,6192,14.996925,21,,,,,,,,
,,,,,6210,15.042353,18,,,,,,,,
,,,,,6225,11.50472,15,,,,,,,,
,,,,,6271,35.53664,46,,,,,,,,
,,,,,6294,23.303667,23,,,,,,,,
,,,,,6309,11.827867,15,,,,,,,,
,,,,,6327,18.997816,18,,,,,,,,
,,,,,6341,12.799903,14,,,,,,,,
,,,,,6365,15.633927,24,,,,,,,,
,,,,,6377,10.425824,12,,,,,,,,
,,,,,6392,10.338387,15,,,,,,,,
,,,,,6418,25.37786,26,,,,,,,,
,,,,,6441,25.057816,23,,,,,,,,
,,,,,6465,26.67617,24,,,,,,,,
,,,,,6507,39.88063,42,,,,,,,,
,,,,,6527,16.334864,20,,,,,,,,
,,,,,6542,15.141263,15,,,,,,,,
,,,,,6562,10.853447,20,,,,,,,,
,,,,,6579,15.182053,17,,,,,,,,
,,,,,6609,37.785603,30,,,,,,,,
,,,,,6642,44.19115,33,,,,,,,,
,,,,,6656,14.361355,14,,,,,,,,
,,,,,6721,49.187386,65,,,,,,,,
,,,,,6733,9.694616,12,,,,,,,,
,,,,,6765,13.973527,32,,,,,,,,
,,,,,6831,65.696625,66,,,,,,,,
,,,,,6877,72.12922,46,,,,,,,,
,,,,,6896,18.047047,19,,,,,,,,
,,,,,6916,11.292902,20,,,,,,,,
,,,,,6932,8.787762,16,,,,,,,,
,,,,,6960,32.13879,28,,,,,,,,
,,,,,6974,11.601137,14,,,,,,,,
,,,,,7002,13.405509,28,,,,,,,,
,,,,,7015,12.279385,13,,,,,,,,
,,,,,7035,20.390583,20,,,,,,,,
,,,,,7056,19.117332,21,,,,,,,,
,,,,,7074,21.565754,18,,,,,,,,
,,,,,7093,18.889164,19,,,,,,,,
,,,,,7115,25.453665,22,,,,,,,,
,,,,,7131,11.625708,16,,,,,,,,
,,,,,7160,11.031529,29,,,,,,,,
,,,,,7186,12.783025,26,,,,,,,,
,,,,,7239,70.70303,53,,,,,,,,
,,,,,7253,13.131852,14,,,,,,,,
,,,,,7268,15.616019,15,,,,,,,,
,,,,,7294,30.728424,26,,,,,,,,
,,,,,7305,9.460408,11,,,,,,,,
,,,,,7323,19.11238,18,,,,,,,,
,,,,,7347,21.891771,24,,,,,,,,
,,,,,7364,14.509534,17,,,,,,,,
,,,,,7380,13.491638,16,,,,,,,,
,,,,,7400,13.048395,20,,,,,,,,
,,,,,7425,17.97062,25,,,,,,,,
,,,,,7435,7.7316647,10,,,,,,,,
,,,,,7492,50.50575,57,,,,,,,,
,,,,,7502,7.510137,10,,,,,,,,
,,,,,7547,39.3927,45,,,,,,,,
,,,,,7575,22.398981,28,,,,,,,,
,,,,,7614,53.406834,39,,,,,,,,
,,,,,7627,11.314892,13,,,,,,,,
,,,,,7668,54.785744,41,,,,,,,,
,,,,,7687,13.606546,19,,,,,,,,
,,,,,7700,7.8215456,13,,,,,,,,
,,,,,7717,13.655591,17,,,,,,,,
,,,,,7732,12.157799,15,,,,,,,,
,,,,,7774,22.471437,42,,,,,,,,
,,,,,7796,18.346315,22,,,,,,,,
,,,,,7819,25.183493,23,,,,,,,,
,,,,,7843,30.169004,24,,,,,,,,
,,,,,7853,6.4439187,10,,,,,,,,
,,,,,7877,14.052992,24,,,,,,,,
,,,,,7895,17.183615,18,,,,,,,,
,,,,,7911,11.852145,16,,,,,,,,
,,,,,7927,10.612293,16,,,,,,,,
,,,,,7944,14.960301,17,,,,,,,,
,,,,,7965,12.969993,21,,,,,,,,
,,,,,7978,9.240666,13,,,,,,,,
,,,,,7995,16.735497,17,,,,,,,,
,,,,,8010,13.890165,15,,,,,,,,
,,,,,8034,22.425674,24,,,,,,,,
,,,,,8049,8.338135,15,,,,,,,,
,,,,,8079,40.99293,30,,,,,,,,
,,,,,8100,24.647776,21,,,,,,,,
,,,,,8139,56.524963,39,,,,,,,,
,,,,,8159,13.721605,20,,,,,,,,
,,,,,8174,11.747326,15,,,,,,,,
,,,,,8197,26.803469,23,,,,,,,,
,,,,,8210,11.290704,13,,,,,,,,
,,,,,8226,9.911859,16,,,,,,,,
,,,,,8239,9.293345,13,,,,,,,,
,,,,,8252,8.754117,13,,,,,,,,
,,,,,8276,20.726423,24,,,,,,,,
,,,,,8288,9.411427,12,,,,,,,,
,,,,,8300,9.705039,12,,,,,,,,
,,,,,8313,10.85612,13,,,,,,,,
,,,,,8341,36.91132,28,,,,,,,,
,,,,,8353,9.875529,12,,,,,,,,
,,,,,8370,7.3620324,17,,,,,,,,
,,,,,8391,13.643237,21,,,,,,,,
,,,,,8436,44.100002,45,,,,,,,,
,,,,,8457,19.832335,21,,,,,,,,
,,,,,8472,14.95607,15,,,,,,,,
,,,,,8511,41.063667,39,,,,,,,,
,,,,,8526,7.4729776,15,,,,,,,,
,,,,,8540,11.026859,14,,,,,,,,
,,,,,8568,18.683857,28,,,,,,,,
,,,,,8593,30.46775,25,,,,,,,,
,,,,,8628,26.990026,35,,,,,,,,
,,,,,8654,28.15662,26,,,,,,,,
,,,,,8663,4.368815,9,,,,,,,,
,,,,,8674,9.6061325,11,,,,,,,,
,,,,,8684,7.4334087,10,,,,,,,,
,,,,,8700,14.185398,16,,,,,,,,
,,,,,8718,13.340619,18,,,,,,,,
,,,,,8741,21.786875,23,,,,,,,,
,,,,,8793,63.02889,52,,,,,,,,
,,,,,8803,7.5589356,10,,,,,,,,
,,,,,8824,22.825043,21,,,,,,,,
,,,,,8834,6.1406875,10,,,,,,,,
,,,,,8850,16.72836,16,,,,,,,,
,,,,,8869,18.838541,19,,,,,,,,
,,,,,8887,8.796793,18,,,,,,,,
,,,,,8914,13.923873,27,,,,,,,,
,,,,,8937,12.875152,23,,,,,,,,
,,,,,8972,30.491482,35,,,,,,,,
,,,,,9001,36.954685,29,,,,,,,,
,,,,,9047,46.686905,46,,,,,,,,
,,,,,9064,11.694686,17,,,,,,,,
,,,,,9090,9.427445,26,,,,,,,,
,,,,,9104,13.200693,14,,,,,,,,
,,,,,9115,8.794225,11,,,,,,,,
,,,,,9124,6.2761855,9,,,,,,,,
,,,,,9134,8.7136965,10,,,,,,,,
,,,,,9145,8.875594,11,,,,,,,,
,,,,,9163,18.359583,18,,,,,,,,
,,,,,9179,10.543654,16,,,,,,,,
,,,,,9197,11.97817,18,,,,,,,,
,,,,,9216,18.529682,19,,,,,,,,
,,,,,9236,12.781996,20,,,,,,,,
,,,,,9253,16.69838,17,,,,,,,,
,,,,,9282,17.380716,29,,,,,,,,
,,,,,9308,30.964642,26,,,,,,,,
,,,,,9335,26.154154,27,,,,,,,,
,,,,,9345,6.967282,10,,,,,,,,
,,,,,9365,20.855618,20,,,,,,,,
,,,,,9387,19.393164,22,,,,,,,,
,,,,,9409,17.293348,22,,,,,,,,
,,,,,9421,9.857344,12,,,,,,,,
,,,,,9506,182.49463,85,,,,,,,,
,,,,,9522,14.933034,16,,,,,,,,
,,,,,9543,20.880795,21,,,,,,,,
,,,,,9581,12.079957,38,,,,,,,,
,,,,,9604,25.854523,23,,,,,,,,
,,,,,9626,13.897308,22,,,,,,,,
,,,,,9646,12.328909,20,,,,,,,,
,,,,,9659,11.94275,13,,,,,,,,
,,,,,9679,14.196787,20,,,,,,,,
,,,,,9688,7.500934,9,,,,,,,,
,,,,,9728,58.93064,40,,,,,,,,
,,,,,9749,19.305387,21,,,,,,,,
,,,,,9761,10.240871,12,,,,,,,,
,,,,,9794,18.461786,33,,,,,,,,
,,,,,9808,12.694524,14,,,,,,,,
,,,,,9824,10.882356,16,,,,,,,,
,,,,,9840,14.920399,16,,,,,,,,
,,,,,9865,25.90543,25,,,,,,,,
,,,,,9880,15.7778015,15,,,,,,,,
,,,,,9898,14.972651,18,,,,,,,,
,,,,,9931,16.995869,33,,,,,,,,
,,,,,9954,21.080763,23,,,,,,,,
,,,,,9969,14.794564,15,,,,,,,,
,,,,,9978,6.330049,9,,,,,,,,
,,,,,9994,14.933568,16,,,,,,,,
18.47682,11.600255,44.12325,8.265237,21.6,10000,,,-0.27723291516304016,1.98336660861969,1.268019199371338,0.00415449496358633,1.0165627002716064,0.0003,0.0003,0.1
,,,,,10002,5.981794,8,,,,,,,,
,,,,,10111,128.74396,109,,,,,,,,
,,,,,10186,107.85238,75,,,,,,,,
,,,,,10242,92.0315,56,,,,,,,,
,,,,,10312,109.01373,70,,,,,,,,
,,,,,10358,74.67796,46,,,,,,,,
,,,,,10408,88.19767,50,,,,,,,,
,,,,,10471,95.74144,63,,,,,,,,
,,,,,10523,90.21433,52,,,,,,,,
,,,,,10567,71.82536,44,,,,,,,,
,,,,,10614,79.864746,47,,,,,,,,
,,,,,10657,71.73934,43,,,,,,,,
,,,,,10703,78.954124,46,,,,,,,,
,,,,,10748,76.73202,45,,,,,,,,
,,,,,10794,77.35181,46,,,,,,,,
,,,,,10832,62.886414,38,,,,,,,,
,,,,,10878,79.04362,46,,,,,,,,
,,,,,10926,83.278984,48,,,,,,,,
,,,,,10965,65.406654,39,,,,,,,,
,,,,,11000,,,-6.582740306854248,0.3004978597164154,0.20798423886299133,6.034534454345703,6.06925630569458,0.0003,0.0003,0.1
,,,,,11020,101.635506,55,,,,,,,,
,,,,,11065,77.05213,45,,,,,,,,
,,,,,11117,93.80125,52,,,,,,,,
,,,,,11163,78.99391,46,,,,,,,,
,,,,,11258,219.39366,95,,,,,,,,
,,,,,11353,219.12675,95,,,,,,,,
,,,,,11446,211.41818,93,,,,,,,,
,,,,,11535,201.19089,89,,,,,,,,
,,,,,11624,204.07744,89,,,,,,,,
,,,,,11719,216.12476,95,,,,,,,,
,,,,,11818,223.41757,99,,,,,,,,
,,,,,11910,211.44289,92,,,,,,,,
,,,,,12000,,,-14.508572578430176,-0.38058099150657654,2.6563820838928223,13.424006462097168,13.530241012573242,0.0003,0.0003,0.1
,,,,,12005,214.43967,95,,,,,,,,
,,,,,12100,214.58214,95,,,,,,,,
,,,,,12192,209.03513,92,,,,,,,,
,,,,,12290,214.28848,98,,,,,,,,
,,,,,12382,197.88121,92,,,,,,,,
,,,,,12476,203.13097,94,,,,,,,,
,,,,,12571,206.85005,95,,,,,,,,
,,,,,12664,209.85022,93,,,,,,,,
,,,,,12752,189.94542,88,,,,,,,,
,,,,,12838,184.62613,86,,,,,,,,
,,,,,12924,186.23169,86,,,,,,,,
,,,,,13000,,,-22.893829345703125,-1.5012073516845703,2.7715320587158203,21.38397789001465,21.624292373657227,0.0003,0.0003,0.1
,,,,,13032,255.35089,108,,,,,,,,
,,,,,13124,196.07608,92,,,,,,,,
,,,,,13223,196.11742,99,,,,,,,,
,,,,,13316,206.28,93,,,,,,,,
,,,,,13407,190.61171,91,,,,,,,,
,,,,,13499,203.03075,92,,,,,,,,
,,,,,13583,177.07718,84,,,,,,,,
,,,,,13671,185.95451,88,,,,,,,,
,,,,,13769,222.87605,98,,,,,,,,
,,,,,13794,42.87468,25,,,,,,,,
,,,,,13883,176.30966,89,,,,,,,,
,,,,,13966,178.67325,83,,,,,,,,
,,,,,14000,,,-33.616390228271484,-1.3588361740112305,1.7848546504974365,31.436952590942383,31.52605438232422,0.0003,0.0003,0.1
,,,,,14050,180.80333,84,,,,,,,,
,,,,,14151,219.4461,101,,,,,,,,
,,,,,14247,214.58728,96,,,,,,,,
,,,,,14347,224.34262,100,,,,,,,,
,,,,,14438,199.78596,91,,,,,,,,
,,,,,14536,208.08932,98,,,,,,,,
,,,,,14636,224.9594,100,,,,,,,,
,,,,,14742,240.14943,106,,,,,,,,
,,,,,14842,217.09479,100,,,,,,,,
,,,,,14942,207.41635,100,,,,,,,,
,,,,,14970,47.52132,28,,,,,,,,
217.98308,22.031042,259.11652,193.81938,99.9,15000,,,-43.727699279785156,-1.1366186141967773,7.783415794372559,40.718753814697266,41.464263916015625,0.0003,0.0003,0.1
,,,,,15056,184.11516,86,,,,,,,,
,,,,,15144,191.6687,88,,,,,,,,
,,,,,15236,196.01675,92,,,,,,,,
,,,,,15330,205.87352,94,,,,,,,,
,,,,,15427,219.69841,97,,,,,,,,
,,,,,15522,211.50282,95,,,,,,,,
,,,,,15608,185.75949,86,,,,,,,,
,,,,,15697,177.15984,89,,,,,,,,
,,,,,15787,188.48079,90,,,,,,,,
,,,,,15884,192.32951,97,,,,,,,,
,,,,,15971,187.48657,87,,,,,,,,
,,,,,16000,,,-52.15271759033203,-1.0163261890411377,5.49266242980957,49.08195877075195,48.86555862426758,0.0003,0.0003,0.1
,,,,,16059,194.43208,88,,,,,,,,
,,,,,16158,203.64505,99,,,,,,,,
,,,,,16250,193.97687,92,,,,,,,,
,,,,,16355,213.29648,105,,,,,,,,
,,,,,16464,204.85616,109,,,,,,,,
,,,,,16542,119.11257,78,,,,,,,,
,,,,,16640,189.08989,98,,,,,,,,
,,,,,16760,267.31952,120,,,,,,,,
,,,,,16869,237.74095,109,,,,,,,,
,,,,,16960,203.32188,91,,,,,,,,
,,,,,17000,,,-58.486473083496094,-1.2266886234283447,8.442590713500977,56.22001647949219,55.77580642700195,0.0003,0.0003,0.1
,,,,,17074,266.83203,114,,,,,,,,
,,,,,17174,198.17355,100,,,,,,,,
,,,,,17278,211.0991,104,,,,,,,,
,,,,,17343,112.115265,65,,,,,,,,
,,,,,17410,113.79247,67,,,,,,,,
,,,,,17509,222.43669,99,,,,,,,,
,,,,,17611,205.11577,102,,,,,,,,
,,,,,17714,233.94298,103,,,,,,,,
,,,,,17806,209.10149,92,,,,,,,,
,,,,,17904,232.59943,98,,,,,,,,
,,,,,17997,203.15813,93,,,,,,,,
,,,,,18000,,,-66.58021545410156,-1.5118547677993774,7.632394313812256,63.7618293762207,63.216224670410156,0.0003,0.0003,0.1
,,,,,18096,230.4858,99,,,,,,,,
,,,,,18192,221.25888,96,,,,,,,,
,,,,,18294,236.8603,102,,,,,,,,
,,,,,18391,225.86716,97,,,,,,,,
,,,,,18483,212.58525,92,,,,,,,,
,,,,,18575,211.01639,92,,,,,,,,
,,,,,18675,236.82591,100,,,,,,,,
,,,,,18769,213.84547,94,,,,,,,,
,,,,,18866,220.69914,97,,,,,,,,
,,,,,18959,216.7867,93,,,,,,,,
,,,,,19000,,,-73.78645324707031,-1.2913460731506348,10.804605484008789,71.27377319335938,71.59758758544922,0.0003,0.0003,0.1
,,,,,19049,198.86247,90,,,,,,,,
,,,,,19150,224.6237,101,,,,,,,,
,,,,,19251,236.59389,101,,,,,,,,
,,,,,19345,213.79584,94,,,,,,,,
,,,,,19446,225.77133,101,,,,,,,,
,,,,,19550,225.83887,104,,,,,,,,
,,,,,19653,248.74219,103,,,,,,,,
,,,,,19753,230.7855,100,,,,,,,,
,,,,,19851,224.34952,98,,,,,,,,
,,,,,19949,224.13715,98,,,,,,,,
256.35226,17.739092,280.38382,226.51753,111.7,20000,,,-79.65618896484375,-1.353768229484558,4.553225040435791,76.14588165283203,76.1530990600586,0.0003,0.0003,0.1
,,,,,20055,245.64392,106,,,,,,,,
,,,,,20161,244.07765,106,,,,,,,,
,,,,,20260,240.30737,99,,,,,,,,
,,,,,20373,264.1126,113,,,,,,,,
,,,,,20479,251.7541,106,,,,,,,,
,,,,,20579,247.2256,100,,,,,,,,
,,,,,20689,257.68774,110,,,,,,,,
,,,,,20813,299.52902,124,,,,,,,,
,,,,,20968,349.35452,155,,,,,,,,
,,,,,21000,,,-84.9724349975586,-1.5434693098068237,4.605058193206787,83.1216049194336,83.42497253417969,0.0003,0.0003,0.1
,,,,,21118,345.45007,150,,,,,,,,
,,,,,21282,350.25394,164,,,,,,,,
,,,,,21453,335.63318,171,,,,,,,,
,,,,,21605,310.22327,152,,,,,,,,
,,,,,21751,313.57422,146,,,,,,,,
,,,,,21900,306.17392,149,,,,,,,,
,,,,,22000,,,-93.14002227783203,-1.3707376718521118,13.071087837219238,90.1089096069336,90.84477233886719,0.0003,0.0003,0.1
,,,,,22033,290.37274,133,,,,,,,,
,,,,,22162,287.71985,129,,,,,,,,
,,,,,22308,291.81488,146,,,,,,,,
,,,,,22447,291.7094,139,,,,,,,,
,,,,,22587,264.87976,140,,,,,,,,
,,,,,22726,301.49414,139,,,,,,,,
,,,,,22863,291.0232,137,,,,,,,,
,,,,,22990,311.9959,127,,,,,,,,
,,,,,23000,,,-98.87593078613281,-1.3772213459014893,2.21950626373291,95.93046569824219,95.86246490478516,0.0003,0.0003,0.1
,,,,,23127,304.14825,137,,,,,,,,
,,,,,23268,312.64172,141,,,,,,,,
,,,,,23409,303.81155,141,,,,,,,,
,,,,,23533,314.42038,124,,,,,,,,
,,,,,23662,311.87155,129,,,,,,,,
,,,,,23790,301.04584,128,,,,,,,,
,,,,,23915,300.80975,125,,,,,,,,
,,,,,24000,,,-109.67617797851562,-1.0706568956375122,8.602659225463867,107.44671630859375,107.0889892578125,0.0003,0.0003,0.1
,,,,,24041,302.98657,126,,,,,,,,
,,,,,24168,309.9355,127,,,,,,,,
,,,,,24291,303.6293,123,,,,,,,,
,,,,,24410,299.91226,119,,,,,,,,
,,,,,24532,309.40216,122,,,,,,,,
,,,,,24647,286.25055,115,,,,,,,,
,,,,,24767,307.48282,120,,,,,,,,
,,,,,24886,307.62323,119,,,,,,,,
324.413,10.004585,341.82062,302.76593,131.4,25000,,,-113.86044311523438,-1.2269988059997559,9.453544616699219,111.39875793457031,111.483154296875,0.0003,0.0003,0.1
,,,,,25001,303.22748,115,,,,,,,,
,,,,,25121,292.4876,120,,,,,,,,
,,,,,25244,317.1038,123,,,,,,,,
,,,,,25373,318.90414,129,,,,,,,,
,,,,,25499,313.32565,126,,,,,,,,
,,,,,25623,308.28168,124,,,,,,,,
,,,,,25734,259.39127,111,,,,,,,,
,,,,,25858,310.59875,124,,,,,,,,
,,,,,25982,330.22705,124,,,,,,,,
,,,,,26000,,,-117.26593017578125,-1.4420616626739502,8.071842193603516,114.65036010742188,114.54888153076172,0.0003,0.0003,0.1
,,,,,26106,310.20364,124,,,,,,,,
,,,,,26229,301.82175,123,,,,,,,,
,,,,,26348,294.45892,119,,,,,,,,
,,,,,26466,293.90393,118,,,,,,,,
,,,,,26577,260.2542,111,,,,,,,,
,,,,,26696,285.89014,119,,,,,,,,
,,,,,26807,270.92056,111,,,,,,,,
,,,,,26913,268.2799,106,,,,,,,,
,,,,,27000,,,-121.92321014404297,-1.2380497455596924,8.177372932434082,119.56875610351562,119.8139419555664,0.0003,0.0003,0.1
,,,,,27017,252.03445,104,,,,,,,,
,,,,,27127,245.15948,110,,,,,,,,
,,,,,27232,259.81952,105,,,,,,,,
,,,,,27345,252.32306,113,,,,,,,,
,,,,,27455,245.61275,110,,,,,,,,
,,,,,27570,268.52435,115,,,,,,,,
,,,,,27670,245.95511,100,,,,,,,,
,,,,,27769,214.12364,99,,,,,,,,
,,,,,27876,241.75044,107,,,,,,,,
,,,,,27983,243.19917,107,,,,,,,,
,,,,,28000,,,-128.1923065185547,-0.9886224865913391,2.9522340297698975,124.79698181152344,125.15699768066406,0.0003,0.0003,0.1
,,,,,28084,243.92773,101,,,,,,,,
,,,,,28197,278.8463,113,,,,,,,,
,,,,,28308,278.82367,111,,,,,,,,
,,,,,28416,272.4942,108,,,,,,,,
,,,,,28519,243.7503,103,,,,,,,,
,,,,,28635,305.97235,116,,,,,,,,
,,,,,28746,272.2298,111,,,,,,,,
,,,,,28857,303.78964,111,,,,,,,,
,,,,,28982,316.75754,125,,,,,,,,
,,,,,29000,,,-132.04566955566406,-1.3032655715942383,26.068944931030273,129.11590576171875,129.224853515625,0.0003,0.0003,0.1
,,,,,29094,306.26132,112,,,,,,,,
,,,,,29216,307.63095,122,,,,,,,,
,,,,,29337,318.23743,121,,,,,,,,
,,,,,29458,317.9358,121,,,,,,,,
,,,,,29578,292.89944,120,,,,,,,,
,,,,,29711,337.3496,133,,,,,,,,
,,,,,29832,317.63232,121,,,,,,,,
,,,,,29953,334.78455,121,,,,,,,,
329.15866,18.30237,352.51007,289.5987,123.2,30000,,,-135.84788513183594,-1.4119492769241333,15.525771141052246,132.16317749023438,132.41725158691406,0.0003,0.0003,0.1
,,,,,30082,347.52777,129,,,,,,,,
,,,,,30199,308.41,117,,,,,,,,
,,,,,30320,301.87674,121,,,,,,,,
,,,,,30420,220.651,100,,,,,,,,
,,,,,30543,301.14526,123,,,,,,,,
,,,,,30668,350.29742,125,,,,,,,,
,,,,,30797,325.7367,129,,,,,,,,
,,,,,30928,341.92743,131,,,,,,,,
,,,,,31000,,,-137.923828125,-1.38918137550354,7.275120735168457,135.82272338867188,136.05435180664062,0.0003,0.0003,0.1
,,,,,31055,353.6525,127,,,,,,,,
,,,,,31186,352.57727,131,,,,,,,,
,,,,,31317,333.90988,131,,,,,,,,
,,,,,31444,340.1117,127,,,,,,,,
,,,,,31573,348.51144,129,,,,,,,,
,,,,,31689,326.72977,116,,,,,,,,
,,,,,31804,287.4555,115,,,,,,,,
,,,,,31930,321.22974,126,,,,,,,,
,,,,,32000,,,-135.86196899414062,-1.916821837425232,11.10783863067627,130.5275421142578,130.41864013671875,0.0003,0.0003,0.1
,,,,,32055,333.58438,125,,,,,,,,
,,,,,32172,326.26196,117,,,,,,,,
,,,,,32299,330.98785,127,,,,,,,,
,,,,,32429,361.7915,130,,,,,,,,
,,,,,32538,282.07596,109,,,,,,,,
,,,,,32673,361.91397,135,,,,,,,,
,,,,,32799,343.2187,126,,,,,,,,
,,,,,32931,347.3301,132,,,,,,,,
,,,,,33000,,,-137.94065856933594,-1.3637547492980957,3.066584587097168,135.73670959472656,135.78866577148438,0.0003,0.0003,0.1
,,,,,33048,330.86847,117,,,,,,,,
,,,,,33181,356.09296,133,,,,,,,,
,,,,,33307,346.15915,126,,,,,,,,
,,,,,33434,339.42554,127,,,,,,,,
,,,,,33562,341.17435,128,,,,,,,,
,,,,,33695,350.1375,133,,,,,,,,
,,,,,33832,364.32516,137,,,,,,,,
,,,,,33962,346.8671,130,,,,,,,,
,,,,,34000,,,-139.93991088867188,-1.616455316543579,11.389528274536133,136.87757873535156,137.13571166992188,0.0003,0.0003,0.1
,,,,,34092,349.51706,130,,,,,,,,
,,,,,34226,354.1702,134,,,,,,,,
,,,,,34356,345.51236,130,,,,,,,,
,,,,,34493,349.8119,137,,,,,,,,
,,,,,34611,307.00363,118,,,,,,,,
,,,,,34742,346.5815,131,,,,,,,,
,,,,,34883,384.1373,141,,,,,,,,
342.29123,11.073275,357.86664,321.56885,130.6,35000,,,-144.26080322265625,-1.476715087890625,10.184510231018066,142.01126098632812,141.8983612060547,0.0003,0.0003,0.1
,,,,,35017,357.65723,134,,,,,,,,
,,,,,35149,330.17993,132,,,,,,,,
,,,,,35284,338.90054,135,,,,,,,,
,,,,,35372,148.72896,88,,,,,,,,
,,,,,35497,321.9546,125,,,,,,,,
,,,,,35636,361.4292,139,,,,,,,,
,,,,,35739,225.45808,103,,,,,,,,
,,,,,35867,320.3947,128,,,,,,,,
,,,,,35994,313.89703,127,,,,,,,,
,,,,,36000,,,-145.11270141601562,-1.9074323177337646,13.54682731628418,140.2746124267578,140.53042602539062,0.0003,0.0003,0.1
,,,,,36064,122.06039,70,,,,,,,,
,,,,,36151,143.95558,87,,,,,,,,
,,,,,36280,320.39374,129,,,,,,,,
,,,,,36369,145.11562,89,,,,,,,,
,,,,,36503,349.81378,134,,,,,,,,
,,,,,36639,342.12015,136,,,,,,,,
,,,,,36769,337.41394,130,,,,,,,,
,,,,,36893,345.4874,124,,,,,,,,
,,,,,37000,,,-145.7046356201172,-1.5964751243591309,9.938952445983887,142.38197326660156,142.38113403320312,0.0003,0.0003,0.1
,,,,,37028,350.42065,135,,,,,,,,
,,,,,37161,354.91403,133,,,,,,,,
,,,,,37296,349.53854,135,,,,,,,,
,,,,,37425,334.86728,129,,,,,,,,
,,,,,37560,330.5779,135,,,,,,,,
,,,,,37696,337.90747,136,,,,,,,,
,,,,,37824,283.15076,128,,,,,,,,
,,,,,37952,285.96588,128,,,,,,,,
,,,,,38000,,,-145.3031768798828,-2.0567617416381836,9.237236976623535,140.31507873535156,139.9103240966797,0.0003,0.0003,0.1
,,,,,38088,330.79324,136,,,,,,,,
,,,,,38220,311.8008,132,,,,,,,,
,,,,,38248,48.130455,28,,,,,,,,
,,,,,38389,328.72736,141,,,,,,,,
,,,,,38532,327.12643,143,,,,,,,,
,,,,,38666,309.11755,134,,,,,,,,
,,,,,38797,333.65387,131,,,,,,,,
,,,,,38936,342.94052,139,,,,,,,,
,,,,,39000,,,-149.1988067626953,-1.6428393125534058,26.103317260742188,145.07501220703125,144.85028076171875,0.0003,0.0003,0.1
,,,,,39069,308.2644,133,,,,,,,,
,,,,,39205,324.3551,136,,,,,,,,
,,,,,39320,242.21483,115,,,,,,,,
,,,,,39465,343.73053,145,,,,,,,,
,,,,,39543,152.14885,78,,,,,,,,
,,,,,39703,396.60468,160,,,,,,,,
,,,,,39845,346.84305,142,,,,,,,,
,,,,,39972,306.08954,127,,,,,,,,
284.9356,76.88932,347.9496,66.69832,122.5,40000,,,-148.04510498046875,-1.2093501091003418,4.040112018585205,146.61151123046875,146.68304443359375,0.0003,0.0003,0.1
,,,,,40106,302.84314,134,,,,,,,,
,,,,,40238,332.72147,132,,,,,,,,
,,,,,40380,331.6442,142,,,,,,,,
,,,,,40507,310.90585,127,,,,,,,,
,,,,,40544,64.82005,37,,,,,,,,
,,,,,40675,326.79135,131,,,,,,,,
,,,,,40799,307.73386,124,,,,,,,,
,,,,,40929,322.73575,130,,,,,,,,
,,,,,41000,,,-154.92636108398438,-1.3836115598678589,9.782729148864746,153.0920867919922,153.1390380859375,0.0003,0.0003,0.1
,,,,,41049,292.19196,120,,,,,,,,
,,,,,41176,345.09106,127,,,,,,,,
,,,,,41305,312.31754,129,,,,,,,,
,,,,,41433,311.05014,128,,,,,,,,
,,,,,41563,323.91827,130,,,,,,,,
,,,,,41699,353.93365,136,,,,,,,,
,,,,,41830,325.3509,131,,,,,,,,
,,,,,41962,336.70218,132,,,,,,,,
,,,,,42000,,,-147.45970153808594,-1.3866037130355835,5.9955220222473145,143.75390625,143.5771942138672,0.0003,0.0003,0.1
,,,,,42084,315.01437,122,,,,,,,,
,,,,,42212,332.07483,128,,,,,,,,
,,,,,42344,352.5592,132,,,,,,,,
,,,,,42479,353.94257,135,,,,,,,,
,,,,,42618,375.7049,139,,,,,,,,
,,,,,42753,364.8268,135,,,,,,,,
,,,,,42884,348.3283,131,,,,,,,,
,,,,,43000,,,-155.8694305419922,-1.2303032875061035,4.796410083770752,153.90965270996094,153.98451232910156,0.0003,0.0003,0.1
,,,,,43020,360.37,136,,,,,,,,
,,,,,43158,355.23358,138,,,,,,,,
,,,,,43298,354.8047,140,,,,,,,,
,,,,,43436,363.7075,138,,,,,,,,
,,,,,43584,361.26617,148,,,,,,,,
,,,,,43725,394.02563,141,,,,,,,,
,,,,,43872,385.29385,147,,,,,,,,
,,,,,44000,,,-156.12049865722656,-1.455030918121338,11.608211517333984,153.20510864257812,153.36795043945312,0.0003,0.0003,0.1
,,,,,44007,373.59213,135,,,,,,,,
,,,,,44153,397.74695,146,,,,,,,,
,,,,,44310,379.88773,157,,,,,,,,
,,,,,44469,360.54926,159,,,,,,,,
,,,,,44612,376.4278,143,,,,,,,,
,,,,,44784,391.05313,172,,,,,,,,
,,,,,44936,386.06427,152,,,,,,,,
372.1917,52.155354,423.7383,279.21637,143.3,45000,,,-154.20005798339844,-1.6184355020523071,9.870253562927246,151.22607421875,151.1514892578125,0.0003,0.0003,0.1
,,,,,45088,404.44052,152,,,,,,,,
,,,,,45230,347.223,142,,,,,,,,
,,,,,45384,394.54172,154,,,,,,,,
,,,,,45533,357.4629,149,,,,,,,,
,,,,,45683,392.69434,150,,,,,,,,
,,,,,45830,349.60855,147,,,,,,,,
,,,,,45973,397.43765,143,,,,,,,,
,,,,,46000,,,-158.21969604492188,-1.5030587911605835,3.653259754180908,155.32630920410156,155.56658935546875,0.0003,0.0003,0.1
,,,,,46116,372.19333,143,,,,,,,,
,,,,,46276,352.62622,160,,,,,,,,
,,,,,46425,340.66367,149,,,,,,,,
,,,,,46577,368.7673,152,,,,,,,,
,,,,,46727,324.4231,150,,,,,,,,
,,,,,46868,331.09042,141,,,,,,,,
,,,,,47000,,,-155.25653076171875,-1.4099317789077759,12.62210750579834,152.89923095703125,153.4204864501953,0.0003,0.0003,0.1
,,,,,47016,337.87088,148,,,,,,,,
,,,,,47165,306.50302,149,,,,,,,,
,,,,,47320,392.42224,155,,,,,,,,
,,,,,47448,308.29416,128,,,,,,,,
,,,,,47595,310.24182,147,,,,,,,,
,,,,,47746,400.4697,151,,,,,,,,
,,,,,47889,302.89044,143,,,,,,,,
,,,,,48000,,,-151.1904754638672,-1.2358222007751465,6.22302770614624,149.82806396484375,149.89089965820312,0.0003,0.0003,0.1
,,,,,48038,337.44577,149,,,,,,,,
,,,,,48187,335.86636,149,,,,,,,,
,,,,,48345,347.7082,158,,,,,,,,
,,,,,48501,353.05585,156,,,,,,,,
,,,,,48656,333.37555,155,,,,,,,,
,,,,,48808,337.35263,152,,,,,,,,
,,,,,48965,336.49496,157,,,,,,,,
,,,,,49000,,,-159.66282653808594,-1.4782887697219849,7.95696496963501,157.15054321289062,157.0473175048828,0.0003,0.0003,0.1
,,,,,49132,353.06717,167,,,,,,,,
,,,,,49297,354.4661,165,,,,,,,,
,,,,,49452,344.16302,155,,,,,,,,
,,,,,49598,332.3686,146,,,,,,,,
,,,,,49735,283.03964,137,,,,,,,,
,,,,,49915,393.15555,180,,,,,,,,
350.50674,8.423778,361.2234,330.28836,156.4,50000,,,-160.20071411132812,-1.3116002082824707,7.249025821685791,158.01023864746094,157.79885864257812,0.0003,0.0003,0.1
,,,,,50052,317.5778,137,,,,,,,,
,,,,,50208,359.58545,156,,,,,,,,
,,,,,50354,296.19202,146,,,,,,,,
,,,,,50503,340.0844,149,,,,,,,,
,,,,,50655,360.91074,152,,,,,,,,
,,,,,50804,350.3628,149,,,,,,,,
,,,,,50957,351.73303,153,,,,,,,,
,,,,,51000,,,-164.94984436035156,-1.3819962739944458,3.7936291694641113,161.56423950195312,161.54425048828125,0.0003,0.0003,0.1
,,,,,51105,347.02856,148,,,,,,,,
,,,,,51257,349.658,152,,,,,,,,
,,,,,51416,355.79,159,,,,,,,,
,,,,,51566,335.28848,150,,,,,,,,
,,,,,51727,376.21127,161,,,,,,,,
,,,,,51886,383.6561,159,,,,,,,,
,,,,,52000,,,-157.1251678466797,-1.632856011390686,40.364688873291016,152.64346313476562,152.6186981201172,0.0003,0.0003,0.1
,,,,,52035,352.0288,149,,,,,,,,
,,,,,52184,377.38895,149,,,,,,,,
,,,,,52333,361.88208,149,,,,,,,,
,,,,,52489,389.67584,156,,,,,,,,
,,,,,52648,405.51743,159,,,,,,,,
,,,,,52804,394.58862,156,,,,,,,,
,,,,,52845,67.59128,41,,,,,,,,
,,,,,53000,,,-160.59036254882812,-1.5954091548919678,2.590663194656372,157.77694702148438,157.69923400878906,0.0003,0.0003,0.1
,,,,,53005,402.72177,160,,,,,,,,
,,,,,53163,389.12323,158,,,,,,,,
,,,,,53323,404.87637,160,,,,,,,,
,,,,,53480,385.27658,157,,,,,,,,
,,,,,53639,402.5567,159,,,,,,,,
,,,,,53792,397.79468,153,,,,,,,,
,,,,,53942,384.645,150,,,,,,,,
,,,,,54000,,,-161.74615478515625,-1.1632444858551025,3.985985279083252,158.08106994628906,157.96408081054688,0.0003,0.0003,0.1
,,,,,54098,407.65823,156,,,,,,,,
,,,,,54243,365.06665,145,,,,,,,,
,,,,,54402,412.57416,159,,,,,,,,
,,,,,54551,390.45157,149,,,,,,,,
,,,,,54710,416.87744,159,,,,,,,,
,,,,,54850,357.08813,140,,,,,,,,
,,,,,54981,328.7009,131,,,,,,,,
379.7662,12.754129,401.0026,358.68463,147.7,55000,,,-158.96163940429688,-1.3363628387451172,3.027360677719116,156.19732666015625,156.09719848632812,0.0003,0.0003,0.1
,,,,,55128,388.37247,147,,,,,,,,
,,,,,55260,313.0913,132,,,,,,,,
,,,,,55409,378.0151,149,,,,,,,,
,,,,,55556,370.8724,147,,,,,,,,
,,,,,55698,353.33716,142,,,,,,,,
,,,,,55835,336.89874,137,,,,,,,,
,,,,,55977,351.5486,142,,,,,,,,
,,,,,56000,,,-153.33447265625,-1.6699895858764648,4.130497455596924,150.36656188964844,150.68435668945312,0.0003,0.0003,0.1
,,,,,56119,354.41226,142,,,,,,,,
,,,,,56264,378.78232,145,,,,,,,,
,,,,,56419,378.00946,155,,,,,,,,
,,,,,56581,395.80405,162,,,,,,,,
,,,,,56726,352.41516,145,,,,,,,,
,,,,,56877,372.5038,151,,,,,,,,
,,,,,57000,,,-152.4783477783203,-1.35690438747406,7.5891947746276855,150.32672119140625,151.34556579589844,0.0003,0.0003,0.1
,,,,,57042,375.84012,165,,,,,,,,
,,,,,57190,373.9467,148,,,,,,,,
,,,,,57343,370.73804,153,,,,,,,,
,,,,,57487,354.66397,144,,,,,,,,
,,,,,57643,382.83167,156,,,,,,,,
,,,,,57825,404.79514,182,,,,,,,,
,,,,,57998,396.8333,173,,,,,,,,
,,,,,58000,,,-156.0069580078125,-0.783544659614563,3.563723564147949,155.0930633544922,155.25868225097656,0.0003,0.0003,0.1
,,,,,58135,360.03772,137,,,,,,,,
,,,,,58315,428.93488,180,,,,,,,,
,,,,,58470,421.6681,155,,,,,,,,
,,,,,58646,411.1018,176,,,,,,,,
,,,,,58818,430.33237,172,,,,,,,,
,,,,,58959,394.81982,141,,,,,,,,
,,,,,59000,,,-158.2781982421875,-0.7753586769104004,3.5165319442749023,157.1048126220703,157.03610229492188,0.0003,0.0003,0.1
,,,,,59086,340.61057,127,,,,,,,,
,,,,,59253,421.85263,167,,,,,,,,
,,,,,59387,378.84598,134,,,,,,,,
,,,,,59547,408.59683,160,,,,,,,,
,,,,,59678,369.92654,131,,,,,,,,
,,,,,59814,358.70993,136,,,,,,,,
,,,,,59957,393.33804,143,,,,,,,,
392.39044,16.395014,418.32938,353.2416,151.7,60000,,,-154.4210662841797,-0.9289968609809875,3.571870803833008,151.5696258544922,151.3903350830078,0.0003,0.0003,0.1
,,,,,60109,374.0632,152,,,,,,,,
,,,,,60255,376.98438,146,,,,,,,,
,,,,,60388,365.7981,133,,,,,,,,
,,,,,60524,376.22128,136,,,,,,,,
,,,,,60661,371.06686,137,,,,,,,,
,,,,,60790,324.03802,129,,,,,,,,
,,,,,60922,372.62073,132,,,,,,,,
,,,,,61000,,,-157.20542907714844,-1.0437854528427124,10.384868621826172,154.8725128173828,155.5296630859375,0.0003,0.0003,0.1
,,,,,61051,357.8774,129,,,,,,,,
,,,,,61177,347.55124,126,,,,,,,,
,,,,,61305,360.62064,128,,,,,,,,
,,,,,61434,368.65732,129,,,,,,,,
,,,,,61563,363.7059,129,,,,,,,,
,,,,,61686,347.0126,123,,,,,,,,
,,,,,61818,376.8256,132,,,,,,,,
,,,,,61934,316.11517,116,,,,,,,,
,,,,,62000,,,-148.5779266357422,-1.0312821865081787,10.223769187927246,146.56680297851562,146.48236083984375,0.0003,0.0003,0.1
,,,,,62068,383.014,134,,,,,,,,
,,,,,62199,372.70416,131,,,,,,,,
,,,,,62336,393.69745,137,,,,,,,,
,,,,,62462,356.8108,126,,,,,,,,
,,,,,62593,371.2339,131,,,,,,,,
,,,,,62720,355.0159,127,,,,,,,,
,,,,,62851,370.1675,131,,,,,,,,
,,,,,62982,375.0753,131,,,,,,,,
,,,,,63000,,,-151.0350341796875,-1.2332855463027954,15.743844985961914,148.98480224609375,149.38124084472656,0.0003,0.0003,0.1
,,,,,63110,359.47028,128,,,,,,,,
,,,,,63244,389.02313,134,,,,,,,,
,,,,,63366,346.72986,122,,,,,,,,
,,,,,63497,377.63794,131,,,,,,,,
,,,,,63625,360.69595,128,,,,,,,,
,,,,,63756,365.34943,131,,,,,,,,
,,,,,63874,332.41434,118,,,,,,,,
,,,,,64000,,,-153.46205139160156,-1.202092170715332,175.8588104248047,152.20230102539062,151.7029266357422,0.0003,0.0003,0.1
,,,,,64014,400.96936,140,,,,,,,,
,,,,,64137,340.25952,123,,,,,,,,
,,,,,64262,362.5065,125,,,,,,,,
,,,,,64396,389.5058,134,,,,,,,,
,,,,,64524,362.6728,128,,,,,,,,
,,,,,64657,387.2474,133,,,,,,,,
,,,,,64800,415.80338,143,,,,,,,,
,,,,,64927,363.61816,127,,,,,,,,
349.65115,94.269585,412.84372,70.18901,122.6,65000,,,-152.0127410888672,-0.9592066407203674,4.078933238983154,150.20082092285156,149.99954223632812,0.0003,0.0003,0.1
,,,,,65058,382.87488,131,,,,,,,,
,,,,,65188,366.46448,130,,,,,,,,
,,,,,65320,372.59915,132,,,,,,,,
,,,,,65460,411.49753,140,,,,,,,,
,,,,,65592,379.94107,132,,,,,,,,
,,,,,65731,406.7091,139,,,,,,,,
,,,,,65864,386.4695,133,,,,,,,,
,,,,,66000,,,-149.41001892089844,-0.9916861653327942,7.082920074462891,147.8144989013672,147.99246215820312,0.0003,0.0003,0.1
,,,,,66001,394.56882,137,,,,,,,,
,,,,,66124,343.44855,123,,,,,,,,
,,,,,66247,343.88205,123,,,,,,,,
,,,,,66379,379.76144,132,,,,,,,,
,,,,,66512,385.19226,133,,,,,,,,
,,,,,66648,390.94443,136,,,,,,,,
,,,,,66778,367.28918,130,,,,,,,,
,,,,,66919,408.85727,141,,,,,,,,
,,,,,67000,,,-153.3063201904297,-0.7729119062423706,6.422740936279297,152.25338745117188,152.2924346923828,0.0003,0.0003,0.1
,,,,,67057,395.78522,138,,,,,,,,
,,,,,67194,401.03537,137,,,,,,,,
,,,,,67329,387.53125,135,,,,,,,,
,,,,,67461,378.13434,132,,,,,,,,
,,,,,67593,380.8429,132,,,,,,,,
,,,,,67736,413.68237,143,,,,,,,,
,,,,,67874,400.85977,138,,,,,,,,
,,,,,68000,,,-154.87380981445312,-1.006334900856018,11.562239646911621,151.65591430664062,151.5691375732422,0.0003,0.0003,0.1
,,,,,68012,400.17917,138,,,,,,,,
,,,,,68155,412.94565,143,,,,,,,,
,,,,,68298,417.545,143,,,,,,,,
,,,,,68441,418.6188,143,,,,,,,,
,,,,,68576,392.60794,135,,,,,,,,
,,,,,68713,394.2099,137,,,,,,,,
,,,,,68857,416.6223,144,,,,,,,,
,,,,,68995,405.0874,138,,,,,,,,
,,,,,69000,,,-154.11175537109375,-0.9373902082443237,4.4971208572387695,153.0746612548828,153.1667022705078,0.0003,0.0003,0.1
,,,,,69133,405.11484,138,,,,,,,,
,,,,,69277,415.00226,144,,,,,,,,
,,,,,69412,393.20667,135,,,,,,,,
,,,,,69549,390.38925,137,,,,,,,,
,,,,,69688,404.0695,139,,,,,,,,
,,,,,69830,414.36487,142,,,,,,,,
,,,,,69974,416.38165,144,,,,,,,,
426.2867,4.5877566,435.13187,418.58078,146.4,70000,,,-152.32373046875,-1.18924081325531,9.360560417175293,150.85548400878906,150.52786254882812,0.0003,0.0003,0.1
,,,,,70114,405.10443,140,,,,,,,,
,,,,,70256,411.5155,142,,,,,,,,
,,,,,70392,396.6492,136,,,,,,,,
,,,,,70531,407.43326,139,,,,,,,,
,,,,,70670,409.12256,139,,,,,,,,
,,,,,70800,370.4953,130,,,,,,,,
,,,,,70937,397.79922,137,,,,,,,,
,,,,,71000,,,-151.46002197265625,-1.020410180091858,3.009571075439453,149.16244506835938,149.14625549316406,0.0003,0.0003,0.1
,,,,,71078,403.15842,141,,,,,,,,
,,,,,71216,392.9377,138,,,,,,,,
,,,,,71357,411.9501,141,,,,,,,,
,,,,,71497,405.19614,140,,,,,,,,
,,,,,71641,410.31256,144,,,,,,,,
,,,,,71779,402.5091,138,,,,,,,,
,,,,,71920,411.58627,141,,,,,,,,
,,,,,72000,,,-155.51544189453125,-0.9133124351501465,1.4636043310165405,155.23495483398438,154.85630798339844,0.0003,0.0003,0.1
,,,,,72055,388.80167,135,,,,,,,,
,,,,,72195,406.35284,140,,,,,,,,
,,,,,72330,387.4963,135,,,,,,,,
,,,,,72467,397.83405,137,,,,,,,,
,,,,,72602,384.66693,135,,,,,,,,
,,,,,72732,366.27927,130,,,,,,,,
,,,,,72866,387.84995,134,,,,,,,,
,,,,,73000,,,-151.2352294921875,-1.0839080810546875,10.286469459533691,150.5364990234375,150.6886749267578,0.0003,0.0003,0.1
,,,,,73007,409.90433,141,,,,,,,,
,,,,,73147,395.62753,140,,,,,,,,
,,,,,73284,391.39133,137,,,,,,,,
,,,,,73423,408.81696,139,,,,,,,,
,,,,,73563,411.58624,140,,,,,,,,
,,,,,73706,418.2283,143,,,,,,,,
,,,,,73846,410.71002,140,,,,,,,,
,,,,,73984,399.57095,138,,,,,,,,
,,,,,74000,,,-157.8502960205078,-0.9723813533782959,3.1281731128692627,155.2513885498047,155.5951690673828,0.0003,0.0003,0.1
,,,,,74119,389.46844,135,,,,,,,,
,,,,,74260,409.02594,141,,,,,,,,
,,,,,74412,437.07867,152,,,,,,,,
,,,,,74549,396.82184,137,,,,,,,,
,,,,,74692,412.0205,143,,,,,,,,
,,,,,74837,426.82968,145,,,,,,,,
,,,,,74986,402.52423,149,,,,,,,,
448.62872,28.386574,491.23743,415.4166,153.3,75000,,,-150.0679931640625,-1.4313052892684937,4.5987372398376465,148.557373046875,148.41131591796875,0.0003,0.0003,0.1
,,,,,75130,418.29736,144,,,,,,,,
,,,,,75274,403.42947,144,,,,,,,,
,,,,,75420,424.74753,146,,,,,,,,
,,,,,75584,466.43567,164,,,,,,,,
,,,,,75724,406.32077,140,,,,,,,,
,,,,,75869,421.20462,145,,,,,,,,
,,,,,76000,,,-152.8842010498047,-0.9470998644828796,2.524789810180664,151.16416931152344,151.01123046875,0.0003,0.0003,0.1
,,,,,76016,423.21008,147,,,,,,,,
,,,,,76164,425.8207,148,,,,,,,,
,,,,,76301,403.1569,137,,,,,,,,
,,,,,76447,411.2911,146,,,,,,,,
,,,,,76594,420.04132,147,,,,,,,,
,,,,,76735,416.76392,141,,,,,,,,
,,,,,76878,415.1424,143,,,,,,,,
,,,,,77000,,,-151.36598205566406,-1.2446718215942383,10.407431602478027,150.61819458007812,150.56260681152344,0.0003,0.0003,0.1
,,,,,77015,396.42154,137,,,,,,,,
,,,,,77165,419.1895,150,,,,,,,,
,,,,,77306,402.12585,141,,,,,,,,
,,,,,77452,405.2171,146,,,,,,,,
,,,,,77598,417.565,146,,,,,,,,
,,,,,77705,262.21436,107,,,,,,,,
,,,,,77854,420.4802,149,,,,,,,,
,,,,,78000,,,-146.46109008789062,-1.1410040855407715,2.9283063411712646,143.3242645263672,143.24571228027344,0.0003,0.0003,0.1
,,,,,78033,532.26416,179,,,,,,,,
,,,,,78183,426.14102,150,,,,,,,,
,,,,,78334,432.44824,151,,,,,,,,
,,,,,78467,384.2093,133,,,,,,,,
,,,,,78617,443.2787,150,,,,,,,,
,,,,,78759,416.54263,142,,,,,,,,
,,,,,78901,418.82965,142,,,,,,,,
,,,,,79000,,,-155.11407470703125,-0.8903884291648865,22.186214447021484,153.73023986816406,153.17079162597656,0.0003,0.0003,0.1
,,,,,79042,407.8685,141,,,,,,,,
,,,,,79182,408.83945,140,,,,,,,,
,,,,,79336,452.91913,154,,,,,,,,
,,,,,79488,450.2902,152,,,,,,,,
,,,,,79641,449.89734,153,,,,,,,,
,,,,,79782,409.111,141,,,,,,,,
,,,,,79923,411.5859,141,,,,,,,,
429.48438,21.408861,459.2016,408.53644,145.4,80000,,,-153.68948364257812,-1.0666471719741821,3.5981645584106445,152.2120819091797,152.22642517089844,0.0003,0.0003,0.1
,,,,,80077,446.6595,154,,,,,,,,
,,,,,80218,405.30615,141,,,,,,,,
,,,,,80362,420.14386,144,,,,,,,,
,,,,,80509,428.284,147,,,,,,,,
,,,,,80663,452.58737,154,,,,,,,,
,,,,,80810,428.81238,147,,,,,,,,
,,,,,80956,432.08334,146,,,,,,,,
,,,,,81000,,,-147.54879760742188,-1.070626974105835,11.122858047485352,146.07781982421875,146.26953125,0.0003,0.0003,0.1
,,,,,81094,399.6948,138,,,,,,,,
,,,,,81235,409.72348,141,,,,,,,,
,,,,,81377,415.89304,142,,,,,,,,
,,,,,81522,422.42242,145,,,,,,,,
,,,,,81662,412.00543,140,,,,,,,,
,,,,,81801,405.3767,139,,,,,,,,
,,,,,81954,457.49777,153,,,,,,,,
,,,,,82000,,,-149.4525604248047,-1.259800672531128,11.724299430847168,146.53683471679688,146.1377716064453,0.0003,0.0003,0.1
,,,,,82107,440.18347,153,,,,,,,,
,,,,,82248,417.8235,141,,,,,,,,
,,,,,82405,469.028,157,,,,,,,,
,,,,,82547,421.5187,142,,,,,,,,
,,,,,82707,455.4453,160,,,,,,,,
,,,,,82862,466.64755,155,,,,,,,,
,,,,,83000,,,-151.00819396972656,-0.9048100113868713,18.042213439941406,149.05221557617188,149.23390197753906,0.0003,0.0003,0.1
,,,,,83005,421.28925,143,,,,,,,,
,,,,,83154,443.05615,149,,,,,,,,
,,,,,83304,451.89352,150,,,,,,,,
,,,,,83461,455.6155,157,,,,,,,,
,,,,,83607,433.58505,146,,,,,,,,
,,,,,83761,458.86136,154,,,,,,,,
,,,,,83914,436.26068,153,,,,,,,,
,,,,,84000,,,-144.20582580566406,-1.1182736158370972,15.964463233947754,142.419189453125,142.82936096191406,0.0003,0.0003,0.1
,,,,,84058,415.49637,144,,,,,,,,
,,,,,84216,465.57065,158,,,,,,,,
,,,,,84371,421.1093,155,,,,,,,,
,,,,,84524,447.4736,153,,,,,,,,
,,,,,84696,506.57028,172,,,,,,,,
,,,,,84847,445.97156,151,,,,,,,,
458.02472,12.850879,479.22064,440.83246,160.5,85000,,,-157.97715759277344,-0.6025347709655762,2.714956760406494,156.60313415527344,156.5453643798828,0.0003,0.0003,0.1
,,,,,85008,449.42343,161,,,,,,,,
,,,,,85160,414.5621,152,,,,,,,,
,,,,,85313,401.54742,153,,,,,,,,
,,,,,85454,414.6293,141,,,,,,,,
,,,,,85593,407.60114,139,,,,,,,,
,,,,,85772,520.0335,179,,,,,,,,
,,,,,85949,496.79556,177,,,,,,,,
,,,,,86000,,,-152.08663940429688,-0.8735506534576416,1.773845911026001,149.3078155517578,149.36859130859375,0.0003,0.0003,0.1
,,,,,86141,560.84753,192,,,,,,,,
,,,,,86304,478.5755,163,,,,,,,,
,,,,,86459,419.265,155,,,,,,,,
,,,,,86627,484.81952,168,,,,,,,,
,,,,,86784,435.09088,157,,,,,,,,
,,,,,86936,423.584,152,,,,,,,,
,,,,,87000,,,-153.6897430419922,-0.9882284998893738,2.180206775665283,151.9189910888672,152.0880584716797,0.0003,0.0003,0.1
,,,,,87087,448.11545,151,,,,,,,,
,,,,,87244,448.2086,157,,,,,,,,
,,,,,87394,411.06165,150,,,,,,,,
,,,,,87559,486.62912,165,,,,,,,,
,,,,,87730,504.84402,171,,,,,,,,
,,,,,87892,475.2557,162,,,,,,,,
,,,,,88000,,,-148.76881408691406,-1.1022120714187622,14.405582427978516,147.31431579589844,147.199462890625,0.0003,0.0003,0.1
,,,,,88057,473.5082,165,,,,,,,,
,,,,,88196,402.4514,139,,,,,,,,
,,,,,88355,453.8223,159,,,,,,,,
,,,,,88514,473.77045,159,,,,,,,,
,,,,,88680,518.4516,166,,,,,,,,
,,,,,88726,79.288864,46,,,,,,,,
,,,,,88881,460.0506,155,,,,,,,,
,,,,,89000,,,-158.02891540527344,-0.9645214676856995,1.9562608003616333,156.86367797851562,156.99420166015625,0.0003,0.0003,0.1
,,,,,89043,468.78067,162,,,,,,,,
,,,,,89200,474.033,157,,,,,,,,
,,,,,89374,522.93677,174,,,,,,,,
,,,,,89538,460.78458,164,,,,,,,,
,,,,,89717,538.85803,179,,,,,,,,
,,,,,89876,492.02084,159,,,,,,,,
470.1264,33.843616,521.9122,407.30347,162.3,90000,,,-154.86639404296875,-0.8868737816810608,4.144752025604248,154.09744262695312,154.15249633789062,0.0003,0.0003,0.1
,,,,,90033,460.59705,157,,,,,,,,
,,,,,90210,538.7827,177,,,,,,,,
,,,,,90369,472.94943,159,,,,,,,,
,,,,,90554,588.338,185,,,,,,,,
,,,,,90743,598.43823,189,,,,,,,,
,,,,,90938,636.5105,195,,,,,,,,
,,,,,91000,,,-151.56199645996094,-1.2502620220184326,1.4766700267791748,149.52928161621094,149.3662872314453,0.0003,0.0003,0.1
,,,,,91092,441.35022,154,,,,,,,,
,,,,,91243,453.91888,151,,,,,,,,
,,,,,91431,598.8344,188,,,,,,,,
,,,,,91580,431.60205,149,,,,,,,,
,,,,,91770,635.0046,190,,,,,,,,
,,,,,91956,630.9374,186,,,,,,,,
,,,,,92000,,,-149.96380615234375,-0.8575141429901123,3.7893364429473877,148.14175415039062,148.0465850830078,0.0003,0.0003,0.1
,,,,,92111,477.23364,155,,,,,,,,
,,,,,92310,663.1835,199,,,,,,,,
,,,,,92496,619.32184,186,,,,,,,,
,,,,,92680,600.96313,184,,,,,,,,
,,,,,92839,485.19778,159,,,,,,,,
,,,,,93000,,,-150.79132080078125,-1.2579517364501953,6.874707221984863,149.1201171875,148.84423828125,0.0003,0.0003,0.1
,,,,,93032,595.88696,193,,,,,,,,
,,,,,93217,594.2807,185,,,,,,,,
,,,,,93404,604.1959,187,,,,,,,,
,,,,,93580,582.6514,176,,,,,,,,
,,,,,93776,616.0433,196,,,,,,,,
,,,,,93970,639.38135,194,,,,,,,,
,,,,,94000,,,-153.31170654296875,-1.6243027448654175,28.313737869262695,150.258544921875,149.7865447998047,0.0003,0.0003,0.1
,,,,,94116,422.47507,146,,,,,,,,
,,,,,94290,541.7855,174,,,,,,,,
,,,,,94469,551.4409,179,,,,,,,,
,,,,,94643,544.8283,174,,,,,,,,
,,,,,94811,496.46008,168,,,,,,,,
,,,,,94995,615.95,184,,,,,,,,
629.804,18.741085,662.5037,603.0103,190.5,95000,,,-157.27589416503906,-1.2864923477172852,5.82529354095459,156.07449340820312,156.5579071044922,0.0003,0.0003,0.1
,,,,,95170,554.0764,175,,,,,,,,
,,,,,95352,573.8672,182,,,,,,,,
,,,,,95546,626.4465,194,,,,,,,,
,,,,,95737,637.99097,191,,,,,,,,
,,,,,95921,542.4344,184,,,,,,,,
,,,,,96000,,,-160.9525604248047,-1.0134880542755127,3.2349579334259033,159.21751403808594,159.1458740234375,0.0003,0.0003,0.1
,,,,,96112,612.4248,191,,,,,,,,
,,,,,96313,644.8315,201,,,,,,,,
,,,,,96521,615.7575,208,,,,,,,,
,,,,,96713,619.52637,192,,,,,,,,
,,,,,96911,641.57043,198,,,,,,,,
,,,,,97000,,,-161.45059204101562,-0.810914158821106,2.682529926300049,160.23553466796875,160.10438537597656,0.0003,0.0003,0.1
,,,,,97099,602.7613,188,,,,,,,,
,,,,,97316,690.68384,217,,,,,,,,
,,,,,97484,495.91193,168,,,,,,,,
,,,,,97680,612.3295,196,,,,,,,,
,,,,,97820,371.06628,140,,,,,,,,
,,,,,98000,,,-166.73046875,-1.4047138690948486,5.435482025146484,164.81729125976562,164.8102569580078,0.0003,0.0003,0.1
,,,,,98006,554.4962,186,,,,,,,,
,,,,,98180,525.29706,174,,,,,,,,
,,,,,98334,409.1239,154,,,,,,,,
,,,,,98495,443.39728,161,,,,,,,,
,,,,,98680,598.2669,185,,,,,,,,
,,,,,98859,550.4002,179,,,,,,,,
,,,,,99000,,,-166.95863342285156,-1.280059576034546,6.20123291015625,165.91738891601562,166.00152587890625,0.0003,0.0003,0.1
,,,,,99008,393.85254,149,,,,,,,,
,,,,,99157,403.88904,149,,,,,,,,
,,,,,99368,567.2823,211,,,,,,,,
,,,,,99547,556.27264,179,,,,,,,,
,,,,,99711,460.36362,164,,,,,,,,
,,,,,99909,568.94,198,,,,,,,,
550.41797,124.02453,731.69507,352.81912,193.0,100000,,,-164.93099975585938,-1.5982892513275146,6.764188766479492,164.48294067382812,163.70431518554688,0.0003,0.0003,0.1
,,,,,100107,582.9276,198,,,,,,,,
,,,,,100239,327.14804,132,,,,,,,,
,,,,,100406,498.38712,167,,,,,,,,
,,,,,100506,195.30539,100,,,,,,,,
,,,,,100711,608.21704,205,,,,,,,,
,,,,,100943,670.5184,232,,,,,,,,
,,,,,101000,,,-170.18621826171875,-1.4157814979553223,2.2829160690307617,168.5575714111328,168.79241943359375,0.0003,0.0003,0.1
,,,,,101079,282.11517,136,,,,,,,,
,,,,,101273,547.81006,194,,,,,,,,
,,,,,101428,330.14355,155,,,,,,,,
,,,,,101490,111.54974,62,,,,,,,,
,,,,,101559,129.12378,69,,,,,,,,
,,,,,101621,111.19174,62,,,,,,,,
,,,,,101681,106.148254,60,,,,,,,,
,,,,,101908,685.92004,227,,,,,,,,
,,,,,101969,108.56795,61,,,,,,,,
,,,,,102000,,,-173.7030792236328,-1.2944141626358032,2.8496737480163574,171.5521697998047,171.7836151123047,0.0003,0.0003,0.1
,,,,,102033,116.79897,64,,,,,,,,
,,,,,102095,109.971436,62,,,,,,,,
,,,,,102156,107.3826,61,,,,,,,,
,,,,,102346,525.2197,190,,,,,,,,
,,,,,102609,756.83484,263,,,,,,,,
,,,,,102675,120.02789,66,,,,,,,,
,,,,,102875,562.08453,200,,,,,,,,
,,,,,103000,,,-162.8060760498047,-1.6520217657089233,50.517852783203125,162.26248168945312,161.7300262451172,0.0003,0.0003,0.1
,,,,,103082,626.4665,207,,,,,,,,
,,,,,103120,62.027336,38,,,,,,,,
,,,,,103329,632.39233,209,,,,,,,,
,,,,,103548,684.39246,219,,,,,,,,
,,,,,103758,639.97076,210,,,,,,,,
,,,,,103967,646.252,209,,,,,,,,
,,,,,104000,,,-166.73770141601562,-1.592541217803955,9.906126022338867,164.974365234375,164.9251708984375,0.0003,0.0003,0.1
,,,,,104175,649.6621,208,,,,,,,,
,,,,,104381,658.3433,206,,,,,,,,
,,,,,104592,677.0026,211,,,,,,,,
,,,,,104796,647.77655,204,,,,,,,,
,,,,,104997,611.7203,201,,,,,,,,
608.841,19.719313,636.10474,558.969,201.0,105000,,,-174.0366973876953,-1.466008186340332,7.096582889556885,173.20169067382812,173.36697387695312,0.0003,0.0003,0.1
,,,,,105203,634.1755,206,,,,,,,,
,,,,,105405,608.89716,202,,,,,,,,
,,,,,105604,602.6695,199,,,,,,,,
,,,,,105804,628.41473,200,,,,,,,,
,,,,,106000,,,-177.6832733154297,-1.509742021560669,49.27314376831055,175.9972381591797,175.7845916748047,0.0003,0.0003,0.1
,,,,,106002,586.814,198,,,,,,,,
,,,,,106203,602.65186,201,,,,,,,,
,,,,,106403,603.69403,200,,,,,,,,
,,,,,106602,605.28595,199,,,,,,,,
,,,,,106810,649.73004,208,,,,,,,,
,,,,,107000,,,-179.033935546875,-1.5476526021957397,3.6555449962615967,178.038818359375,178.44094848632812,0.0003,0.0003,0.1
,,,,,107023,642.0305,213,,,,,,,,
,,,,,107226,616.28625,203,,,,,,,,
,,,,,107435,642.0417,209,,,,,,,,
,,,,,107648,638.29333,213,,,,,,,,
,,,,,107860,651.98816,212,,,,,,,,
,,,,,108000,,,-173.4027557373047,-1.6064774990081787,186.7934112548828,171.10507202148438,170.2607421875,0.0003,0.0003,0.1
,,,,,108066,633.3641,206,,,,,,,,
,,,,,108286,681.1456,220,,,,,,,,
,,,,,108499,629.8729,213,,,,,,,,
,,,,,108698,618.4438,199,,,,,,,,
,,,,,108912,635.0242,214,,,,,,,,
,,,,,109000,,,-174.49258422851562,-1.9200247526168823,8.971944808959961,172.09051513671875,171.69918823242188,0.0003,0.0003,0.1
,,,,,109116,670.4389,204,,,,,,,,
,,,,,109328,656.3014,212,,,,,,,,
,,,,,109542,661.54767,214,,,,,,,,
,,,,,109686,383.5749,144,,,,,,,,
,,,,,109890,633.9209,204,,,,,,,,
662.09906,10.776156,681.2131,639.4216,203.3,110000,,,-178.19223022460938,-1.6743439435958862,9.364423751831055,176.00286865234375,175.89407348632812,0.0003,0.0003,0.1
,,,,,110094,682.401,204,,,,,,,,
,,,,,110281,620.0124,187,,,,,,,,
,,,,,110489,642.4483,208,,,,,,,,
,,,,,110705,692.0992,216,,,,,,,,
,,,,,110922,681.86646,217,,,,,,,,
,,,,,111000,,,-182.37503051757812,-1.9014432430267334,5.021639823913574,180.59654235839844,180.55322265625,0.0003,0.0003,0.1
,,,,,111139,690.81256,217,,,,,,,,
,,,,,111281,385.2124,142,,,,,,,,
,,,,,111488,664.4128,207,,,,,,,,
,,,,,111703,676.9104,215,,,,,,,,
,,,,,111847,391.30618,144,,,,,,,,
,,,,,112000,,,-173.24179077148438,-1.777779459953308,4.25381326675415,170.8781280517578,170.93312072753906,0.0003,0.0003,0.1
,,,,,112056,677.5259,209,,,,,,,,
,,,,,112266,689.285,210,,,,,,,,
,,,,,112481,692.32416,215,,,,,,,,
,,,,,112626,396.82983,145,,,,,,,,
,,,,,112834,680.67633,208,,,,,,,,
,,,,,113000,,,-185.124267578125,-2.201845645904541,4.592472076416016,182.87713623046875,183.06103515625,0.0003,0.0003,0.1
,,,,,113030,646.0119,196,,,,,,,,
,,,,,113240,661.1834,210,,,,,,,,
,,,,,113467,742.89124,227,,,,,,,,
,,,,,113673,671.5338,206,,,,,,,,
,,,,,113881,652.838,208,,,,,,,,
,,,,,114000,,,-176.06141662597656,-1.686126947402954,9.827608108520508,173.06044006347656,173.5555877685547,0.0003,0.0003,0.1
,,,,,114074,592.1523,193,,,,,,,,
,,,,,114281,640.56396,207,,,,,,,,
,,,,,114486,631.8272,205,,,,,,,,
,,,,,114692,658.521,206,,,,,,,,
,,,,,114883,613.91656,191,,,,,,,,
667.05664,18.242817,705.65247,645.7426,210.7,115000,,,-179.35227966308594,-1.9340872764587402,12.188765525817871,178.17977905273438,178.36988830566406,0.0003,0.0003,0.1
,,,,,115099,674.1718,216,,,,,,,,
,,,,,115316,699.19696,217,,,,,,,,
,,,,,115532,673.9852,216,,,,,,,,
,,,,,115744,668.70496,212,,,,,,,,
,,,,,115959,686.8246,215,,,,,,,,
,,,,,116000,,,-190.7322235107422,-1.824353814125061,8.765264511108398,187.93301391601562,188.0501251220703,0.0003,0.0003,0.1
,,,,,116178,711.5374,219,,,,,,,,
,,,,,116382,657.0672,204,,,,,,,,
,,,,,116526,391.21875,144,,,,,,,,
,,,,,116737,687.12885,211,,,,,,,,
,,,,,116942,646.64417,205,,,,,,,,
,,,,,117000,,,-192.50689697265625,-1.9281905889511108,2.767869472503662,189.9814453125,190.01571655273438,0.0003,0.0003,0.1
,,,,,117159,682.61365,217,,,,,,,,
,,,,,117366,695.4069,207,,,,,,,,
,,,,,117576,675.3506,210,,,,,,,,
,,,,,117789,686.1386,213,,,,,,,,
,,,,,117993,678.0975,204,,,,,,,,
,,,,,118000,,,-184.61387634277344,-2.004580497741699,3.8572170734405518,181.5582275390625,181.58810424804688,0.0003,0.0003,0.1
,,,,,118200,633.4636,207,,,,,,,,
,,,,,118395,641.06067,195,,,,,,,,
,,,,,118608,687.02765,213,,,,,,,,
,,,,,118822,658.7559,214,,,,,,,,
,,,,,119000,,,-189.55213928222656,-1.685841679573059,8.052885055541992,188.24041748046875,188.03787231445312,0.0003,0.0003,0.1
,,,,,119018,639.9848,196,,,,,,,,
,,,,,119215,652.83105,197,,,,,,,,
,,,,,119419,686.5919,204,,,,,,,,
,,,,,119618,649.65686,199,,,,,,,,
,,,,,119837,691.0294,219,,,,,,,,
688.9163,42.239376,800.4627,627.8721,214.9,120000,,,-190.22280883789062,-2.1350395679473877,16.164392471313477,188.7470703125,188.87753295898438,0.0003,0.0003,0.1
,,,,,120055,670.6997,218,,,,,,,,
,,,,,120265,653.3187,210,,,,,,,,
,,,,,120476,668.9305,211,,,,,,,,
,,,,,120684,700.2855,208,,,,,,,,
,,,,,120894,671.93335,210,,,,,,,,
,,,,,121000,,,-184.85281372070312,-1.850214958190918,12.412120819091797,182.88931274414062,182.76531982421875,0.0003,0.0003,0.1
,,,,,121099,659.98883,205,,,,,,,,
,,,,,121301,639.42706,202,,,,,,,,
,,,,,121512,664.22186,211,,,,,,,,
,,,,,121739,717.57837,227,,,,,,,,
,,,,,121926,577.1604,187,,,,,,,,
,,,,,122000,,,-187.93101501464844,-1.7062593698501587,33.60537338256836,186.34127807617188,185.84756469726562,0.0003,0.0003,0.1
,,,,,122141,682.28705,215,,,,,,,,
,,,,,122349,675.2134,208,,,,,,,,
,,,,,122562,703.7945,213,,,,,,,,
,,,,,122814,858.574,252,,,,,,,,
,,,,,123000,,,-184.0631866455078,-1.765891194343567,2.865204334259033,183.34913635253906,183.48402404785156,0.0003,0.0003,0.1
,,,,,123030,698.2479,216,,,,,,,,
,,,,,123229,665.89197,199,,,,,,,,
,,,,,123450,720.3293,221,,,,,,,,
,,,,,123684,773.4295,234,,,,,,,,
,,,,,123912,743.9809,228,,,,,,,,
,,,,,124000,,,-191.55311584472656,-1.283745527267456,4.773950099945068,189.75576782226562,189.54483032226562,0.0003,0.0003,0.1
,,,,,124136,727.04095,224,,,,,,,,
,,,,,124365,740.6022,229,,,,,,,,
,,,,,124593,746.52466,228,,,,,,,,
,,,,,124815,721.2442,222,,,,,,,,
669.6488,31.766443,708.9801,617.05896,209.5,125000,,,-198.4957733154297,-1.394982099533081,3.6032891273498535,196.51734924316406,196.52720642089844,0.0003,0.0003,0.1
,,,,,125047,771.12775,232,,,,,,,,
,,,,,125269,721.797,222,,,,,,,,
,,,,,125495,741.80597,226,,,,,,,,
,,,,,125685,587.6817,190,,,,,,,,
,,,,,125916,785.37866,231,,,,,,,,
,,,,,126000,,,-192.25904846191406,-1.5710066556930542,5.8691086769104,191.42208862304688,191.6197509765625,0.0003,0.0003,0.1
,,,,,126130,701.14185,214,,,,,,,,
,,,,,126343,713.22156,213,,,,,,,,
,,,,,126575,786.1683,232,,,,,,,,
,,,,,126770,635.1701,195,,,,,,,,
,,,,,127000,,,-191.0574188232422,-1.248586654663086,3.2307324409484863,190.29873657226562,189.99020385742188,0.0003,0.0003,0.1
,,,,,127015,840.48016,245,,,,,,,,
,,,,,127203,614.1272,188,,,,,,,,
,,,,,127454,864.288,251,,,,,,,,
,,,,,127638,583.9384,184,,,,,,,,
,,,,,127831,638.5386,193,,,,,,,,
,,,,,128000,,,-188.9744873046875,-1.2398587465286255,5.265124797821045,188.34872436523438,188.21359252929688,0.0003,0.0003,0.1
,,,,,128057,751.2673,226,,,,,,,,
,,,,,128274,719.91187,217,,,,,,,,
,,,,,128482,672.38544,208,,,,,,,,
,,,,,128715,722.5476,233,,,,,,,,
,,,,,128936,732.1026,221,,,,,,,,
,,,,,129000,,,-195.3139190673828,-1.8787896633148193,24.00238037109375,193.2648162841797,193.40484619140625,0.0003,0.0003,0.1
,,,,,129136,644.35425,200,,,,,,,,
,,,,,129367,773.2598,231,,,,,,,,
,,,,,129599,780.58655,232,,,,,,,,
,,,,,129809,709.1798,210,,,,,,,,
716.54407,47.13527,816.4629,654.27057,213.8,130000,,,-195.7938232421875,-1.656219720840454,16.387250900268555,193.916015625,194.09854125976562,0.0003,0.0003,0.1
,,,,,130009,635.68835,200,,,,,,,,
,,,,,130238,702.1938,229,,,,,,,,
,,,,,130465,703.77466,227,,,,,,,,
,,,,,130707,842.43524,242,,,,,,,,
,,,,,130940,717.6606,233,,,,,,,,
,,,,,131000,,,-195.2310333251953,-1.7169098854064941,29.570106506347656,193.27996826171875,192.88182067871094,0.0003,0.0003,0.1
,,,,,131161,721.81274,221,,,,,,,,
,,,,,131405,820.9587,244,,,,,,,,
,,,,,131642,800.4408,237,,,,,,,,
,,,,,131890,836.20245,248,,,,,,,,
,,,,,132000,,,-189.40667724609375,-1.7566527128219604,6.861868858337402,188.09693908691406,188.3833770751953,0.0003,0.0003,0.1
,,,,,132169,920.9489,279,,,,,,,,
,,,,,132399,715.1598,230,,,,,,,,
,,,,,132633,783.7548,234,,,,,,,,
,,,,,132858,720.63885,225,,,,,,,,
,,,,,133000,,,-191.5338897705078,-1.5276119709014893,4.129328727722168,190.94322204589844,190.8896942138672,0.0003,0.0003,0.1
,,,,,133062,624.81244,204,,,,,,,,
,,,,,133294,776.93506,232,,,,,,,,
,,,,,133483,617.5249,189,,,,,,,,
,,,,,133704,699.74426,221,,,,,,,,
,,,,,133929,750.51166,225,,,,,,,,
,,,,,134000,,,-201.99526977539062,-1.284766674041748,13.904825210571289,201.19754028320312,200.7927703857422,0.0003,0.0003,0.1
,,,,,134164,734.3864,235,,,,,,,,
,,,,,134396,745.5746,232,,,,,,,,
,,,,,134641,820.2893,245,,,,,,,,
,,,,,134884,825.5236,243,,,,,,,,
704.1331,29.160753,754.2289,656.562,216.6,135000,,,-186.23561096191406,-1.5612926483154297,13.726460456848145,184.6173858642578,184.53775024414062,0.0003,0.0003,0.1
,,,,,135108,743.7962,224,,,,,,,,
,,,,,135338,701.6094,230,,,,,,,,
,,,,,135571,779.9784,233,,,,,,,,
,,,,,135801,762.11444,230,,,,,,,,
,,,,,136000,,,-193.94757080078125,-1.512824296951294,12.338876724243164,193.24964904785156,193.1758575439453,0.0003,0.0003,0.1
,,,,,136019,707.7462,218,,,,,,,,
,,,,,136256,729.8098,237,,,,,,,,
,,,,,136487,767.6075,231,,,,,,,,
,,,,,136722,780.8921,235,,,,,,,,
,,,,,136945,727.6268,223,,,,,,,,
,,,,,137000,,,-195.40599060058594,-1.4972246885299683,36.66170883178711,193.9436492919922,193.81112670898438,0.0003,0.0003,0.1
,,,,,137156,698.74475,211,,,,,,,,
,,,,,137380,731.09436,224,,,,,,,,
,,,,,137601,691.81586,221,,,,,,,,
,,,,,137838,781.76294,237,,,,,,,,
,,,,,138000,,,-197.09095764160156,-1.4923230409622192,5.899907112121582,196.09671020507812,195.98240661621094,0.0003,0.0003,0.1
,,,,,138052,708.7653,214,,,,,,,,
,,,,,138271,726.157,219,,,,,,,,
,,,,,138496,720.69855,225,,,,,,,,
,,,,,138727,761.6582,231,,,,,,,,
,,,,,138963,767.62866,236,,,,,,,,
,,,,,139000,,,-198.1324920654297,-1.4884920120239258,2.157738208770752,196.50701904296875,196.46739196777344,0.0003,0.0003,0.1
,,,,,139229,864.1049,266,,,,,,,,
,,,,,139451,746.437,222,,,,,,,,
,,,,,139660,691.12885,209,,,,,,,,
,,,,,139881,688.411,221,,,,,,,,
717.4987,43.406746,841.41376,682.8008,218.8,140000,,,-191.73614501953125,-1.5106427669525146,6.241269588470459,191.3973846435547,191.41683959960938,0.0003,0.0003,0.1
,,,,,140099,713.8437,218,,,,,,,,
,,,,,140311,705.99506,212,,,,,,,,
,,,,,140538,753.5831,227,,,,,,,,
,,,,,140758,718.4321,220,,,,,,,,
,,,,,140991,788.3075,233,,,,,,,,
,,,,,141000,,,-204.29327392578125,-1.4959657192230225,2.729337453842163,203.53656005859375,203.46450805664062,0.0003,0.0003,0.1
,,,,,141191,684.3101,200,,,,,,,,
,,,,,141410,706.4708,219,,,,,,,,
,,,,,141644,710.6059,234,,,,,,,,
,,,,,141858,711.19574,214,,,,,,,,
,,,,,142000,,,-189.77728271484375,-1.8431575298309326,4.736007213592529,188.31655883789062,188.23924255371094,0.0003,0.0003,0.1
,,,,,142080,744.618,222,,,,,,,,
,,,,,142123,72.31327,43,,,,,,,,
,,,,,142351,748.5073,228,,,,,,,,
,,,,,142581,721.99194,230,,,,,,,,
,,,,,142838,805.9334,257,,,,,,,,
,,,,,143000,,,-197.53196716308594,-1.4179495573043823,7.1558942794799805,195.55120849609375,195.6299285888672,0.0003,0.0003,0.1
,,,,,143069,714.5038,231,,,,,,,,
,,,,,143304,778.8285,235,,,,,,,,
,,,,,143520,711.2712,216,,,,,,,,
,,,,,143763,748.38635,243,,,,,,,,
,,,,,143971,690.1898,208,,,,,,,,
,,,,,144000,,,-195.83726501464844,-1.7952240705490112,5.0058274269104,195.44671630859375,195.0651397705078,0.0003,0.0003,0.1
,,,,,144199,702.54535,228,,,,,,,,
,,,,,144435,749.5227,236,,,,,,,,
,,,,,144669,780.1402,234,,,,,,,,
,,,,,144911,793.1857,242,,,,,,,,
745.0287,20.744728,780.5515,717.191,224.0,145000,,,-206.82244873046875,-1.6794304847717285,19.620922088623047,204.90159606933594,204.6909942626953,0.0003,0.0003,0.1
,,,,,145136,722.08435,225,,,,,,,,
,,,,,145352,728.7948,216,,,,,,,,
,,,,,145590,748.4085,238,,,,,,,,
,,,,,145800,640.0867,210,,,,,,,,
,,,,,146000,,,-198.13949584960938,-1.6000317335128784,2.997570037841797,197.6956024169922,197.46035766601562,0.0003,0.0003,0.1
,,,,,146029,775.7153,229,,,,,,,,
,,,,,146260,728.7951,231,,,,,,,,
,,,,,146492,724.4025,232,,,,,,,,
,,,,,146708,711.23157,216,,,,,,,,
,,,,,146940,752.93066,232,,,,,,,,
,,,,,147000,,,-202.67047119140625,-1.4300131797790527,6.082742691040039,201.27743530273438,201.24203491210938,0.0003,0.0003,0.1
,,,,,147159,726.67255,219,,,,,,,,
,,,,,147392,718.4316,233,,,,,,,,
,,,,,147605,691.19006,213,,,,,,,,
,,,,,147830,692.562,225,,,,,,,,
,,,,,148000,,,-198.67742919921875,-1.7827798128128052,10.716111183166504,197.6053924560547,197.470947265625,0.0003,0.0003,0.1
,,,,,148072,729.6978,242,,,,,,,,
,,,,,148370,903.96277,298,,,,,,,,
,,,,,148598,698.19714,228,,,,,,,,
,,,,,148832,779.0772,234,,,,,,,,
,,,,,149000,,,-195.08084106445312,-1.7176874876022339,10.690302848815918,193.7679901123047,193.82342529296875,0.0003,0.0003,0.1
,,,,,149064,710.6265,232,,,,,,,,
,,,,,149287,682.7846,223,,,,,,,,
,,,,,149585,938.44275,298,,,,,,,,
,,,,,149817,776.22955,232,,,,,,,,
693.0778,36.002937,722.362,605.861,225.6,150000,,,-199.608154296875,-1.5485234260559082,14.014666557312012,197.93858337402344,198.12655639648438,0.0003,0.0003,0.1
,,,,,150100,885.50525,283,,,,,,,,
,,,,,150322,721.1434,222,,,,,,,,
,,,,,150551,729.48755,229,,,,,,,,
,,,,,150782,701.65295,231,,,,,,,,
,,,,,151000,,,-198.22116088867188,-1.5681416988372803,18.41696548461914,196.3666534423828,195.57546997070312,0.0003,0.0003,0.1
,,,,,151014,698.53973,232,,,,,,,,
,,,,,151246,707.5538,232,,,,,,,,
,,,,,151470,713.62244,224,,,,,,,,
,,,,,151701,722.512,231,,,,,,,,
,,,,,151914,590.7985,213,,,,,,,,
,,,,,152000,,,-196.36500549316406,-1.8191242218017578,5.791751861572266,195.56002807617188,195.03733825683594,0.0003,0.0003,0.1
,,,,,152144,707.757,230,,,,,,,,
,,,,,152351,573.059,207,,,,,,,,
,,,,,152595,787.74695,244,,,,,,,,
,,,,,152848,802.45123,253,,,,,,,,
,,,,,153000,,,-198.33946228027344,-1.4352866411209106,8.545631408691406,196.57858276367188,196.40036010742188,0.0003,0.0003,0.1
,,,,,153064,674.0722,216,,,,,,,,
,,,,,153321,823.22784,257,,,,,,,,
,,,,,153578,827.79065,257,,,,,,,,
,,,,,153729,392.27158,151,,,,,,,,
,,,,,153941,597.0469,212,,,,,,,,
,,,,,154000,,,-199.91688537597656,-1.6764949560165405,14.893528938293457,196.65431213378906,196.76397705078125,0.0003,0.0003,0.1
,,,,,154173,774.5829,232,,,,,,,,
,,,,,154420,789.1603,247,,,,,,,,
,,,,,154802,1150.3777,382,,,,,,,,
740.1336,232.56593,955.0375,60.49613,231.2,155000,,,-193.25531005859375,-1.9224300384521484,10.333633422851562,191.1731719970703,191.3173370361328,0.0003,0.0003,0.1
,,,,,155116,1028.6106,314,,,,,,,,
,,,,,155341,719.5484,225,,,,,,,,
,,,,,155594,804.76373,253,,,,,,,,
,,,,,155848,816.3295,254,,,,,,,,
,,,,,156000,,,-203.51402282714844,-1.7609434127807617,4.979506969451904,202.84628295898438,203.03399658203125,0.0003,0.0003,0.1
,,,,,156093,787.21027,245,,,,,,,,
,,,,,156329,730.6945,236,,,,,,,,
,,,,,156738,1275.6569,409,,,,,,,,
,,,,,156931,628.0025,193,,,,,,,,
,,,,,157000,,,-204.63499450683594,-1.5975477695465088,15.159189224243164,203.71951293945312,204.12542724609375,0.0003,0.0003,0.1
,,,,,157201,820.27655,270,,,,,,,,
,,,,,157433,740.1757,232,,,,,,,,
,,,,,157668,733.6536,235,,,,,,,,
,,,,,157949,897.8288,281,,,,,,,,
,,,,,158000,,,-203.74183654785156,-1.5863580703735352,14.477274894714355,202.07073974609375,202.0992889404297,0.0003,0.0003,0.1
,,,,,158176,686.54407,227,,,,,,,,
,,,,,158419,771.9747,243,,,,,,,,
,,,,,158693,850.6962,274,,,,,,,,
,,,,,158910,710.8471,217,,,,,,,,
,,,,,159000,,,-202.6159210205078,-1.567846417427063,3.1033074855804443,202.0275115966797,201.96592712402344,0.0003,0.0003,0.1
,,,,,159167,822.0585,257,,,,,,,,
,,,,,159410,760.1811,243,,,,,,,,
,,,,,159450,67.72679,40,,,,,,,,
,,,,,159673,702.2335,223,,,,,,,,
,,,,,159908,703.402,235,,,,,,,,
744.23145,163.95792,1070.4678,379.71735,242.5,160000,,,-206.7935028076172,-1.7401719093322754,6.324787139892578,205.07113647460938,205.65672302246094,0.0003,0.0003,0.1
,,,,,160149,738.00287,241,,,,,,,,
,,,,,160374,719.8792,225,,,,,,,,
,,,,,160600,711.71027,226,,,,,,,,
,,,,,160849,753.594,249,,,,,,,,
,,,,,161000,,,-201.17324829101562,-1.9305311441421509,194.9049835205078,199.51181030273438,199.37384033203125,0.0003,0.0003,0.1
,,,,,161108,802.64844,259,,,,,,,,
,,,,,161341,726.1072,233,,,,,,,,
,,,,,161694,1088.813,353,,,,,,,,
,,,,,161925,710.2556,231,,,,,,,,
,,,,,162000,,,-205.3068389892578,-1.454124927520752,5.122320175170898,204.25218200683594,204.23739624023438,0.0003,0.0003,0.1
,,,,,162146,726.4719,221,,,,,,,,
,,,,,162369,681.38635,223,,,,,,,,
,,,,,162595,693.9454,226,,,,,,,,
,,,,,162831,719.401,236,,,,,,,,
,,,,,163000,,,-206.13294982910156,-1.5686842203140259,6.268354415893555,205.5473175048828,205.42051696777344,0.0003,0.0003,0.1
,,,,,163043,668.65283,212,,,,,,,,
,,,,,163264,699.1682,221,,,,,,,,
,,,,,163457,619.77576,193,,,,,,,,
,,,,,163675,709.8765,218,,,,,,,,
,,,,,163882,654.5075,207,,,,,,,,
,,,,,164000,,,-204.79800415039062,-2.0824787616729736,7.757845401763916,203.37294006347656,203.43923950195312,0.0003,0.0003,0.1
,,,,,164129,747.3409,247,,,,,,,,
,,,,,164379,759.8678,250,,,,,,,,
,,,,,164582,647.14856,203,,,,,,,,
,,,,,164830,739.1322,248,,,,,,,,
,,,,,164866,57.82509,36,,,,,,,,
740.4645,71.88061,949.5163,686.49414,238.6,165000,,,-209.9084930419922,-1.8958085775375366,4.918894290924072,207.17239379882812,207.32937622070312,0.0003,0.0003,0.1
,,,,,165103,711.13196,237,,,,,,,,
,,,,,165387,898.7868,284,,,,,,,,
,,,,,165609,698.5607,222,,,,,,,,
,,,,,165810,633.17566,201,,,,,,,,
,,,,,166000,,,-207.94186401367188,-1.3364195823669434,6.293886184692383,206.39309692382812,207.18922424316406,0.0003,0.0003,0.1
,,,,,166052,712.3658,242,,,,,,,,
,,,,,166284,703.93695,232,,,,,,,,
,,,,,166522,725.63324,238,,,,,,,,
,,,,,166757,743.4068,235,,,,,,,,
,,,,,166974,692.5774,217,,,,,,,,
,,,,,167000,,,-206.36135864257812,-1.9741954803466797,3.779618501663208,204.75439453125,204.92788696289062,0.0003,0.0003,0.1
,,,,,167193,685.1471,219,,,,,,,,
,,,,,167384,613.53284,191,,,,,,,,
,,,,,167592,669.7753,208,,,,,,,,
,,,,,167822,717.50653,230,,,,,,,,
,,,,,168000,,,-211.8909912109375,-1.2300280332565308,4.597805976867676,210.9887237548828,211.18017578125,0.0003,0.0003,0.1
,,,,,168042,670.7976,220,,,,,,,,
,,,,,168298,769.6156,256,,,,,,,,
,,,,,168501,640.29675,203,,,,,,,,
,,,,,168706,661.7725,205,,,,,,,,
,,,,,168893,590.49115,187,,,,,,,,
,,,,,169000,,,-204.5288543701172,-2.0701427459716797,14.413557052612305,203.32522583007812,203.1432647705078,0.0003,0.0003,0.1
,,,,,169092,631.89545,199,,,,,,,,
,,,,,169284,611.3347,192,,,,,,,,
,,,,,169506,684.10956,222,,,,,,,,
,,,,,169709,635.66925,203,,,,,,,,
,,,,,169917,643.52386,208,,,,,,,,
625.7748,29.095423,666.8326,587.72174,207.7,170000,,,-213.48635864257812,-1.5551323890686035,11.80929946899414,212.42921447753906,212.5529327392578,0.0003,0.0003,0.1
,,,,,170128,703.8171,211,,,,,,,,
,,,,,170436,924.6638,308,,,,,,,,
,,,,,170640,634.78815,204,,,,,,,,
,,,,,170888,754.65546,248,,,,,,,,
,,,,,171000,,,-200.2383270263672,-2.0475375652313232,6.090857982635498,199.5601806640625,199.67794799804688,0.0003,0.0003,0.1
,,,,,171103,658.16675,215,,,,,,,,
,,,,,171309,631.9784,206,,,,,,,,
,,,,,171536,711.7392,227,,,,,,,,
,,,,,171747,685.269,211,,,,,,,,
,,,,,172000,,,-210.65005493164062,-1.744543433189392,8.724943161010742,208.78814697265625,208.48919677734375,0.0003,0.0003,0.1
,,,,,172015,830.80334,268,,,,,,,,
,,,,,172268,747.66364,253,,,,,,,,
,,,,,172493,718.9659,225,,,,,,,,
,,,,,172709,660.37897,216,,,,,,,,
,,,,,172920,684.067,211,,,,,,,,
,,,,,173000,,,-204.31607055664062,-1.6381947994232178,5.9779815673828125,203.56884765625,203.2502899169922,0.0003,0.0003,0.1
,,,,,173142,689.6622,222,,,,,,,,
,,,,,173344,592.6116,202,,,,,,,,
,,,,,173567,704.5813,223,,,,,,,,
,,,,,173781,682.6756,214,,,,,,,,
,,,,,174000,,,-211.33506774902344,-1.6252273321151733,6.298101425170898,209.92442321777344,209.51251220703125,0.0003,0.0003,0.1
,,,,,174014,726.77094,233,,,,,,,,
,,,,,174216,593.99615,202,,,,,,,,
,,,,,174433,713.9342,217,,,,,,,,
,,,,,174633,636.28827,200,,,,,,,,
,,,,,174845,663.9807,212,,,,,,,,
677.4177,39.835747,746.8887,609.13245,224.4,175000,,,-211.42007446289062,-1.9039348363876343,20.253141403198242,209.92843627929688,209.7991485595703,0.0003,0.0003,0.1
,,,,,175072,692.40125,227,,,,,,,,
,,,,,175359,866.73956,287,,,,,,,,
,,,,,175587,725.3113,228,,,,,,,,
,,,,,175798,663.61383,211,,,,,,,,
,,,,,176000,,,-210.9639434814453,-1.3650658130645752,2.7223479747772217,209.97267150878906,210.03277587890625,0.0003,0.0003,0.1
,,,,,176025,726.5418,227,,,,,,,,
,,,,,176256,725.5503,231,,,,,,,,
,,,,,176487,732.4651,231,,,,,,,,
,,,,,176708,710.8909,221,,,,,,,,
,,,,,176934,706.8363,226,,,,,,,,
,,,,,177000,,,-200.66757202148438,-1.7539972066879272,7.620892524719238,199.52731323242188,199.62074279785156,0.0003,0.0003,0.1
,,,,,177168,631.728,234,,,,,,,,
,,,,,177399,722.42126,231,,,,,,,,
,,,,,177709,930.24536,310,,,,,,,,
,,,,,177934,724.91895,225,,,,,,,,
,,,,,178000,,,-201.8227996826172,-1.8446857929229736,6.25432014465332,200.9347686767578,200.5657958984375,0.0003,0.0003,0.1
,,,,,178148,677.2912,214,,,,,,,,
,,,,,178371,720.3672,223,,,,,,,,
,,,,,178630,765.643,259,,,,,,,,
,,,,,178870,800.4876,240,,,,,,,,
,,,,,179000,,,-208.6565704345703,-1.6145316362380981,3.6106982231140137,208.3054656982422,208.17726135253906,0.0003,0.0003,0.1
,,,,,179113,779.9643,243,,,,,,,,
,,,,,179334,738.8739,221,,,,,,,,
,,,,,179556,743.65607,222,,,,,,,,
,,,,,179818,836.56335,262,,,,,,,,
806.7926,47.49662,900.16925,736.8017,260.6,180000,,,-201.91580200195312,-1.7536815404891968,5.650728225708008,200.46417236328125,200.55572509765625,0.0003,0.0003,0.1
,,,,,180122,870.36566,304,,,,,,,,
,,,,,180376,837.2383,254,,,,,,,,
,,,,,180676,937.318,300,,,,,,,,
,,,,,180920,751.27356,244,,,,,,,,
,,,,,181000,,,-197.41697692871094,-1.9246906042099,15.343754768371582,196.19200134277344,196.4383087158203,0.0003,0.0003,0.1
,,,,,181241,922.5383,321,,,,,,,,
,,,,,181485,815.16986,244,,,,,,,,
,,,,,181717,759.958,232,,,,,,,,
,,,,,181971,866.2747,254,,,,,,,,
,,,,,182000,,,-204.10879516601562,-1.6736100912094116,14.292707443237305,201.83470153808594,201.95565795898438,0.0003,0.0003,0.1
,,,,,182186,629.02277,215,,,,,,,,
,,,,,182399,578.68933,213,,,,,,,,
,,,,,182634,787.96814,235,,,,,,,,
,,,,,183000,,,-212.4425048828125,-1.7389575242996216,7.9538726806640625,210.41241455078125,210.07815551757812,0.0003,0.0003,0.1
,,,,,183170,1653.6023,536,,,,,,,,
,,,,,183456,885.837,286,,,,,,,,
,,,,,183725,933.4929,269,,,,,,,,
,,,,,183948,749.8188,223,,,,,,,,
,,,,,184000,,,-209.34886169433594,-1.6778433322906494,6.817446708679199,208.37057495117188,207.8517303466797,0.0003,0.0003,0.1
,,,,,184194,813.83734,246,,,,,,,,
,,,,,184454,901.6902,260,,,,,,,,
,,,,,184964,1642.7161,510,,,,,,,,
831.6857,65.61333,935.63074,743.74976,245.9,185000,,,-210.00094604492188,-1.6580922603607178,7.985268592834473,209.47714233398438,208.8566436767578,0.0003,0.0003,0.1
,,,,,185198,736.47253,234,,,,,,,,
,,,,,185475,956.984,277,,,,,,,,
,,,,,185851,1195.492,376,,,,,,,,
,,,,,186000,,,-207.6778564453125,-1.9494731426239014,7.018743515014648,206.2661590576172,206.90252685546875,0.0003,0.0003,0.1
,,,,,186120,918.1257,269,,,,,,,,
,,,,,186388,887.2484,268,,,,,,,,
,,,,,186665,953.11755,277,,,,,,,,
,,,,,186945,947.67944,280,,,,,,,,
,,,,,187000,,,-211.40509033203125,-1.6684670448303223,6.438520908355713,210.472900390625,210.69766235351562,0.0003,0.0003,0.1
,,,,,187266,1014.65765,321,,,,,,,,
,,,,,187541,854.3951,275,,,,,,,,
,,,,,187831,953.731,290,,,,,,,,
,,,,,188000,,,-215.68467712402344,-1.253748893737793,4.102567672729492,214.82408142089844,214.6244659423828,0.0003,0.0003,0.1
,,,,,188119,929.8512,288,,,,,,,,
,,,,,188353,790.2041,234,,,,,,,,
,,,,,188598,837.76385,245,,,,,,,,
,,,,,188904,993.87177,306,,,,,,,,
,,,,,189000,,,-208.19081115722656,-1.7750344276428223,16.05590057373047,207.16905212402344,206.82077026367188,0.0003,0.0003,0.1
,,,,,189181,942.0268,277,,,,,,,,
,,,,,189466,914.9802,285,,,,,,,,
,,,,,189859,1227.5382,393,,,,,,,,
990.9613,125.52615,1175.1907,831.5525,301.1,190000,,,-207.53651428222656,-1.956438422203064,7.9531707763671875,205.06881713867188,205.08126831054688,0.0003,0.0003,0.1
,,,,,190152,968.32733,293,,,,,,,,
,,,,,190396,815.6912,244,,,,,,,,
,,,,,190732,1102.5317,336,,,,,,,,
,,,,,191000,,,-214.33956909179688,-1.373315691947937,4.612859725952148,214.02536010742188,213.7406463623047,0.0003,0.0003,0.1
,,,,,191012,933.7114,280,,,,,,,,
,,,,,191294,966.91077,282,,,,,,,,
,,,,,191588,959.3732,294,,,,,,,,
,,,,,191768,536.0217,180,,,,,,,,
,,,,,192000,,,-203.51988220214844,-1.304696798324585,5.083590030670166,203.0869140625,203.240478515625,0.0003,0.0003,0.1
,,,,,192044,945.4146,276,,,,,,,,
,,,,,192343,971.99475,299,,,,,,,,
,,,,,192757,1375.2909,414,,,,,,,,
,,,,,193000,,,-215.22657775878906,-1.7605302333831787,22.335432052612305,212.26284790039062,212.57115173339844,0.0003,0.0003,0.1
,,,,,193126,1171.5674,369,,,,,,,,
,,,,,193415,979.53,289,,,,,,,,
,,,,,193745,1118.5786,330,,,,,,,,
,,,,,194000,,,-210.4549560546875,-1.9122402667999268,112.2464599609375,209.5806121826172,208.5142059326172,0.0003,0.0003,0.1
,,,,,194124,1269.9258,379,,,,,,,,
,,,,,194595,1582.7041,471,,,,,,,,
,,,,,194877,942.5235,282,,,,,,,,
1243.8401,156.35512,1439.7142,952.97345,384.6,195000,,,-217.92747497558594,-1.625771403312683,4.757367134094238,216.8931884765625,216.6763916015625,0.0003,0.0003,0.1
,,,,,195169,971.6312,292,,,,,,,,
,,,,,195474,1015.3188,305,,,,,,,,
,,,,,195754,950.6516,280,,,,,,,,
,,,,,196000,,,-210.5844268798828,-1.7858707904815674,5.717523574829102,209.7025146484375,209.95388793945312,0.0003,0.0003,0.1
,,,,,196088,1153.3823,334,,,,,,,,
,,,,,196386,959.2862,298,,,,,,,,
,,,,,196684,993.74835,298,,,,,,,,
,,,,,196977,977.1627,293,,,,,,,,
,,,,,197000,,,-203.9896697998047,-1.9456584453582764,15.39205551147461,202.31289672851562,201.16758728027344,0.0003,0.0003,0.1
,,,,,197466,1587.4615,489,,,,,,,,
,,,,,197812,1180.5048,346,,,,,,,,
,,,,,198000,,,-207.44723510742188,-1.5976519584655762,7.285501480102539,206.5894012451172,206.627197265625,0.0003,0.0003,0.1
,,,,,198114,1015.02203,302,,,,,,,,
,,,,,198515,1342.606,401,,,,,,,,
,,,,,198799,962.39484,284,,,,,,,,
,,,,,199000,,,-206.37132263183594,-1.5768975019454956,8.537559509277344,204.51173400878906,204.303955078125,0.0003,0.0003,0.1
,,,,,199131,1134.4241,332,,,,,,,,
,,,,,199427,991.74036,296,,,,,,,,
,,,,,199703,921.7062,276,,,,,,,,
,,,,,199989,962.45294,286,,,,,,,,
909.12854,99.94107,1077.6239,752.43054,272.0,200000,,,-198.09515380859375,-1.7149810791015625,6.12777853012085,197.39488220214844,198.08709716796875,0.0003,0.0003,0.1
,,,,,200268,951.9066,279,,,,,,,,
,,,,,200574,1035.3593,306,,,,,,,,
,,,,,201000,,,-202.89646911621094,-1.5836718082427979,12.272976875305176,201.7158966064453,201.5594482421875,0.0003,0.0003,0.1
,,,,,201057,1596.6027,483,,,,,,,,
,,,,,201522,1529.8853,465,,,,,,,,
,,,,,201793,915.1174,271,,,,,,,,
,,,,,202000,,,-214.37689208984375,-1.450209379196167,5.359982490539551,213.28152465820312,213.08534240722656,0.0003,0.0003,0.1
,,,,,202099,1021.4064,306,,,,,,,,
,,,,,202448,1148.0457,349,,,,,,,,
,,,,,202732,957.0692,284,,,,,,,,
,,,,,203000,,,-213.939697265625,-1.6738409996032715,3.0903308391571045,213.5649871826172,213.6256561279297,0.0003,0.0003,0.1
,,,,,203017,965.82806,285,,,,,,,,
,,,,,203260,816.6251,243,,,,,,,,
,,,,,203495,783.2856,235,,,,,,,,
,,,,,203754,878.0614,259,,,,,,,,
,,,,,204000,,,-209.26629638671875,-1.8242223262786865,65.0020751953125,208.17147827148438,207.452880859375,0.0003,0.0003,0.1
,,,,,204027,931.34875,273,,,,,,,,
,,,,,204276,838.05414,249,,,,,,,,
,,,,,204541,896.9723,265,,,,,,,,
,,,,,204795,847.43207,254,,,,,,,,
1064.1736,353.16885,2104.6067,856.16095,319.0,205000,,,-210.9765167236328,-1.5576725006103516,5.313889503479004,210.6863250732422,210.30580139160156,0.0003,0.0003,0.1
,,,,,205087,962.10126,292,,,,,,,,
,,,,,205351,905.64014,264,,,,,,,,
,,,,,205580,748.79285,229,,,,,,,,
,,,,,205867,965.83264,287,,,,,,,,
,,,,,206000,,,-207.52552795410156,-1.6711690425872803,15.006061553955078,206.38656616210938,205.9955596923828,0.0003,0.0003,0.1
,,,,,206184,1060.8241,317,,,,,,,,
,,,,,206583,1307.7677,399,,,,,,,,
,,,,,206900,1020.0513,317,,,,,,,,
,,,,,207000,,,-212.71925354003906,-1.6768776178359985,4.746298313140869,211.58938598632812,211.92230224609375,0.0003,0.0003,0.1
,,,,,207195,990.4619,295,,,,,,,,
,,,,,207495,986.31335,300,,,,,,,,
,,,,,207742,819.9648,247,,,,,,,,
,,,,,208000,,,-216.65052795410156,-1.8343254327774048,15.018916130065918,215.41453552246094,215.127197265625,0.0003,0.0003,0.1
,,,,,208035,979.83685,293,,,,,,,,
,,,,,208328,985.7514,293,,,,,,,,
,,,,,208607,937.1313,279,,,,,,,,
,,,,,208882,928.719,275,,,,,,,,
,,,,,209000,,,-215.9893798828125,-1.5882333517074585,4.730408191680908,215.362060546875,215.81289672851562,0.0003,0.0003,0.1
,,,,,209302,1398.8253,420,,,,,,,,
,,,,,209576,911.54364,274,,,,,,,,
,,,,,209899,1068.739,323,,,,,,,,
774.52136,60.56034,831.0996,681.65247,233.6,210000,,,-213.39913940429688,-1.4905377626419067,7.7594218254089355,212.91954040527344,213.38323974609375,0.0003,0.0003,0.1
,,,,,210168,922.9324,269,,,,,,,,
,,,,,210435,912.95996,267,,,,,,,,
,,,,,210697,889.0197,262,,,,,,,,
,,,,,211000,,,-209.6459503173828,-1.7012397050857544,4.839318752288818,209.0338592529297,209.18411254882812,0.0003,0.0003,0.1
,,,,,211107,1356.3798,410,,,,,,,,
,,,,,211497,1291.4497,390,,,,,,,,
,,,,,211769,918.6272,272,,,,,,,,
,,,,,212000,,,-211.87002563476562,-1.6456608772277832,4.486570835113525,211.64324951171875,211.4710693359375,0.0003,0.0003,0.1
,,,,,212021,854.8426,252,,,,,,,,
,,,,,212263,830.198,242,,,,,,,,
,,,,,212513,876.72473,250,,,,,,,,
,,,,,212814,1006.608,301,,,,,,,,
,,,,,213000,,,-218.467041015625,-1.5543830394744873,4.152152061462402,217.38941955566406,217.40924072265625,0.0003,0.0003,0.1
,,,,,213128,1024.2585,314,,,,,,,,
,,,,,213369,832.2891,241,,,,,,,,
,,,,,213682,1012.9082,313,,,,,,,,
,,,,,214000,,,-206.82936096191406,-2.0433902740478516,22.017337799072266,205.3480987548828,205.34605407714844,0.0003,0.0003,0.1
,,,,,214075,1322.7233,393,,,,,,,,
,,,,,214309,804.7982,234,,,,,,,,
,,,,,214551,828.28705,242,,,,,,,,
,,,,,214821,917.4048,270,,,,,,,,
1058.5486,229.90117,1461.6853,835.283,317.7,215000,,,-212.3029022216797,-1.4841340780258179,3.770042896270752,211.982421875,211.7900390625,0.0003,0.0003,0.1
,,,,,215287,1528.4231,466,,,,,,,,
,,,,,215502,699.08954,215,,,,,,,,
,,,,,215761,891.718,259,,,,,,,,
,,,,,215997,800.82196,236,,,,,,,,
,,,,,216000,,,-214.8837432861328,-1.697285532951355,5.227327823638916,214.43597412109375,214.25216674804688,0.0003,0.0003,0.1
,,,,,216208,676.0725,211,,,,,,,,
,,,,,216516,1000.32935,308,,,,,,,,
,,,,,216979,1494.5049,463,,,,,,,,
,,,,,217000,,,-213.9109649658203,-1.4630848169326782,19.426651000976562,213.50186157226562,213.49020385742188,0.0003,0.0003,0.1
,,,,,217244,867.4647,265,,,,,,,,
,,,,,217472,766.8682,228,,,,,,,,
,,,,,217761,890.80084,289,,,,,,,,
,,,,,218000,,,-222.4925994873047,-1.7665308713912964,8.811747550964355,220.53289794921875,220.10015869140625,0.0003,0.0003,0.1
,,,,,218050,941.24097,289,,,,,,,,
,,,,,218279,770.8363,229,,,,,,,,
,,,,,218562,953.7331,283,,,,,,,,
,,,,,219000,,,-222.67947387695312,-1.1660687923431396,2.7581472396850586,222.3775634765625,222.17318725585938,0.0003,0.0003,0.1
,,,,,219089,1658.6719,527,,,,,,,,
,,,,,219521,1433.0555,432,,,,,,,,
,,,,,219757,807.26794,236,,,,,,,,
1013.55145,442.14337,2268.869,661.95734,303.9,220000,,,-217.5762176513672,-1.6369309425354004,3.6442272663116455,217.21377563476562,217.63140869140625,0.0003,0.0003,0.1
,,,,,220028,935.1846,271,,,,,,,,
,,,,,220616,1843.5209,588,,,,,,,,
,,,,,220875,881.0627,259,,,,,,,,
,,,,,221000,,,-211.6689910888672,-1.424351453781128,4.251254558563232,210.237060546875,210.11517333984375,0.0003,0.0003,0.1
,,,,,221368,1549.181,493,,,,,,,,
,,,,,221840,1458.844,472,,,,,,,,
,,,,,222000,,,-210.5555877685547,-1.5907701253890991,4.866981506347656,208.34132385253906,208.1341094970703,0.0003,0.0003,0.1
,,,,,222734,2855.5483,894,,,,,,,,
,,,,,222971,777.68976,237,,,,,,,,
,,,,,223000,,,-224.85780334472656,-1.5531140565872192,3.251525640487671,223.78358459472656,223.3966064453125,0.0003,0.0003,0.1
,,,,,223254,959.0899,283,,,,,,,,
,,,,,223592,1125.2992,338,,,,,,,,
,,,,,224000,,,-207.32859802246094,-1.873686671257019,6.893426418304443,206.3824462890625,206.20606994628906,0.0003,0.0003,0.1
,,,,,224104,1646.8258,512,,,,,,,,
,,,,,224699,1873.0862,595,,,,,,,,
1238.7583,266.25784,1849.9509,890.8772,376.4,225000,,,-221.31773376464844,-1.8139097690582275,8.672886848449707,220.08551025390625,220.185302734375,0.0003,0.0003,0.1
,,,,,225189,1576.3877,490,,,,,,,,
,,,,,225921,2351.3389,732,,,,,,,,
,,,,,226000,,,-223.12310791015625,-1.1303613185882568,4.178381443023682,222.76165771484375,222.68113708496094,0.0003,0.0003,0.1
,,,,,226309,1231.2064,388,,,,,,,,
,,,,,226695,1288.3866,386,,,,,,,,
,,,,,226954,878.5798,259,,,,,,,,
,,,,,227000,,,-219.1051483154297,-1.7103519439697266,13.619000434875488,217.8928985595703,217.9036865234375,0.0003,0.0003,0.1
,,,,,227278,1084.1304,324,,,,,,,,
,,,,,227560,793.96967,282,,,,,,,,
,,,,,228000,,,-213.07101440429688,-1.6143075227737427,4.219136714935303,212.56185913085938,212.35223388671875,0.0003,0.0003,0.1
,,,,,228477,2764.476,917,,,,,,,,
,,,,,228858,1241.6035,381,,,,,,,,
,,,,,229000,,,-216.10440063476562,-1.459732174873352,3.2367680072784424,215.69557189941406,215.58114624023438,0.0003,0.0003,0.1
,,,,,229206,1183.1913,348,,,,,,,,
,,,,,229520,957.85614,314,,,,,,,,
1829.9707,423.63577,2613.1548,1308.3864,583.6,230000,,,-220.39151000976562,-1.623827576637268,7.299291610717773,219.38087463378906,219.5267791748047,0.0003,0.0003,0.1
,,,,,230056,1748.3296,536,,,,,,,,
,,,,,230573,1676.5452,517,,,,,,,,
,,,,,230980,1298.8939,407,,,,,,,,
,,,,,231000,,,-215.2696990966797,-1.381988525390625,3.9453160762786865,214.87002563476562,214.99928283691406,0.0003,0.0003,0.1
,,,,,231776,2556.655,796,,,,,,,,
,,,,,232000,,,-219.56069946289062,-1.2968716621398926,4.530992031097412,219.2562713623047,219.25222778320312,0.0003,0.0003,0.1
,,,,,232400,1899.0181,624,,,,,,,,
,,,,,233000,,,-211.39923095703125,-1.6633121967315674,4.780896186828613,210.31207275390625,210.07107543945312,0.0003,0.0003,0.1
,,,,,233277,2689.042,877,,,,,,,,
,,,,,233709,1401.1195,432,,,,,,,,
,,,,,234000,,,-217.81614685058594,-2.108243465423584,12.970191955566406,216.6508026123047,216.9083251953125,0.0003,0.0003,0.1
,,,,,234709,3014.7388,1000,,,,,,,,
2157.063,527.4641,3026.7822,1289.923,693.4,235000,,,-214.6367950439453,-1.7562673091888428,4.693113803863525,213.7268524169922,213.584716796875,0.0003,0.0003,0.1
,,,,,235003,988.6294,294,,,,,,,,
,,,,,236000,,,-219.159912109375,-1.6911019086837769,6.354731559753418,217.35072326660156,217.4370880126953,0.0003,0.0003,0.1
,,,,,236003,2946.3496,1000,,,,,,,,
,,,,,236758,2316.799,755,,,,,,,,
,,,,,237000,,,-219.4678497314453,-1.2039434909820557,6.62849760055542,218.56961059570312,218.37249755859375,0.0003,0.0003,0.1
,,,,,237102,1167.1353,344,,,,,,,,
,,,,,237396,981.49884,294,,,,,,,,
,,,,,238000,,,-211.56417846679688,-1.5985554456710815,2.594916343688965,211.25599670410156,211.06658935546875,0.0003,0.0003,0.1
,,,,,238241,2731.6028,845,,,,,,,,
,,,,,238512,925.43164,271,,,,,,,,
,,,,,239000,,,-222.09315490722656,-1.7341063022613525,15.621809959411621,220.91693115234375,221.02566528320312,0.0003,0.0003,0.1
,,,,,239172,2139.739,660,,,,,,,,
,,,,,239461,968.5966,289,,,,,,,,
,,,,,239749,972.4508,288,,,,,,,,
1243.6101,387.76236,2250.483,824.6758,389.3,240000,,,-215.32913208007812,-1.336068034172058,7.335594654083252,212.61520385742188,212.82376098632812,0.0003,0.0003,0.1
,,,,,240349,1923.8158,600,,,,,,,,
,,,,,241000,,,-222.0601348876953,-1.3964316844940186,4.5085649490356445,220.87765502929688,220.7246551513672,0.0003,0.0003,0.1
,,,,,241209,2702.963,860,,,,,,,,
,,,,,241544,1070.4017,335,,,,,,,,
,,,,,242000,,,-219.3981170654297,-1.9535245895385742,4.928164482116699,218.13336181640625,218.50555419921875,0.0003,0.0003,0.1
,,,,,242544,2905.547,1000,,,,,,,,
,,,,,242997,1461.459,453,,,,,,,,
,,,,,243000,,,-223.56861877441406,-1.5739644765853882,3.2884039878845215,222.5276336669922,222.70567321777344,0.0003,0.0003,0.1
,,,,,243245,846.8675,248,,,,,,,,
,,,,,243673,1403.9688,428,,,,,,,,
,,,,,243922,851.046,249,,,,,,,,
,,,,,244000,,,-227.83827209472656,-1.2777624130249023,3.4803221225738525,227.28489685058594,227.1767120361328,0.0003,0.0003,0.1
,,,,,244192,931.07166,270,,,,,,,,
,,,,,244740,1666.7344,548,,,,,,,,
1156.3057,333.07443,1883.2903,862.64703,352.3,245000,,,-216.2051239013672,-1.5381476879119873,3.3252711296081543,215.83029174804688,216.53797912597656,0.0003,0.0003,0.1
,,,,,245005,906.429,265,,,,,,,,
,,,,,245268,889.4308,263,,,,,,,,
,,,,,245573,1021.6194,305,,,,,,,,
,,,,,245823,829.13446,250,,,,,,,,
,,,,,246000,,,-214.03369140625,-1.5783252716064453,5.4486517906188965,214.0868377685547,214.32301330566406,0.0003,0.0003,0.1
,,,,,246055,744.37915,232,,,,,,,,
,,,,,246413,1134.1012,358,,,,,,,,
,,,,,246758,1126.3011,345,,,,,,,,
,,,,,247000,,,-210.63645935058594,-1.693357229232788,4.999311447143555,210.07626342773438,210.04945373535156,0.0003,0.0003,0.1
,,,,,247110,1180.8694,352,,,,,,,,
,,,,,248000,,,-228.554931640625,-1.4158084392547607,2.9019134044647217,228.14566040039062,228.21131896972656,0.0003,0.0003,0.1
,,,,,248045,2900.2969,935,,,,,,,,
,,,,,248367,1086.2998,322,,,,,,,,
,,,,,248799,1413.5425,432,,,,,,,,
,,,,,249000,,,-230.18406677246094,-1.4609423875808716,13.043035507202148,229.76124572753906,229.6285858154297,0.0003,0.0003,0.1
,,,,,249147,1180.7327,348,,,,,,,,
,,,,,249565,1377.4432,418,,,,,,,,
1420.0488,792.457,3008.9656,918.3239,444.0,250000,,,-221.72616577148438,-1.3828401565551758,2.9824724197387695,221.53907775878906,221.6917266845703,0.0003,0.0003,0.1
,,,,,250076,1688.7863,511,,,,,,,,
,,,,,250338,882.9211,262,,,,,,,,
,,,,,250376,63.357903,38,,,,,,,,
,,,,,251000,,,-218.56956481933594,-1.7504987716674805,3.9378573894500732,217.38214111328125,217.46299743652344,0.0003,0.0003,0.1
,,,,,251376,2980.4214,1000,,,,,,,,
,,,,,252000,,,-224.6650390625,-1.3222562074661255,2.2904000282287598,224.36717224121094,224.6148223876953,0.0003,0.0003,0.1
,,,,,252376,3095.595,1000,,,,,,,,
,,,,,252680,1018.7595,304,,,,,,,,
,,,,,253000,,,-217.48587036132812,-1.5350474119186401,6.355095863342285,216.8436279296875,216.90231323242188,0.0003,0.0003,0.1
,,,,,253508,2612.5764,828,,,,,,,,
,,,,,254000,,,-216.1036376953125,-1.5157616138458252,3.8522226810455322,216.05612182617188,216.03091430664062,0.0003,0.0003,0.1
,,,,,254108,1931.2886,600,,,,,,,,
,,,,,254703,1928.4674,595,,,,,,,,
1776.6426,885.531,3027.6777,796.0633,560.9,255000,,,-214.5065460205078,-1.4640939235687256,7.378432750701904,213.6029052734375,213.4801025390625,0.0003,0.0003,0.1
,,,,,255659,2995.7134,956,,,,,,,,
,,,,,255978,1061.3916,319,,,,,,,,
,,,,,256000,,,-223.0193328857422,-1.5678086280822754,2.15394926071167,222.67649841308594,222.5457000732422,0.0003,0.0003,0.1
,,,,,256253,945.2914,275,,,,,,,,
,,,,,257000,,,-223.05955505371094,-1.664219856262207,9.367840766906738,220.60841369628906,220.88238525390625,0.0003,0.0003,0.1
,,,,,257253,3078.2698,1000,,,,,,,,
,,,,,257518,890.8772,265,,,,,,,,
,,,,,257888,1228.7725,370,,,,,,,,
,,,,,258000,,,-223.93438720703125,-1.4676865339279175,4.939344882965088,222.4957275390625,222.23214721679688,0.0003,0.0003,0.1
,,,,,258438,1775.9412,550,,,,,,,,
,,,,,258787,1195.3434,349,,,,,,,,
,,,,,259000,,,-225.63294982910156,-1.364943265914917,2.119173765182495,225.23492431640625,225.30787658691406,0.0003,0.0003,0.1
,,,,,259787,2958.1582,1000,,,,,,,,
2129.4448,936.02136,3020.4458,775.3214,688.9,260000,,,-231.2556915283203,-1.542055606842041,4.6920905113220215,230.54110717773438,230.43336486816406,0.0003,0.0003,0.1
,,,,,260787,3035.1501,1000,,,,,,,,
,,,,,261000,,,-221.82022094726562,-1.1261799335479736,3.141296148300171,221.05606079101562,221.36480712890625,0.0003,0.0003,0.1
,,,,,261787,3071.0674,1000,,,,,,,,
,,,,,262000,,,-223.15367126464844,-1.4872432947158813,6.191866397857666,222.75503540039062,222.68470764160156,0.0003,0.0003,0.1
,,,,,262049,889.95233,262,,,,,,,,
,,,,,262382,1123.0634,333,,,,,,,,
,,,,,262659,934.0715,277,,,,,,,,
,,,,,262901,807.5205,242,,,,,,,,
,,,,,263000,,,-225.3443145751953,-1.4110795259475708,3.149867534637451,223.8346405029297,223.93045043945312,0.0003,0.0003,0.1
,,,,,263106,653.2703,205,,,,,,,,
,,,,,263498,1313.3867,392,,,,,,,,
,,,,,264000,,,-234.1408233642578,-1.4733140468597412,6.01522970199585,233.94537353515625,233.53915405273438,0.0003,0.0003,0.1
,,,,,264498,3067.5222,1000,,,,,,,,
,,,,,264858,1181.5376,360,,,,,,,,
1772.322,1058.7915,3087.9973,694.8506,563.6,265000,,,-221.505859375,-1.578444004058838,3.621551275253296,219.647216796875,219.3629913330078,0.0003,0.0003,0.1
,,,,,265297,1479.1517,439,,,,,,,,
,,,,,266000,,,-215.33792114257812,-1.6065490245819092,3.702454090118408,214.62440490722656,214.70709228515625,0.0003,0.0003,0.1
,,,,,266297,3045.8804,1000,,,,,,,,
,,,,,267000,,,-227.73898315429688,-1.5948883295059204,3.8238282203674316,227.1884765625,227.18011474609375,0.0003,0.0003,0.1
,,,,,267297,3067.4033,1000,,,,,,,,
,,,,,268000,,,-221.83595275878906,-1.2049484252929688,19.06829833984375,220.3770751953125,220.18145751953125,0.0003,0.0003,0.1
,,,,,268126,2749.857,829,,,,,,,,
,,,,,268387,893.1262,261,,,,,,,,
,,,,,269000,,,-225.32994079589844,-1.456131935119629,3.4564688205718994,225.00831604003906,224.95904541015625,0.0003,0.0003,0.1
,,,,,269387,3074.9548,1000,,,,,,,,
2452.8398,968.0675,3098.31,871.7435,786.8,270000,,,-226.7100830078125,-1.2034245729446411,3.396045684814453,226.396240234375,226.50680541992188,0.0003,0.0003,0.1
,,,,,270387,3086.6514,1000,,,,,,,,
,,,,,270674,955.56805,287,,,,,,,,
,,,,,271000,,,-227.69186401367188,-1.7256989479064941,4.255347728729248,227.02523803710938,227.30905151367188,0.0003,0.0003,0.1
,,,,,271095,1427.7871,421,,,,,,,,
,,,,,271450,1204.9231,355,,,,,,,,
,,,,,272000,,,-226.09190368652344,-1.3217579126358032,8.904121398925781,224.14561462402344,224.62046813964844,0.0003,0.0003,0.1
,,,,,272385,3060.08,935,,,,,,,,
,,,,,272639,858.49835,254,,,,,,,,
,,,,,272907,885.14777,268,,,,,,,,
,,,,,273000,,,-220.7525634765625,-1.4310179948806763,30.313167572021484,218.8798065185547,219.1546173095703,0.0003,0.0003,0.1
,,,,,273907,3187.3928,1000,,,,,,,,
,,,,,274000,,,-226.77333068847656,-1.4095752239227295,4.348207473754883,226.4895782470703,226.08795166015625,0.0003,0.0003,0.1
,,,,,274185,938.68665,278,,,,,,,,
,,,,,274960,2501.4285,775,,,,,,,,
1907.6091,1029.8218,3108.1904,810.7446,600.9,275000,,,-226.53953552246094,-1.5303215980529785,3.489457368850708,225.95770263671875,226.03770446777344,0.0003,0.0003,0.1
,,,,,275227,888.5083,267,,,,,,,,
,,,,,275463,763.3286,236,,,,,,,,
,,,,,275700,775.6596,237,,,,,,,,
,,,,,275963,878.66064,263,,,,,,,,
,,,,,276000,,,-228.87075805664062,-1.1728249788284302,4.23646879196167,228.16122436523438,228.11546325683594,0.0003,0.0003,0.1
,,,,,276186,717.1904,223,,,,,,,,
,,,,,277000,,,-224.2763214111328,-1.053147315979004,3.160355567932129,223.9991455078125,223.7261505126953,0.0003,0.0003,0.1
,,,,,277186,3121.908,1000,,,,,,,,
,,,,,278000,,,-232.2156219482422,-1.4088115692138672,21.100515365600586,231.67404174804688,231.1258544921875,0.0003,0.0003,0.1
,,,,,278186,3147.6465,1000,,,,,,,,
,,,,,278432,824.36884,246,,,,,,,,
,,,,,279000,,,-229.2250213623047,-1.2289201021194458,3.559213876724243,228.78976440429688,228.6592559814453,0.0003,0.0003,0.1
,,,,,279432,3123.829,1000,,,,,,,,
1010.4461,144.92087,1212.7587,727.4197,304.2,280000,,,-231.18235778808594,-1.286771297454834,4.204067707061768,230.56666564941406,230.73577880859375,0.0003,0.0003,0.1
,,,,,280432,3100.0928,1000,,,,,,,,
,,,,,280709,933.2853,277,,,,,,,,
,,,,,281000,,,-221.4969940185547,-1.3971443176269531,3.1859536170959473,221.0074462890625,220.73045349121094,0.0003,0.0003,0.1
,,,,,281709,3110.0671,1000,,,,,,,,
,,,,,281955,816.88965,246,,,,,,,,
,,,,,282000,,,-226.89320373535156,-1.32210373878479,6.104582786560059,226.80877685546875,226.94314575195312,0.0003,0.0003,0.1
,,,,,282955,3090.9329,1000,,,,,,,,
,,,,,283000,,,-227.67276000976562,-1.191928505897522,3.2208569049835205,227.42213439941406,227.43975830078125,0.0003,0.0003,0.1
,,,,,283295,1156.6132,340,,,,,,,,
,,,,,283615,1077.8418,320,,,,,,,,
,,,,,283902,953.8525,287,,,,,,,,
,,,,,284000,,,-229.5308837890625,-1.3217397928237915,4.1550798416137695,229.35777282714844,228.91024780273438,0.0003,0.0003,0.1
,,,,,284196,972.63885,294,,,,,,,,
,,,,,284491,967.19476,295,,,,,,,,
,,,,,284852,1219.101,361,,,,,,,,
2896.8813,574.59143,3113.3528,1173.847,934.5,285000,,,-222.71864318847656,-1.4409339427947998,3.9738306999206543,222.4818878173828,222.5792694091797,0.0003,0.0003,0.1
,,,,,285119,910.0202,267,,,,,,,,
,,,,,285596,1549.7003,477,,,,,,,,
,,,,,286000,,,-228.30709838867188,-1.1728405952453613,3.6679842472076416,227.83477783203125,228.32371520996094,0.0003,0.0003,0.1
,,,,,286007,1378.715,411,,,,,,,,
,,,,,287000,,,-221.87904357910156,-1.574984073638916,3.7983787059783936,220.9332275390625,220.93984985351562,0.0003,0.0003,0.1
,,,,,287007,3122.8254,1000,,,,,,,,
,,,,,287292,953.479,285,,,,,,,,
,,,,,288000,,,-229.71133422851562,-1.2569106817245483,3.212369203567505,227.82443237304688,227.61172485351562,0.0003,0.0003,0.1
,,,,,288292,3132.3076,1000,,,,,,,,
,,,,,289000,,,-226.0076904296875,-1.5569297075271606,3.7889485359191895,225.44119262695312,225.2176971435547,0.0003,0.0003,0.1
,,,,,289292,3116.9087,1000,,,,,,,,
,,,,,289618,1108.0367,326,,,,,,,,
,,,,,289899,948.09314,281,,,,,,,,
2043.1578,895.52106,3121.9663,919.0775,645.4,290000,,,-225.14132690429688,-1.0557570457458496,3.431425094604492,225.09609985351562,224.94419860839844,0.0003,0.0003,0.1
,,,,,290150,845.3582,251,,,,,,,,
,,,,,290441,963.20905,291,,,,,,,,
,,,,,291000,,,-231.7682647705078,-1.4852856397628784,4.340065956115723,231.56275939941406,231.70277404785156,0.0003,0.0003,0.1
,,,,,291441,3136.1255,1000,,,,,,,,
,,,,,292000,,,-228.4613037109375,-1.3238860368728638,3.2790186405181885,227.9588165283203,227.9658660888672,0.0003,0.0003,0.1
,,,,,292441,3127.7402,1000,,,,,,,,
,,,,,293000,,,-235.0291290283203,-1.4497624635696411,3.6248116493225098,234.49159240722656,234.08282470703125,0.0003,0.0003,0.1
,,,,,293441,3187.7266,1000,,,,,,,,
,,,,,293722,925.582,281,,,,,,,,
,,,,,294000,,,-233.72036743164062,-1.5088800191879272,13.062597274780273,232.96588134765625,233.071044921875,0.0003,0.0003,0.1
,,,,,294067,1128.9563,345,,,,,,,,
,,,,,294366,1007.70654,299,,,,,,,,
1660.5791,974.912,3147.9956,738.2586,516.4,295000,,,-232.06698608398438,-1.42458176612854,5.184750080108643,231.09877014160156,231.24545288085938,0.0003,0.0003,0.1
,,,,,295366,3116.6912,1000,,,,,,,,
,,,,,295652,964.96173,286,,,,,,,,
,,,,,296000,,,-232.5770721435547,-1.6288607120513916,11.589649200439453,231.54502868652344,231.20367431640625,0.0003,0.0003,0.1
,,,,,296652,3164.184,1000,,,,,,,,
,,,,,297000,,,-224.05007934570312,-1.4312753677368164,9.407362937927246,223.91163635253906,223.2401123046875,0.0003,0.0003,0.1
,,,,,297652,3192.1487,1000,,,,,,,,
,,,,,298000,,,-236.75953674316406,-1.4388959407806396,4.442715644836426,236.0418701171875,236.105712890625,0.0003,0.0003,0.1
,,,,,298441,2543.3445,789,,,,,,,,
,,,,,298712,900.0851,271,,,,,,,,
,,,,,299000,,,-224.2876434326172,-1.4880614280700684,3.6650924682617188,222.80398559570312,222.7586669921875,0.0003,0.0003,0.1
,,,,,299712,3168.209,1000,,,,,,,,
1710.5306,983.7752,3166.7896,913.12866,531.0,300000,,,-228.727294921875,-1.1247202157974243,5.065930366516113,228.59400939941406,228.9972381591797,0.0003,0.0003,0.1
,,,,,300005,960.6311,293,,,,,,,,
,,,,,300303,979.0234,298,,,,,,,,
,,,,,300577,913.7709,274,,,,,,,,
,,,,,300878,956.4552,301,,,,,,,,
,,,,,301000,,,-232.20433044433594,-1.1910516023635864,2.7731804847717285,231.67581176757812,231.6742401123047,0.0003,0.0003,0.1
,,,,,301239,1210.017,361,,,,,,,,
,,,,,301498,885.5401,259,,,,,,,,
,,,,,302000,,,-232.65028381347656,-1.4457522630691528,9.359862327575684,231.51805114746094,231.9100799560547,0.0003,0.0003,0.1
,,,,,302498,3141.8916,1000,,,,,,,,
,,,,,303000,,,-230.7963409423828,-1.3948348760604858,6.572989463806152,228.74488830566406,228.7421875,0.0003,0.0003,0.1
,,,,,303498,3105.8777,1000,,,,,,,,
,,,,,303793,981.54205,295,,,,,,,,
,,,,,304000,,,-232.13230895996094,-1.212436318397522,8.538747787475586,231.21142578125,231.02182006835938,0.0003,0.0003,0.1
,,,,,304092,1000.92413,299,,,,,,,,
,,,,,304451,1165.5585,359,,,,,,,,
,,,,,304661,678.3661,210,,,,,,,,
,,,,,304902,802.9804,241,,,,,,,,
2728.4556,813.9921,3151.2883,869.7143,865.6,305000,,,-231.652587890625,-0.9798460602760315,2.189481019973755,231.24891662597656,231.40525817871094,0.0003,0.0003,0.1
,,,,,305257,1193.9357,355,,,,,,,,
,,,,,305507,844.98706,250,,,,,,,,
,,,,,305789,934.8864,282,,,,,,,,
,,,,,306000,,,-225.91758728027344,-1.399876356124878,7.3865790367126465,224.92147827148438,224.58505249023438,0.0003,0.0003,0.1
,,,,,306789,3120.892,1000,,,,,,,,
,,,,,307000,,,-231.9982147216797,-1.7755086421966553,6.743974685668945,230.64041137695312,230.6002655029297,0.0003,0.0003,0.1
,,,,,307121,1048.102,332,,,,,,,,
,,,,,307471,1193.3052,350,,,,,,,,
,,,,,308000,,,-233.6682891845703,-1.4022796154022217,5.405246257781982,231.68206787109375,231.64373779296875,0.0003,0.0003,0.1
,,,,,308184,2371.4634,713,,,,,,,,
,,,,,309000,,,-231.75279235839844,-1.3361917734146118,3.9629721641540527,232.00050354003906,231.45083618164062,0.0003,0.0003,0.1
,,,,,309184,3141.5999,1000,,,,,,,,
,,,,,309481,996.39886,297,,,,,,,,
,,,,,309804,1045.1439,323,,,,,,,,
1943.4548,1021.72565,3100.593,922.0754,624.1,310000,,,-231.75860595703125,-1.1595022678375244,3.214839220046997,231.53302001953125,231.8125,0.0003,0.0003,0.1
,,,,,310107,962.494,303,,,,,,,,
,,,,,310396,969.6704,289,,,,,,,,
,,,,,311000,,,-233.51382446289062,-1.3394052982330322,24.60965347290039,233.3803253173828,233.3983917236328,0.0003,0.0003,0.1
,,,,,311396,3110.0881,1000,,,,,,,,
,,,,,312000,,,-229.10765075683594,-1.3443242311477661,4.259057998657227,228.21029663085938,228.1732177734375,0.0003,0.0003,0.1
,,,,,312227,2694.8557,831,,,,,,,,
,,,,,312852,2097.7886,625,,,,,,,,
,,,,,313000,,,-237.97662353515625,-1.612363338470459,4.389738082885742,237.01016235351562,237.0542449951172,0.0003,0.0003,0.1
,,,,,313852,3131.6318,1000,,,,,,,,
,,,,,314000,,,-229.04751586914062,-1.4898459911346436,5.00519323348999,226.49282836914062,226.09986877441406,0.0003,0.0003,0.1
,,,,,314175,1068.7126,323,,,,,,,,
989.98114,134.1884,1384.1863,872.94055,300.0,315000,,,-238.92916870117188,-2.2413418292999268,9.681190490722656,238.25889587402344,238.4774169921875,0.0003,0.0003,0.1
,,,,,315175,3125.3806,1000,,,,,,,,
,,,,,315457,949.1553,282,,,,,,,,
,,,,,315777,1061.272,320,,,,,,,,
,,,,,316000,,,-236.60585021972656,-1.0286027193069458,7.9460272789001465,236.5575408935547,236.540771484375,0.0003,0.0003,0.1
,,,,,316777,3178.2322,1000,,,,,,,,
,,,,,317000,,,-237.99432373046875,-1.482876181602478,13.838027000427246,237.20703125,237.26844787597656,0.0003,0.0003,0.1
,,,,,317130,1189.9373,353,,,,,,,,
,,,,,317483,1202.1686,353,,,,,,,,
,,,,,317864,1216.6814,381,,,,,,,,
,,,,,318000,,,-232.7812042236328,-1.4025238752365112,8.648798942565918,231.86282348632812,232.17779541015625,0.0003,0.0003,0.1
,,,,,318126,894.4971,262,,,,,,,,
,,,,,318429,1023.06104,303,,,,,,,,
,,,,,319000,,,-240.82260131835938,-1.1173017024993896,2.3251562118530273,240.48272705078125,240.6300506591797,0.0003,0.0003,0.1
,,,,,319429,3140.5305,1000,,,,,,,,
,,,,,319724,975.996,295,,,,,,,,
1910.7057,987.619,3135.5508,967.8059,600.4,320000,,,-237.08270263671875,-1.1704306602478027,3.728640556335449,236.92626953125,236.9877471923828,0.0003,0.0003,0.1
,,,,,320011,966.463,287,,,,,,,,
,,,,,320830,2675.731,819,,,,,,,,
,,,,,321000,,,-223.6268310546875,-1.1014046669006348,17.779077529907227,223.08450317382812,223.3907012939453,0.0003,0.0003,0.1
,,,,,321102,910.73914,272,,,,,,,,
,,,,,321409,1030.9994,307,,,,,,,,
,,,,,321710,1012.25415,301,,,,,,,,
,,,,,322000,,,-241.32171630859375,-1.097815990447998,2.783449172973633,241.15159606933594,241.21890258789062,0.0003,0.0003,0.1
,,,,,322322,2004.4005,612,,,,,,,,
,,,,,322691,1220.3502,369,,,,,,,,
,,,,,323000,,,-227.52459716796875,-1.4698847532272339,3.936065196990967,226.41571044921875,226.38258361816406,0.0003,0.0003,0.1
,,,,,323025,1109.9413,334,,,,,,,,
,,,,,324000,,,-228.59112548828125,-1.1434764862060547,3.710789203643799,228.16632080078125,227.95018005371094,0.0003,0.0003,0.1
,,,,,324025,3121.5193,1000,,,,,,,,
,,,,,324293,928.5188,268,,,,,,,,
,,,,,324668,1256.7509,375,,,,,,,,
,,,,,324966,986.7326,298,,,,,,,,
2155.5564,1003.0189,3168.7808,982.31714,671.5,325000,,,-237.526123046875,-1.428285837173462,3.140979528427124,237.2442626953125,237.134033203125,0.0003,0.0003,0.1
,,,,,325966,3157.4265,1000,,,,,,,,
,,,,,326000,,,-229.0148468017578,-1.5354461669921875,3.8636791706085205,228.59027099609375,228.52908325195312,0.0003,0.0003,0.1
,,,,,326614,2049.8743,648,,,,,,,,
,,,,,327000,,,-230.148681640625,-1.3229119777679443,2.604301929473877,229.6200408935547,229.37257385253906,0.0003,0.0003,0.1
,,,,,327614,3115.3247,1000,,,,,,,,
,,,,,327942,1100.4835,328,,,,,,,,
,,,,,328000,,,-236.60409545898438,-1.4762228727340698,5.374605178833008,236.05860900878906,236.43336486816406,0.0003,0.0003,0.1
,,,,,328942,3143.6357,1000,,,,,,,,
,,,,,329000,,,-235.70071411132812,-1.3906614780426025,2.443155288696289,235.64511108398438,235.40298461914062,0.0003,0.0003,0.1
,,,,,329305,1205.7507,363,,,,,,,,
,,,,,329664,1186.3383,359,,,,,,,,
,,,,,329947,967.4168,283,,,,,,,,
2392.6658,900.9847,3104.2444,981.74243,764.7,330000,,,-233.80801391601562,-1.1889684200286865,2.798166513442993,233.73277282714844,233.3555908203125,0.0003,0.0003,0.1
,,,,,330858,2963.446,911,,,,,,,,
,,,,,331000,,,-238.96253967285156,-1.415144443511963,2.33941388130188,237.10769653320312,237.10177612304688,0.0003,0.0003,0.1
,,,,,331858,3116.1343,1000,,,,,,,,
,,,,,332000,,,-241.7610321044922,-1.3902947902679443,2.960237979888916,241.65550231933594,241.81002807617188,0.0003,0.0003,0.1
,,,,,332106,840.499,248,,,,,,,,
,,,,,333000,,,-244.62564086914062,-1.2315711975097656,2.514611005783081,244.4191131591797,244.6500701904297,0.0003,0.0003,0.1
,,,,,333106,3129.6555,1000,,,,,,,,
,,,,,334000,,,-238.36660766601562,-2.1456217765808105,6.357797145843506,237.5209197998047,237.52659606933594,0.0003,0.0003,0.1
,,,,,334106,3112.6353,1000,,,,,,,,
,,,,,334402,993.676,296,,,,,,,,
2234.7744,874.6086,3086.5247,1029.7817,714.4,335000,,,-238.25831604003906,-1.2388068437576294,2.8764050006866455,237.84466552734375,238.15191650390625,0.0003,0.0003,0.1
,,,,,335402,3148.6633,1000,,,,,,,,
,,,,,336000,,,-232.10659790039062,-1.293681263923645,7.756720066070557,231.1876220703125,231.6571044921875,0.0003,0.0003,0.1
,,,,,336402,3138.036,1000,,,,,,,,
,,,,,337000,,,-245.55812072753906,-0.8335508108139038,1.8768811225891113,245.39939880371094,245.26380920410156,0.0003,0.0003,0.1
,,,,,337402,3119.1375,1000,,,,,,,,
,,,,,337722,1079.8134,320,,,,,,,,
,,,,,338000,,,-239.77438354492188,-1.2874690294265747,5.024661064147949,238.13258361816406,238.02670288085938,0.0003,0.0003,0.1
,,,,,338722,3134.3164,1000,,,,,,,,
,,,,,339000,,,-230.5548095703125,-1.1360336542129517,6.453658580780029,230.280029296875,230.10882568359375,0.0003,0.0003,0.1
,,,,,339440,2398.5645,718,,,,,,,,
,,,,,339876,1459.7042,436,,,,,,,,
2111.275,1071.6907,3191.9092,938.5874,656.0,340000,,,-239.39132690429688,-1.125747799873352,2.135127305984497,239.03701782226562,239.18211364746094,0.0003,0.0003,0.1
,,,,,340876,3139.8818,1000,,,,,,,,
,,,,,341000,,,-238.3758544921875,-1.019995927810669,7.103489398956299,237.8940887451172,237.65455627441406,0.0003,0.0003,0.1
,,,,,341876,3139.8765,1000,,,,,,,,
,,,,,342000,,,-246.3286895751953,-1.40359365940094,5.65264892578125,246.36602783203125,246.00503540039062,0.0003,0.0003,0.1
,,,,,342229,1191.9447,353,,,,,,,,
,,,,,342566,1119.0128,337,,,,,,,,
,,,,,343000,,,-229.4136505126953,-1.412799596786499,6.083141326904297,228.40548706054688,229.34228515625,0.0003,0.0003,0.1
,,,,,343566,3125.641,1000,,,,,,,,
,,,,,343773,603.1292,207,,,,,,,,
,,,,,344000,,,-238.68572998046875,-1.096540927886963,3.20436692237854,238.70140075683594,238.28062438964844,0.0003,0.0003,0.1
,,,,,344773,3131.7153,1000,,,,,,,,
2125.1494,1014.8019,3157.6929,951.4638,662.0,345000,,,-240.71238708496094,-1.4334148168563843,7.4593400955200195,238.05172729492188,237.98065185546875,0.0003,0.0003,0.1
,,,,,345100,1110.9523,327,,,,,,,,
,,,,,345429,1110.1638,329,,,,,,,,
,,,,,345770,1161.4683,341,,,,,,,,
,,,,,346000,,,-240.3178253173828,-1.3199957609176636,2.676914930343628,238.86572265625,238.56475830078125,0.0003,0.0003,0.1
,,,,,346092,1044.4331,322,,,,,,,,
,,,,,346421,1098.5576,329,,,,,,,,
,,,,,346750,1112.1262,329,,,,,,,,
,,,,,347000,,,-237.79541015625,-1.1879045963287354,4.633938789367676,237.56996154785156,237.3824005126953,0.0003,0.0003,0.1
,,,,,347006,862.2117,256,,,,,,,,
,,,,,348000,,,-235.54522705078125,-1.406355381011963,8.458826065063477,235.17987060546875,235.12168884277344,0.0003,0.0003,0.1
,,,,,348006,3146.2576,1000,,,,,,,,
,,,,,349000,,,-232.58346557617188,-1.1606329679489136,4.644343376159668,232.43565368652344,232.34349060058594,0.0003,0.0003,0.1
,,,,,349006,3157.6506,1000,,,,,,,,
1998.9648,943.02625,3121.5178,1032.6167,625.2,350000,,,-233.35552978515625,-1.3667051792144775,4.67311429977417,232.16864013671875,231.9525909423828,0.0003,0.0003,0.1
,,,,,350006,3143.0303,1000,,,,,,,,
,,,,,350353,1184.427,347,,,,,,,,
,,,,,350917,1852.1724,564,,,,,,,,
,,,,,351000,,,-240.8400421142578,-1.1652677059173584,2.671175479888916,240.5265655517578,240.66676330566406,0.0003,0.0003,0.1
,,,,,351209,958.9555,292,,,,,,,,
,,,,,351840,2084.569,631,,,,,,,,
,,,,,352000,,,-235.97813415527344,-1.276788592338562,3.7321865558624268,235.545166015625,235.70228576660156,0.0003,0.0003,0.1
,,,,,352840,3135.1965,1000,,,,,,,,
,,,,,353000,,,-237.22630310058594,-1.6079527139663696,15.616240501403809,236.1417236328125,235.7187042236328,0.0003,0.0003,0.1
,,,,,353205,1224.2931,365,,,,,,,,
,,,,,353486,934.2962,281,,,,,,,,
,,,,,354000,,,-244.27371215820312,-1.1360222101211548,4.341818809509277,243.70347595214844,243.90170288085938,0.0003,0.0003,0.1
,,,,,354486,3127.5925,1000,,,,,,,,
,,,,,354805,1073.3871,319,,,,,,,,
2385.081,920.8486,3147.3337,1076.6815,749.9,355000,,,-242.7867431640625,-1.2744680643081665,2.515197277069092,242.72213745117188,242.8899383544922,0.0003,0.0003,0.1
,,,,,355805,3117.8293,1000,,,,,,,,
,,,,,356000,,,-237.18539428710938,-1.3380136489868164,3.8982763290405273,235.42391967773438,235.38478088378906,0.0003,0.0003,0.1
,,,,,356805,3142.6072,1000,,,,,,,,
,,,,,357000,,,-237.8605194091797,-1.0380922555923462,8.396268844604492,236.67893981933594,236.57891845703125,0.0003,0.0003,0.1
,,,,,357805,3105.8118,1000,,,,,,,,
,,,,,358000,,,-246.3383331298828,-1.402077078819275,4.278389930725098,245.21495056152344,245.2385711669922,0.0003,0.0003,0.1
,,,,,358805,3134.5242,1000,,,,,,,,
,,,,,359000,,,-248.13345336914062,-0.9905059337615967,2.6624674797058105,248.17320251464844,247.718505859375,0.0003,0.0003,0.1
,,,,,359805,3123.3247,1000,,,,,,,,
2231.2493,915.78546,3155.5518,1078.7693,697.2,360000,,,-241.9961700439453,-1.3497314453125,5.2343831062316895,241.68243408203125,241.89129638671875,0.0003,0.0003,0.1
,,,,,360515,2377.9963,710,,,,,,,,
,,,,,361000,,,-234.98565673828125,-1.4170608520507812,5.953929424285889,234.74720764160156,235.44754028320312,0.0003,0.0003,0.1
,,,,,361515,3143.2634,1000,,,,,,,,
,,,,,362000,,,-243.14434814453125,-1.3052984476089478,3.5271811485290527,242.73101806640625,243.171630859375,0.0003,0.0003,0.1
,,,,,362515,3124.8503,1000,,,,,,,,
,,,,,362793,935.29425,278,,,,,,,,
,,,,,363000,,,-235.42018127441406,-1.5525580644607544,2.9126906394958496,235.18035888671875,235.13253784179688,0.0003,0.0003,0.1
,,,,,363215,1382.335,422,,,,,,,,
,,,,,363506,954.69324,291,,,,,,,,
,,,,,364000,,,-245.25048828125,-1.2264959812164307,9.688697814941406,244.83621215820312,244.83311462402344,0.0003,0.0003,0.1
,,,,,364506,3165.224,1000,,,,,,,,
,,,,,364823,1078.3365,317,,,,,,,,
2935.4043,522.02045,3132.5408,1369.946,940.5,365000,,,-250.41482543945312,-1.2499110698699951,11.498242378234863,249.73863220214844,249.6792449951172,0.0003,0.0003,0.1
,,,,,365113,974.23694,290,,,,,,,,
,,,,,365388,924.4133,275,,,,,,,,
,,,,,365752,1209.752,364,,,,,,,,
,,,,,366000,,,-239.42401123046875,-1.0434702634811401,2.8910014629364014,238.92576599121094,238.84506225585938,0.0003,0.0003,0.1
,,,,,366752,3099.168,1000,,,,,,,,
,,,,,367000,,,-244.06654357910156,-1.309374451637268,3.3520829677581787,243.71466064453125,243.41329956054688,0.0003,0.0003,0.1
,,,,,367041,955.9636,289,,,,,,,,
,,,,,368000,,,-239.66555786132812,-1.3944720029830933,2.337667942047119,239.5510711669922,239.5243377685547,0.0003,0.0003,0.1
,,,,,368041,3148.8232,1000,,,,,,,,
,,,,,369000,,,-238.97503662109375,-1.2194750308990479,1.728553056716919,238.52137756347656,238.55499267578125,0.0003,0.0003,0.1
,,,,,369041,3118.2495,1000,,,,,,,,
,,,,,369329,956.01764,288,,,,,,,,
1783.8828,974.43774,3168.4617,809.1707,549.3,370000,,,-250.9951629638672,-0.9622622728347778,2.0793960094451904,250.8663787841797,250.76351928710938,0.0003,0.0003,0.1
,,,,,370329,3160.8357,1000,,,,,,,,
,,,,,371000,,,-248.50392150878906,-0.8893459439277649,2.8218841552734375,248.24020385742188,248.10275268554688,0.0003,0.0003,0.1
,,,,,371329,3111.8044,1000,,,,,,,,
,,,,,372000,,,-240.41770935058594,-1.012972116470337,2.6126246452331543,240.10226440429688,239.8304443359375,0.0003,0.0003,0.1
,,,,,372329,3116.674,1000,,,,,,,,
,,,,,372606,892.60614,277,,,,,,,,
,,,,,373000,,,-249.67477416992188,-1.097447156906128,3.3610000610351562,249.09796142578125,249.13919067382812,0.0003,0.0003,0.1
,,,,,373606,3070.9463,1000,,,,,,,,
,,,,,373897,961.8233,291,,,,,,,,
,,,,,374000,,,-242.64402770996094,-1.2883821725845337,3.454159736633301,241.8726043701172,242.0596160888672,0.0003,0.0003,0.1
,,,,,374897,3097.9077,1000,,,,,,,,
1813.359,854.37823,3115.3923,1101.0776,561.0,375000,,,-243.63082885742188,-1.0360705852508545,2.3637197017669678,243.21852111816406,243.2699737548828,0.0003,0.0003,0.1
,,,,,375129,761.7831,232,,,,,,,,
,,,,,376000,,,-239.11302185058594,-1.1318426132202148,4.447941303253174,238.52174377441406,238.70298767089844,0.0003,0.0003,0.1
,,,,,376129,3130.6396,1000,,,,,,,,
,,,,,377000,,,-249.4277801513672,-1.227115511894226,3.366255283355713,249.01702880859375,248.96444702148438,0.0003,0.0003,0.1
,,,,,377129,3107.4673,1000,,,,,,,,
,,,,,378000,,,-241.1060028076172,-1.3281581401824951,2.8871936798095703,240.80450439453125,240.78375244140625,0.0003,0.0003,0.1
,,,,,378129,3146.5903,1000,,,,,,,,
,,,,,379000,,,-248.44308471679688,-1.5441397428512573,3.390439748764038,247.4414520263672,247.2699432373047,0.0003,0.0003,0.1
,,,,,379129,3114.8557,1000,,,,,,,,
,,,,,379422,969.5446,293,,,,,,,,
1872.8258,1009.9964,3129.99,838.8011,589.3,380000,,,-249.34303283691406,-1.1979283094406128,2.714411497116089,249.06809997558594,249.002685546875,0.0003,0.0003,0.1
,,,,,380422,3106.4595,1000,,,,,,,,
,,,,,381000,,,-250.66407775878906,-1.2970861196517944,23.10964012145996,249.66004943847656,249.46133422851562,0.0003,0.0003,0.1
,,,,,381422,3138.125,1000,,,,,,,,
,,,,,382000,,,-243.3143310546875,-1.2044098377227783,2.5474860668182373,242.54598999023438,242.42857360839844,0.0003,0.0003,0.1
,,,,,382422,3118.9407,1000,,,,,,,,
,,,,,383000,,,-243.06016540527344,-1.1845703125,56.81553268432617,243.42874145507812,243.357666015625,0.0003,0.0003,0.1
,,,,,383422,3126.8518,1000,,,,,,,,
,,,,,383696,899.8889,274,,,,,,,,
,,,,,384000,,,-250.46412658691406,-0.8433764576911926,3.6425092220306396,249.72210693359375,249.60923767089844,0.0003,0.0003,0.1
,,,,,384696,3095.2896,1000,,,,,,,,
2761.7651,643.7149,3109.929,1450.6316,887.9,385000,,,-242.47549438476562,-1.0942683219909668,2.225370407104492,242.45620727539062,242.45877075195312,0.0003,0.0003,0.1
,,,,,385696,3100.501,1000,,,,,,,,
,,,,,386000,,,-250.25479125976562,-1.0574579238891602,2.5391201972961426,249.9512481689453,250.23402404785156,0.0003,0.0003,0.1
,,,,,386609,2901.9656,913,,,,,,,,
,,,,,387000,,,-246.49644470214844,-1.3011448383331299,2.7206814289093018,245.96951293945312,245.93028259277344,0.0003,0.0003,0.1
,,,,,387609,3107.823,1000,,,,,,,,
,,,,,388000,,,-248.73143005371094,-1.0606746673583984,2.940887451171875,248.5143280029297,248.3289337158203,0.0003,0.0003,0.1
,,,,,388037,1457.5028,428,,,,,,,,
,,,,,388386,1179.698,349,,,,,,,,
,,,,,389000,,,-249.01406860351562,-0.7953535914421082,20.194473266601562,247.68516540527344,247.54624938964844,0.0003,0.0003,0.1
,,,,,389386,3092.0913,1000,,,,,,,,
,,,,,389672,955.4402,286,,,,,,,,
2930.8364,539.56726,3168.726,1313.466,939.0,390000,,,-247.5546112060547,-1.1055386066436768,2.972773313522339,247.6087646484375,247.48992919921875,0.0003,0.0003,0.1
,,,,,390672,3138.5762,1000,,,,,,,,
,,,,,390942,916.3676,270,,,,,,,,
,,,,,391000,,,-248.6886749267578,-0.9044348001480103,10.928565979003906,248.24703979492188,248.6380157470703,0.0003,0.0003,0.1
,,,,,391942,3132.8823,1000,,,,,,,,
,,,,,392000,,,-247.50234985351562,-0.8680269718170166,2.0083041191101074,247.306396484375,247.2812957763672,0.0003,0.0003,0.1
,,,,,392942,3121.4607,1000,,,,,,,,
,,,,,393000,,,-238.70301818847656,-1.3138676881790161,3.0718941688537598,238.37060546875,238.48190307617188,0.0003,0.0003,0.1
,,,,,393294,1192.8893,352,,,,,,,,
,,,,,394000,,,-245.7150115966797,-1.2651921510696411,6.0780558586120605,244.54396057128906,244.6736602783203,0.0003,0.0003,0.1
,,,,,394294,3132.6086,1000,,,,,,,,
,,,,,394643,1178.1849,349,,,,,,,,
,,,,,394954,1037.5162,311,,,,,,,,
1970.3274,964.12836,3151.8005,818.5734,613.1,395000,,,-247.4849853515625,-1.0496422052383423,3.7716012001037598,247.23464965820312,247.41159057617188,0.0003,0.0003,0.1
,,,,,395308,1160.5963,354,,,,,,,,
,,,,,396000,,,-244.50454711914062,-1.3754262924194336,3.159104347229004,244.23182678222656,243.89456176757812,0.0003,0.0003,0.1
,,,,,396308,3091.726,1000,,,,,,,,
,,,,,397000,,,-244.4983367919922,-1.439323902130127,7.20402193069458,243.6576385498047,243.421630859375,0.0003,0.0003,0.1
,,,,,397308,3116.9473,1000,,,,,,,,
,,,,,398000,,,-251.86492919921875,-1.5280613899230957,3.7511730194091797,251.7454833984375,251.45425415039062,0.0003,0.0003,0.1
,,,,,398308,3113.9062,1000,,,,,,,,
,,,,,399000,,,-247.70980834960938,-1.1462706327438354,3.0235424041748047,246.7115478515625,246.49134826660156,0.0003,0.0003,0.1
,,,,,399308,3117.5881,1000,,,,,,,,
2730.1428,639.3524,3084.8474,997.36487,894.8,400000,,,-252.8143310546875,-1.7448418140411377,4.189323902130127,252.88177490234375,252.31683349609375,0.0003,0.0003,0.1
,,,,,400308,3096.2925,1000,,,,,,,,
,,,,,400662,1201.3013,354,,,,,,,,
,,,,,401000,,,-249.85841369628906,-1.3942005634307861,1.7291407585144043,249.73028564453125,249.49835205078125,0.0003,0.0003,0.1
,,,,,401022,1225.3832,360,,,,,,,,
,,,,,402000,,,-252.56292724609375,-0.8579127788543701,1.9619858264923096,252.48379516601562,252.61776733398438,0.0003,0.0003,0.1
,,,,,402022,3123.5125,1000,,,,,,,,
,,,,,403000,,,-251.064453125,-0.8868135809898376,1.9519541263580322,250.7690887451172,250.91680908203125,0.0003,0.0003,0.1
,,,,,403022,3119.0798,1000,,,,,,,,
,,,,,403297,922.5281,275,,,,,,,,
,,,,,404000,,,-241.76089477539062,-1.093139886856079,2.605421543121338,241.46670532226562,241.2659149169922,0.0003,0.0003,0.1
,,,,,404297,3127.9692,1000,,,,,,,,
,,,,,404586,959.29865,289,,,,,,,,
2079.5757,912.89343,3154.0845,1088.1471,645.5,405000,,,-244.99349975585938,-1.3501768112182617,2.430755853652954,245.0279998779297,244.8766632080078,0.0003,0.0003,0.1
,,,,,405045,1532.6885,459,,,,,,,,
,,,,,405731,2252.7876,686,,,,,,,,
,,,,,406000,,,-239.94253540039062,-1.2191479206085205,4.646305084228516,240.03904724121094,240.2099609375,0.0003,0.0003,0.1
,,,,,406051,1050.1207,320,,,,,,,,
,,,,,407000,,,-253.3710479736328,-1.246826410293579,2.287576675415039,252.84918212890625,253.29083251953125,0.0003,0.0003,0.1
,,,,,407051,3120.7256,1000,,,,,,,,
,,,,,408000,,,-245.774658203125,-0.9842820167541504,3.1850697994232178,245.74288940429688,245.581787109375,0.0003,0.0003,0.1
,,,,,408051,3089.1487,1000,,,,,,,,
,,,,,409000,,,-255.63148498535156,-0.8747192025184631,3.0812740325927734,255.63258361816406,255.63632202148438,0.0003,0.0003,0.1
,,,,,409051,3106.2976,1000,,,,,,,,
2769.4316,779.58875,3183.7695,1173.0416,871.8,410000,,,-250.45663452148438,-1.198961853981018,3.483412742614746,249.3553009033203,248.96710205078125,0.0003,0.0003,0.1
,,,,,410051,3141.776,1000,,,,,,,,
,,,,,411000,,,-250.4104766845703,-0.8055857419967651,3.3860952854156494,249.7145538330078,249.9778289794922,0.0003,0.0003,0.1
,,,,,411051,3098.2644,1000,,,,,,,,
,,,,,411445,1321.3558,394,,,,,,,,
,,,,,412000,,,-249.89894104003906,-1.0216310024261475,3.150611162185669,248.95516967773438,249.00222778320312,0.0003,0.0003,0.1
,,,,,412445,3125.4695,1000,,,,,,,,
,,,,,413000,,,-240.6355743408203,-1.123489260673523,2.0308878421783447,240.32455444335938,240.4416961669922,0.0003,0.0003,0.1
,,,,,413445,3098.2837,1000,,,,,,,,
,,,,,414000,,,-255.35911560058594,-1.0649409294128418,2.41951060295105,255.08688354492188,255.34368896484375,0.0003,0.0003,0.1
,,,,,414445,3114.4316,1000,,,,,,,,
2849.9202,668.932,3129.9553,874.20074,908.3,415000,,,-244.25025939941406,-1.0008975267410278,2.623278856277466,244.29922485351562,243.99618530273438,0.0003,0.0003,0.1
,,,,,415445,3122.9263,1000,,,,,,,,
,,,,,416000,,,-246.19725036621094,-1.0067719221115112,2.6799769401550293,246.03900146484375,246.08016967773438,0.0003,0.0003,0.1
,,,,,416445,3182.752,1000,,,,,,,,
,,,,,416800,1195.5463,355,,,,,,,,
,,,,,417000,,,-248.30751037597656,-1.3537776470184326,3.22680401802063,248.0565185546875,248.05917358398438,0.0003,0.0003,0.1
,,,,,417800,3108.3352,1000,,,,,,,,
,,,,,418000,,,-248.14581298828125,-0.9963029026985168,4.1063642501831055,248.00770568847656,247.4635772705078,0.0003,0.0003,0.1
,,,,,418800,3141.3665,1000,,,,,,,,
,,,,,419000,,,-250.7417755126953,-0.9755571484565735,2.5622570514678955,249.5552978515625,249.40565490722656,0.0003,0.0003,0.1
,,,,,419800,3114.3928,1000,,,,,,,,
1549.2473,862.672,3207.5278,890.9255,472.4,420000,,,-254.21519470214844,-1.0026808977127075,2.8858282566070557,253.4783935546875,253.77490234375,0.0003,0.0003,0.1
,,,,,420800,3142.8513,1000,,,,,,,,
,,,,,421000,,,-254.2858123779297,-1.0579222440719604,4.0814995765686035,252.82159423828125,252.4099578857422,0.0003,0.0003,0.1
,,,,,421800,3162.4353,1000,,,,,,,,
,,,,,422000,,,-256.27691650390625,-0.6743916273117065,1.7244668006896973,256.1115417480469,256.13006591796875,0.0003,0.0003,0.1
,,,,,422120,1087.6604,320,,,,,,,,
,,,,,422401,931.7868,281,,,,,,,,
,,,,,422779,1245.5725,378,,,,,,,,
,,,,,423000,,,-261.03564453125,-1.0581648349761963,8.409745216369629,259.9849853515625,260.19622802734375,0.0003,0.0003,0.1
,,,,,423145,1211.161,366,,,,,,,,
,,,,,423454,1023.71765,309,,,,,,,,
,,,,,423725,898.51776,271,,,,,,,,
,,,,,423995,867.8547,270,,,,,,,,
,,,,,424000,,,-250.73280334472656,-1.3800650835037231,2.772268056869507,250.18551635742188,249.9327850341797,0.0003,0.0003,0.1
,,,,,424397,1365.0372,402,,,,,,,,
,,,,,424746,1189.0286,349,,,,,,,,
1965.2981,841.46497,3182.2578,1072.3291,600.0,425000,,,-246.91787719726562,-1.644313097000122,3.262209892272949,245.50863647460938,245.67926025390625,0.0003,0.0003,0.1
,,,,,425081,1138.25,335,,,,,,,,
,,,,,426000,,,-250.96302795410156,-1.1098182201385498,3.1826765537261963,250.93148803710938,251.19766235351562,0.0003,0.0003,0.1
,,,,,426081,3136.5012,1000,,,,,,,,
,,,,,427000,,,-252.15878295898438,-1.1749619245529175,14.687814712524414,251.73760986328125,251.90017700195312,0.0003,0.0003,0.1
,,,,,427081,3129.3906,1000,,,,,,,,
,,,,,428000,,,-260.3688049316406,-1.0749887228012085,54.60955810546875,259.590576171875,259.2666931152344,0.0003,0.0003,0.1
,,,,,428081,3154.2964,1000,,,,,,,,
,,,,,429000,,,-251.48654174804688,-1.0743393898010254,3.7644476890563965,251.3116455078125,251.40660095214844,0.0003,0.0003,0.1
,,,,,429081,3143.113,1000,,,,,,,,
,,,,,429458,1258.3547,377,,,,,,,,
2767.3599,818.1685,3210.525,1062.2179,866.7,430000,,,-248.126220703125,-1.0952805280685425,1.9904670715332031,247.97889709472656,247.99781799316406,0.0003,0.0003,0.1
,,,,,430458,3155.2832,1000,,,,,,,,
,,,,,430923,1577.3806,465,,,,,,,,
,,,,,431000,,,-260.3271484375,-0.8480467796325684,1.7088954448699951,258.9518737792969,259.05950927734375,0.0003,0.0003,0.1
,,,,,431923,3139.197,1000,,,,,,,,
,,,,,432000,,,-263.9488220214844,-0.8387827277183533,1.8281420469284058,262.38775634765625,262.416015625,0.0003,0.0003,0.1
,,,,,432233,1040.3402,310,,,,,,,,
,,,,,433000,,,-260.9618835449219,-0.963326096534729,1.8701435327529907,260.63861083984375,260.55615234375,0.0003,0.0003,0.1
,,,,,433233,3147.657,1000,,,,,,,,
,,,,,434000,,,-252.57220458984375,-0.8004544377326965,2.6033124923706055,252.6607666015625,252.40969848632812,0.0003,0.0003,0.1
,,,,,434233,3161.9387,1000,,,,,,,,
,,,,,434588,1187.5369,355,,,,,,,,
,,,,,434872,932.37524,284,,,,,,,,
2911.4822,655.37134,3152.1626,945.9712,928.8,435000,,,-261.3154602050781,-0.8313263654708862,1.74615478515625,261.02716064453125,261.1275939941406,0.0003,0.0003,0.1
,,,,,435872,3150.4697,1000,,,,,,,,
,,,,,436000,,,-253.0595245361328,-1.2318065166473389,2.474742889404297,253.1207275390625,252.9571533203125,0.0003,0.0003,0.1
,,,,,436872,3143.4177,1000,,,,,,,,
,,,,,437000,,,-249.52577209472656,-0.9941129684448242,2.8253121376037598,249.30178833007812,249.20242309570312,0.0003,0.0003,0.1
,,,,,437345,1603.3032,473,,,,,,,,
,,,,,438000,,,-247.3721923828125,-0.9720838069915771,3.0392303466796875,247.12918090820312,247.29946899414062,0.0003,0.0003,0.1
,,,,,438345,3165.9763,1000,,,,,,,,
,,,,,438678,1134.2008,333,,,,,,,,
,,,,,439000,,,-254.37570190429688,-1.0235366821289062,2.393649101257324,254.50570678710938,254.3119659423828,0.0003,0.0003,0.1
,,,,,439678,3162.808,1000,,,,,,,,
,,,,,439950,895.5972,272,,,,,,,,
2976.0688,528.94354,3162.486,1389.3749,941.1,440000,,,-254.44129943847656,-0.7909695506095886,4.49349308013916,253.95199584960938,253.9939727783203,0.0003,0.0003,0.1
,,,,,440291,1160.1139,341,,,,,,,,
,,,,,440591,1004.84393,300,,,,,,,,
,,,,,441000,,,-258.0368347167969,-0.965489387512207,6.73861837387085,257.74560546875,258.2158203125,0.0003,0.0003,0.1
,,,,,441591,3181.7659,1000,,,,,,,,
,,,,,442000,,,-256.576416015625,-1.1077293157577515,2.359391927719116,255.05714416503906,255.1497039794922,0.0003,0.0003,0.1
,,,,,442591,3153.3848,1000,,,,,,,,
,,,,,442874,917.3467,283,,,,,,,,
,,,,,443000,,,-254.08395385742188,-1.0082266330718994,2.575448989868164,254.01458740234375,253.84503173828125,0.0003,0.0003,0.1
,,,,,443874,3207.7734,1000,,,,,,,,
,,,,,444000,,,-254.13111877441406,-1.1130340099334717,4.513561725616455,253.4141387939453,253.4232177734375,0.0003,0.0003,0.1
,,,,,444190,1069.9094,316,,,,,,,,
1530.2499,839.6561,3136.2222,881.1851,471.2,445000,,,-255.17608642578125,-1.0074095726013184,1.698495626449585,254.4046173095703,254.2862548828125,0.0003,0.0003,0.1
,,,,,445190,3168.6191,1000,,,,,,,,
,,,,,446000,,,-260.1524658203125,-0.9498095512390137,1.8552567958831787,259.9741516113281,259.9767761230469,0.0003,0.0003,0.1
,,,,,446190,3150.8792,1000,,,,,,,,
,,,,,446474,920.4166,284,,,,,,,,
,,,,,446706,771.8784,232,,,,,,,,
,,,,,447000,,,-257.5702819824219,-0.984261155128479,4.028980731964111,256.4271240234375,256.77099609375,0.0003,0.0003,0.1
,,,,,447706,3151.4346,1000,,,,,,,,
,,,,,448000,,,-261.1990966796875,-0.792881965637207,1.5870840549468994,261.0432434082031,261.194580078125,0.0003,0.0003,0.1
,,,,,448706,3174.5525,1000,,,,,,,,
,,,,,449000,,,-250.44509887695312,-1.0638341903686523,3.079885482788086,249.7467498779297,249.97976684570312,0.0003,0.0003,0.1
,,,,,449706,3157.72,1000,,,,,,,,
2945.8315,532.8822,3151.5486,1347.9059,940.3,450000,,,-250.697265625,-0.7477363348007202,3.4404003620147705,250.532958984375,250.4461669921875,0.0003,0.0003,0.1
,,,,,450706,3141.1335,1000,,,,,,,,
,,,,,451000,,,-257.1064453125,-1.4336302280426025,4.6330037117004395,256.2303466796875,255.9601593017578,0.0003,0.0003,0.1
,,,,,451706,3181.613,1000,,,,,,,,
,,,,,452000,,,-262.8650817871094,-0.799298107624054,1.7921241521835327,262.55145263671875,262.47357177734375,0.0003,0.0003,0.1
,,,,,452706,3170.6868,1000,,,,,,,,
,,,,,453000,,,-261.3262023925781,-0.8874746561050415,2.950402021408081,258.5802917480469,258.3282775878906,0.0003,0.0003,0.1
,,,,,453019,1053.1141,313,,,,,,,,
,,,,,454000,,,-250.22474670410156,-1.0061836242675781,3.0707945823669434,249.79043579101562,249.9134521484375,0.0003,0.0003,0.1
,,,,,454019,3170.2842,1000,,,,,,,,
,,,,,454326,1035.9059,307,,,,,,,,
2352.067,1012.30634,3215.6157,991.348,734.3,455000,,,-256.4775085449219,-0.780090868473053,2.199557304382324,256.1952819824219,256.2818298339844,0.0003,0.0003,0.1
,,,,,455326,3163.1208,1000,,,,,,,,
,,,,,455635,1039.7079,309,,,,,,,,
,,,,,456000,,,-265.668701171875,-1.176835298538208,3.708024501800537,265.5401916503906,265.4150695800781,0.0003,0.0003,0.1
,,,,,456635,3162.3838,1000,,,,,,,,
,,,,,456915,936.58374,280,,,,,,,,
,,,,,457000,,,-251.02247619628906,-0.9956473112106323,2.1771202087402344,250.9333038330078,250.9737091064453,0.0003,0.0003,0.1
,,,,,457294,1272.1392,379,,,,,,,,
,,,,,458000,,,-254.1971893310547,-0.9607781767845154,2.5684938430786133,254.08074951171875,253.9387969970703,0.0003,0.0003,0.1
,,,,,458294,3183.6487,1000,,,,,,,,
,,,,,459000,,,-266.21441650390625,-0.678567111492157,1.7275856733322144,266.02166748046875,266.0329284667969,0.0003,0.0003,0.1
,,,,,459294,3196.7542,1000,,,,,,,,
2732.2285,846.1745,3231.4229,998.85596,843.2,460000,,,-257.927490234375,-0.8866177797317505,3.7722790241241455,257.80224609375,257.4306640625,0.0003,0.0003,0.1
,,,,,460294,3153.4482,1000,,,,,,,,
,,,,,461000,,,-249.77761840820312,-1.0879100561141968,3.4699902534484863,249.3295440673828,249.70883178710938,0.0003,0.0003,0.1
,,,,,461294,3150.0576,1000,,,,,,,,
,,,,,462000,,,-256.390380859375,-0.7260693311691284,2.006033420562744,255.02244567871094,255.14112854003906,0.0003,0.0003,0.1
,,,,,462294,3141.4094,1000,,,,,,,,
,,,,,463000,,,-250.06689453125,-0.9478017091751099,5.720430850982666,249.53680419921875,249.61122131347656,0.0003,0.0003,0.1
,,,,,463294,3145.5552,1000,,,,,,,,
,,,,,464000,,,-256.74578857421875,-0.6448992490768433,2.9174978733062744,256.7041320800781,256.53289794921875,0.0003,0.0003,0.1
,,,,,464294,3165.9253,1000,,,,,,,,
2750.4065,740.44696,3124.0955,1033.18,876.5,465000,,,-257.486572265625,-1.1084370613098145,3.280517816543579,257.2177734375,257.3282775878906,0.0003,0.0003,0.1
,,,,,465294,3162.952,1000,,,,,,,,
,,,,,466000,,,-255.42713928222656,-0.8859735727310181,3.1506412029266357,254.9031982421875,255.17276000976562,0.0003,0.0003,0.1
,,,,,466294,3164.5376,1000,,,,,,,,
,,,,,467000,,,-262.5450439453125,-0.9544680714607239,3.202843189239502,262.21441650390625,262.526123046875,0.0003,0.0003,0.1
,,,,,467294,3160.388,1000,,,,,,,,
,,,,,468000,,,-252.13037109375,-1.1172090768814087,1.951789140701294,251.9528045654297,251.95266723632812,0.0003,0.0003,0.1
,,,,,468294,3147.8792,1000,,,,,,,,
,,,,,469000,,,-252.03060913085938,-1.0253398418426514,4.18861722946167,251.87559509277344,252.13658142089844,0.0003,0.0003,0.1
,,,,,469294,3145.0867,1000,,,,,,,,
,,,,,469580,956.27814,286,,,,,,,,
,,,,,469867,945.0732,287,,,,,,,,
2370.3381,989.88385,3195.019,1045.985,739.2,470000,,,-261.5760498046875,-0.7034328579902649,1.8044953346252441,261.5737609863281,261.671142578125,0.0003,0.0003,0.1
,,,,,470867,3181.9922,1000,,,,,,,,
,,,,,471000,,,-261.33795166015625,-0.694812536239624,2.6393628120422363,261.2274475097656,261.1784973144531,0.0003,0.0003,0.1
,,,,,471867,3176.909,1000,,,,,,,,
,,,,,472000,,,-268.36163330078125,-1.2338429689407349,4.189512252807617,266.98931884765625,267.0037536621094,0.0003,0.0003,0.1
,,,,,472867,3177.2915,1000,,,,,,,,
,,,,,473000,,,-260.791748046875,-1.2970468997955322,2.1569337844848633,260.07061767578125,260.2004089355469,0.0003,0.0003,0.1
,,,,,473867,3169.2207,1000,,,,,,,,
,,,,,474000,,,-268.5099792480469,-1.1789517402648926,10.971002578735352,268.0323791503906,268.1101989746094,0.0003,0.0003,0.1
,,,,,474867,3168.8765,1000,,,,,,,,
1741.3574,948.62415,3182.1091,845.5652,535.5,475000,,,-265.14996337890625,-0.6783235669136047,2.51676869392395,264.9082946777344,265.2261047363281,0.0003,0.0003,0.1
,,,,,475867,3162.4678,1000,,,,,,,,
,,,,,476000,,,-257.3048095703125,-0.9257172346115112,3.6465539932250977,256.06982421875,256.1307067871094,0.0003,0.0003,0.1
,,,,,476867,3178.1199,1000,,,,,,,,
,,,,,477000,,,-253.7898406982422,-0.902466893196106,5.633118152618408,252.89427185058594,252.56982421875,0.0003,0.0003,0.1
,,,,,477867,3185.4675,1000,,,,,,,,
,,,,,478000,,,-259.94781494140625,-0.8592417240142822,2.0991945266723633,259.1074523925781,259.14739990234375,0.0003,0.0003,0.1
,,,,,478867,3166.3352,1000,,,,,,,,
,,,,,479000,,,-257.40753173828125,-0.6997579336166382,2.3621106147766113,257.2127990722656,257.5414123535156,0.0003,0.0003,0.1
,,,,,479153,949.885,286,,,,,,,,
,,,,,479419,906.9903,266,,,,,,,,
1828.847,908.7869,3209.9893,1110.0892,556.1,480000,,,-264.35498046875,-0.6027961373329163,1.7518155574798584,264.3372497558594,264.4466857910156,0.0003,0.0003,0.1
,,,,,480419,3176.0952,1000,,,,,,,,
,,,,,481000,,,-260.0240783691406,-0.9843068718910217,2.1828315258026123,259.9162292480469,259.75897216796875,0.0003,0.0003,0.1
,,,,,481419,3147.716,1000,,,,,,,,
,,,,,481752,1132.3818,333,,,,,,,,
,,,,,482000,,,-263.9426574707031,-0.9818487167358398,2.935885429382324,263.560546875,263.5985412597656,0.0003,0.0003,0.1
,,,,,482752,3166.7246,1000,,,,,,,,
,,,,,483000,,,-257.5484924316406,-0.8774667382240295,3.2335524559020996,257.5702819824219,257.584716796875,0.0003,0.0003,0.1
,,,,,483752,3159.4614,1000,,,,,,,,
,,,,,484000,,,-257.2351989746094,-1.1422200202941895,4.017485618591309,256.0556945800781,256.3515625,0.0003,0.0003,0.1
,,,,,484752,3173.826,1000,,,,,,,,
1744.2012,963.6561,3208.6223,951.8824,531.7,485000,,,-258.4397888183594,-0.6657953262329102,3.539888381958008,258.3453674316406,258.5842590332031,0.0003,0.0003,0.1
,,,,,485752,3190.7305,1000,,,,,,,,
,,,,,486000,,,-251.20645141601562,-1.0880322456359863,17.12725830078125,250.65072631835938,250.5266571044922,0.0003,0.0003,0.1
,,,,,486752,3177.9026,1000,,,,,,,,
,,,,,487000,,,-252.19847106933594,-0.6979121565818787,2.3394556045532227,252.09463500976562,252.04161071777344,0.0003,0.0003,0.1
,,,,,487072,1097.6917,320,,,,,,,,
,,,,,488000,,,-254.77073669433594,-0.8165631294250488,2.6151938438415527,254.71682739257812,254.82374572753906,0.0003,0.0003,0.1
,,,,,488072,3147.1887,1000,,,,,,,,
,,,,,489000,,,-260.0439147949219,-0.8612614870071411,4.131020545959473,259.0272216796875,259.0523681640625,0.0003,0.0003,0.1
,,,,,489072,3168.2175,1000,,,,,,,,
,,,,,489388,1074.9912,316,,,,,,,,
3018.613,559.6426,3225.0957,1340.0798,939.2,490000,,,-268.6432800292969,-0.8855551481246948,1.7357426881790161,268.51263427734375,268.6571960449219,0.0003,0.0003,0.1
,,,,,490388,3197.7563,1000,,,,,,,,
,,,,,491000,,,-259.3649597167969,-0.7042111754417419,1.3505676984786987,259.3607482910156,259.22900390625,0.0003,0.0003,0.1
,,,,,491388,3155.0344,1000,,,,,,,,
,,,,,492000,,,-256.4603271484375,-0.8703648447990417,2.4299051761627197,256.2878723144531,256.5849609375,0.0003,0.0003,0.1
,,,,,492388,3133.3784,1000,,,,,,,,
,,,,,493000,,,-258.1630554199219,-0.6904687881469727,3.1289725303649902,257.3369445800781,257.35748291015625,0.0003,0.0003,0.1
,,,,,493388,3188.1072,1000,,,,,,,,
,,,,,494000,,,-262.27777099609375,-0.8842223882675171,2.2440991401672363,262.2286682128906,262.27239990234375,0.0003,0.0003,0.1
,,,,,494388,3186.147,1000,,,,,,,,
3171.0645,9.903612,3183.2178,3154.0334,1000.0,495000,,,-258.5667419433594,-0.9120289087295532,3.63301944732666,257.4045104980469,256.9466552734375,0.0003,0.0003,0.1
,,,,,495388,3188.7036,1000,,,,,,,,
,,,,,495780,1314.8999,392,,,,,,,,
,,,,,496000,,,-262.6878967285156,-0.7898608446121216,1.7706499099731445,262.30438232421875,262.4434509277344,0.0003,0.0003,0.1
,,,,,496220,1492.23,440,,,,,,,,
,,,,,497000,,,-257.9259948730469,-0.9259830117225647,3.5341241359710693,257.077392578125,256.9596862792969,0.0003,0.0003,0.1
,,,,,497220,3165.8362,1000,,,,,,,,
,,,,,498000,,,-258.53839111328125,-0.5695251226425171,4.175781726837158,258.1500244140625,258.2842712402344,0.0003,0.0003,0.1
,,,,,498220,3198.606,1000,,,,,,,,
,,,,,498566,1184.7312,346,,,,,,,,
,,,,,499000,,,-260.705322265625,-1.122565507888794,1.8866045475006104,260.54541015625,260.4784240722656,0.0003,0.0003,0.1
,,,,,499566,3152.4094,1000,,,,,,,,
