Eval_AverageReturn,Eval_StdReturn,Eval_MaxReturn,Eval_MinReturn,Eval_AverageEpLen,step,Train_EpisodeReturn,Train_EpisodeLen,actor_loss,entropy,critic_loss,q_values,target_values,actor_lr,critic_lr,temperature
20.723814,17.429867,68.82743,8.069976,19.6,0,,,,,,,,,,
,,,,,15,9.73997,16,,,,,,,,
,,,,,109,190.02516,94,,,,,,,,
,,,,,130,14.794542,21,,,,,,,,
,,,,,143,11.596706,13,,,,,,,,
,,,,,157,10.582914,14,,,,,,,,
,,,,,180,18.470694,23,,,,,,,,
,,,,,193,8.151539,13,,,,,,,,
,,,,,207,10.235082,14,,,,,,,,
,,,,,231,22.582764,24,,,,,,,,
,,,,,245,11.588367,14,,,,,,,,
,,,,,259,8.924475,14,,,,,,,,
,,,,,269,6.063955,10,,,,,,,,
,,,,,293,17.036854,24,,,,,,,,
,,,,,313,8.708343,20,,,,,,,,
,,,,,331,12.695306,18,,,,,,,,
,,,,,358,20.29545,27,,,,,,,,
,,,,,372,5.1592174,14,,,,,,,,
,,,,,386,8.2289915,14,,,,,,,,
,,,,,410,27.11609,24,,,,,,,,
,,,,,427,14.485829,17,,,,,,,,
,,,,,494,68.83219,67,,,,,,,,
,,,,,513,18.989002,19,,,,,,,,
,,,,,529,13.913112,16,,,,,,,,
,,,,,552,25.830214,23,,,,,,,,
,,,,,580,19.917454,28,,,,,,,,
,,,,,599,15.181758,19,,,,,,,,
,,,,,613,13.633421,14,,,,,,,,
,,,,,626,8.812968,13,,,,,,,,
,,,,,656,12.505101,30,,,,,,,,
,,,,,764,196.91289,108,,,,,,,,
,,,,,776,7.5367765,12,,,,,,,,
,,,,,797,22.606655,21,,,,,,,,
,,,,,809,9.102047,12,,,,,,,,
,,,,,849,27.34501,40,,,,,,,,
,,,,,863,9.924246,14,,,,,,,,
,,,,,875,8.935885,12,,,,,,,,
,,,,,921,16.652285,46,,,,,,,,
,,,,,943,10.560366,22,,,,,,,,
,,,,,989,39.43064,46,,,,,,,,
,,,,,999,7.176001,10,,,,,,,,
,,,,,1041,48.28828,42,,,,,,,,
,,,,,1077,26.101782,36,,,,,,,,
,,,,,1098,13.818894,21,,,,,,,,
,,,,,1115,16.884352,17,,,,,,,,
,,,,,1130,8.1217375,15,,,,,,,,
,,,,,1148,14.591454,18,,,,,,,,
,,,,,1167,9.694019,19,,,,,,,,
,,,,,1185,16.964088,18,,,,,,,,
,,,,,1207,11.253228,22,,,,,,,,
,,,,,1221,12.900412,14,,,,,,,,
,,,,,1240,12.375363,19,,,,,,,,
,,,,,1255,14.324122,15,,,,,,,,
,,,,,1270,14.196991,15,,,,,,,,
,,,,,1292,23.601208,22,,,,,,,,
,,,,,1304,9.871592,12,,,,,,,,
,,,,,1319,8.702797,15,,,,,,,,
,,,,,1344,22.880732,25,,,,,,,,
,,,,,1361,9.683546,17,,,,,,,,
,,,,,1417,37.896603,56,,,,,,,,
,,,,,1428,8.082852,11,,,,,,,,
,,,,,1445,13.200843,17,,,,,,,,
,,,,,1458,10.757848,13,,,,,,,,
,,,,,1480,17.595802,22,,,,,,,,
,,,,,1494,8.899078,14,,,,,,,,
,,,,,1510,13.197755,16,,,,,,,,
,,,,,1528,16.570929,18,,,,,,,,
,,,,,1542,10.657704,14,,,,,,,,
,,,,,1551,7.763891,9,,,,,,,,
,,,,,1561,7.0594015,10,,,,,,,,
,,,,,1573,8.081444,12,,,,,,,,
,,,,,1586,7.998296,13,,,,,,,,
,,,,,1613,12.516205,27,,,,,,,,
,,,,,1657,31.722376,44,,,,,,,,
,,,,,1674,11.675074,17,,,,,,,,
,,,,,1700,12.1012745,26,,,,,,,,
,,,,,1722,12.313637,22,,,,,,,,
,,,,,1739,13.904447,17,,,,,,,,
,,,,,1765,33.230083,26,,,,,,,,
,,,,,1792,11.058001,27,,,,,,,,
,,,,,1832,27.040882,40,,,,,,,,
,,,,,1848,14.251184,16,,,,,,,,
,,,,,1863,13.266768,15,,,,,,,,
,,,,,1873,7.4308486,10,,,,,,,,
,,,,,1893,19.282648,20,,,,,,,,
,,,,,1916,27.838165,23,,,,,,,,
,,,,,1948,9.791399,32,,,,,,,,
,,,,,1980,38.49855,32,,,,,,,,
,,,,,1998,12.529888,18,,,,,,,,
,,,,,2019,17.264812,21,,,,,,,,
,,,,,2030,7.5258713,11,,,,,,,,
,,,,,2045,11.048835,15,,,,,,,,
,,,,,2072,20.158983,27,,,,,,,,
,,,,,2084,8.415198,12,,,,,,,,
,,,,,2107,11.364239,23,,,,,,,,
,,,,,2119,6.932909,12,,,,,,,,
,,,,,2136,14.927109,17,,,,,,,,
,,,,,2150,9.275888,14,,,,,,,,
,,,,,2160,7.4401736,10,,,,,,,,
,,,,,2172,8.832863,12,,,,,,,,
,,,,,2211,20.495964,39,,,,,,,,
,,,,,2225,7.7390018,14,,,,,,,,
,,,,,2288,65.1068,63,,,,,,,,
,,,,,2312,13.736444,24,,,,,,,,
,,,,,2326,12.228021,14,,,,,,,,
,,,,,2346,21.115776,20,,,,,,,,
,,,,,2370,21.828339,24,,,,,,,,
,,,,,2387,11.43091,17,,,,,,,,
,,,,,2445,48.617832,58,,,,,,,,
,,,,,2466,10.058443,21,,,,,,,,
,,,,,2483,16.397667,17,,,,,,,,
,,,,,2518,42.596012,35,,,,,,,,
,,,,,2552,19.601118,34,,,,,,,,
,,,,,2588,29.55478,36,,,,,,,,
,,,,,2614,19.76835,26,,,,,,,,
,,,,,2635,13.086248,21,,,,,,,,
,,,,,2647,5.881275,12,,,,,,,,
,,,,,2658,7.809961,11,,,,,,,,
,,,,,2680,20.409546,22,,,,,,,,
,,,,,2692,8.743155,12,,,,,,,,
,,,,,2703,9.128755,11,,,,,,,,
,,,,,2760,67.47723,57,,,,,,,,
,,,,,2769,6.884298,9,,,,,,,,
,,,,,2778,7.1945386,9,,,,,,,,
,,,,,2804,25.445145,26,,,,,,,,
,,,,,2826,20.813303,22,,,,,,,,
,,,,,2851,28.032364,25,,,,,,,,
,,,,,2868,14.849633,17,,,,,,,,
,,,,,2894,17.866096,26,,,,,,,,
,,,,,2903,6.095834,9,,,,,,,,
,,,,,2923,15.306982,20,,,,,,,,
,,,,,2947,16.002953,24,,,,,,,,
,,,,,2960,8.748873,13,,,,,,,,
,,,,,2990,31.911942,30,,,,,,,,
,,,,,3084,113.85442,94,,,,,,,,
,,,,,3096,8.399319,12,,,,,,,,
,,,,,3109,9.527402,13,,,,,,,,
,,,,,3119,6.6887856,10,,,,,,,,
,,,,,3160,15.09137,41,,,,,,,,
,,,,,3175,8.0827055,15,,,,,,,,
,,,,,3195,11.928952,20,,,,,,,,
,,,,,3207,10.611562,12,,,,,,,,
,,,,,3222,12.640548,15,,,,,,,,
,,,,,3253,10.199549,31,,,,,,,,
,,,,,3289,33.1499,36,,,,,,,,
,,,,,3306,13.411527,17,,,,,,,,
,,,,,3321,11.269452,15,,,,,,,,
,,,,,3340,13.957406,19,,,,,,,,
,,,,,3350,6.77677,10,,,,,,,,
,,,,,3380,16.621544,30,,,,,,,,
,,,,,3393,11.343519,13,,,,,,,,
,,,,,3413,18.2917,20,,,,,,,,
,,,,,3428,7.8933263,15,,,,,,,,
,,,,,3452,23.351854,24,,,,,,,,
,,,,,3473,20.919533,21,,,,,,,,
,,,,,3485,9.799927,12,,,,,,,,
,,,,,3506,22.349403,21,,,,,,,,
,,,,,3536,19.122496,30,,,,,,,,
,,,,,3552,14.623883,16,,,,,,,,
,,,,,3565,10.304609,13,,,,,,,,
,,,,,3577,10.238134,12,,,,,,,,
,,,,,3598,21.076588,21,,,,,,,,
,,,,,3616,17.425526,18,,,,,,,,
,,,,,3640,11.2341585,24,,,,,,,,
,,,,,3667,21.562923,27,,,,,,,,
,,,,,3688,19.592117,21,,,,,,,,
,,,,,3705,15.895104,17,,,,,,,,
,,,,,3714,6.1551104,9,,,,,,,,
,,,,,3745,18.942999,31,,,,,,,,
,,,,,3770,21.825617,25,,,,,,,,
,,,,,3802,15.924467,32,,,,,,,,
,,,,,3810,5.8918796,8,,,,,,,,
,,,,,3832,23.727802,22,,,,,,,,
,,,,,3858,20.163631,26,,,,,,,,
,,,,,3872,7.975283,14,,,,,,,,
,,,,,3903,26.603325,31,,,,,,,,
,,,,,3920,14.467243,17,,,,,,,,
,,,,,3945,27.824135,25,,,,,,,,
,,,,,3963,12.407509,18,,,,,,,,
,,,,,3976,8.79713,13,,,,,,,,
,,,,,3991,8.888425,15,,,,,,,,
,,,,,4009,20.231617,18,,,,,,,,
,,,,,4038,31.038666,29,,,,,,,,
,,,,,4079,53.121582,41,,,,,,,,
,,,,,4101,10.274884,22,,,,,,,,
,,,,,4126,24.840107,25,,,,,,,,
,,,,,4148,15.916306,22,,,,,,,,
,,,,,4162,11.880654,14,,,,,,,,
,,,,,4181,11.310436,19,,,,,,,,
,,,,,4202,22.305685,21,,,,,,,,
,,,,,4213,9.081969,11,,,,,,,,
,,,,,4242,23.380075,29,,,,,,,,
,,,,,4256,8.76698,14,,,,,,,,
,,,,,4271,12.402032,15,,,,,,,,
,,,,,4287,13.56576,16,,,,,,,,
,,,,,4302,12.82218,15,,,,,,,,
,,,,,4320,15.775171,18,,,,,,,,
,,,,,4339,14.789663,19,,,,,,,,
,,,,,4360,16.998579,21,,,,,,,,
,,,,,4395,38.158516,35,,,,,,,,
,,,,,4410,12.583097,15,,,,,,,,
,,,,,4457,29.038425,47,,,,,,,,
,,,,,4470,8.822969,13,,,,,,,,
,,,,,4484,9.148226,14,,,,,,,,
,,,,,4497,8.822345,13,,,,,,,,
,,,,,4511,9.5099125,14,,,,,,,,
,,,,,4523,5.8398747,12,,,,,,,,
,,,,,4535,6.791786,12,,,,,,,,
,,,,,4551,12.950393,16,,,,,,,,
,,,,,4569,7.175917,18,,,,,,,,
,,,,,4593,23.093773,24,,,,,,,,
,,,,,4610,17.170616,17,,,,,,,,
,,,,,4619,6.510195,9,,,,,,,,
,,,,,4629,7.6616936,10,,,,,,,,
,,,,,4648,13.451301,19,,,,,,,,
,,,,,4665,17.39518,17,,,,,,,,
,,,,,4678,7.2341003,13,,,,,,,,
,,,,,4702,21.30414,24,,,,,,,,
,,,,,4747,63.29707,45,,,,,,,,
,,,,,4761,13.412506,14,,,,,,,,
,,,,,4782,19.87704,21,,,,,,,,
,,,,,4814,37.463913,32,,,,,,,,
,,,,,4828,12.06435,14,,,,,,,,
,,,,,4845,8.302202,17,,,,,,,,
,,,,,4861,10.815736,16,,,,,,,,
,,,,,4901,41.06075,40,,,,,,,,
,,,,,4913,9.330881,12,,,,,,,,
,,,,,4932,11.615659,19,,,,,,,,
,,,,,4951,19.592592,19,,,,,,,,
,,,,,4963,10.307388,12,,,,,,,,
,,,,,4979,11.97458,16,,,,,,,,
,,,,,4998,18.642921,19,,,,,,,,
21.769718,19.530346,75.27844,6.806741,27.7,5000,,,,,,,,,,
,,,,,5021,15.055452,23,,,,,,,,
,,,,,5067,17.791084,46,,,,,,,,
,,,,,5098,42.999077,31,,,,,,,,
,,,,,5118,14.054004,20,,,,,,,,
,,,,,5138,11.891165,20,,,,,,,,
,,,,,5165,35.507256,27,,,,,,,,
,,,,,5190,12.997201,25,,,,,,,,
,,,,,5204,13.046714,14,,,,,,,,
,,,,,5221,12.580115,17,,,,,,,,
,,,,,5248,20.518333,27,,,,,,,,
,,,,,5275,12.05368,27,,,,,,,,
,,,,,5287,10.487935,12,,,,,,,,
,,,,,5308,14.523923,21,,,,,,,,
,,,,,5320,10.730771,12,,,,,,,,
,,,,,5341,15.950628,21,,,,,,,,
,,,,,5356,13.790435,15,,,,,,,,
,,,,,5384,17.456793,28,,,,,,,,
,,,,,5406,27.53525,22,,,,,,,,
,,,,,5443,38.890995,37,,,,,,,,
,,,,,5467,26.267845,24,,,,,,,,
,,,,,5484,10.5104475,17,,,,,,,,
,,,,,5505,14.905277,21,,,,,,,,
,,,,,5544,41.677124,39,,,,,,,,
,,,,,5566,15.699272,22,,,,,,,,
,,,,,5581,10.911765,15,,,,,,,,
,,,,,5596,15.958433,15,,,,,,,,
,,,,,5617,24.96481,21,,,,,,,,
,,,,,5639,18.609394,22,,,,,,,,
,,,,,5680,28.898178,41,,,,,,,,
,,,,,5704,28.831562,24,,,,,,,,
,,,,,5730,25.33422,26,,,,,,,,
,,,,,5750,14.360155,20,,,,,,,,
,,,,,5791,45.601097,41,,,,,,,,
,,,,,5810,19.553802,19,,,,,,,,
,,,,,5840,33.271034,30,,,,,,,,
,,,,,5863,17.262953,23,,,,,,,,
,,,,,5876,12.36812,13,,,,,,,,
,,,,,5888,10.941346,12,,,,,,,,
,,,,,5918,38.506996,30,,,,,,,,
,,,,,5937,13.721805,19,,,,,,,,
,,,,,5967,16.57607,30,,,,,,,,
,,,,,5986,11.646945,19,,,,,,,,
,,,,,5996,8.91692,10,,,,,,,,
,,,,,6068,86.147964,72,,,,,,,,
,,,,,6113,43.167522,45,,,,,,,,
,,,,,6124,9.415167,11,,,,,,,,
,,,,,6136,10.1891,12,,,,,,,,
,,,,,6154,18.164354,18,,,,,,,,
,,,,,6210,86.21282,56,,,,,,,,
,,,,,6247,18.894468,37,,,,,,,,
,,,,,6258,9.673487,11,,,,,,,,
,,,,,6282,21.724575,24,,,,,,,,
,,,,,6295,7.070609,13,,,,,,,,
,,,,,6308,8.762348,13,,,,,,,,
,,,,,6351,35.363094,43,,,,,,,,
,,,,,6365,10.641657,14,,,,,,,,
,,,,,6381,13.384943,16,,,,,,,,
,,,,,6404,28.081993,23,,,,,,,,
,,,,,6439,36.842068,35,,,,,,,,
,,,,,6462,25.557087,23,,,,,,,,
,,,,,6478,12.898554,16,,,,,,,,
,,,,,6491,12.779154,13,,,,,,,,
,,,,,6506,14.997439,15,,,,,,,,
,,,,,6521,9.563334,15,,,,,,,,
,,,,,6547,17.480347,26,,,,,,,,
,,,,,6577,30.14665,30,,,,,,,,
,,,,,6589,10.162291,12,,,,,,,,
,,,,,6601,10.399184,12,,,,,,,,
,,,,,6629,35.64449,28,,,,,,,,
,,,,,6679,87.36789,50,,,,,,,,
,,,,,6702,20.307417,23,,,,,,,,
,,,,,6715,12.245649,13,,,,,,,,
,,,,,6726,8.687502,11,,,,,,,,
,,,,,6751,30.272411,25,,,,,,,,
,,,,,6765,11.716322,14,,,,,,,,
,,,,,6822,63.727654,57,,,,,,,,
,,,,,6838,15.785814,16,,,,,,,,
,,,,,6852,15.086738,14,,,,,,,,
,,,,,6862,8.840668,10,,,,,,,,
,,,,,6883,16.425669,21,,,,,,,,
,,,,,6932,43.406734,49,,,,,,,,
,,,,,6984,68.87294,52,,,,,,,,
,,,,,6998,13.104367,14,,,,,,,,
,,,,,7014,16.470364,16,,,,,,,,
,,,,,7025,8.500278,11,,,,,,,,
,,,,,7041,12.56222,16,,,,,,,,
,,,,,7100,78.601685,59,,,,,,,,
,,,,,7112,10.517825,12,,,,,,,,
,,,,,7127,15.774557,15,,,,,,,,
,,,,,7144,10.40491,17,,,,,,,,
,,,,,7174,41.366093,30,,,,,,,,
,,,,,7197,28.30424,23,,,,,,,,
,,,,,7223,26.749762,26,,,,,,,,
,,,,,7234,8.832219,11,,,,,,,,
,,,,,7262,22.158161,28,,,,,,,,
,,,,,7298,33.94584,36,,,,,,,,
,,,,,7323,13.174465,25,,,,,,,,
,,,,,7342,11.108296,19,,,,,,,,
,,,,,7364,25.880219,22,,,,,,,,
,,,,,7383,20.776497,19,,,,,,,,
,,,,,7397,12.567782,14,,,,,,,,
,,,,,7413,14.243938,16,,,,,,,,
,,,,,7441,27.469952,28,,,,,,,,
,,,,,7459,16.013868,18,,,,,,,,
,,,,,7471,9.419591,12,,,,,,,,
,,,,,7492,12.7782345,21,,,,,,,,
,,,,,7510,8.080677,18,,,,,,,,
,,,,,7520,8.154311,10,,,,,,,,
,,,,,7537,13.545564,17,,,,,,,,
,,,,,7549,10.687703,12,,,,,,,,
,,,,,7583,19.291273,34,,,,,,,,
,,,,,7603,19.847048,20,,,,,,,,
,,,,,7619,12.764689,16,,,,,,,,
,,,,,7634,11.724714,15,,,,,,,,
,,,,,7643,7.65831,9,,,,,,,,
,,,,,7667,22.276495,24,,,,,,,,
,,,,,7681,14.761244,14,,,,,,,,
,,,,,7711,35.441525,30,,,,,,,,
,,,,,7729,13.216425,18,,,,,,,,
,,,,,7743,12.562408,14,,,,,,,,
,,,,,7787,71.21479,44,,,,,,,,
,,,,,7805,13.631162,18,,,,,,,,
,,,,,7835,29.454393,30,,,,,,,,
,,,,,7853,14.975355,18,,,,,,,,
,,,,,7865,9.982172,12,,,,,,,,
,,,,,7904,23.314768,39,,,,,,,,
,,,,,7947,48.30764,43,,,,,,,,
,,,,,7972,31.628866,25,,,,,,,,
,,,,,7985,9.752892,13,,,,,,,,
,,,,,7999,11.961204,14,,,,,,,,
,,,,,8038,46.93406,39,,,,,,,,
,,,,,8052,13.660022,14,,,,,,,,
,,,,,8075,14.536009,23,,,,,,,,
,,,,,8093,21.392523,18,,,,,,,,
,,,,,8112,18.135542,19,,,,,,,,
,,,,,8133,20.167654,21,,,,,,,,
,,,,,8148,13.601922,15,,,,,,,,
,,,,,8156,5.0688033,8,,,,,,,,
,,,,,8181,11.984661,25,,,,,,,,
,,,,,8193,8.961698,12,,,,,,,,
,,,,,8204,10.249582,11,,,,,,,,
,,,,,8236,14.318955,32,,,,,,,,
,,,,,8262,29.32167,26,,,,,,,,
,,,,,8277,14.937976,15,,,,,,,,
,,,,,8295,18.567205,18,,,,,,,,
,,,,,8311,8.836886,16,,,,,,,,
,,,,,8324,10.491039,13,,,,,,,,
,,,,,8334,8.453904,10,,,,,,,,
,,,,,8348,13.377331,14,,,,,,,,
,,,,,8359,8.624022,11,,,,,,,,
,,,,,8376,8.114278,17,,,,,,,,
,,,,,8407,24.457554,31,,,,,,,,
,,,,,8424,11.347171,17,,,,,,,,
,,,,,8436,9.793509,12,,,,,,,,
,,,,,8457,19.04461,21,,,,,,,,
,,,,,8508,48.31639,51,,,,,,,,
,,,,,8561,51.47381,53,,,,,,,,
,,,,,8582,17.91966,21,,,,,,,,
,,,,,8597,7.718663,15,,,,,,,,
,,,,,8610,12.370001,13,,,,,,,,
,,,,,8651,63.84762,41,,,,,,,,
,,,,,8662,8.571142,11,,,,,,,,
,,,,,8679,14.028932,17,,,,,,,,
,,,,,8696,16.417603,17,,,,,,,,
,,,,,8710,10.636672,14,,,,,,,,
,,,,,8736,8.594392,26,,,,,,,,
,,,,,8759,10.047716,23,,,,,,,,
,,,,,8787,29.641844,28,,,,,,,,
,,,,,8809,15.5343075,22,,,,,,,,
,,,,,8830,15.781449,21,,,,,,,,
,,,,,8866,50.82241,36,,,,,,,,
,,,,,8884,15.956135,18,,,,,,,,
,,,,,8895,8.56207,11,,,,,,,,
,,,,,8915,22.282396,20,,,,,,,,
,,,,,8931,16.282547,16,,,,,,,,
,,,,,8966,39.00086,35,,,,,,,,
,,,,,8993,13.92009,27,,,,,,,,
,,,,,9011,12.865133,18,,,,,,,,
,,,,,9028,15.460768,17,,,,,,,,
,,,,,9047,19.043083,19,,,,,,,,
,,,,,9106,73.16363,59,,,,,,,,
,,,,,9168,61.79206,62,,,,,,,,
,,,,,9234,86.10009,66,,,,,,,,
,,,,,9250,15.226927,16,,,,,,,,
,,,,,9269,20.254387,19,,,,,,,,
,,,,,9287,12.995393,18,,,,,,,,
,,,,,9307,15.042686,20,,,,,,,,
,,,,,9318,8.384552,11,,,,,,,,
,,,,,9337,20.981998,19,,,,,,,,
,,,,,9370,43.757526,33,,,,,,,,
,,,,,9386,13.762054,16,,,,,,,,
,,,,,9396,8.324265,10,,,,,,,,
,,,,,9415,20.929657,19,,,,,,,,
,,,,,9428,10.893231,13,,,,,,,,
,,,,,9444,15.161927,16,,,,,,,,
,,,,,9464,13.994048,20,,,,,,,,
,,,,,9500,28.235456,36,,,,,,,,
,,,,,9517,18.16535,17,,,,,,,,
,,,,,9535,18.797535,18,,,,,,,,
,,,,,9566,38.122177,31,,,,,,,,
,,,,,9582,17.53093,16,,,,,,,,
,,,,,9631,83.33518,49,,,,,,,,
,,,,,9665,13.430685,34,,,,,,,,
,,,,,9688,21.28692,23,,,,,,,,
,,,,,9724,43.585316,36,,,,,,,,
,,,,,9751,25.407963,27,,,,,,,,
,,,,,9771,11.467993,20,,,,,,,,
,,,,,9793,25.353565,22,,,,,,,,
,,,,,9805,8.970724,12,,,,,,,,
,,,,,9824,21.687952,19,,,,,,,,
,,,,,9842,11.990465,18,,,,,,,,
,,,,,9875,18.338352,33,,,,,,,,
,,,,,9891,15.8846445,16,,,,,,,,
,,,,,9913,19.418213,22,,,,,,,,
,,,,,9926,9.540043,13,,,,,,,,
,,,,,9942,16.449001,16,,,,,,,,
,,,,,9973,43.622448,31,,,,,,,,
,,,,,9990,9.613768,17,,,,,,,,
21.670925,16.076124,67.68905,8.557933,26.1,10000,,,-0.4662640392780304,1.9883131980895996,1.3097467422485352,0.09792700409889221,1.1641108989715576,0.0003,0.0003,0.1
,,,,,10014,20.478079,24,,,,,,,,
,,,,,10028,8.986095,14,,,,,,,,
,,,,,10041,11.830952,13,,,,,,,,
,,,,,10058,19.158558,17,,,,,,,,
,,,,,10109,90.94753,51,,,,,,,,
,,,,,10205,192.27573,96,,,,,,,,
,,,,,10255,86.2177,50,,,,,,,,
,,,,,10301,78.36641,46,,,,,,,,
,,,,,10359,98.63366,58,,,,,,,,
,,,,,10402,73.357155,43,,,,,,,,
,,,,,10447,78.46955,45,,,,,,,,
,,,,,10491,74.62337,44,,,,,,,,
,,,,,10533,71.23355,42,,,,,,,,
,,,,,10572,64.03064,39,,,,,,,,
,,,,,10612,65.944305,40,,,,,,,,
,,,,,10653,69.07162,41,,,,,,,,
,,,,,10698,76.410225,45,,,,,,,,
,,,,,10740,70.17269,42,,,,,,,,
,,,,,10776,59.100784,36,,,,,,,,
,,,,,10813,60.512424,37,,,,,,,,
,,,,,10859,79.217186,46,,,,,,,,
,,,,,10894,58.134827,35,,,,,,,,
,,,,,10937,73.22746,43,,,,,,,,
,,,,,10980,72.002426,43,,,,,,,,
,,,,,11000,,,-7.078657150268555,-0.4049127697944641,1.089078426361084,6.409953594207764,6.317477226257324,0.0003,0.0003,0.1
,,,,,11028,83.271904,48,,,,,,,,
,,,,,11066,63.241787,38,,,,,,,,
,,,,,11111,76.89399,45,,,,,,,,
,,,,,11193,177.71758,82,,,,,,,,
,,,,,11264,146.13841,71,,,,,,,,
,,,,,11364,231.67271,100,,,,,,,,
,,,,,11445,173.04366,81,,,,,,,,
,,,,,11532,192.40166,87,,,,,,,,
,,,,,11606,153.87163,74,,,,,,,,
,,,,,11692,189.99608,86,,,,,,,,
,,,,,11784,203.06454,92,,,,,,,,
,,,,,11874,201.85907,90,,,,,,,,
,,,,,11962,194.65294,88,,,,,,,,
,,,,,12000,,,-15.097990989685059,-1.3975765705108643,2.0583224296569824,13.971376419067383,13.765252113342285,0.0003,0.0003,0.1
,,,,,12056,201.96786,94,,,,,,,,
,,,,,12150,209.27014,94,,,,,,,,
,,,,,12240,198.80606,90,,,,,,,,
,,,,,12339,216.79749,99,,,,,,,,
,,,,,12436,224.25754,97,,,,,,,,
,,,,,12532,191.8346,96,,,,,,,,
,,,,,12624,204.45686,92,,,,,,,,
,,,,,12721,205.64937,97,,,,,,,,
,,,,,12819,214.26265,98,,,,,,,,
,,,,,12912,190.65753,93,,,,,,,,
,,,,,13000,,,-24.78316879272461,-1.2939099073410034,4.601731777191162,23.144481658935547,23.226743698120117,0.0003,0.0003,0.1
,,,,,13004,195.61726,92,,,,,,,,
,,,,,13095,199.52556,91,,,,,,,,
,,,,,13187,199.07178,92,,,,,,,,
,,,,,13275,176.09035,88,,,,,,,,
,,,,,13358,174.09549,83,,,,,,,,
,,,,,13447,186.84065,89,,,,,,,,
,,,,,13534,186.49176,87,,,,,,,,
,,,,,13622,195.47179,88,,,,,,,,
,,,,,13709,178.63577,87,,,,,,,,
,,,,,13796,172.9834,87,,,,,,,,
,,,,,13881,183.56091,85,,,,,,,,
,,,,,13966,177.05486,85,,,,,,,,
,,,,,14000,,,-34.291385650634766,-1.6333351135253906,7.801905632019043,32.038360595703125,32.518836975097656,0.0003,0.0003,0.1
,,,,,14050,176.71356,84,,,,,,,,
,,,,,14134,174.34134,84,,,,,,,,
,,,,,14220,175.41963,86,,,,,,,,
,,,,,14316,197.49756,96,,,,,,,,
,,,,,14418,217.86948,102,,,,,,,,
,,,,,14513,185.99551,95,,,,,,,,
,,,,,14602,184.18042,89,,,,,,,,
,,,,,14706,200.01602,104,,,,,,,,
,,,,,14801,190.45734,95,,,,,,,,
,,,,,14891,184.58554,90,,,,,,,,
,,,,,14978,192.67027,87,,,,,,,,
186.3048,3.3218327,191.9253,180.2771,90.9,15000,,,-44.08424377441406,-1.9759528636932373,3.42208194732666,41.85820770263672,42.38301086425781,0.0003,0.0003,0.1
,,,,,15064,178.65872,86,,,,,,,,
,,,,,15158,186.10703,94,,,,,,,,
,,,,,15256,192.67206,98,,,,,,,,
,,,,,15345,189.10484,89,,,,,,,,
,,,,,15440,188.39143,95,,,,,,,,
,,,,,15530,177.29652,90,,,,,,,,
,,,,,15616,189.34554,86,,,,,,,,
,,,,,15710,191.2518,94,,,,,,,,
,,,,,15810,198.80835,100,,,,,,,,
,,,,,15914,201.75168,104,,,,,,,,
,,,,,16000,,,-54.888423919677734,-0.9633390307426453,4.156379222869873,52.77912139892578,52.511268615722656,0.0003,0.0003,0.1
,,,,,16018,206.56496,104,,,,,,,,
,,,,,16119,201.81696,101,,,,,,,,
,,,,,16206,162.61713,87,,,,,,,,
,,,,,16309,211.80893,103,,,,,,,,
,,,,,16414,212.08167,105,,,,,,,,
,,,,,16508,198.55981,94,,,,,,,,
,,,,,16605,184.03871,97,,,,,,,,
,,,,,16712,199.41216,107,,,,,,,,
,,,,,16807,188.2918,95,,,,,,,,
,,,,,16907,191.79791,100,,,,,,,,
,,,,,16999,186.11081,92,,,,,,,,
,,,,,17000,,,-61.45354080200195,-1.5273033380508423,4.924656867980957,58.29243850708008,58.443538665771484,0.0003,0.0003,0.1
,,,,,17094,192.5642,95,,,,,,,,
,,,,,17187,199.80507,93,,,,,,,,
,,,,,17298,215.53311,111,,,,,,,,
,,,,,17392,192.21246,94,,,,,,,,
,,,,,17479,179.57632,87,,,,,,,,
,,,,,17569,199.6417,90,,,,,,,,
,,,,,17663,210.40007,94,,,,,,,,
,,,,,17749,185.92705,86,,,,,,,,
,,,,,17837,184.92964,88,,,,,,,,
,,,,,17926,188.97357,89,,,,,,,,
,,,,,18000,,,-69.07511901855469,-1.4561759233474731,13.10274887084961,66.29464721679688,66.09092712402344,0.0003,0.0003,0.1
,,,,,18013,186.70453,87,,,,,,,,
,,,,,18099,188.21194,86,,,,,,,,
,,,,,18184,182.41284,85,,,,,,,,
,,,,,18271,186.09079,87,,,,,,,,
,,,,,18365,199.87408,94,,,,,,,,
,,,,,18463,213.52684,98,,,,,,,,
,,,,,18556,208.49103,93,,,,,,,,
,,,,,18650,207.81456,94,,,,,,,,
,,,,,18740,192.41116,90,,,,,,,,
,,,,,18835,206.31895,95,,,,,,,,
,,,,,18926,203.01067,91,,,,,,,,
,,,,,19000,,,-76.72071075439453,-1.3798538446426392,14.090771675109863,73.68435668945312,74.29704284667969,0.0003,0.0003,0.1
,,,,,19008,170.06572,82,,,,,,,,
,,,,,19099,204.73175,91,,,,,,,,
,,,,,19191,206.97751,92,,,,,,,,
,,,,,19284,216.44572,93,,,,,,,,
,,,,,19371,192.6826,87,,,,,,,,
,,,,,19462,213.27443,91,,,,,,,,
,,,,,19558,229.93471,96,,,,,,,,
,,,,,19580,33.261024,22,,,,,,,,
,,,,,19672,217.23073,92,,,,,,,,
,,,,,19691,28.554201,19,,,,,,,,
,,,,,19787,232.81572,96,,,,,,,,
,,,,,19878,211.96754,91,,,,,,,,
,,,,,19974,224.00156,96,,,,,,,,
248.79663,4.7574143,257.69714,242.07697,102.3,20000,,,-84.7933349609375,-1.5506300926208496,5.000819206237793,82.2647933959961,82.19818115234375,0.0003,0.0003,0.1
,,,,,20074,243.99353,100,,,,,,,,
,,,,,20173,242.60866,99,,,,,,,,
,,,,,20268,227.98305,95,,,,,,,,
,,,,,20369,246.5701,101,,,,,,,,
,,,,,20468,243.3981,99,,,,,,,,
,,,,,20568,247.14072,100,,,,,,,,
,,,,,20678,291.84647,110,,,,,,,,
,,,,,20780,252.33885,102,,,,,,,,
,,,,,20878,239.88675,98,,,,,,,,
,,,,,20987,269.87836,109,,,,,,,,
,,,,,21000,,,-91.09228515625,-1.6665295362472534,4.339200496673584,88.82206726074219,88.60018157958984,0.0003,0.0003,0.1
,,,,,21093,262.87515,106,,,,,,,,
,,,,,21202,266.73373,109,,,,,,,,
,,,,,21309,267.8401,107,,,,,,,,
,,,,,21419,283.19098,110,,,,,,,,
,,,,,21533,281.3989,114,,,,,,,,
,,,,,21637,249.66559,104,,,,,,,,
,,,,,21736,236.2617,99,,,,,,,,
,,,,,21847,282.8468,111,,,,,,,,
,,,,,21948,242.02856,101,,,,,,,,
,,,,,22000,,,-95.2607650756836,-2.1130483150482178,34.20847702026367,90.62606048583984,90.78060913085938,0.0003,0.0003,0.1
,,,,,22051,248.75723,103,,,,,,,,
,,,,,22151,224.19333,100,,,,,,,,
,,,,,22261,264.33206,110,,,,,,,,
,,,,,22362,232.24727,101,,,,,,,,
,,,,,22469,265.5871,107,,,,,,,,
,,,,,22573,243.30164,104,,,,,,,,
,,,,,22677,265.04712,104,,,,,,,,
,,,,,22789,285.83112,112,,,,,,,,
,,,,,22899,279.1386,110,,,,,,,,
,,,,,22995,209.36278,96,,,,,,,,
,,,,,23000,,,-109.97466278076172,-1.4515572786331177,6.6401472091674805,107.36482238769531,107.10205841064453,0.0003,0.0003,0.1
,,,,,23094,242.20503,99,,,,,,,,
,,,,,23204,279.94046,110,,,,,,,,
,,,,,23303,242.07063,99,,,,,,,,
,,,,,23409,259.92285,106,,,,,,,,
,,,,,23511,256.86618,102,,,,,,,,
,,,,,23621,273.22958,110,,,,,,,,
,,,,,23724,260.31052,103,,,,,,,,
,,,,,23830,266.97107,106,,,,,,,,
,,,,,23930,249.22313,100,,,,,,,,
,,,,,24000,,,-114.03033447265625,-1.792312502861023,10.820154190063477,110.95466613769531,110.7078857421875,0.0003,0.0003,0.1
,,,,,24046,302.91895,116,,,,,,,,
,,,,,24166,326.80594,120,,,,,,,,
,,,,,24296,370.1467,130,,,,,,,,
,,,,,24402,267.99033,106,,,,,,,,
,,,,,24519,313.96542,117,,,,,,,,
,,,,,24635,318.8528,116,,,,,,,,
,,,,,24756,336.83,121,,,,,,,,
,,,,,24883,351.96536,127,,,,,,,,
,,,,,24991,277.96426,108,,,,,,,,
290.34357,4.5603366,300.93707,284.78058,110.5,25000,,,-118.0384750366211,-1.9754557609558105,36.56690216064453,113.9422607421875,114.59707641601562,0.0003,0.0003,0.1
,,,,,25101,288.1528,110,,,,,,,,
,,,,,25209,267.98547,108,,,,,,,,
,,,,,25315,272.29376,106,,,,,,,,
,,,,,25419,262.90814,104,,,,,,,,
,,,,,25528,272.21356,109,,,,,,,,
,,,,,25636,281.90332,108,,,,,,,,
,,,,,25744,270.48703,108,,,,,,,,
,,,,,25868,317.74905,124,,,,,,,,
,,,,,25985,304.87714,117,,,,,,,,
,,,,,26000,,,-127.36780548095703,-1.456408977508545,25.413578033447266,124.75792694091797,124.83208465576172,0.0003,0.0003,0.1
,,,,,26105,329.40448,120,,,,,,,,
,,,,,26220,293.8451,115,,,,,,,,
,,,,,26337,311.9395,117,,,,,,,,
,,,,,26453,323.08752,116,,,,,,,,
,,,,,26569,322.64304,116,,,,,,,,
,,,,,26690,334.38614,121,,,,,,,,
,,,,,26801,294.18436,111,,,,,,,,
,,,,,26847,81.39236,46,,,,,,,,
,,,,,26959,279.65024,112,,,,,,,,
,,,,,26984,42.84562,25,,,,,,,,
,,,,,27000,,,-132.44583129882812,-1.7881534099578857,15.82257080078125,127.55306243896484,127.09172821044922,0.0003,0.0003,0.1
,,,,,27095,304.19266,111,,,,,,,,
,,,,,27209,304.57016,114,,,,,,,,
,,,,,27325,300.99356,116,,,,,,,,
,,,,,27350,43.143055,25,,,,,,,,
,,,,,27470,320.75638,120,,,,,,,,
,,,,,27582,303.32584,112,,,,,,,,
,,,,,27697,311.44873,115,,,,,,,,
,,,,,27820,318.7125,123,,,,,,,,
,,,,,27935,290.4799,115,,,,,,,,
,,,,,28000,,,-136.9271697998047,-1.649644136428833,20.639219284057617,132.9166259765625,132.21292114257812,0.0003,0.0003,0.1
,,,,,28054,307.20154,119,,,,,,,,
,,,,,28169,308.05603,115,,,,,,,,
,,,,,28288,318.37125,119,,,,,,,,
,,,,,28398,300.73138,110,,,,,,,,
,,,,,28512,309.66742,114,,,,,,,,
,,,,,28629,308.90842,117,,,,,,,,
,,,,,28741,290.93945,112,,,,,,,,
,,,,,28857,310.44394,116,,,,,,,,
,,,,,28974,310.8852,117,,,,,,,,
,,,,,29000,,,-144.73846435546875,-1.6391921043395996,46.460479736328125,140.41339111328125,140.8798828125,0.0003,0.0003,0.1
,,,,,29087,302.03824,113,,,,,,,,
,,,,,29202,298.60886,115,,,,,,,,
,,,,,29323,329.11313,121,,,,,,,,
,,,,,29443,327.07294,120,,,,,,,,
,,,,,29568,321.08896,125,,,,,,,,
,,,,,29697,339.98032,129,,,,,,,,
,,,,,29820,316.30127,123,,,,,,,,
,,,,,29938,293.76306,118,,,,,,,,
294.4283,21.551857,322.92365,252.55975,116.5,30000,,,-149.61700439453125,-1.783031940460205,15.056931495666504,145.34031677246094,145.00347900390625,0.0003,0.0003,0.1
,,,,,30055,303.08728,117,,,,,,,,
,,,,,30176,309.22742,121,,,,,,,,
,,,,,30298,335.50977,122,,,,,,,,
,,,,,30415,324.50787,117,,,,,,,,
,,,,,30536,327.8676,121,,,,,,,,
,,,,,30654,325.41992,118,,,,,,,,
,,,,,30781,356.29416,127,,,,,,,,
,,,,,30900,322.6555,119,,,,,,,,
,,,,,31000,,,-153.26271057128906,-2.147505044937134,90.80371856689453,147.31234741210938,148.92189025878906,0.0003,0.0003,0.1
,,,,,31006,255.51009,106,,,,,,,,
,,,,,31115,267.30862,109,,,,,,,,
,,,,,31223,223.52252,108,,,,,,,,
,,,,,31348,348.16086,125,,,,,,,,
,,,,,31461,281.15747,113,,,,,,,,
,,,,,31594,368.52383,133,,,,,,,,
,,,,,31702,275.71875,108,,,,,,,,
,,,,,31835,361.67633,133,,,,,,,,
,,,,,31940,214.77463,105,,,,,,,,
,,,,,32000,,,-160.20455932617188,-1.736930012702942,7.0335822105407715,156.80946350097656,156.61720275878906,0.0003,0.0003,0.1
,,,,,32067,356.7238,127,,,,,,,,
,,,,,32194,314.07587,127,,,,,,,,
,,,,,32317,314.0337,123,,,,,,,,
,,,,,32435,310.11902,118,,,,,,,,
,,,,,32555,301.1064,120,,,,,,,,
,,,,,32672,283.71786,117,,,,,,,,
,,,,,32795,296.31656,123,,,,,,,,
,,,,,32911,284.08942,116,,,,,,,,
,,,,,33000,,,-167.9007110595703,-1.86404287815094,15.462411880493164,164.50572204589844,165.3193359375,0.0003,0.0003,0.1
,,,,,33036,312.1289,125,,,,,,,,
,,,,,33160,351.39175,124,,,,,,,,
,,,,,33278,327.53748,118,,,,,,,,
,,,,,33400,310.22284,122,,,,,,,,
,,,,,33514,285.209,114,,,,,,,,
,,,,,33634,333.11926,120,,,,,,,,
,,,,,33757,338.49747,123,,,,,,,,
,,,,,33880,336.18286,123,,,,,,,,
,,,,,33997,323.21515,117,,,,,,,,
,,,,,34000,,,-166.2416229248047,-2.202910900115967,28.780517578125,162.70130920410156,162.7659454345703,0.0003,0.0003,0.1
,,,,,34122,342.91296,125,,,,,,,,
,,,,,34240,321.08795,118,,,,,,,,
,,,,,34350,296.1744,110,,,,,,,,
,,,,,34477,347.55606,127,,,,,,,,
,,,,,34604,357.97647,127,,,,,,,,
,,,,,34726,326.52344,122,,,,,,,,
,,,,,34852,334.319,126,,,,,,,,
,,,,,34973,331.60144,121,,,,,,,,
328.70038,8.005723,341.21948,314.14166,119.4,35000,,,-175.5634307861328,-1.7307685613632202,15.1607084274292,170.41729736328125,170.51596069335938,0.0003,0.0003,0.1
,,,,,35096,346.7099,123,,,,,,,,
,,,,,35215,332.30246,119,,,,,,,,
,,,,,35343,355.4695,128,,,,,,,,
,,,,,35468,351.56668,125,,,,,,,,
,,,,,35595,348.54697,127,,,,,,,,
,,,,,35721,339.95352,126,,,,,,,,
,,,,,35858,336.29797,137,,,,,,,,
,,,,,35982,325.4392,124,,,,,,,,
,,,,,36000,,,-181.94520568847656,-1.2217135429382324,7.886723041534424,179.18478393554688,179.2628173828125,0.0003,0.0003,0.1
,,,,,36101,320.9979,119,,,,,,,,
,,,,,36217,316.3208,116,,,,,,,,
,,,,,36337,332.80307,120,,,,,,,,
,,,,,36457,323.67847,120,,,,,,,,
,,,,,36576,325.8169,119,,,,,,,,
,,,,,36703,339.3982,127,,,,,,,,
,,,,,36823,320.14853,120,,,,,,,,
,,,,,36943,316.89835,120,,,,,,,,
,,,,,37000,,,-183.06369018554688,-1.4728277921676636,18.216306686401367,177.55442810058594,176.96533203125,0.0003,0.0003,0.1
,,,,,37064,316.93158,121,,,,,,,,
,,,,,37189,329.39954,125,,,,,,,,
,,,,,37310,310.55893,121,,,,,,,,
,,,,,37436,335.83356,126,,,,,,,,
,,,,,37553,308.32043,117,,,,,,,,
,,,,,37674,328.6396,121,,,,,,,,
,,,,,37794,319.74207,120,,,,,,,,
,,,,,37917,303.2104,123,,,,,,,,
,,,,,38000,,,-185.95623779296875,-1.838379144668579,19.392019271850586,180.51333618164062,180.01513671875,0.0003,0.0003,0.1
,,,,,38042,347.2893,125,,,,,,,,
,,,,,38164,339.8341,122,,,,,,,,
,,,,,38289,354.96625,125,,,,,,,,
,,,,,38415,344.59018,126,,,,,,,,
,,,,,38542,346.93,127,,,,,,,,
,,,,,38664,344.08182,122,,,,,,,,
,,,,,38787,345.09006,123,,,,,,,,
,,,,,38913,349.23825,126,,,,,,,,
,,,,,39000,,,-188.83204650878906,-1.5879961252212524,18.105098724365234,186.64114379882812,186.46356201171875,0.0003,0.0003,0.1
,,,,,39038,352.64328,125,,,,,,,,
,,,,,39155,333.57898,117,,,,,,,,
,,,,,39278,343.43634,123,,,,,,,,
,,,,,39401,325.86896,123,,,,,,,,
,,,,,39522,339.65735,121,,,,,,,,
,,,,,39645,341.94873,123,,,,,,,,
,,,,,39772,349.2403,127,,,,,,,,
,,,,,39893,341.00772,121,,,,,,,,
356.10654,6.5805984,366.8122,347.08994,128.3,40000,,,-193.22756958007812,-1.6269972324371338,28.91730499267578,187.71397399902344,188.25,0.0003,0.0003,0.1
,,,,,40022,368.58423,129,,,,,,,,
,,,,,40142,323.31863,120,,,,,,,,
,,,,,40260,303.43353,118,,,,,,,,
,,,,,40372,282.4472,112,,,,,,,,
,,,,,40501,361.909,129,,,,,,,,
,,,,,40619,303.39578,118,,,,,,,,
,,,,,40745,350.6101,126,,,,,,,,
,,,,,40871,366.12814,126,,,,,,,,
,,,,,41000,,,-193.40809631347656,-1.2299201488494873,3.656548500061035,191.0812530517578,191.45628356933594,0.0003,0.0003,0.1
,,,,,41006,328.52286,135,,,,,,,,
,,,,,41134,353.50775,128,,,,,,,,
,,,,,41253,329.68982,119,,,,,,,,
,,,,,41379,352.3918,126,,,,,,,,
,,,,,41506,357.9564,127,,,,,,,,
,,,,,41632,358.06046,126,,,,,,,,
,,,,,41757,360.97202,125,,,,,,,,
,,,,,41876,302.19757,119,,,,,,,,
,,,,,41998,327.7904,122,,,,,,,,
,,,,,42000,,,-196.8963165283203,-1.833897590637207,7.934947967529297,192.899658203125,192.9526824951172,0.0003,0.0003,0.1
,,,,,42131,354.34283,133,,,,,,,,
,,,,,42250,323.9845,119,,,,,,,,
,,,,,42369,328.72803,119,,,,,,,,
,,,,,42488,330.8875,119,,,,,,,,
,,,,,42616,364.7002,128,,,,,,,,
,,,,,42743,354.5975,127,,,,,,,,
,,,,,42871,332.56207,128,,,,,,,,
,,,,,42986,313.51538,115,,,,,,,,
,,,,,43000,,,-196.53932189941406,-1.7942992448806763,4.555980205535889,192.8197021484375,192.42213439941406,0.0003,0.0003,0.1
,,,,,43117,360.26157,131,,,,,,,,
,,,,,43237,323.17615,120,,,,,,,,
,,,,,43362,344.40497,125,,,,,,,,
,,,,,43480,308.95624,118,,,,,,,,
,,,,,43603,349.2425,123,,,,,,,,
,,,,,43730,360.313,127,,,,,,,,
,,,,,43862,345.88928,132,,,,,,,,
,,,,,43991,356.27887,129,,,,,,,,
,,,,,44000,,,-200.3131866455078,-1.6007908582687378,13.825157165527344,197.39794921875,196.78334045410156,0.0003,0.0003,0.1
,,,,,44117,334.6823,126,,,,,,,,
,,,,,44244,315.57788,127,,,,,,,,
,,,,,44368,333.00885,124,,,,,,,,
,,,,,44492,354.5834,124,,,,,,,,
,,,,,44625,354.6123,133,,,,,,,,
,,,,,44748,330.00815,123,,,,,,,,
,,,,,44875,362.38205,127,,,,,,,,
,,,,,44997,339.83215,122,,,,,,,,
347.1079,11.980229,363.41763,326.1668,124.8,45000,,,-197.64796447753906,-1.9414618015289307,17.93185043334961,194.6254425048828,194.91397094726562,0.0003,0.0003,0.1
,,,,,45118,329.62274,121,,,,,,,,
,,,,,45259,411.2966,141,,,,,,,,
,,,,,45387,364.73203,128,,,,,,,,
,,,,,45515,379.31522,128,,,,,,,,
,,,,,45637,308.6048,122,,,,,,,,
,,,,,45790,450.31943,153,,,,,,,,
,,,,,45916,347.88004,126,,,,,,,,
,,,,,46000,,,-203.2887420654297,-2.036238670349121,15.22932243347168,199.35174560546875,199.67294311523438,0.0003,0.0003,0.1
,,,,,46040,343.52615,124,,,,,,,,
,,,,,46167,364.43777,127,,,,,,,,
,,,,,46298,383.89618,131,,,,,,,,
,,,,,46441,413.35498,143,,,,,,,,
,,,,,46570,366.8057,129,,,,,,,,
,,,,,46701,367.72253,131,,,,,,,,
,,,,,46833,381.2249,132,,,,,,,,
,,,,,46968,374.73584,135,,,,,,,,
,,,,,47000,,,-202.6484375,-2.31318998336792,44.313255310058594,197.1756591796875,196.37428283691406,0.0003,0.0003,0.1
,,,,,47102,384.18,134,,,,,,,,
,,,,,47226,328.36075,124,,,,,,,,
,,,,,47356,366.12018,130,,,,,,,,
,,,,,47489,358.62787,133,,,,,,,,
,,,,,47632,409.61682,143,,,,,,,,
,,,,,47769,394.3871,137,,,,,,,,
,,,,,47859,178.97563,90,,,,,,,,
,,,,,47986,346.48456,127,,,,,,,,
,,,,,48000,,,-199.5236053466797,-2.3917717933654785,10.492326736450195,194.75428771972656,194.7965545654297,0.0003,0.0003,0.1
,,,,,48123,369.50128,137,,,,,,,,
,,,,,48260,386.8823,137,,,,,,,,
,,,,,48412,444.81616,152,,,,,,,,
,,,,,48504,173.65434,92,,,,,,,,
,,,,,48591,159.3933,87,,,,,,,,
,,,,,48681,167.55351,90,,,,,,,,
,,,,,48769,163.45921,88,,,,,,,,
,,,,,48874,196.94067,105,,,,,,,,
,,,,,48964,165.34215,90,,,,,,,,
,,,,,49000,,,-212.32139587402344,-2.163151264190674,8.05399227142334,208.93069458007812,208.8979949951172,0.0003,0.0003,0.1
,,,,,49055,172.90355,91,,,,,,,,
,,,,,49149,176.21288,94,,,,,,,,
,,,,,49239,172.69232,90,,,,,,,,
,,,,,49344,198.177,105,,,,,,,,
,,,,,49443,189.04732,99,,,,,,,,
,,,,,49544,187.78394,101,,,,,,,,
,,,,,49651,200.93347,107,,,,,,,,
,,,,,49759,221.31554,108,,,,,,,,
,,,,,49857,205.04955,98,,,,,,,,
,,,,,49954,208.27005,97,,,,,,,,
199.06937,6.885133,212.03595,188.9987,96.5,50000,,,-205.49267578125,-2.5676705837249756,6.806408405303955,200.36703491210938,200.36012268066406,0.0003,0.0003,0.1
,,,,,50050,194.89986,96,,,,,,,,
,,,,,50146,195.8989,96,,,,,,,,
,,,,,50243,209.4431,97,,,,,,,,
,,,,,50335,193.93723,92,,,,,,,,
,,,,,50436,215.19594,101,,,,,,,,
,,,,,50532,198.9624,96,,,,,,,,
,,,,,50630,212.0582,98,,,,,,,,
,,,,,50730,206.58449,100,,,,,,,,
,,,,,50839,234.85959,109,,,,,,,,
,,,,,50943,230.3042,104,,,,,,,,
,,,,,51000,,,-210.727294921875,-2.724130630493164,22.98175621032715,205.4388427734375,205.73435974121094,0.0003,0.0003,0.1
,,,,,51048,231.44417,105,,,,,,,,
,,,,,51151,227.05196,103,,,,,,,,
,,,,,51255,229.71214,104,,,,,,,,
,,,,,51354,216.49275,99,,,,,,,,
,,,,,51453,199.73723,99,,,,,,,,
,,,,,51561,235.05205,108,,,,,,,,
,,,,,51671,243.0731,110,,,,,,,,
,,,,,51778,224.798,107,,,,,,,,
,,,,,51893,285.193,115,,,,,,,,
,,,,,51993,205.08153,100,,,,,,,,
,,,,,52000,,,-211.4314727783203,-2.2252862453460693,8.297659873962402,208.7028045654297,208.76498413085938,0.0003,0.0003,0.1
,,,,,52129,386.73288,136,,,,,,,,
,,,,,52270,411.35953,141,,,,,,,,
,,,,,52421,446.01282,151,,,,,,,,
,,,,,52554,380.63834,133,,,,,,,,
,,,,,52674,331.62457,120,,,,,,,,
,,,,,52790,288.35953,116,,,,,,,,
,,,,,52912,336.47183,122,,,,,,,,
,,,,,53000,,,-209.76585388183594,-2.398373603820801,12.731575012207031,206.22634887695312,206.34962463378906,0.0003,0.0003,0.1
,,,,,53084,503.23978,172,,,,,,,,
,,,,,53206,337.34464,122,,,,,,,,
,,,,,53356,417.6397,150,,,,,,,,
,,,,,53501,374.97818,145,,,,,,,,
,,,,,53668,488.25067,167,,,,,,,,
,,,,,53799,373.45862,131,,,,,,,,
,,,,,53937,399.4255,138,,,,,,,,
,,,,,54000,,,-209.24317932128906,-2.2454051971435547,26.311603546142578,205.9842529296875,206.34356689453125,0.0003,0.0003,0.1
,,,,,54081,406.8411,144,,,,,,,,
,,,,,54218,369.65787,137,,,,,,,,
,,,,,54361,376.42847,143,,,,,,,,
,,,,,54488,357.84286,127,,,,,,,,
,,,,,54642,434.27155,154,,,,,,,,
,,,,,54781,366.36078,139,,,,,,,,
,,,,,54910,373.95663,129,,,,,,,,
354.28555,45.842552,446.50854,304.64832,138.3,55000,,,-212.2475128173828,-2.181234836578369,25.92538833618164,207.45982360839844,207.8101043701172,0.0003,0.0003,0.1
,,,,,55035,311.27982,125,,,,,,,,
,,,,,55172,352.67343,137,,,,,,,,
,,,,,55313,352.6075,141,,,,,,,,
,,,,,55441,309.22708,128,,,,,,,,
,,,,,55562,275.66727,121,,,,,,,,
,,,,,55698,353.1349,136,,,,,,,,
,,,,,55819,286.2223,121,,,,,,,,
,,,,,55951,318.13547,132,,,,,,,,
,,,,,56000,,,-213.4717254638672,-2.4843316078186035,11.705950736999512,211.4439239501953,211.8175048828125,0.0003,0.0003,0.1
,,,,,56092,379.5983,141,,,,,,,,
,,,,,56216,293.02426,124,,,,,,,,
,,,,,56340,309.7931,124,,,,,,,,
,,,,,56464,299.63147,124,,,,,,,,
,,,,,56589,310.82672,125,,,,,,,,
,,,,,56727,392.3093,138,,,,,,,,
,,,,,56852,288.1364,125,,,,,,,,
,,,,,56987,354.7326,135,,,,,,,,
,,,,,57000,,,-204.4815216064453,-2.9193780422210693,17.975309371948242,200.35467529296875,200.694091796875,0.0003,0.0003,0.1
,,,,,57105,287.11023,118,,,,,,,,
,,,,,57240,344.16068,135,,,,,,,,
,,,,,57372,341.48737,132,,,,,,,,
,,,,,57507,349.17596,135,,,,,,,,
,,,,,57634,307.6917,127,,,,,,,,
,,,,,57771,353.29056,137,,,,,,,,
,,,,,57903,345.62503,132,,,,,,,,
,,,,,58000,,,-220.92947387695312,-2.080955982208252,6.055044174194336,219.42434692382812,219.5482177734375,0.0003,0.0003,0.1
,,,,,58048,394.7551,145,,,,,,,,
,,,,,58203,445.56006,155,,,,,,,,
,,,,,58342,382.10883,139,,,,,,,,
,,,,,58494,425.866,152,,,,,,,,
,,,,,58634,330.9019,140,,,,,,,,
,,,,,58791,358.72144,157,,,,,,,,
,,,,,58912,263.56885,121,,,,,,,,
,,,,,58940,27.572847,28,,,,,,,,
,,,,,59000,,,-224.34783935546875,-2.030498504638672,72.39517974853516,219.63873291015625,219.37185668945312,0.0003,0.0003,0.1
,,,,,59100,337.944,160,,,,,,,,
,,,,,59255,322.17252,155,,,,,,,,
,,,,,59381,274.20612,126,,,,,,,,
,,,,,59540,446.618,159,,,,,,,,
,,,,,59669,298.76688,129,,,,,,,,
,,,,,59842,507.55338,173,,,,,,,,
,,,,,59976,305.06808,134,,,,,,,,
324.45636,44.56485,435.55704,281.51733,133.5,60000,,,-215.69091796875,-2.524296283721924,24.899385452270508,210.4368438720703,210.23342895507812,0.0003,0.0003,0.1
,,,,,60090,283.0684,114,,,,,,,,
,,,,,60220,295.0326,130,,,,,,,,
,,,,,60361,360.0474,141,,,,,,,,
,,,,,60503,408.82803,142,,,,,,,,
,,,,,60630,303.22876,127,,,,,,,,
,,,,,60791,473.49973,161,,,,,,,,
,,,,,60930,357.48666,139,,,,,,,,
,,,,,61000,,,-220.83224487304688,-2.5006103515625,7.1337151527404785,216.9425048828125,216.89443969726562,0.0003,0.0003,0.1
,,,,,61057,297.5999,127,,,,,,,,
,,,,,61192,337.71494,135,,,,,,,,
,,,,,61313,282.7053,121,,,,,,,,
,,,,,61454,377.94626,141,,,,,,,,
,,,,,61592,344.11365,138,,,,,,,,
,,,,,61728,330.2594,136,,,,,,,,
,,,,,61873,362.11227,145,,,,,,,,
,,,,,62000,,,-231.6727294921875,-2.641268491744995,36.69376754760742,226.37767028808594,226.2537384033203,0.0003,0.0003,0.1
,,,,,62008,340.46823,135,,,,,,,,
,,,,,62149,359.4073,141,,,,,,,,
,,,,,62281,345.7736,132,,,,,,,,
,,,,,62430,404.72064,149,,,,,,,,
,,,,,62584,436.26163,154,,,,,,,,
,,,,,62721,334.42734,137,,,,,,,,
,,,,,62859,348.13358,138,,,,,,,,
,,,,,63000,,,-221.69760131835938,-2.5222182273864746,69.58741760253906,215.90158081054688,215.84747314453125,0.0003,0.0003,0.1
,,,,,63011,414.66348,152,,,,,,,,
,,,,,63153,367.07034,142,,,,,,,,
,,,,,63297,400.1297,144,,,,,,,,
,,,,,63435,366.37152,138,,,,,,,,
,,,,,63563,296.02658,128,,,,,,,,
,,,,,63733,497.10953,170,,,,,,,,
,,,,,63868,367.6909,135,,,,,,,,
,,,,,64000,,,-233.814453125,-2.5802018642425537,10.953577041625977,231.47190856933594,231.6466827392578,0.0003,0.0003,0.1
,,,,,64042,513.2735,174,,,,,,,,
,,,,,64178,369.78375,136,,,,,,,,
,,,,,64358,573.97156,180,,,,,,,,
,,,,,64546,545.4381,188,,,,,,,,
,,,,,64716,519.9011,170,,,,,,,,
,,,,,64889,503.80954,173,,,,,,,,
248.54373,157.17082,597.45825,92.130104,105.5,65000,,,-227.5942840576172,-3.2542498111724854,14.27282428741455,224.13656616210938,224.26406860351562,0.0003,0.0003,0.1
,,,,,65024,332.8332,135,,,,,,,,
,,,,,65114,178.29497,90,,,,,,,,
,,,,,65189,152.05823,75,,,,,,,,
,,,,,65251,116.3287,62,,,,,,,,
,,,,,65453,572.94604,202,,,,,,,,
,,,,,65632,578.4179,179,,,,,,,,
,,,,,65792,358.18652,160,,,,,,,,
,,,,,65887,175.69286,95,,,,,,,,
,,,,,66000,,,-220.54196166992188,-2.838181495666504,27.101350784301758,215.33792114257812,215.09347534179688,0.0003,0.0003,0.1
,,,,,66034,442.80722,147,,,,,,,,
,,,,,66170,356.59903,136,,,,,,,,
,,,,,66269,201.96771,99,,,,,,,,
,,,,,66399,319.7775,130,,,,,,,,
,,,,,66552,466.5725,153,,,,,,,,
,,,,,66703,467.7515,151,,,,,,,,
,,,,,66877,562.3193,174,,,,,,,,
,,,,,66998,327.43024,121,,,,,,,,
,,,,,67000,,,-225.96929931640625,-2.8869869709014893,33.73551559448242,221.25155639648438,221.14256286621094,0.0003,0.0003,0.1
,,,,,67142,447.9896,144,,,,,,,,
,,,,,67298,496.59454,156,,,,,,,,
,,,,,67459,472.66812,161,,,,,,,,
,,,,,67639,521.8711,180,,,,,,,,
,,,,,67796,413.41653,157,,,,,,,,
,,,,,67914,312.23755,118,,,,,,,,
,,,,,68000,,,-225.6331329345703,-2.481995105743408,6.3147406578063965,223.40879821777344,223.37496948242188,0.0003,0.0003,0.1
,,,,,68025,270.54498,111,,,,,,,,
,,,,,68174,407.19052,149,,,,,,,,
,,,,,68313,422.8103,139,,,,,,,,
,,,,,68492,577.84265,179,,,,,,,,
,,,,,68597,265.905,105,,,,,,,,
,,,,,68791,591.9386,194,,,,,,,,
,,,,,68932,380.29477,141,,,,,,,,
,,,,,69000,,,-228.3352813720703,-3.089766025543213,13.578962326049805,222.51046752929688,222.50396728515625,0.0003,0.0003,0.1
,,,,,69121,588.83777,189,,,,,,,,
,,,,,69310,613.19995,189,,,,,,,,
,,,,,69448,376.5044,138,,,,,,,,
,,,,,69649,643.8943,201,,,,,,,,
,,,,,69807,455.28732,158,,,,,,,,
567.7076,73.35156,647.0337,424.63135,178.4,70000,,,-231.84439086914062,-2.7438223361968994,15.072601318359375,227.8979034423828,228.16506958007812,0.0003,0.0003,0.1
,,,,,70003,642.61176,196,,,,,,,,
,,,,,70205,646.81433,202,,,,,,,,
,,,,,70391,548.2838,186,,,,,,,,
,,,,,70559,461.6962,168,,,,,,,,
,,,,,70734,540.97107,175,,,,,,,,
,,,,,70906,499.05026,172,,,,,,,,
,,,,,71000,,,-236.5149688720703,-2.6524534225463867,5.903141498565674,233.6333465576172,233.4773712158203,0.0003,0.0003,0.1
,,,,,71106,629.0433,200,,,,,,,,
,,,,,71303,562.44226,197,,,,,,,,
,,,,,71504,574.85095,201,,,,,,,,
,,,,,71683,545.2751,179,,,,,,,,
,,,,,71893,612.98035,210,,,,,,,,
,,,,,72000,,,-235.8563995361328,-2.489044666290283,10.014430046081543,233.14434814453125,233.06707763671875,0.0003,0.0003,0.1
,,,,,72092,644.7913,199,,,,,,,,
,,,,,72284,564.60266,192,,,,,,,,
,,,,,72470,562.2408,186,,,,,,,,
,,,,,72676,669.147,206,,,,,,,,
,,,,,72873,566.0184,197,,,,,,,,
,,,,,73000,,,-238.13650512695312,-2.271277666091919,6.03811502456665,235.26405334472656,235.61236572265625,0.0003,0.0003,0.1
,,,,,73073,635.505,200,,,,,,,,
,,,,,73253,546.6028,180,,,,,,,,
,,,,,73472,644.4044,219,,,,,,,,
,,,,,73670,534.0671,198,,,,,,,,
,,,,,73865,606.19183,195,,,,,,,,
,,,,,74000,,,-239.1732177734375,-2.39202880859375,43.99269485473633,236.59414672851562,235.79832458496094,0.0003,0.0003,0.1
,,,,,74054,600.9687,189,,,,,,,,
,,,,,74262,664.4586,208,,,,,,,,
,,,,,74455,638.7859,193,,,,,,,,
,,,,,74648,576.541,193,,,,,,,,
,,,,,74849,591.10114,201,,,,,,,,
614.88574,19.516619,654.48865,591.18884,199.1,75000,,,-238.31063842773438,-2.729863166809082,36.43529510498047,235.9130096435547,234.7828369140625,0.0003,0.0003,0.1
,,,,,75045,620.64636,196,,,,,,,,
,,,,,75242,634.9239,197,,,,,,,,
,,,,,75440,637.9889,198,,,,,,,,
,,,,,75650,661.9629,210,,,,,,,,
,,,,,75839,567.7644,189,,,,,,,,
,,,,,76000,,,-238.24826049804688,-2.415235996246338,13.663719177246094,235.3517303466797,235.62176513671875,0.0003,0.0003,0.1
,,,,,76042,645.777,203,,,,,,,,
,,,,,76228,582.85864,186,,,,,,,,
,,,,,76405,518.36774,177,,,,,,,,
,,,,,76580,533.1045,175,,,,,,,,
,,,,,76752,517.1185,172,,,,,,,,
,,,,,76930,559.64886,178,,,,,,,,
,,,,,77000,,,-245.2799530029297,-2.482184410095215,61.65687942504883,241.61407470703125,240.9732666015625,0.0003,0.0003,0.1
,,,,,77109,575.052,179,,,,,,,,
,,,,,77282,534.67474,173,,,,,,,,
,,,,,77471,571.83307,189,,,,,,,,
,,,,,77655,552.15955,184,,,,,,,,
,,,,,77846,579.3402,191,,,,,,,,
,,,,,78000,,,-239.72862243652344,-2.8052656650543213,13.831250190734863,237.29421997070312,237.14260864257812,0.0003,0.0003,0.1
,,,,,78016,500.88452,170,,,,,,,,
,,,,,78185,497.81427,169,,,,,,,,
,,,,,78358,512.2058,173,,,,,,,,
,,,,,78543,560.9997,185,,,,,,,,
,,,,,78737,612.8334,194,,,,,,,,
,,,,,78928,612.76776,191,,,,,,,,
,,,,,79000,,,-243.00711059570312,-2.3330512046813965,32.35040283203125,240.76409912109375,241.2079315185547,0.0003,0.0003,0.1
,,,,,79123,626.51575,195,,,,,,,,
,,,,,79310,587.4936,187,,,,,,,,
,,,,,79493,547.59125,183,,,,,,,,
,,,,,79681,568.1993,188,,,,,,,,
,,,,,79867,552.5112,186,,,,,,,,
570.5169,39.070118,620.73224,504.54172,192.9,80000,,,-232.1707000732422,-3.2516231536865234,18.97588348388672,227.47825622558594,226.98907470703125,0.0003,0.0003,0.1
,,,,,80048,518.10754,181,,,,,,,,
,,,,,80243,587.26135,195,,,,,,,,
,,,,,80423,504.1726,180,,,,,,,,
,,,,,80601,491.12015,178,,,,,,,,
,,,,,80785,561.17084,184,,,,,,,,
,,,,,80927,331.4525,142,,,,,,,,
,,,,,81000,,,-240.6016082763672,-2.260239839553833,10.976767539978027,238.52342224121094,238.6688690185547,0.0003,0.0003,0.1
,,,,,81096,497.77783,169,,,,,,,,
,,,,,81286,559.4348,190,,,,,,,,
,,,,,81460,498.95197,174,,,,,,,,
,,,,,81658,611.1589,198,,,,,,,,
,,,,,81847,563.79706,189,,,,,,,,
,,,,,82000,,,-242.6221160888672,-2.5138840675354004,8.202672958374023,240.5972137451172,240.87155151367188,0.0003,0.0003,0.1
,,,,,82031,548.46844,184,,,,,,,,
,,,,,82216,542.3495,185,,,,,,,,
,,,,,82358,372.56363,142,,,,,,,,
,,,,,82547,536.99146,189,,,,,,,,
,,,,,82729,529.5969,182,,,,,,,,
,,,,,82857,265.4037,128,,,,,,,,
,,,,,82991,331.24445,134,,,,,,,,
,,,,,83000,,,-246.53370666503906,-2.696722984313965,67.6977767944336,241.56358337402344,241.03248596191406,0.0003,0.0003,0.1
,,,,,83168,510.78976,177,,,,,,,,
,,,,,83209,67.84569,41,,,,,,,,
,,,,,83336,277.0512,127,,,,,,,,
,,,,,83514,541.63513,178,,,,,,,,
,,,,,83686,497.14047,172,,,,,,,,
,,,,,83863,511.08627,177,,,,,,,,
,,,,,83986,283.23697,123,,,,,,,,
,,,,,84000,,,-246.35060119628906,-2.5948078632354736,6.680563926696777,243.08811950683594,242.53570556640625,0.0003,0.0003,0.1
,,,,,84170,570.6179,184,,,,,,,,
,,,,,84350,533.4661,180,,,,,,,,
,,,,,84518,474.46774,168,,,,,,,,
,,,,,84700,547.14264,182,,,,,,,,
,,,,,84875,526.52295,175,,,,,,,,
588.12415,38.459545,687.7054,547.39996,182.2,85000,,,-239.67413330078125,-2.7580935955047607,9.198516845703125,234.64076232910156,234.47723388671875,0.0003,0.0003,0.1
,,,,,85057,568.4894,182,,,,,,,,
,,,,,85247,590.6299,190,,,,,,,,
,,,,,85415,479.16223,168,,,,,,,,
,,,,,85599,614.04913,184,,,,,,,,
,,,,,85782,633.11774,183,,,,,,,,
,,,,,85971,609.5464,189,,,,,,,,
,,,,,86000,,,-239.0997772216797,-2.413461685180664,236.21217346191406,234.0486602783203,234.5093536376953,0.0003,0.0003,0.1
,,,,,86151,564.97614,180,,,,,,,,
,,,,,86281,315.16013,130,,,,,,,,
,,,,,86450,566.7204,169,,,,,,,,
,,,,,86630,574.53326,180,,,,,,,,
,,,,,86755,289.24536,125,,,,,,,,
,,,,,86929,556.4497,174,,,,,,,,
,,,,,87000,,,-240.64889526367188,-2.5697100162506104,11.750771522521973,236.32073974609375,235.7881622314453,0.0003,0.0003,0.1
,,,,,87096,494.39987,167,,,,,,,,
,,,,,87262,493.15503,166,,,,,,,,
,,,,,87432,543.2954,170,,,,,,,,
,,,,,87608,531.3795,176,,,,,,,,
,,,,,87809,675.88135,201,,,,,,,,
,,,,,87980,556.7515,171,,,,,,,,
,,,,,88000,,,-250.92074584960938,-2.6444244384765625,10.217365264892578,247.31829833984375,247.37271118164062,0.0003,0.0003,0.1
,,,,,88155,596.7207,175,,,,,,,,
,,,,,88324,555.38293,169,,,,,,,,
,,,,,88503,568.28253,179,,,,,,,,
,,,,,88688,593.44794,185,,,,,,,,
,,,,,88879,627.6204,191,,,,,,,,
,,,,,89000,,,-241.72059631347656,-2.871171712875366,68.82008361816406,235.14341735839844,234.98458862304688,0.0003,0.0003,0.1
,,,,,89070,623.3077,191,,,,,,,,
,,,,,89243,540.4238,173,,,,,,,,
,,,,,89429,601.70123,186,,,,,,,,
,,,,,89616,629.81805,187,,,,,,,,
,,,,,89775,540.0022,159,,,,,,,,
,,,,,89948,521.9942,173,,,,,,,,
313.35797,257.99658,592.355,49.30864,100.7,90000,,,-245.4610595703125,-2.3384931087493896,5.47927713394165,244.02467346191406,244.11611938476562,0.0003,0.0003,0.1
,,,,,90123,552.48,175,,,,,,,,
,,,,,90154,53.55472,31,,,,,,,,
,,,,,90332,610.3292,178,,,,,,,,
,,,,,90498,506.32092,166,,,,,,,,
,,,,,90686,645.15173,188,,,,,,,,
,,,,,90875,634.2061,189,,,,,,,,
,,,,,91000,,,-246.49252319335938,-2.4179646968841553,21.517723083496094,242.58053588867188,242.46507263183594,0.0003,0.0003,0.1
,,,,,91057,571.29126,182,,,,,,,,
,,,,,91247,596.09576,190,,,,,,,,
,,,,,91411,449.39377,164,,,,,,,,
,,,,,91580,508.807,169,,,,,,,,
,,,,,91763,581.2479,183,,,,,,,,
,,,,,91949,594.6907,186,,,,,,,,
,,,,,92000,,,-241.18482971191406,-2.8665103912353516,12.786415100097656,237.69984436035156,237.97801208496094,0.0003,0.0003,0.1
,,,,,92121,532.64874,172,,,,,,,,
,,,,,92296,561.39453,175,,,,,,,,
,,,,,92488,657.9321,192,,,,,,,,
,,,,,92646,454.095,158,,,,,,,,
,,,,,92843,645.97064,197,,,,,,,,
,,,,,93000,,,-243.8848114013672,-2.632498264312744,15.140053749084473,238.5932159423828,238.08445739746094,0.0003,0.0003,0.1
,,,,,93032,610.9625,189,,,,,,,,
,,,,,93216,545.8917,184,,,,,,,,
,,,,,93399,535.5749,183,,,,,,,,
,,,,,93566,486.43564,167,,,,,,,,
,,,,,93745,507.70663,179,,,,,,,,
,,,,,93918,507.4174,173,,,,,,,,
,,,,,94000,,,-249.8899688720703,-2.818239212036133,20.250028610229492,246.33042907714844,246.31045532226562,0.0003,0.0003,0.1
,,,,,94097,556.4584,179,,,,,,,,
,,,,,94276,579.18866,179,,,,,,,,
,,,,,94450,550.2474,174,,,,,,,,
,,,,,94637,558.58356,187,,,,,,,,
,,,,,94822,611.776,185,,,,,,,,
,,,,,94964,336.54135,142,,,,,,,,
458.79956,138.94417,646.48334,279.89325,159.6,95000,,,-242.94970703125,-2.9104671478271484,6.4752936363220215,239.90052795410156,240.23822021484375,0.0003,0.0003,0.1
,,,,,95115,466.14615,151,,,,,,,,
,,,,,95315,592.4319,200,,,,,,,,
,,,,,95480,444.32703,165,,,,,,,,
,,,,,95662,523.8157,182,,,,,,,,
,,,,,95830,544.39417,168,,,,,,,,
,,,,,96000,,,-248.01722717285156,-2.3664743900299072,11.299081802368164,245.58241271972656,245.3275909423828,0.0003,0.0003,0.1
,,,,,96015,599.09344,185,,,,,,,,
,,,,,96178,515.05585,163,,,,,,,,
,,,,,96365,581.97253,187,,,,,,,,
,,,,,96418,93.04912,53,,,,,,,,
,,,,,96588,507.63135,170,,,,,,,,
,,,,,96752,511.51822,164,,,,,,,,
,,,,,96908,419.74817,156,,,,,,,,
,,,,,97000,,,-255.67364501953125,-2.638183832168579,9.269561767578125,253.64910888671875,253.80918884277344,0.0003,0.0003,0.1
,,,,,97062,438.92047,154,,,,,,,,
,,,,,97242,611.28143,180,,,,,,,,
,,,,,97430,639.90564,188,,,,,,,,
,,,,,97596,516.6915,166,,,,,,,,
,,,,,97773,496.66504,177,,,,,,,,
,,,,,97942,515.3579,169,,,,,,,,
,,,,,98000,,,-251.73580932617188,-2.930436134338379,60.90353775024414,249.13623046875,248.386962890625,0.0003,0.0003,0.1
,,,,,98107,465.25137,165,,,,,,,,
,,,,,98297,652.11273,190,,,,,,,,
,,,,,98479,621.5865,182,,,,,,,,
,,,,,98672,631.6993,193,,,,,,,,
,,,,,98858,608.3686,186,,,,,,,,
,,,,,99000,,,-249.0311279296875,-2.5576422214508057,8.196802139282227,245.0458984375,245.08856201171875,0.0003,0.0003,0.1
,,,,,99059,723.8542,201,,,,,,,,
,,,,,99248,660.14856,189,,,,,,,,
,,,,,99409,453.63882,161,,,,,,,,
,,,,,99593,600.07733,184,,,,,,,,
,,,,,99752,504.68237,159,,,,,,,,
,,,,,99909,483.02728,157,,,,,,,,
536.8237,78.79849,660.8874,425.46375,171.0,100000,,,-259.0320129394531,-2.327052593231201,21.215679168701172,255.60250854492188,256.0097961425781,0.0003,0.0003,0.1
,,,,,100097,638.716,188,,,,,,,,
,,,,,100272,574.95074,175,,,,,,,,
,,,,,100435,524.2913,163,,,,,,,,
,,,,,100601,518.6842,166,,,,,,,,
,,,,,100752,480.29135,151,,,,,,,,
,,,,,100947,619.4759,195,,,,,,,,
,,,,,101000,,,-248.60472106933594,-2.758056163787842,8.16892147064209,245.62037658691406,245.40708923339844,0.0003,0.0003,0.1
,,,,,101126,587.3164,179,,,,,,,,
,,,,,101266,422.1909,140,,,,,,,,
,,,,,101429,530.1949,163,,,,,,,,
,,,,,101590,528.32025,161,,,,,,,,
,,,,,101704,299.61624,114,,,,,,,,
,,,,,101828,343.43237,124,,,,,,,,
,,,,,102000,,,-253.8881378173828,-2.503798723220825,11.61318302154541,251.04946899414062,251.0258026123047,0.0003,0.0003,0.1
,,,,,102001,508.62186,173,,,,,,,,
,,,,,102125,344.5333,124,,,,,,,,
,,,,,102292,546.39655,167,,,,,,,,
,,,,,102447,420.40964,155,,,,,,,,
,,,,,102606,476.64096,159,,,,,,,,
,,,,,102764,484.87076,158,,,,,,,,
,,,,,102903,400.01883,139,,,,,,,,
,,,,,103000,,,-258.14373779296875,-2.589616537094116,5.258085250854492,255.60671997070312,255.67539978027344,0.0003,0.0003,0.1
,,,,,103093,598.5078,190,,,,,,,,
,,,,,103258,466.16293,165,,,,,,,,
,,,,,103422,493.24057,164,,,,,,,,
,,,,,103582,446.428,160,,,,,,,,
,,,,,103740,457.00745,158,,,,,,,,
,,,,,103909,469.4689,169,,,,,,,,
,,,,,104000,,,-253.81512451171875,-2.67873477935791,13.002309799194336,249.3011932373047,249.56776428222656,0.0003,0.0003,0.1
,,,,,104023,312.05334,114,,,,,,,,
,,,,,104171,385.86685,148,,,,,,,,
,,,,,104329,446.35648,158,,,,,,,,
,,,,,104477,376.61957,148,,,,,,,,
,,,,,104646,495.7758,169,,,,,,,,
,,,,,104831,591.8903,185,,,,,,,,
,,,,,104999,492.1291,168,,,,,,,,
453.87347,142.80707,552.58905,40.706783,155.6,105000,,,-254.8221435546875,-2.539292335510254,22.879924774169922,251.6981964111328,251.4552459716797,0.0003,0.0003,0.1
,,,,,105165,472.2353,166,,,,,,,,
,,,,,105347,569.1246,182,,,,,,,,
,,,,,105513,500.4437,166,,,,,,,,
,,,,,105675,426.14822,162,,,,,,,,
,,,,,105842,498.3682,167,,,,,,,,
,,,,,106000,,,-257.03582763671875,-3.0421855449676514,27.284469604492188,252.6615447998047,252.74505615234375,0.0003,0.0003,0.1
,,,,,106010,472.69098,168,,,,,,,,
,,,,,106168,481.09366,158,,,,,,,,
,,,,,106325,414.1689,157,,,,,,,,
,,,,,106498,520.38745,173,,,,,,,,
,,,,,106679,522.86255,181,,,,,,,,
,,,,,106812,278.48468,133,,,,,,,,
,,,,,106842,51.564014,30,,,,,,,,
,,,,,106871,49.497524,29,,,,,,,,
,,,,,107000,,,-249.97402954101562,-2.736560106277466,19.24755096435547,247.31744384765625,247.38821411132812,0.0003,0.0003,0.1
,,,,,107034,564.86487,163,,,,,,,,
,,,,,107210,492.04712,176,,,,,,,,
,,,,,107346,301.9023,136,,,,,,,,
,,,,,107372,44.957302,26,,,,,,,,
,,,,,107571,558.4364,199,,,,,,,,
,,,,,107759,582.21783,188,,,,,,,,
,,,,,107938,479.25397,179,,,,,,,,
,,,,,108000,,,-250.4376220703125,-2.846461772918701,14.431745529174805,247.64321899414062,246.84124755859375,0.0003,0.0003,0.1
,,,,,108007,133.14482,69,,,,,,,,
,,,,,108038,53.884686,31,,,,,,,,
,,,,,108222,537.9057,184,,,,,,,,
,,,,,108248,44.724316,26,,,,,,,,
,,,,,108442,655.5263,194,,,,,,,,
,,,,,108640,616.0699,198,,,,,,,,
,,,,,108667,47.66418,27,,,,,,,,
,,,,,108841,588.8877,174,,,,,,,,
,,,,,109000,,,-253.29795837402344,-2.7317025661468506,19.661846160888672,249.68748474121094,249.01625061035156,0.0003,0.0003,0.1
,,,,,109024,518.0406,183,,,,,,,,
,,,,,109157,362.04242,133,,,,,,,,
,,,,,109311,469.3322,154,,,,,,,,
,,,,,109505,676.7094,194,,,,,,,,
,,,,,109689,597.1054,184,,,,,,,,
,,,,,109809,260.31268,120,,,,,,,,
605.9622,37.316795,658.2893,538.9137,191.4,110000,,,-262.3216552734375,-2.388258934020996,12.66317367553711,260.6495666503906,260.5087585449219,0.0003,0.0003,0.1
,,,,,110008,623.8878,199,,,,,,,,
,,,,,110209,621.0491,201,,,,,,,,
,,,,,110405,626.8713,196,,,,,,,,
,,,,,110593,521.94147,188,,,,,,,,
,,,,,110780,525.309,187,,,,,,,,
,,,,,110973,620.4459,193,,,,,,,,
,,,,,111000,,,-241.64503479003906,-3.2737739086151123,16.742591857910156,237.42068481445312,237.3023223876953,0.0003,0.0003,0.1
,,,,,111170,703.6875,197,,,,,,,,
,,,,,111369,567.48737,199,,,,,,,,
,,,,,111577,714.392,208,,,,,,,,
,,,,,111781,691.92914,204,,,,,,,,
,,,,,111974,696.3217,193,,,,,,,,
,,,,,112000,,,-257.4709167480469,-2.1158134937286377,13.74211311340332,255.7584228515625,255.5778350830078,0.0003,0.0003,0.1
,,,,,112150,562.92914,176,,,,,,,,
,,,,,112355,628.7528,205,,,,,,,,
,,,,,112559,664.0303,204,,,,,,,,
,,,,,112736,562.42816,177,,,,,,,,
,,,,,112906,522.033,170,,,,,,,,
,,,,,113000,,,-255.53863525390625,-2.5524377822875977,10.275310516357422,254.0155029296875,253.88836669921875,0.0003,0.0003,0.1
,,,,,113090,584.9165,184,,,,,,,,
,,,,,113289,590.01306,199,,,,,,,,
,,,,,113468,557.49146,179,,,,,,,,
,,,,,113655,583.393,187,,,,,,,,
,,,,,113828,546.2088,173,,,,,,,,
,,,,,114000,,,-242.74713134765625,-3.122385025024414,31.120084762573242,239.12893676757812,238.76287841796875,0.0003,0.0003,0.1
,,,,,114012,595.8224,184,,,,,,,,
,,,,,114192,551.4058,180,,,,,,,,
,,,,,114346,415.41504,154,,,,,,,,
,,,,,114495,388.23813,149,,,,,,,,
,,,,,114673,563.4467,178,,,,,,,,
,,,,,114867,653.03705,194,,,,,,,,
567.2777,141.88242,663.2209,153.41484,175.7,115000,,,-252.0428924560547,-2.8336920738220215,28.866138458251953,248.16793823242188,248.51637268066406,0.0003,0.0003,0.1
,,,,,115046,553.75134,179,,,,,,,,
,,,,,115215,508.59497,169,,,,,,,,
,,,,,115407,654.17505,192,,,,,,,,
,,,,,115601,601.69196,194,,,,,,,,
,,,,,115674,150.50722,73,,,,,,,,
,,,,,115863,548.7357,189,,,,,,,,
,,,,,116000,,,-249.17010498046875,-2.8559210300445557,13.35938549041748,246.1688995361328,246.34719848632812,0.0003,0.0003,0.1
,,,,,116046,607.9775,183,,,,,,,,
,,,,,116223,583.2729,177,,,,,,,,
,,,,,116389,522.82367,166,,,,,,,,
,,,,,116551,508.45706,162,,,,,,,,
,,,,,116728,579.49207,177,,,,,,,,
,,,,,116908,520.76556,180,,,,,,,,
,,,,,117000,,,-244.4516143798828,-2.780158281326294,20.728046417236328,242.2887725830078,242.6057891845703,0.0003,0.0003,0.1
,,,,,117109,635.99084,201,,,,,,,,
,,,,,117281,515.4819,172,,,,,,,,
,,,,,117466,599.3763,185,,,,,,,,
,,,,,117664,672.5568,198,,,,,,,,
,,,,,117871,690.27734,207,,,,,,,,
,,,,,118000,,,-260.6220703125,-2.910569429397583,35.1157341003418,255.75927734375,256.3493957519531,0.0003,0.0003,0.1
,,,,,118081,721.7495,210,,,,,,,,
,,,,,118241,467.47058,160,,,,,,,,
,,,,,118428,612.1318,187,,,,,,,,
,,,,,118609,598.25806,181,,,,,,,,
,,,,,118791,560.88257,182,,,,,,,,
,,,,,118960,513.0428,169,,,,,,,,
,,,,,119000,,,-258.7947692871094,-2.252169132232666,5.348854064941406,257.3614501953125,257.6814270019531,0.0003,0.0003,0.1
,,,,,119149,641.9241,189,,,,,,,,
,,,,,119321,545.85095,172,,,,,,,,
,,,,,119509,652.3141,188,,,,,,,,
,,,,,119692,550.22614,183,,,,,,,,
,,,,,119863,517.8519,171,,,,,,,,
605.5328,38.2186,673.7319,554.1067,183.0,120000,,,-264.27764892578125,-2.523575782775879,7.380600929260254,260.5690002441406,260.9525146484375,0.0003,0.0003,0.1
,,,,,120044,560.817,181,,,,,,,,
,,,,,120235,660.5047,191,,,,,,,,
,,,,,120406,539.82336,171,,,,,,,,
,,,,,120589,579.4946,183,,,,,,,,
,,,,,120771,542.9406,182,,,,,,,,
,,,,,120947,552.08575,176,,,,,,,,
,,,,,121000,,,-256.669677734375,-3.017033338546753,37.59434127807617,254.05892944335938,252.7386016845703,0.0003,0.0003,0.1
,,,,,121121,525.4622,174,,,,,,,,
,,,,,121270,370.30283,149,,,,,,,,
,,,,,121448,560.63477,178,,,,,,,,
,,,,,121631,604.4388,183,,,,,,,,
,,,,,121795,495.77747,164,,,,,,,,
,,,,,121961,501.81406,166,,,,,,,,
,,,,,122000,,,-259.32861328125,-2.579524278640747,78.7669677734375,256.93505859375,256.49859619140625,0.0003,0.0003,0.1
,,,,,122128,529.0834,167,,,,,,,,
,,,,,122297,526.7571,169,,,,,,,,
,,,,,122465,517.6594,168,,,,,,,,
,,,,,122637,538.2004,172,,,,,,,,
,,,,,122837,646.6406,200,,,,,,,,
,,,,,123000,,,-251.8013916015625,-2.649501323699951,24.489757537841797,249.54119873046875,249.97299194335938,0.0003,0.0003,0.1
,,,,,123030,604.78674,193,,,,,,,,
,,,,,123206,556.7037,176,,,,,,,,
,,,,,123376,530.3164,170,,,,,,,,
,,,,,123566,613.1209,190,,,,,,,,
,,,,,123759,628.5273,193,,,,,,,,
,,,,,123928,523.406,169,,,,,,,,
,,,,,124000,,,-268.01165771484375,-2.5396053791046143,41.940895080566406,265.6075134277344,265.4219970703125,0.0003,0.0003,0.1
,,,,,124112,578.25494,184,,,,,,,,
,,,,,124295,580.9274,183,,,,,,,,
,,,,,124465,508.1783,170,,,,,,,,
,,,,,124642,533.1415,177,,,,,,,,
,,,,,124829,600.2039,187,,,,,,,,
,,,,,124998,536.94745,169,,,,,,,,
584.9968,25.534056,629.453,552.6,184.2,125000,,,-255.01553344726562,-2.7546255588531494,9.433488845825195,253.2056121826172,253.05142211914062,0.0003,0.0003,0.1
,,,,,125196,659.1861,198,,,,,,,,
,,,,,125381,589.702,185,,,,,,,,
,,,,,125559,583.80426,178,,,,,,,,
,,,,,125753,657.4046,194,,,,,,,,
,,,,,125936,582.56635,183,,,,,,,,
,,,,,126000,,,-262.3788757324219,-2.667025089263916,28.822969436645508,259.71484375,259.8867492675781,0.0003,0.0003,0.1
,,,,,126134,657.2767,198,,,,,,,,
,,,,,126319,590.13055,185,,,,,,,,
,,,,,126504,569.22534,185,,,,,,,,
,,,,,126682,561.62946,178,,,,,,,,
,,,,,126860,567.10187,178,,,,,,,,
,,,,,127000,,,-260.78582763671875,-2.6213786602020264,8.843093872070312,258.43231201171875,258.7930908203125,0.0003,0.0003,0.1
,,,,,127057,643.71436,197,,,,,,,,
,,,,,127241,571.28937,184,,,,,,,,
,,,,,127307,123.461174,66,,,,,,,,
,,,,,127487,572.70044,180,,,,,,,,
,,,,,127676,584.68616,189,,,,,,,,
,,,,,127853,580.0588,177,,,,,,,,
,,,,,128000,,,-257.5433044433594,-2.9234657287597656,8.317180633544922,255.4164581298828,255.10147094726562,0.0003,0.0003,0.1
,,,,,128025,567.9575,172,,,,,,,,
,,,,,128236,653.9452,211,,,,,,,,
,,,,,128411,541.51855,175,,,,,,,,
,,,,,128594,597.3387,183,,,,,,,,
,,,,,128792,706.51886,198,,,,,,,,
,,,,,128995,683.45184,203,,,,,,,,
,,,,,129000,,,-253.70138549804688,-3.0696165561676025,10.880003929138184,251.56842041015625,251.3083038330078,0.0003,0.0003,0.1
,,,,,129194,646.8064,199,,,,,,,,
,,,,,129390,652.0826,196,,,,,,,,
,,,,,129597,694.87994,207,,,,,,,,
,,,,,129778,601.33765,181,,,,,,,,
,,,,,129934,452.90958,156,,,,,,,,
655.37714,36.641636,691.73584,575.54565,197.5,130000,,,-262.6560363769531,-2.433959722518921,69.65640258789062,259.8620300292969,259.681396484375,0.0003,0.0003,0.1
,,,,,130132,650.5994,198,,,,,,,,
,,,,,130332,612.581,200,,,,,,,,
,,,,,130534,736.16504,202,,,,,,,,
,,,,,130713,588.1461,179,,,,,,,,
,,,,,130915,636.958,202,,,,,,,,
,,,,,131000,,,-256.1016845703125,-2.145327568054199,105.47501373291016,251.76953125,251.55572509765625,0.0003,0.0003,0.1
,,,,,131125,724.43066,210,,,,,,,,
,,,,,131247,252.65802,122,,,,,,,,
,,,,,131445,683.9515,198,,,,,,,,
,,,,,131647,711.6767,202,,,,,,,,
,,,,,131816,534.85443,169,,,,,,,,
,,,,,132000,,,-256.14654541015625,-2.3422818183898926,23.276851654052734,253.9109344482422,254.28564453125,0.0003,0.0003,0.1
,,,,,132025,644.9371,209,,,,,,,,
,,,,,132229,650.3467,204,,,,,,,,
,,,,,132402,572.45123,173,,,,,,,,
,,,,,132544,352.73804,142,,,,,,,,
,,,,,132757,706.90137,213,,,,,,,,
,,,,,132962,683.9809,205,,,,,,,,
,,,,,133000,,,-263.3137512207031,-2.0681653022766113,10.392097473144531,261.39154052734375,262.1175231933594,0.0003,0.0003,0.1
,,,,,133166,680.9786,204,,,,,,,,
,,,,,133333,559.5656,167,,,,,,,,
,,,,,133510,588.80566,177,,,,,,,,
,,,,,133656,365.2154,146,,,,,,,,
,,,,,133853,685.4864,197,,,,,,,,
,,,,,134000,,,-250.76760864257812,-2.315887689590454,15.825936317443848,248.56912231445312,247.8622283935547,0.0003,0.0003,0.1
,,,,,134062,662.6347,209,,,,,,,,
,,,,,134254,627.56854,192,,,,,,,,
,,,,,134482,818.58374,228,,,,,,,,
,,,,,134663,623.80945,181,,,,,,,,
,,,,,134852,673.89215,189,,,,,,,,
558.38416,175.89725,663.7162,45.35474,165.5,135000,,,-254.07891845703125,-2.783048391342163,69.75361633300781,250.84652709960938,250.54290771484375,0.0003,0.0003,0.1
,,,,,135042,661.17365,190,,,,,,,,
,,,,,135232,667.2439,190,,,,,,,,
,,,,,135429,698.5744,197,,,,,,,,
,,,,,135476,81.71652,47,,,,,,,,
,,,,,135654,601.21484,178,,,,,,,,
,,,,,135854,660.3478,200,,,,,,,,
,,,,,136000,,,-261.62261962890625,-2.126980781555176,4.852202415466309,259.9905090332031,259.891845703125,0.0003,0.0003,0.1
,,,,,136045,653.4072,191,,,,,,,,
,,,,,136218,587.50366,173,,,,,,,,
,,,,,136409,665.2452,191,,,,,,,,
,,,,,136596,655.00446,187,,,,,,,,
,,,,,136775,591.381,179,,,,,,,,
,,,,,136978,671.3265,203,,,,,,,,
,,,,,137000,,,-252.24925231933594,-2.643993616104126,8.614017486572266,249.21421813964844,248.66624450683594,0.0003,0.0003,0.1
,,,,,137123,385.60516,145,,,,,,,,
,,,,,137305,561.85724,182,,,,,,,,
,,,,,137501,667.09485,196,,,,,,,,
,,,,,137696,663.8965,195,,,,,,,,
,,,,,137892,671.2115,196,,,,,,,,
,,,,,138000,,,-254.2078399658203,-2.480372667312622,38.489200592041016,251.7210235595703,251.94723510742188,0.0003,0.0003,0.1
,,,,,138065,553.44684,173,,,,,,,,
,,,,,138241,547.5193,176,,,,,,,,
,,,,,138394,365.46643,153,,,,,,,,
,,,,,138594,642.13745,200,,,,,,,,
,,,,,138819,804.0188,225,,,,,,,,
,,,,,139000,,,-259.0355529785156,-2.3185324668884277,14.238297462463379,256.9709777832031,256.8592529296875,0.0003,0.0003,0.1
,,,,,139004,593.0346,185,,,,,,,,
,,,,,139186,557.8529,182,,,,,,,,
,,,,,139360,529.4897,174,,,,,,,,
,,,,,139557,638.4995,197,,,,,,,,
,,,,,139734,533.2891,177,,,,,,,,
,,,,,139921,654.3075,187,,,,,,,,
624.163,59.517002,686.816,521.9163,194.4,140000,,,-262.3760986328125,-1.9154157638549805,12.998590469360352,259.9236145019531,260.3436279296875,0.0003,0.0003,0.1
,,,,,140086,509.48495,165,,,,,,,,
,,,,,140246,443.5132,160,,,,,,,,
,,,,,140439,652.48236,193,,,,,,,,
,,,,,140637,659.2872,198,,,,,,,,
,,,,,140791,438.80872,154,,,,,,,,
,,,,,140988,651.7228,197,,,,,,,,
,,,,,141000,,,-262.5610046386719,-2.1830568313598633,7.404726028442383,261.13720703125,261.5125732421875,0.0003,0.0003,0.1
,,,,,141156,483.58646,168,,,,,,,,
,,,,,141351,631.073,195,,,,,,,,
,,,,,141418,134.58401,67,,,,,,,,
,,,,,141547,316.8453,129,,,,,,,,
,,,,,141674,297.93753,127,,,,,,,,
,,,,,141854,520.00006,180,,,,,,,,
,,,,,142000,,,-254.62203979492188,-2.256531238555908,9.681658744812012,252.24172973632812,252.3229217529297,0.0003,0.0003,0.1
,,,,,142055,660.5481,201,,,,,,,,
,,,,,142237,564.4493,182,,,,,,,,
,,,,,142436,664.26276,199,,,,,,,,
,,,,,142595,460.66458,159,,,,,,,,
,,,,,142794,641.63763,199,,,,,,,,
,,,,,142987,603.5305,193,,,,,,,,
,,,,,143000,,,-264.0306091308594,-2.090683698654175,15.803544998168945,262.4701843261719,262.42877197265625,0.0003,0.0003,0.1
,,,,,143153,449.49994,166,,,,,,,,
,,,,,143368,667.29706,215,,,,,,,,
,,,,,143545,491.75974,177,,,,,,,,
,,,,,143751,699.0091,206,,,,,,,,
,,,,,143929,505.69992,178,,,,,,,,
,,,,,144000,,,-262.53021240234375,-2.24784517288208,5.9145188331604,260.215576171875,259.8526611328125,0.0003,0.0003,0.1
,,,,,144142,646.16547,213,,,,,,,,
,,,,,144321,516.1636,179,,,,,,,,
,,,,,144534,682.03827,213,,,,,,,,
,,,,,144700,486.01157,166,,,,,,,,
,,,,,144907,688.1403,207,,,,,,,,
632.7081,54.398033,721.9702,521.87164,202.9,145000,,,-259.11480712890625,-2.359628915786743,12.06656265258789,256.61346435546875,257.56707763671875,0.0003,0.0003,0.1
,,,,,145110,643.6573,203,,,,,,,,
,,,,,145321,677.6604,211,,,,,,,,
,,,,,145497,507.00482,176,,,,,,,,
,,,,,145686,543.9297,189,,,,,,,,
,,,,,145847,474.08212,161,,,,,,,,
,,,,,146000,,,-261.72027587890625,-2.5405709743499756,12.764688491821289,258.89141845703125,258.76904296875,0.0003,0.0003,0.1
,,,,,146044,662.9972,197,,,,,,,,
,,,,,146195,414.2612,151,,,,,,,,
,,,,,146396,650.8829,201,,,,,,,,
,,,,,146603,663.6007,207,,,,,,,,
,,,,,146801,669.994,198,,,,,,,,
,,,,,146977,577.23364,176,,,,,,,,
,,,,,147000,,,-252.4410400390625,-2.2703914642333984,10.515384674072266,249.88645935058594,250.1332244873047,0.0003,0.0003,0.1
,,,,,147176,668.72974,199,,,,,,,,
,,,,,147356,615.7071,180,,,,,,,,
,,,,,147545,611.35406,189,,,,,,,,
,,,,,147616,147.14537,71,,,,,,,,
,,,,,147810,651.71466,194,,,,,,,,
,,,,,148000,,,-258.04498291015625,-2.133615255355835,31.61945343017578,254.98599243164062,254.5814971923828,0.0003,0.0003,0.1
,,,,,148012,659.50024,202,,,,,,,,
,,,,,148202,605.33246,190,,,,,,,,
,,,,,148236,54.014557,34,,,,,,,,
,,,,,148436,676.009,200,,,,,,,,
,,,,,148639,678.74634,203,,,,,,,,
,,,,,148844,701.2219,205,,,,,,,,
,,,,,148985,379.17932,141,,,,,,,,
,,,,,149000,,,-268.8063659667969,-2.3603081703186035,11.74537181854248,266.8145751953125,267.3309631347656,0.0003,0.0003,0.1
,,,,,149138,428.36328,153,,,,,,,,
,,,,,149339,645.9331,201,,,,,,,,
,,,,,149538,668.27295,199,,,,,,,,
,,,,,149737,658.69635,199,,,,,,,,
,,,,,149923,635.18555,186,,,,,,,,
567.1662,176.5804,697.8753,142.62663,177.3,150000,,,-254.33470153808594,-2.1362342834472656,11.642030715942383,251.7192840576172,251.84451293945312,0.0003,0.0003,0.1
,,,,,150118,699.9679,195,,,,,,,,
,,,,,150317,666.0923,199,,,,,,,,
,,,,,150508,646.46826,191,,,,,,,,
,,,,,150714,688.9745,206,,,,,,,,
,,,,,150912,690.9385,198,,,,,,,,
,,,,,151000,,,-257.66815185546875,-2.0450735092163086,9.361252784729004,255.3565216064453,256.10565185546875,0.0003,0.0003,0.1
,,,,,151108,647.21826,196,,,,,,,,
,,,,,151276,496.6294,168,,,,,,,,
,,,,,151472,663.97595,196,,,,,,,,
,,,,,151654,631.5093,182,,,,,,,,
,,,,,151849,626.1213,195,,,,,,,,
,,,,,152000,,,-250.39370727539062,-2.620695114135742,15.699901580810547,247.4342803955078,247.8496551513672,0.0003,0.0003,0.1
,,,,,152060,683.06665,211,,,,,,,,
,,,,,152240,545.402,180,,,,,,,,
,,,,,152440,657.08215,200,,,,,,,,
,,,,,152638,626.85345,198,,,,,,,,
,,,,,152853,675.45,215,,,,,,,,
,,,,,153000,,,-267.66650390625,-2.023832321166992,9.892094612121582,266.6705322265625,266.45428466796875,0.0003,0.0003,0.1
,,,,,153059,695.99194,206,,,,,,,,
,,,,,153258,670.59015,199,,,,,,,,
,,,,,153450,614.77344,192,,,,,,,,
,,,,,153606,420.1594,156,,,,,,,,
,,,,,153803,651.7677,197,,,,,,,,
,,,,,153990,557.14185,187,,,,,,,,
,,,,,154000,,,-259.41778564453125,-2.4224233627319336,8.623485565185547,257.7952880859375,257.63629150390625,0.0003,0.0003,0.1
,,,,,154184,618.1646,194,,,,,,,,
,,,,,154375,613.40936,191,,,,,,,,
,,,,,154566,575.33704,191,,,,,,,,
,,,,,154759,633.3369,193,,,,,,,,
,,,,,154947,654.83527,188,,,,,,,,
576.3239,94.34186,669.22015,343.5873,186.9,155000,,,-255.12376403808594,-2.409580707550049,8.296606063842773,252.67994689941406,252.70538330078125,0.0003,0.0003,0.1
,,,,,155121,518.3226,174,,,,,,,,
,,,,,155324,680.9359,203,,,,,,,,
,,,,,155519,708.19495,195,,,,,,,,
,,,,,155706,576.74896,187,,,,,,,,
,,,,,155839,313.01874,133,,,,,,,,
,,,,,156000,,,-260.3489990234375,-2.6189823150634766,11.307536125183105,257.5274963378906,257.7335205078125,0.0003,0.0003,0.1
,,,,,156037,623.87994,198,,,,,,,,
,,,,,156221,597.6056,184,,,,,,,,
,,,,,156400,530.4416,179,,,,,,,,
,,,,,156461,115.49423,61,,,,,,,,
,,,,,156605,377.88046,144,,,,,,,,
,,,,,156800,636.8496,195,,,,,,,,
,,,,,156977,547.16547,177,,,,,,,,
,,,,,157000,,,-254.11045837402344,-2.548490524291992,43.830345153808594,251.51983642578125,252.08384704589844,0.0003,0.0003,0.1
,,,,,157176,591.81213,199,,,,,,,,
,,,,,157383,649.40955,207,,,,,,,,
,,,,,157575,610.2298,192,,,,,,,,
,,,,,157775,641.5927,200,,,,,,,,
,,,,,157977,653.17163,202,,,,,,,,
,,,,,158000,,,-266.0131530761719,-1.9863200187683105,14.48985481262207,264.4998474121094,263.832763671875,0.0003,0.0003,0.1
,,,,,158181,684.8166,204,,,,,,,,
,,,,,158387,673.93274,206,,,,,,,,
,,,,,158597,710.1559,210,,,,,,,,
,,,,,158794,603.2444,197,,,,,,,,
,,,,,158992,610.1586,198,,,,,,,,
,,,,,159000,,,-260.2145080566406,-2.468182325363159,11.092581748962402,258.6684875488281,259.2569580078125,0.0003,0.0003,0.1
,,,,,159198,653.529,206,,,,,,,,
,,,,,159408,670.4968,210,,,,,,,,
,,,,,159613,642.7625,205,,,,,,,,
,,,,,159831,705.4491,218,,,,,,,,
607.8229,47.79919,677.942,508.75684,195.9,160000,,,-254.651611328125,-2.886561393737793,25.66309928894043,250.40032958984375,250.80397033691406,0.0003,0.0003,0.1
,,,,,160035,644.59436,204,,,,,,,,
,,,,,160253,698.7267,218,,,,,,,,
,,,,,160464,647.5039,211,,,,,,,,
,,,,,160676,710.54254,212,,,,,,,,
,,,,,160891,682.0819,215,,,,,,,,
,,,,,161000,,,-264.1398010253906,-2.2714993953704834,8.483323097229004,262.8397521972656,263.42633056640625,0.0003,0.0003,0.1
,,,,,161120,753.51624,229,,,,,,,,
,,,,,161327,651.81836,207,,,,,,,,
,,,,,161543,663.3245,216,,,,,,,,
,,,,,161760,703.70703,217,,,,,,,,
,,,,,161964,681.81976,204,,,,,,,,
,,,,,162000,,,-264.8486328125,-2.28757905960083,10.529318809509277,261.45111083984375,260.4158020019531,0.0003,0.0003,0.1
,,,,,162100,344.4248,136,,,,,,,,
,,,,,162308,623.30237,208,,,,,,,,
,,,,,162518,651.64185,210,,,,,,,,
,,,,,162733,695.6816,215,,,,,,,,
,,,,,162935,682.51733,202,,,,,,,,
,,,,,163000,,,-249.5642547607422,-2.544611930847168,12.930651664733887,247.9884490966797,247.53321838378906,0.0003,0.0003,0.1
,,,,,163145,682.74524,210,,,,,,,,
,,,,,163371,713.42096,226,,,,,,,,
,,,,,163575,653.7657,204,,,,,,,,
,,,,,163808,751.0076,233,,,,,,,,
,,,,,164000,,,-270.3590087890625,-2.6210711002349854,11.780450820922852,268.807861328125,269.0591125488281,0.0003,0.0003,0.1
,,,,,164028,759.58405,220,,,,,,,,
,,,,,164260,772.53046,232,,,,,,,,
,,,,,164420,455.05112,160,,,,,,,,
,,,,,164607,668.0637,187,,,,,,,,
,,,,,164796,542.1723,189,,,,,,,,
651.9056,46.229244,707.33276,563.0088,206.6,165000,,,-254.97901916503906,-2.5977046489715576,15.501736640930176,252.71200561523438,253.28860473632812,0.0003,0.0003,0.1
,,,,,165029,752.1753,233,,,,,,,,
,,,,,165266,807.0845,237,,,,,,,,
,,,,,165450,597.11865,184,,,,,,,,
,,,,,165682,726.98376,232,,,,,,,,
,,,,,165874,526.874,192,,,,,,,,
,,,,,166000,,,-262.1788330078125,-2.904026746749878,71.84390258789062,255.9867401123047,255.14651489257812,0.0003,0.0003,0.1
,,,,,166109,773.97095,235,,,,,,,,
,,,,,166320,632.365,211,,,,,,,,
,,,,,166520,579.95544,200,,,,,,,,
,,,,,166726,646.5622,206,,,,,,,,
,,,,,166909,541.7672,183,,,,,,,,
,,,,,167000,,,-264.9212951660156,-2.406456470489502,8.36549186706543,264.0655212402344,264.6121826171875,0.0003,0.0003,0.1
,,,,,167126,686.0304,217,,,,,,,,
,,,,,167359,732.5089,233,,,,,,,,
,,,,,167595,834.5654,236,,,,,,,,
,,,,,167816,675.07733,221,,,,,,,,
,,,,,167965,416.53787,149,,,,,,,,
,,,,,168000,,,-265.6629943847656,-2.3457300662994385,64.29974365234375,262.7220764160156,262.6851806640625,0.0003,0.0003,0.1
,,,,,168174,630.45325,209,,,,,,,,
,,,,,168319,423.4401,145,,,,,,,,
,,,,,168502,565.5536,183,,,,,,,,
,,,,,168712,629.3541,210,,,,,,,,
,,,,,168931,724.59607,219,,,,,,,,
,,,,,169000,,,-268.65545654296875,-2.39202880859375,13.095646858215332,266.3530578613281,266.35614013671875,0.0003,0.0003,0.1
,,,,,169110,529.8594,179,,,,,,,,
,,,,,169338,762.57135,228,,,,,,,,
,,,,,169548,648.92645,210,,,,,,,,
,,,,,169765,710.3858,217,,,,,,,,
,,,,,169991,734.8725,226,,,,,,,,
559.45856,216.38582,728.1447,114.47004,182.4,170000,,,-260.3874206542969,-2.7189385890960693,8.434606552124023,257.74847412109375,257.6294250488281,0.0003,0.0003,0.1
,,,,,170211,740.2279,220,,,,,,,,
,,,,,170421,655.005,210,,,,,,,,
,,,,,170610,553.2003,189,,,,,,,,
,,,,,170823,654.55133,213,,,,,,,,
,,,,,171000,,,-267.7057189941406,-2.354379653930664,30.062063217163086,264.418212890625,263.75750732421875,0.0003,0.0003,0.1
,,,,,171018,543.73303,195,,,,,,,,
,,,,,171218,606.1981,200,,,,,,,,
,,,,,171409,577.93506,191,,,,,,,,
,,,,,171638,739.2968,229,,,,,,,,
,,,,,171882,791.0779,244,,,,,,,,
,,,,,172000,,,-261.7492370605469,-2.1875109672546387,17.72162437438965,259.4061279296875,258.4086608886719,0.0003,0.0003,0.1
,,,,,172088,655.7198,206,,,,,,,,
,,,,,172287,588.6356,199,,,,,,,,
,,,,,172503,702.1526,216,,,,,,,,
,,,,,172706,665.6427,203,,,,,,,,
,,,,,172926,666.4364,220,,,,,,,,
,,,,,173000,,,-267.3389587402344,-2.4145073890686035,8.13121509552002,265.1194152832031,265.0549621582031,0.0003,0.0003,0.1
,,,,,173151,718.8123,225,,,,,,,,
,,,,,173212,117.635185,61,,,,,,,,
,,,,,173432,731.61707,220,,,,,,,,
,,,,,173646,672.32513,214,,,,,,,,
,,,,,173825,506.83887,179,,,,,,,,
,,,,,174000,,,-266.8699645996094,-2.4941396713256836,9.527459144592285,264.2725524902344,263.92913818359375,0.0003,0.0003,0.1
,,,,,174053,716.0895,228,,,,,,,,
,,,,,174262,668.47595,209,,,,,,,,
,,,,,174479,671.66187,217,,,,,,,,
,,,,,174687,629.4264,208,,,,,,,,
,,,,,174930,802.22394,243,,,,,,,,
422.15118,307.88843,700.69244,40.98963,135.7,175000,,,-269.0528564453125,-2.404144525527954,10.566685676574707,267.94580078125,267.5281982421875,0.0003,0.0003,0.1
,,,,,175143,620.3526,213,,,,,,,,
,,,,,175366,684.90955,223,,,,,,,,
,,,,,175584,669.8589,218,,,,,,,,
,,,,,175807,691.06055,223,,,,,,,,
,,,,,176000,,,-268.22125244140625,-2.209397077560425,8.210087776184082,267.084716796875,266.8183288574219,0.0003,0.0003,0.1
,,,,,176007,646.75574,200,,,,,,,,
,,,,,176211,611.67896,204,,,,,,,,
,,,,,176421,650.26587,210,,,,,,,,
,,,,,176592,525.3757,171,,,,,,,,
,,,,,176790,597.83014,198,,,,,,,,
,,,,,177000,,,-259.54217529296875,-2.646332263946533,8.783541679382324,258.5052185058594,258.8750915527344,0.0003,0.0003,0.1
,,,,,177019,712.7146,229,,,,,,,,
,,,,,177230,682.61084,211,,,,,,,,
,,,,,177437,617.58704,207,,,,,,,,
,,,,,177651,670.18964,214,,,,,,,,
,,,,,177861,637.5485,210,,,,,,,,
,,,,,178000,,,-263.072021484375,-2.1933205127716064,22.430553436279297,261.6709289550781,260.72564697265625,0.0003,0.0003,0.1
,,,,,178058,622.5758,197,,,,,,,,
,,,,,178085,45.51909,27,,,,,,,,
,,,,,178274,613.0152,189,,,,,,,,
,,,,,178496,703.05237,222,,,,,,,,
,,,,,178679,597.7114,183,,,,,,,,
,,,,,178876,641.2114,197,,,,,,,,
,,,,,178932,103.688354,56,,,,,,,,
,,,,,179000,,,-267.8820495605469,-2.2275264263153076,9.609865188598633,266.02679443359375,266.160888671875,0.0003,0.0003,0.1
,,,,,179188,863.7742,256,,,,,,,,
,,,,,179372,600.01575,184,,,,,,,,
,,,,,179512,401.16962,140,,,,,,,,
,,,,,179704,589.5242,192,,,,,,,,
,,,,,179924,698.3093,220,,,,,,,,
606.3368,136.50772,798.6767,362.95367,193.1,180000,,,-261.45928955078125,-2.7283518314361572,16.435834884643555,259.7914123535156,258.85809326171875,0.0003,0.0003,0.1
,,,,,180120,652.66125,196,,,,,,,,
,,,,,180330,698.7471,210,,,,,,,,
,,,,,180550,698.4569,220,,,,,,,,
,,,,,180734,641.68854,184,,,,,,,,
,,,,,180960,712.8016,226,,,,,,,,
,,,,,181000,,,-264.9579772949219,-2.8630013465881348,53.89994430541992,261.2077331542969,260.81072998046875,0.0003,0.0003,0.1
,,,,,181161,663.44244,201,,,,,,,,
,,,,,181360,678.674,199,,,,,,,,
,,,,,181573,701.6914,213,,,,,,,,
,,,,,181755,510.4546,182,,,,,,,,
,,,,,181947,607.0073,192,,,,,,,,
,,,,,182000,,,-261.08050537109375,-2.4821221828460693,10.187384605407715,257.7320861816406,257.7244873046875,0.0003,0.0003,0.1
,,,,,182099,432.01086,152,,,,,,,,
,,,,,182272,540.2722,173,,,,,,,,
,,,,,182483,685.0927,211,,,,,,,,
,,,,,182668,558.552,185,,,,,,,,
,,,,,182791,339.60236,123,,,,,,,,
,,,,,182994,647.6643,203,,,,,,,,
,,,,,183000,,,-266.0262756347656,-2.2205188274383545,7.5065507888793945,263.95196533203125,264.47674560546875,0.0003,0.0003,0.1
,,,,,183182,601.44147,188,,,,,,,,
,,,,,183382,691.5665,200,,,,,,,,
,,,,,183408,43.55732,26,,,,,,,,
,,,,,183537,339.7534,129,,,,,,,,
,,,,,183706,480.23248,169,,,,,,,,
,,,,,183859,445.7886,153,,,,,,,,
,,,,,184000,,,-253.81922912597656,-3.0213327407836914,10.42552375793457,251.7347869873047,251.6835479736328,0.0003,0.0003,0.1
,,,,,184046,576.411,187,,,,,,,,
,,,,,184183,385.30185,137,,,,,,,,
,,,,,184392,678.6102,209,,,,,,,,
,,,,,184493,242.75128,101,,,,,,,,
,,,,,184639,428.73264,146,,,,,,,,
,,,,,184831,601.46136,192,,,,,,,,
625.9695,93.53478,726.821,391.38428,197.8,185000,,,-262.20465087890625,-2.911438226699829,9.408844947814941,260.15570068359375,259.4299011230469,0.0003,0.0003,0.1
,,,,,185055,763.28516,224,,,,,,,,
,,,,,185248,651.6358,193,,,,,,,,
,,,,,185471,783.25586,223,,,,,,,,
,,,,,185653,599.551,182,,,,,,,,
,,,,,185848,609.2441,195,,,,,,,,
,,,,,186000,,,-263.12200927734375,-2.585702896118164,18.04220199584961,261.5240478515625,261.2060852050781,0.0003,0.0003,0.1
,,,,,186035,626.579,187,,,,,,,,
,,,,,186246,729.1659,211,,,,,,,,
,,,,,186423,590.43286,177,,,,,,,,
,,,,,186560,394.2327,137,,,,,,,,
,,,,,186695,377.7701,135,,,,,,,,
,,,,,186846,428.02466,151,,,,,,,,
,,,,,187000,,,-266.7711181640625,-2.5321030616760254,22.091114044189453,265.1382751464844,265.1708068847656,0.0003,0.0003,0.1
,,,,,187035,646.4949,189,,,,,,,,
,,,,,187196,502.5407,161,,,,,,,,
,,,,,187399,662.33594,203,,,,,,,,
,,,,,187611,708.8011,212,,,,,,,,
,,,,,187834,734.6259,223,,,,,,,,
,,,,,188000,,,-258.50079345703125,-2.621581792831421,7.695063591003418,255.90126037597656,256.2308349609375,0.0003,0.0003,0.1
,,,,,188048,699.0649,214,,,,,,,,
,,,,,188259,634.6404,211,,,,,,,,
,,,,,188475,746.0578,216,,,,,,,,
,,,,,188672,680.05554,197,,,,,,,,
,,,,,188859,638.8789,187,,,,,,,,
,,,,,189000,,,-261.05194091796875,-2.572112560272217,17.656734466552734,258.4363098144531,258.48663330078125,0.0003,0.0003,0.1
,,,,,189078,798.11163,219,,,,,,,,
,,,,,189286,717.74414,208,,,,,,,,
,,,,,189475,616.73834,189,,,,,,,,
,,,,,189624,447.74875,149,,,,,,,,
,,,,,189822,664.5821,198,,,,,,,,
680.49445,95.80308,753.383,415.92334,207.3,190000,,,-261.15057373046875,-2.2500345706939697,10.50617790222168,259.86212158203125,259.1929931640625,0.0003,0.0003,0.1
,,,,,190039,739.3567,217,,,,,,,,
,,,,,190260,757.12854,221,,,,,,,,
,,,,,190423,515.1135,163,,,,,,,,
,,,,,190623,668.74646,200,,,,,,,,
,,,,,190842,681.94116,219,,,,,,,,
,,,,,191000,,,-259.2049255371094,-2.2444381713867188,19.938627243041992,256.6831359863281,255.8994903564453,0.0003,0.0003,0.1
,,,,,191076,775.0816,234,,,,,,,,
,,,,,191295,783.8303,219,,,,,,,,
,,,,,191520,740.7262,225,,,,,,,,
,,,,,191751,754.3665,231,,,,,,,,
,,,,,191924,568.1841,173,,,,,,,,
,,,,,192000,,,-253.48101806640625,-2.4166200160980225,10.561935424804688,251.6287384033203,251.88807678222656,0.0003,0.0003,0.1
,,,,,192145,687.72797,221,,,,,,,,
,,,,,192336,673.89233,191,,,,,,,,
,,,,,192545,649.4938,209,,,,,,,,
,,,,,192743,642.6291,198,,,,,,,,
,,,,,192947,600.92676,204,,,,,,,,
,,,,,193000,,,-269.1590576171875,-2.3989439010620117,9.81871509552002,267.8708190917969,267.7586975097656,0.0003,0.0003,0.1
,,,,,193142,562.16437,195,,,,,,,,
,,,,,193348,719.96875,206,,,,,,,,
,,,,,193547,680.3478,199,,,,,,,,
,,,,,193764,731.0384,217,,,,,,,,
,,,,,193982,712.7749,218,,,,,,,,
,,,,,194000,,,-267.2865295410156,-2.490234136581421,16.501615524291992,265.28533935546875,265.13604736328125,0.0003,0.0003,0.1
,,,,,194174,618.63306,192,,,,,,,,
,,,,,194349,582.016,175,,,,,,,,
,,,,,194409,119.26173,60,,,,,,,,
,,,,,194660,828.0129,251,,,,,,,,
,,,,,194720,117.09897,60,,,,,,,,
,,,,,194926,742.5869,206,,,,,,,,
612.7799,153.54381,708.66986,212.16144,193.7,195000,,,-259.74566650390625,-2.2676870822906494,10.329850196838379,258.36163330078125,258.4989929199219,0.0003,0.0003,0.1
,,,,,195114,656.4204,188,,,,,,,,
,,,,,195325,681.9162,211,,,,,,,,
,,,,,195494,523.4018,169,,,,,,,,
,,,,,195721,701.21204,227,,,,,,,,
,,,,,195782,117.948845,61,,,,,,,,
,,,,,196000,,,-262.0103454589844,-2.301412582397461,9.83694076538086,258.85693359375,258.6769104003906,0.0003,0.0003,0.1
,,,,,196001,678.40625,219,,,,,,,,
,,,,,196160,429.31488,159,,,,,,,,
,,,,,196381,681.841,221,,,,,,,,
,,,,,196610,750.70654,229,,,,,,,,
,,,,,196833,702.42126,223,,,,,,,,
,,,,,197000,,,-257.7557678222656,-2.2965118885040283,11.291748046875,256.1073913574219,255.656982421875,0.0003,0.0003,0.1
,,,,,197052,714.3977,219,,,,,,,,
,,,,,197231,542.89404,179,,,,,,,,
,,,,,197400,469.99615,169,,,,,,,,
,,,,,197585,577.0913,185,,,,,,,,
,,,,,197776,571.75055,191,,,,,,,,
,,,,,197996,675.29224,220,,,,,,,,
,,,,,198000,,,-262.340576171875,-2.8812851905822754,22.218177795410156,259.656982421875,259.5201416015625,0.0003,0.0003,0.1
,,,,,198204,630.71277,208,,,,,,,,
,,,,,198417,706.815,213,,,,,,,,
,,,,,198619,641.29254,202,,,,,,,,
,,,,,198846,726.8877,227,,,,,,,,
,,,,,199000,,,-265.0080871582031,-2.332937002182007,16.15258026123047,262.3018798828125,261.8743896484375,0.0003,0.0003,0.1
,,,,,199017,481.5146,171,,,,,,,,
,,,,,199152,369.95297,135,,,,,,,,
,,,,,199377,737.92017,225,,,,,,,,
,,,,,199574,649.1603,197,,,,,,,,
,,,,,199815,790.861,241,,,,,,,,
674.4214,124.75437,959.71326,508.6698,219.6,200000,,,-250.24740600585938,-2.6992135047912598,10.85318374633789,248.2988739013672,248.02029418945312,0.0003,0.0003,0.1
,,,,,200070,812.987,255,,,,,,,,
,,,,,200311,793.5303,241,,,,,,,,
,,,,,200533,707.63336,222,,,,,,,,
,,,,,200765,729.4664,232,,,,,,,,
,,,,,200979,711.14105,214,,,,,,,,
,,,,,201000,,,-260.3083190917969,-2.0923197269439697,9.424307823181152,257.31500244140625,257.1723937988281,0.0003,0.0003,0.1
,,,,,201211,768.7808,232,,,,,,,,
,,,,,201420,673.04346,209,,,,,,,,
,,,,,201599,598.6976,179,,,,,,,,
,,,,,201806,637.3953,207,,,,,,,,
,,,,,202000,,,-265.903564453125,-2.4503774642944336,9.864503860473633,263.958740234375,263.27581787109375,0.0003,0.0003,0.1
,,,,,202049,785.8871,243,,,,,,,,
,,,,,202253,649.3478,204,,,,,,,,
,,,,,202443,559.929,190,,,,,,,,
,,,,,202662,741.1242,219,,,,,,,,
,,,,,202869,685.2469,207,,,,,,,,
,,,,,203000,,,-264.76116943359375,-2.26718807220459,19.886428833007812,261.43505859375,261.5200500488281,0.0003,0.0003,0.1
,,,,,203094,787.7046,225,,,,,,,,
,,,,,203328,790.063,234,,,,,,,,
,,,,,203549,717.50885,221,,,,,,,,
,,,,,203765,680.53973,216,,,,,,,,
,,,,,203957,570.5479,192,,,,,,,,
,,,,,204000,,,-267.6007995605469,-2.6922199726104736,17.25957489013672,264.6105651855469,264.9391784667969,0.0003,0.0003,0.1
,,,,,204179,742.51416,222,,,,,,,,
,,,,,204393,675.49506,214,,,,,,,,
,,,,,204621,759.1686,228,,,,,,,,
,,,,,204845,762.8732,224,,,,,,,,
741.4335,44.656586,781.92395,635.1162,224.1,205000,,,-259.2746276855469,-2.3263373374938965,12.76326847076416,257.95098876953125,257.00445556640625,0.0003,0.0003,0.1
,,,,,205064,711.4603,219,,,,,,,,
,,,,,205272,675.60785,208,,,,,,,,
,,,,,205469,632.16095,197,,,,,,,,
,,,,,205689,786.29333,220,,,,,,,,
,,,,,205888,640.9067,199,,,,,,,,
,,,,,206000,,,-262.66387939453125,-2.441333532333374,22.746051788330078,260.9490966796875,261.6006164550781,0.0003,0.0003,0.1
,,,,,206107,742.17285,219,,,,,,,,
,,,,,206325,758.36597,218,,,,,,,,
,,,,,206548,791.503,223,,,,,,,,
,,,,,206766,646.1619,218,,,,,,,,
,,,,,206977,755.1288,211,,,,,,,,
,,,,,207000,,,-271.1145324707031,-2.2936251163482666,49.98988342285156,267.56463623046875,267.3445129394531,0.0003,0.0003,0.1
,,,,,207195,701.20386,218,,,,,,,,
,,,,,207419,705.12994,224,,,,,,,,
,,,,,207623,695.60425,204,,,,,,,,
,,,,,207849,719.3405,226,,,,,,,,
,,,,,208000,,,-268.10833740234375,-2.066987991333008,6.919002532958984,266.5045166015625,266.4707946777344,0.0003,0.0003,0.1
,,,,,208049,647.7834,200,,,,,,,,
,,,,,208266,694.21045,217,,,,,,,,
,,,,,208489,692.79724,223,,,,,,,,
,,,,,208710,714.67053,221,,,,,,,,
,,,,,208915,664.7587,205,,,,,,,,
,,,,,209000,,,-262.7630615234375,-2.2869787216186523,18.21993637084961,260.5633239746094,260.8879699707031,0.0003,0.0003,0.1
,,,,,209129,699.8675,214,,,,,,,,
,,,,,209339,721.8883,210,,,,,,,,
,,,,,209555,680.9037,216,,,,,,,,
,,,,,209771,698.3284,216,,,,,,,,
,,,,,209984,681.1045,213,,,,,,,,
622.2597,194.09105,702.0647,40.88051,193.0,210000,,,-269.0127868652344,-2.255110740661621,7.861243724822998,267.60888671875,267.54974365234375,0.0003,0.0003,0.1
,,,,,210195,701.29016,211,,,,,,,,
,,,,,210420,742.4767,225,,,,,,,,
,,,,,210632,659.7852,212,,,,,,,,
,,,,,210849,660.439,217,,,,,,,,
,,,,,211000,,,-270.0284118652344,-2.4651453495025635,13.724199295043945,268.88262939453125,269.75494384765625,0.0003,0.0003,0.1
,,,,,211063,687.9331,214,,,,,,,,
,,,,,211244,556.45306,181,,,,,,,,
,,,,,211461,699.276,217,,,,,,,,
,,,,,211670,669.9409,209,,,,,,,,
,,,,,211879,674.644,209,,,,,,,,
,,,,,212000,,,-265.0910949707031,-2.5686540603637695,10.02843189239502,263.5132141113281,262.6971740722656,0.0003,0.0003,0.1
,,,,,212071,566.6018,192,,,,,,,,
,,,,,212296,711.23267,225,,,,,,,,
,,,,,212514,676.71106,218,,,,,,,,
,,,,,212720,675.0049,206,,,,,,,,
,,,,,212930,697.5079,210,,,,,,,,
,,,,,213000,,,-267.4115295410156,-2.518615961074829,10.16390323638916,265.5600891113281,265.32196044921875,0.0003,0.0003,0.1
,,,,,213145,682.09814,215,,,,,,,,
,,,,,213374,749.57355,229,,,,,,,,
,,,,,213593,704.36975,219,,,,,,,,
,,,,,213802,659.97,209,,,,,,,,
,,,,,214000,,,-261.3940124511719,-2.6710801124572754,11.888812065124512,258.34698486328125,258.3515625,0.0003,0.0003,0.1
,,,,,214026,712.19305,224,,,,,,,,
,,,,,214246,681.4571,220,,,,,,,,
,,,,,214279,53.09461,33,,,,,,,,
,,,,,214486,667.4551,207,,,,,,,,
,,,,,214522,58.49685,36,,,,,,,,
,,,,,214737,671.29065,215,,,,,,,,
,,,,,214953,656.65643,216,,,,,,,,
670.14716,24.814156,714.60455,616.33093,207.5,215000,,,-258.9434814453125,-2.2046754360198975,20.00808334350586,255.27626037597656,255.40133666992188,0.0003,0.0003,0.1
,,,,,215194,818.79767,241,,,,,,,,
,,,,,215412,675.7534,218,,,,,,,,
,,,,,215634,707.0966,222,,,,,,,,
,,,,,215850,735.63025,216,,,,,,,,
,,,,,216000,,,-269.6451416015625,-2.428131580352783,11.070222854614258,268.37274169921875,268.5599365234375,0.0003,0.0003,0.1
,,,,,216062,688.52026,212,,,,,,,,
,,,,,216277,698.1841,215,,,,,,,,
,,,,,216491,671.6874,214,,,,,,,,
,,,,,216715,719.15375,224,,,,,,,,
,,,,,216931,692.34814,216,,,,,,,,
,,,,,217000,,,-266.6100158691406,-2.438364267349243,10.015741348266602,263.7319030761719,263.6333923339844,0.0003,0.0003,0.1
,,,,,217152,740.7892,221,,,,,,,,
,,,,,217374,707.6182,222,,,,,,,,
,,,,,217581,678.42126,207,,,,,,,,
,,,,,217785,626.85724,204,,,,,,,,
,,,,,218000,,,-274.0653381347656,-2.170097589492798,20.986557006835938,271.4070129394531,271.45635986328125,0.0003,0.0003,0.1
,,,,,218003,697.5122,218,,,,,,,,
,,,,,218212,657.1024,209,,,,,,,,
,,,,,218290,163.83325,78,,,,,,,,
,,,,,218460,577.91296,170,,,,,,,,
,,,,,218667,677.08295,207,,,,,,,,
,,,,,218872,692.2017,205,,,,,,,,
,,,,,218897,42.954967,25,,,,,,,,
,,,,,219000,,,-262.0937805175781,-2.275724411010742,10.79777717590332,260.7210693359375,260.7510070800781,0.0003,0.0003,0.1
,,,,,219111,688.5245,214,,,,,,,,
,,,,,219314,700.4956,203,,,,,,,,
,,,,,219524,672.7254,210,,,,,,,,
,,,,,219733,643.48944,209,,,,,,,,
,,,,,219938,664.8719,205,,,,,,,,
613.1664,191.53363,759.7137,50.70444,194.8,220000,,,-269.1932373046875,-2.146052598953247,13.481928825378418,267.4044494628906,267.3631896972656,0.0003,0.0003,0.1
,,,,,220157,659.14417,219,,,,,,,,
,,,,,220356,619.8615,199,,,,,,,,
,,,,,220524,536.2788,168,,,,,,,,
,,,,,220721,661.1836,197,,,,,,,,
,,,,,220928,686.61115,207,,,,,,,,
,,,,,221000,,,-266.0708923339844,-2.3778159618377686,7.5724310874938965,263.81591796875,263.9393005371094,0.0003,0.0003,0.1
,,,,,221127,658.50525,199,,,,,,,,
,,,,,221159,50.905643,32,,,,,,,,
,,,,,221347,569.72644,188,,,,,,,,
,,,,,221545,636.5203,198,,,,,,,,
,,,,,221755,686.0876,210,,,,,,,,
,,,,,221958,635.8983,203,,,,,,,,
,,,,,222000,,,-269.9084777832031,-2.5376317501068115,9.023412704467773,267.5316162109375,267.95672607421875,0.0003,0.0003,0.1
,,,,,222167,637.5991,209,,,,,,,,
,,,,,222193,43.579815,26,,,,,,,,
,,,,,222381,545.9115,188,,,,,,,,
,,,,,222570,618.00684,189,,,,,,,,
,,,,,222762,580.3269,192,,,,,,,,
,,,,,222973,661.4129,211,,,,,,,,
,,,,,223000,,,-265.435546875,-3.1132607460021973,94.92994689941406,264.1243591308594,265.05706787109375,0.0003,0.0003,0.1
,,,,,223170,659.3201,197,,,,,,,,
,,,,,223362,624.04535,192,,,,,,,,
,,,,,223588,772.2589,226,,,,,,,,
,,,,,223798,672.4524,210,,,,,,,,
,,,,,223820,37.22496,22,,,,,,,,
,,,,,224000,,,-267.3146057128906,-2.4539403915405273,44.44708251953125,265.1658935546875,265.35260009765625,0.0003,0.0003,0.1
,,,,,224025,671.6704,205,,,,,,,,
,,,,,224244,673.8808,219,,,,,,,,
,,,,,224458,719.7194,214,,,,,,,,
,,,,,224670,685.02264,212,,,,,,,,
,,,,,224881,697.75854,211,,,,,,,,
651.89294,206.53014,762.0493,36.08065,197.0,225000,,,-269.6460876464844,-2.532055377960205,21.850704193115234,268.34759521484375,267.82830810546875,0.0003,0.0003,0.1
,,,,,225093,665.5496,212,,,,,,,,
,,,,,225296,614.9978,203,,,,,,,,
,,,,,225318,36.933323,22,,,,,,,,
,,,,,225543,727.94684,225,,,,,,,,
,,,,,225756,690.5619,213,,,,,,,,
,,,,,225778,37.572838,22,,,,,,,,
,,,,,225895,257.49002,117,,,,,,,,
,,,,,225967,140.37196,72,,,,,,,,
,,,,,226000,,,-268.44500732421875,-2.360930919647217,15.03964614868164,266.79510498046875,267.4041442871094,0.0003,0.0003,0.1
,,,,,226179,684.1262,212,,,,,,,,
,,,,,226385,699.5126,206,,,,,,,,
,,,,,226407,37.840405,22,,,,,,,,
,,,,,226427,33.325832,20,,,,,,,,
,,,,,226622,633.4082,195,,,,,,,,
,,,,,226832,687.09576,210,,,,,,,,
,,,,,227000,,,-272.8365783691406,-2.2601253986358643,17.807767868041992,271.4642028808594,270.7835693359375,0.0003,0.0003,0.1
,,,,,227063,750.09174,231,,,,,,,,
,,,,,227274,646.0415,211,,,,,,,,
,,,,,227309,61.88949,35,,,,,,,,
,,,,,227520,674.7839,211,,,,,,,,
,,,,,227728,696.6151,208,,,,,,,,
,,,,,227939,682.76953,211,,,,,,,,
,,,,,228000,,,-262.7461242675781,-2.708422899246216,8.9414701461792,261.2066345214844,261.1944274902344,0.0003,0.0003,0.1
,,,,,228157,711.22266,218,,,,,,,,
,,,,,228367,701.4428,210,,,,,,,,
,,,,,228574,704.269,207,,,,,,,,
,,,,,228794,754.9934,220,,,,,,,,
,,,,,228965,500.66068,171,,,,,,,,
,,,,,229000,,,-275.02398681640625,-1.799345850944519,8.430341720581055,273.82403564453125,273.4633483886719,0.0003,0.0003,0.1
,,,,,229165,678.14355,200,,,,,,,,
,,,,,229356,632.7173,191,,,,,,,,
,,,,,229572,773.0824,216,,,,,,,,
,,,,,229774,707.7356,202,,,,,,,,
,,,,,229986,680.5049,212,,,,,,,,
670.68176,81.18068,750.9427,441.03775,210.6,230000,,,-272.375732421875,-2.324866533279419,9.913555145263672,270.86639404296875,270.962890625,0.0003,0.0003,0.1
,,,,,230181,625.21497,195,,,,,,,,
,,,,,230360,551.81384,179,,,,,,,,
,,,,,230604,840.8905,244,,,,,,,,
,,,,,230753,411.147,149,,,,,,,,
,,,,,230966,756.9104,213,,,,,,,,
,,,,,231000,,,-270.8863525390625,-2.4074923992156982,12.679828643798828,269.7816467285156,269.7469482421875,0.0003,0.0003,0.1
,,,,,231109,377.1331,143,,,,,,,,
,,,,,231286,481.89694,177,,,,,,,,
,,,,,231498,745.50165,212,,,,,,,,
,,,,,231673,484.17865,175,,,,,,,,
,,,,,231899,784.4574,226,,,,,,,,
,,,,,232000,,,-268.00421142578125,-2.762155532836914,9.478983879089355,265.30950927734375,264.7174072265625,0.0003,0.0003,0.1
,,,,,232097,678.30884,198,,,,,,,,
,,,,,232261,434.38382,164,,,,,,,,
,,,,,232489,799.1746,228,,,,,,,,
,,,,,232726,796.79236,237,,,,,,,,
,,,,,232892,458.29675,166,,,,,,,,
,,,,,233000,,,-266.52264404296875,-2.348033905029297,12.072442054748535,265.36676025390625,265.39678955078125,0.0003,0.0003,0.1
,,,,,233086,670.2895,194,,,,,,,,
,,,,,233297,746.2224,211,,,,,,,,
,,,,,233527,744.5603,230,,,,,,,,
,,,,,233722,593.4065,195,,,,,,,,
,,,,,233902,564.7548,180,,,,,,,,
,,,,,234000,,,-266.0003356933594,-2.4256303310394287,12.181233406066895,264.65911865234375,265.0267028808594,0.0003,0.0003,0.1
,,,,,234076,542.9325,174,,,,,,,,
,,,,,234242,484.88263,166,,,,,,,,
,,,,,234402,453.64536,160,,,,,,,,
,,,,,234585,568.2794,183,,,,,,,,
,,,,,234771,624.16675,186,,,,,,,,
,,,,,234955,527.234,184,,,,,,,,
682.24365,81.560036,798.38727,553.5417,218.7,235000,,,-271.52972412109375,-2.639147996902466,81.30561065673828,269.6485290527344,269.517333984375,0.0003,0.0003,0.1
,,,,,235166,628.20715,211,,,,,,,,
,,,,,235342,468.65872,176,,,,,,,,
,,,,,235504,458.9165,162,,,,,,,,
,,,,,235671,540.0325,167,,,,,,,,
,,,,,235903,751.5145,232,,,,,,,,
,,,,,236000,,,-275.347412109375,-1.8090766668319702,49.30972671508789,272.8284606933594,272.8518981933594,0.0003,0.0003,0.1
,,,,,236131,752.45337,228,,,,,,,,
,,,,,236326,530.46094,195,,,,,,,,
,,,,,236553,731.99896,227,,,,,,,,
,,,,,236712,422.05283,159,,,,,,,,
,,,,,236916,696.13904,204,,,,,,,,
,,,,,237000,,,-285.1925964355469,-2.292219400405884,8.773089408874512,283.64678955078125,284.06170654296875,0.0003,0.0003,0.1
,,,,,237154,720.0176,238,,,,,,,,
,,,,,237373,694.9794,219,,,,,,,,
,,,,,237545,535.3189,172,,,,,,,,
,,,,,237766,777.736,221,,,,,,,,
,,,,,237967,690.6995,201,,,,,,,,
,,,,,238000,,,-266.3945617675781,-2.7841334342956543,257.3004455566406,264.250244140625,263.67767333984375,0.0003,0.0003,0.1
,,,,,238162,614.58746,195,,,,,,,,
,,,,,238352,611.7188,190,,,,,,,,
,,,,,238546,647.78156,194,,,,,,,,
,,,,,238749,647.5992,203,,,,,,,,
,,,,,239000,,,-272.5796203613281,-3.0437111854553223,18.65630340576172,270.645263671875,271.1543884277344,0.0003,0.0003,0.1
,,,,,239004,854.0197,255,,,,,,,,
,,,,,239225,716.9099,221,,,,,,,,
,,,,,239446,702.1338,221,,,,,,,,
,,,,,239687,785.2311,241,,,,,,,,
,,,,,239903,758.8305,216,,,,,,,,
677.22064,70.74445,789.53796,572.20917,204.0,240000,,,-272.8325500488281,-2.332123279571533,13.48162841796875,270.8394470214844,270.6353454589844,0.0003,0.0003,0.1
,,,,,240102,640.6913,199,,,,,,,,
,,,,,240300,598.6841,198,,,,,,,,
,,,,,240497,663.0101,197,,,,,,,,
,,,,,240725,740.32,228,,,,,,,,
,,,,,240938,665.31604,213,,,,,,,,
,,,,,241000,,,-273.8563232421875,-2.512885093688965,9.434340476989746,272.5354309082031,272.2091064453125,0.0003,0.0003,0.1
,,,,,241108,558.1422,170,,,,,,,,
,,,,,241338,739.47986,230,,,,,,,,
,,,,,241556,726.8693,218,,,,,,,,
,,,,,241779,673.75977,223,,,,,,,,
,,,,,242000,,,-275.6136169433594,-3.0342857837677,16.032819747924805,273.042724609375,273.0870361328125,0.0003,0.0003,0.1
,,,,,242007,784.8566,228,,,,,,,,
,,,,,242234,749.6998,227,,,,,,,,
,,,,,242411,595.39264,177,,,,,,,,
,,,,,242585,579.3816,174,,,,,,,,
,,,,,242800,695.5483,215,,,,,,,,
,,,,,242882,176.1794,82,,,,,,,,
,,,,,243000,,,-274.7214050292969,-2.483678102493286,15.328282356262207,273.5633544921875,274.14166259765625,0.0003,0.0003,0.1
,,,,,243033,321.55273,151,,,,,,,,
,,,,,243244,727.3798,211,,,,,,,,
,,,,,243432,633.7957,188,,,,,,,,
,,,,,243634,635.7451,202,,,,,,,,
,,,,,243852,677.8332,218,,,,,,,,
,,,,,244000,,,-269.0442810058594,-2.521613836288452,9.113016128540039,267.6418762207031,267.6763916015625,0.0003,0.0003,0.1
,,,,,244069,727.5331,217,,,,,,,,
,,,,,244298,755.12885,229,,,,,,,,
,,,,,244504,666.60156,206,,,,,,,,
,,,,,244711,730.35693,207,,,,,,,,
,,,,,244931,700.3701,220,,,,,,,,
618.20197,47.267197,692.4112,543.3207,186.5,245000,,,-277.97674560546875,-2.243471622467041,11.994782447814941,276.6416015625,276.28277587890625,0.0003,0.0003,0.1
,,,,,245134,690.06213,203,,,,,,,,
,,,,,245339,569.2372,205,,,,,,,,
,,,,,245527,613.0435,188,,,,,,,,
,,,,,245726,642.9489,199,,,,,,,,
,,,,,245954,729.4764,228,,,,,,,,
,,,,,246000,,,-278.05645751953125,-2.279597282409668,13.976442337036133,276.8376770019531,277.4081115722656,0.0003,0.0003,0.1
,,,,,246131,497.75793,177,,,,,,,,
,,,,,246317,527.0664,186,,,,,,,,
,,,,,246527,632.6388,210,,,,,,,,
,,,,,246706,479.07864,179,,,,,,,,
,,,,,246881,462.22983,175,,,,,,,,
,,,,,247000,,,-279.54339599609375,-2.032766342163086,8.446257591247559,278.3583679199219,278.26531982421875,0.0003,0.0003,0.1
,,,,,247095,683.4608,214,,,,,,,,
,,,,,247308,710.326,213,,,,,,,,
,,,,,247452,337.75668,144,,,,,,,,
,,,,,247671,699.71045,219,,,,,,,,
,,,,,247876,582.5211,205,,,,,,,,
,,,,,248000,,,-268.9588317871094,-2.7772207260131836,12.647095680236816,266.2629089355469,266.401123046875,0.0003,0.0003,0.1
,,,,,248092,648.9714,216,,,,,,,,
,,,,,248313,745.777,221,,,,,,,,
,,,,,248521,655.5435,208,,,,,,,,
,,,,,248703,628.8558,182,,,,,,,,
,,,,,248896,632.1254,193,,,,,,,,
,,,,,249000,,,-270.9247131347656,-2.4545514583587646,11.115645408630371,269.17889404296875,268.7149658203125,0.0003,0.0003,0.1
,,,,,249090,624.9353,194,,,,,,,,
,,,,,249296,681.1653,206,,,,,,,,
,,,,,249494,550.74164,198,,,,,,,,
,,,,,249707,630.84033,213,,,,,,,,
,,,,,249886,471.32498,179,,,,,,,,
624.5063,114.63806,705.81604,359.1889,193.0,250000,,,-269.585205078125,-2.425673484802246,14.729907989501953,267.80157470703125,268.0535583496094,0.0003,0.0003,0.1
,,,,,250083,685.7838,197,,,,,,,,
,,,,,250292,631.42053,209,,,,,,,,
,,,,,250331,62.2832,39,,,,,,,,
,,,,,250543,699.1963,212,,,,,,,,
,,,,,250766,728.78687,223,,,,,,,,
,,,,,250984,725.64923,218,,,,,,,,
,,,,,251000,,,-271.2404479980469,-2.662175416946411,9.376029014587402,266.90240478515625,266.4147644042969,0.0003,0.0003,0.1
,,,,,251186,598.7564,202,,,,,,,,
,,,,,251386,657.457,200,,,,,,,,
,,,,,251645,860.5481,259,,,,,,,,
,,,,,251840,649.60474,195,,,,,,,,
,,,,,252000,,,-267.57806396484375,-2.178351879119873,8.030479431152344,265.989013671875,266.08758544921875,0.0003,0.0003,0.1
,,,,,252036,679.12134,196,,,,,,,,
,,,,,252267,761.9462,231,,,,,,,,
,,,,,252476,636.9127,209,,,,,,,,
,,,,,252673,649.9903,197,,,,,,,,
,,,,,252869,671.1748,196,,,,,,,,
,,,,,253000,,,-259.37103271484375,-2.8230836391448975,10.517730712890625,257.9627685546875,258.25811767578125,0.0003,0.0003,0.1
,,,,,253075,705.0533,206,,,,,,,,
,,,,,253277,652.9065,202,,,,,,,,
,,,,,253491,710.8185,214,,,,,,,,
,,,,,253709,690.9272,218,,,,,,,,
,,,,,253819,253.71625,110,,,,,,,,
,,,,,254000,,,-268.3208923339844,-2.6398816108703613,27.493288040161133,266.6170654296875,267.459716796875,0.0003,0.0003,0.1
,,,,,254035,678.2443,216,,,,,,,,
,,,,,254230,681.6212,195,,,,,,,,
,,,,,254443,595.65704,213,,,,,,,,
,,,,,254661,722.2457,218,,,,,,,,
,,,,,254874,721.2055,213,,,,,,,,
684.9208,34.72151,748.997,648.1487,202.4,255000,,,-267.759033203125,-2.153764486312866,11.385030746459961,265.40753173828125,264.67608642578125,0.0003,0.0003,0.1
,,,,,255071,683.3874,197,,,,,,,,
,,,,,255263,619.62573,192,,,,,,,,
,,,,,255378,295.596,115,,,,,,,,
,,,,,255592,683.9834,214,,,,,,,,
,,,,,255780,654.547,188,,,,,,,,
,,,,,256000,,,-268.1630554199219,-2.40513277053833,10.585114479064941,265.91180419921875,265.7084045410156,0.0003,0.0003,0.1
,,,,,256006,730.6031,226,,,,,,,,
,,,,,256217,727.8465,211,,,,,,,,
,,,,,256408,663.4262,191,,,,,,,,
,,,,,256624,715.97754,216,,,,,,,,
,,,,,256821,630.71045,197,,,,,,,,
,,,,,257000,,,-281.36279296875,-2.5158872604370117,24.66024398803711,277.6822204589844,277.55902099609375,0.0003,0.0003,0.1
,,,,,257030,701.2002,209,,,,,,,,
,,,,,257234,634.1373,204,,,,,,,,
,,,,,257436,671.49115,202,,,,,,,,
,,,,,257526,187.8494,90,,,,,,,,
,,,,,257603,156.49176,77,,,,,,,,
,,,,,257821,667.34235,218,,,,,,,,
,,,,,257952,346.95026,131,,,,,,,,
,,,,,258000,,,-269.8044128417969,-2.523949384689331,10.946796417236328,268.4303283691406,268.6271057128906,0.0003,0.0003,0.1
,,,,,258087,357.68695,135,,,,,,,,
,,,,,258228,377.25122,141,,,,,,,,
,,,,,258355,339.02966,127,,,,,,,,
,,,,,258487,339.3404,132,,,,,,,,
,,,,,258723,766.65155,236,,,,,,,,
,,,,,258918,678.9017,195,,,,,,,,
,,,,,259000,,,-279.3169250488281,-2.2966666221618652,7.931095123291016,277.5830078125,277.8791198730469,0.0003,0.0003,0.1
,,,,,259138,731.55554,220,,,,,,,,
,,,,,259354,700.3539,216,,,,,,,,
,,,,,259627,895.0353,273,,,,,,,,
,,,,,259849,780.30835,222,,,,,,,,
597.15686,133.21223,723.2363,252.19884,186.4,260000,,,-270.7618408203125,-2.584252119064331,38.10918045043945,268.13287353515625,267.52642822265625,0.0003,0.0003,0.1
,,,,,260054,684.1905,205,,,,,,,,
,,,,,260184,335.2895,130,,,,,,,,
,,,,,260311,328.65,127,,,,,,,,
,,,,,260523,713.34576,212,,,,,,,,
,,,,,260711,600.84875,188,,,,,,,,
,,,,,260892,559.0806,181,,,,,,,,
,,,,,261000,,,-267.37103271484375,-2.382288932800293,16.3731689453125,266.1369934082031,267.06719970703125,0.0003,0.0003,0.1
,,,,,261101,746.35645,209,,,,,,,,
,,,,,261313,762.7542,212,,,,,,,,
,,,,,261508,664.0005,195,,,,,,,,
,,,,,261653,385.1778,145,,,,,,,,
,,,,,261826,509.87915,173,,,,,,,,
,,,,,262000,,,-279.396240234375,-2.0883870124816895,16.045312881469727,278.1855163574219,278.4621887207031,0.0003,0.0003,0.1
,,,,,262038,622.71533,212,,,,,,,,
,,,,,262255,701.40576,217,,,,,,,,
,,,,,262437,625.6558,182,,,,,,,,
,,,,,262641,674.2325,204,,,,,,,,
,,,,,262837,685.4582,196,,,,,,,,
,,,,,263000,,,-274.2188415527344,-2.2073984146118164,11.11025333404541,271.8133239746094,271.769775390625,0.0003,0.0003,0.1
,,,,,263056,749.1485,219,,,,,,,,
,,,,,263268,704.77954,212,,,,,,,,
,,,,,263487,716.16876,219,,,,,,,,
,,,,,263693,706.2833,206,,,,,,,,
,,,,,263895,509.82816,202,,,,,,,,
,,,,,264000,,,-270.8718566894531,-2.346802234649658,14.469915390014648,269.3827819824219,269.1138916015625,0.0003,0.0003,0.1
,,,,,264091,693.0464,196,,,,,,,,
,,,,,264308,749.5989,217,,,,,,,,
,,,,,264507,640.8893,199,,,,,,,,
,,,,,264730,786.95184,223,,,,,,,,
,,,,,264936,710.6973,206,,,,,,,,
701.99005,31.867636,758.54755,654.5638,210.4,265000,,,-264.18377685546875,-2.484652042388916,33.36271286010742,262.5706787109375,262.21002197265625,0.0003,0.0003,0.1
,,,,,265139,610.78864,203,,,,,,,,
,,,,,265344,661.9256,205,,,,,,,,
,,,,,265545,680.28174,201,,,,,,,,
,,,,,265736,601.86115,191,,,,,,,,
,,,,,265958,764.8766,222,,,,,,,,
,,,,,266000,,,-269.18389892578125,-2.6054799556732178,9.6799955368042,267.8712158203125,267.65704345703125,0.0003,0.0003,0.1
,,,,,266246,958.4352,288,,,,,,,,
,,,,,266437,660.2676,191,,,,,,,,
,,,,,266616,554.00116,179,,,,,,,,
,,,,,266793,548.7201,177,,,,,,,,
,,,,,266967,554.6029,174,,,,,,,,
,,,,,267000,,,-270.995849609375,-2.22082781791687,15.693394660949707,269.0655517578125,269.0098876953125,0.0003,0.0003,0.1
,,,,,267081,259.56137,114,,,,,,,,
,,,,,267287,679.1309,206,,,,,,,,
,,,,,267470,553.4655,183,,,,,,,,
,,,,,267657,586.41815,187,,,,,,,,
,,,,,267829,511.82333,172,,,,,,,,
,,,,,268000,,,-274.3980407714844,-2.3560357093811035,24.057025909423828,272.0951843261719,272.07537841796875,0.0003,0.0003,0.1
,,,,,268041,603.6441,212,,,,,,,,
,,,,,268164,301.5464,123,,,,,,,,
,,,,,268365,710.30664,201,,,,,,,,
,,,,,268583,675.86835,218,,,,,,,,
,,,,,268715,330.4568,132,,,,,,,,
,,,,,268881,484.6962,166,,,,,,,,
,,,,,269000,,,-254.57540893554688,-2.760164260864258,11.661986351013184,252.54879760742188,252.57794189453125,0.0003,0.0003,0.1
,,,,,269060,522.73566,179,,,,,,,,
,,,,,269241,577.6837,181,,,,,,,,
,,,,,269444,706.23615,203,,,,,,,,
,,,,,269621,529.08386,177,,,,,,,,
,,,,,269838,667.79095,217,,,,,,,,
440.86987,18.22869,477.22763,412.71167,155.3,270000,,,-265.8660583496094,-2.286557674407959,26.998409271240234,263.92913818359375,263.70147705078125,0.0003,0.0003,0.1
,,,,,270020,593.97925,182,,,,,,,,
,,,,,270210,596.43976,190,,,,,,,,
,,,,,270394,554.50775,184,,,,,,,,
,,,,,270540,435.80984,146,,,,,,,,
,,,,,270702,424.03723,162,,,,,,,,
,,,,,270876,536.28735,174,,,,,,,,
,,,,,271000,,,-268.414794921875,-2.4797167778015137,13.038840293884277,267.27032470703125,266.9800109863281,0.0003,0.0003,0.1
,,,,,271058,556.8388,182,,,,,,,,
,,,,,271224,500.59042,166,,,,,,,,
,,,,,271402,542.7773,178,,,,,,,,
,,,,,271584,555.89386,182,,,,,,,,
,,,,,271800,734.80145,216,,,,,,,,
,,,,,271988,513.3588,188,,,,,,,,
,,,,,272000,,,-265.0282287597656,-2.5523734092712402,11.74028205871582,263.4139709472656,263.6448059082031,0.0003,0.0003,0.1
,,,,,272200,639.5877,212,,,,,,,,
,,,,,272377,542.9476,177,,,,,,,,
,,,,,272553,542.58563,176,,,,,,,,
,,,,,272712,478.5491,159,,,,,,,,
,,,,,272905,658.85754,193,,,,,,,,
,,,,,273000,,,-278.1756896972656,-2.18733811378479,6.277865409851074,276.6553955078125,276.80303955078125,0.0003,0.0003,0.1
,,,,,273125,749.51044,220,,,,,,,,
,,,,,273317,609.1053,192,,,,,,,,
,,,,,273521,702.2401,204,,,,,,,,
,,,,,273718,490.75537,197,,,,,,,,
,,,,,273913,685.44867,195,,,,,,,,
,,,,,274000,,,-273.3147277832031,-2.3014185428619385,19.136402130126953,270.621337890625,270.5185852050781,0.0003,0.0003,0.1
,,,,,274129,704.312,216,,,,,,,,
,,,,,274381,835.96857,252,,,,,,,,
,,,,,274631,839.1957,250,,,,,,,,
,,,,,274837,633.522,206,,,,,,,,
709.2972,21.366642,749.5567,666.785,205.8,275000,,,-269.2524719238281,-2.7399237155914307,15.939544677734375,266.10540771484375,266.0171813964844,0.0003,0.0003,0.1
,,,,,275021,639.8719,184,,,,,,,,
,,,,,275233,737.2982,212,,,,,,,,
,,,,,275409,589.93085,176,,,,,,,,
,,,,,275628,678.35236,219,,,,,,,,
,,,,,275826,695.28864,198,,,,,,,,
,,,,,276000,,,-271.7424011230469,-2.363922595977783,37.596466064453125,268.6413269042969,269.07342529296875,0.0003,0.0003,0.1
,,,,,276024,585.88556,198,,,,,,,,
,,,,,276220,668.3439,196,,,,,,,,
,,,,,276403,621.02686,183,,,,,,,,
,,,,,276472,136.60828,69,,,,,,,,
,,,,,276684,714.33154,212,,,,,,,,
,,,,,276909,730.96765,225,,,,,,,,
,,,,,277000,,,-266.13330078125,-2.5627822875976562,159.5907745361328,264.762451171875,264.52264404296875,0.0003,0.0003,0.1
,,,,,277143,798.4801,234,,,,,,,,
,,,,,277316,531.5194,173,,,,,,,,
,,,,,277518,620.40027,202,,,,,,,,
,,,,,277732,740.9979,214,,,,,,,,
,,,,,277918,617.74457,186,,,,,,,,
,,,,,278000,,,-272.5528259277344,-2.1477208137512207,9.317000389099121,270.1136169433594,270.0514831542969,0.0003,0.0003,0.1
,,,,,278127,699.7074,209,,,,,,,,
,,,,,278343,708.0552,216,,,,,,,,
,,,,,278561,658.94336,218,,,,,,,,
,,,,,278774,725.2766,213,,,,,,,,
,,,,,278983,625.2745,209,,,,,,,,
,,,,,279000,,,-268.7748718261719,-2.3903629779815674,19.77708625793457,267.7327880859375,267.67169189453125,0.0003,0.0003,0.1
,,,,,279154,521.9099,171,,,,,,,,
,,,,,279369,689.1761,215,,,,,,,,
,,,,,279595,726.489,226,,,,,,,,
,,,,,279823,734.62537,228,,,,,,,,
635.9465,73.24558,698.2313,482.56473,209.9,280000,,,-279.3168640136719,-2.4219672679901123,35.339599609375,277.3614501953125,277.4106750488281,0.0003,0.0003,0.1
,,,,,280039,722.086,216,,,,,,,,
,,,,,280259,678.70184,220,,,,,,,,
,,,,,280470,688.5352,211,,,,,,,,
,,,,,280687,699.5977,217,,,,,,,,
,,,,,280891,710.44714,204,,,,,,,,
,,,,,281000,,,-272.0320129394531,-2.308518409729004,13.298070907592773,270.36376953125,270.5952453613281,0.0003,0.0003,0.1
,,,,,281104,642.5599,213,,,,,,,,
,,,,,281178,150.40295,74,,,,,,,,
,,,,,281391,759.8201,213,,,,,,,,
,,,,,281606,710.19977,215,,,,,,,,
,,,,,281820,701.1746,214,,,,,,,,
,,,,,282000,,,-279.4257507324219,-2.217642068862915,10.134605407714844,276.16900634765625,276.12005615234375,0.0003,0.0003,0.1
,,,,,282033,702.3449,213,,,,,,,,
,,,,,282248,720.24725,215,,,,,,,,
,,,,,282464,758.22327,216,,,,,,,,
,,,,,282663,696.5486,199,,,,,,,,
,,,,,282879,771.69714,216,,,,,,,,
,,,,,283000,,,-270.4493713378906,-2.690645694732666,17.30893898010254,267.362548828125,266.8839111328125,0.0003,0.0003,0.1
,,,,,283081,680.25775,202,,,,,,,,
,,,,,283294,722.57275,213,,,,,,,,
,,,,,283511,682.8625,217,,,,,,,,
,,,,,283739,727.398,228,,,,,,,,
,,,,,283955,695.62415,216,,,,,,,,
,,,,,284000,,,-274.01806640625,-2.5936946868896484,13.97278881072998,271.24212646484375,271.1425476074219,0.0003,0.0003,0.1
,,,,,284152,678.56415,197,,,,,,,,
,,,,,284373,713.71326,221,,,,,,,,
,,,,,284593,711.0744,220,,,,,,,,
,,,,,284818,734.70026,225,,,,,,,,
718.38525,42.85503,777.8184,648.9202,209.9,285000,,,-275.927734375,-1.9998273849487305,14.326088905334473,274.6100158691406,274.3318786621094,0.0003,0.0003,0.1
,,,,,285045,729.5044,227,,,,,,,,
,,,,,285259,749.0339,214,,,,,,,,
,,,,,285447,638.8573,188,,,,,,,,
,,,,,285666,779.469,219,,,,,,,,
,,,,,285881,703.30774,215,,,,,,,,
,,,,,286000,,,-271.3119812011719,-2.394845962524414,14.915753364562988,269.9005432128906,269.50384521484375,0.0003,0.0003,0.1
,,,,,286094,750.7623,213,,,,,,,,
,,,,,286275,563.7425,181,,,,,,,,
,,,,,286494,713.42334,219,,,,,,,,
,,,,,286710,677.47675,216,,,,,,,,
,,,,,286935,787.3725,225,,,,,,,,
,,,,,287000,,,-270.384521484375,-2.454540967941284,10.094306945800781,269.1854553222656,269.42425537109375,0.0003,0.0003,0.1
,,,,,287162,811.8537,227,,,,,,,,
,,,,,287388,684.80896,226,,,,,,,,
,,,,,287610,684.36975,222,,,,,,,,
,,,,,287719,234.50351,109,,,,,,,,
,,,,,287932,700.2976,213,,,,,,,,
,,,,,288000,,,-273.49884033203125,-2.311516761779785,15.056854248046875,271.947021484375,271.46539306640625,0.0003,0.0003,0.1
,,,,,288149,724.9852,217,,,,,,,,
,,,,,288365,673.42126,216,,,,,,,,
,,,,,288593,764.4382,228,,,,,,,,
,,,,,288808,746.75604,215,,,,,,,,
,,,,,288942,310.14368,134,,,,,,,,
,,,,,289000,,,-276.9415283203125,-2.5884523391723633,10.452384948730469,274.6195373535156,274.42718505859375,0.0003,0.0003,0.1
,,,,,289162,719.8397,220,,,,,,,,
,,,,,289328,513.55023,166,,,,,,,,
,,,,,289552,664.7399,224,,,,,,,,
,,,,,289775,718.08905,223,,,,,,,,
,,,,,289994,716.7837,219,,,,,,,,
742.94385,24.564407,804.90314,711.9364,217.1,290000,,,-274.4183349609375,-2.042620897293091,14.131978034973145,271.8115539550781,272.04931640625,0.0003,0.0003,0.1
,,,,,290218,763.09094,224,,,,,,,,
,,,,,290420,755.0378,202,,,,,,,,
,,,,,290601,537.4928,181,,,,,,,,
,,,,,290818,735.1773,217,,,,,,,,
,,,,,291000,,,-273.9154357910156,-2.4021058082580566,9.674375534057617,272.79833984375,272.2232666015625,0.0003,0.0003,0.1
,,,,,291059,902.60406,241,,,,,,,,
,,,,,291277,749.79584,218,,,,,,,,
,,,,,291493,733.9588,216,,,,,,,,
,,,,,291711,765.7985,218,,,,,,,,
,,,,,291916,694.88257,205,,,,,,,,
,,,,,292000,,,-281.1422119140625,-1.934347152709961,17.591707229614258,279.42791748046875,279.1180419921875,0.0003,0.0003,0.1
,,,,,292133,698.1399,217,,,,,,,,
,,,,,292346,692.14844,213,,,,,,,,
,,,,,292554,727.34283,208,,,,,,,,
,,,,,292773,732.07886,219,,,,,,,,
,,,,,293000,,,-274.1026916503906,-2.5165908336639404,176.23104858398438,271.4974365234375,271.56103515625,0.0003,0.0003,0.1
,,,,,293029,860.16766,256,,,,,,,,
,,,,,293247,688.3571,218,,,,,,,,
,,,,,293465,751.52527,218,,,,,,,,
,,,,,293681,688.06067,216,,,,,,,,
,,,,,293900,729.36584,219,,,,,,,,
,,,,,294000,,,-278.84429931640625,-2.0743870735168457,91.81655883789062,276.9463195800781,276.21868896484375,0.0003,0.0003,0.1
,,,,,294117,703.4979,217,,,,,,,,
,,,,,294327,750.9085,210,,,,,,,,
,,,,,294546,706.068,219,,,,,,,,
,,,,,294777,765.96716,231,,,,,,,,
,,,,,294998,771.69116,221,,,,,,,,
705.0331,142.96376,896.97064,489.6589,226.7,295000,,,-268.7481994628906,-2.9517927169799805,24.859098434448242,267.0992126464844,267.3247375488281,0.0003,0.0003,0.1
,,,,,295214,753.1385,216,,,,,,,,
,,,,,295418,578.1292,204,,,,,,,,
,,,,,295634,751.9754,216,,,,,,,,
,,,,,295868,750.58844,234,,,,,,,,
,,,,,296000,,,-277.93060302734375,-2.265599250793457,13.698295593261719,276.2851257324219,276.605224609375,0.0003,0.0003,0.1
,,,,,296058,603.42,190,,,,,,,,
,,,,,296291,750.9893,233,,,,,,,,
,,,,,296529,761.6664,238,,,,,,,,
,,,,,296715,572.8786,186,,,,,,,,
,,,,,296851,370.5724,136,,,,,,,,
,,,,,297000,,,-280.1697082519531,-2.551896095275879,17.974050521850586,278.0540466308594,277.7949523925781,0.0003,0.0003,0.1
,,,,,297088,782.16425,237,,,,,,,,
,,,,,297276,625.55225,188,,,,,,,,
,,,,,297449,526.6255,173,,,,,,,,
,,,,,297622,457.35675,173,,,,,,,,
,,,,,297828,667.61383,206,,,,,,,,
,,,,,298000,,,-278.46368408203125,-2.301748275756836,11.803437232971191,277.02728271484375,277.40252685546875,0.0003,0.0003,0.1
,,,,,298024,609.87195,196,,,,,,,,
,,,,,298158,338.64032,134,,,,,,,,
,,,,,298393,729.50433,235,,,,,,,,
,,,,,298687,918.4246,294,,,,,,,,
,,,,,298940,823.89703,253,,,,,,,,
,,,,,299000,,,-277.3691101074219,-2.179863214492798,29.7849178314209,275.7598876953125,275.6169128417969,0.0003,0.0003,0.1
,,,,,299162,661.42523,222,,,,,,,,
,,,,,299397,799.01886,235,,,,,,,,
,,,,,299616,667.20374,219,,,,,,,,
,,,,,299864,832.6447,248,,,,,,,,
840.39764,254.49161,1077.2228,121.9375,256.6,300000,,,-276.6205749511719,-2.381899356842041,9.56235408782959,275.0098876953125,275.0304260253906,0.0003,0.0003,0.1
,,,,,300086,712.6779,222,,,,,,,,
,,,,,300309,688.8641,223,,,,,,,,
,,,,,300533,717.5186,224,,,,,,,,
,,,,,300792,854.1793,259,,,,,,,,
,,,,,301000,,,-270.5596923828125,-2.0565743446350098,9.144302368164062,268.3838806152344,268.3773498535156,0.0003,0.0003,0.1
,,,,,301049,834.45746,257,,,,,,,,
,,,,,301256,723.1276,207,,,,,,,,
,,,,,301456,656.3937,200,,,,,,,,
,,,,,301717,871.98535,261,,,,,,,,
,,,,,301972,841.8193,255,,,,,,,,
,,,,,302000,,,-271.2715759277344,-2.3159236907958984,19.204864501953125,269.26580810546875,268.670166015625,0.0003,0.0003,0.1
,,,,,302193,755.0207,221,,,,,,,,
,,,,,302342,427.54843,149,,,,,,,,
,,,,,302507,510.66452,165,,,,,,,,
,,,,,302780,806.4734,273,,,,,,,,
,,,,,303000,,,-274.3117980957031,-2.217592477798462,11.448868751525879,273.3327941894531,272.88421630859375,0.0003,0.0003,0.1
,,,,,303043,901.9666,263,,,,,,,,
,,,,,303280,768.5621,237,,,,,,,,
,,,,,303532,828.0885,252,,,,,,,,
,,,,,303765,795.86255,233,,,,,,,,
,,,,,303935,482.93158,170,,,,,,,,
,,,,,304000,,,-279.1333923339844,-1.8912450075149536,12.390433311462402,278.0985107421875,277.70184326171875,0.0003,0.0003,0.1
,,,,,304180,805.13275,245,,,,,,,,
,,,,,304450,876.6636,270,,,,,,,,
,,,,,304623,474.47916,173,,,,,,,,
,,,,,304853,700.7156,230,,,,,,,,
739.83264,152.72148,970.75073,454.15594,224.4,305000,,,-274.55078125,-2.1256706714630127,186.8394012451172,272.19439697265625,273.88934326171875,0.0003,0.0003,0.1
,,,,,305092,782.71515,239,,,,,,,,
,,,,,305317,779.2453,225,,,,,,,,
,,,,,305557,778.2836,240,,,,,,,,
,,,,,305752,670.8619,195,,,,,,,,
,,,,,305965,711.47034,213,,,,,,,,
,,,,,306000,,,-271.0916748046875,-2.578458309173584,23.333467483520508,269.2570495605469,269.44158935546875,0.0003,0.0003,0.1
,,,,,306173,738.1436,208,,,,,,,,
,,,,,306380,715.50433,207,,,,,,,,
,,,,,306563,612.40344,183,,,,,,,,
,,,,,306865,998.55566,302,,,,,,,,
,,,,,306882,17.821293,17,,,,,,,,
,,,,,307000,,,-280.0380554199219,-2.0981979370117188,11.00983715057373,278.5664978027344,279.3445129394531,0.0003,0.0003,0.1
,,,,,307101,801.0111,219,,,,,,,,
,,,,,307320,658.993,219,,,,,,,,
,,,,,307530,710.7795,210,,,,,,,,
,,,,,307735,645.49786,205,,,,,,,,
,,,,,307968,723.0155,233,,,,,,,,
,,,,,308000,,,-268.978759765625,-2.3970556259155273,13.48938274383545,267.2081298828125,266.803955078125,0.0003,0.0003,0.1
,,,,,308237,895.8776,269,,,,,,,,
,,,,,308546,1038.2367,309,,,,,,,,
,,,,,308753,744.32294,207,,,,,,,,
,,,,,308953,701.7238,200,,,,,,,,
,,,,,309000,,,-282.9221496582031,-2.1733238697052,11.920249938964844,281.7228698730469,281.4922790527344,0.0003,0.0003,0.1
,,,,,309192,752.159,239,,,,,,,,
,,,,,309382,634.96826,190,,,,,,,,
,,,,,309651,882.43665,269,,,,,,,,
,,,,,309884,823.30426,233,,,,,,,,
595.6658,294.81036,851.56604,18.734085,174.9,310000,,,-281.9933776855469,-2.127379894256592,24.963584899902344,280.8984680175781,281.4167175292969,0.0003,0.0003,0.1
,,,,,310189,1096.7864,305,,,,,,,,
,,,,,310392,606.4111,203,,,,,,,,
,,,,,310652,852.6526,260,,,,,,,,
,,,,,310861,706.2797,209,,,,,,,,
,,,,,311000,,,-284.81646728515625,-2.22587513923645,6.219538688659668,282.9798583984375,282.8782043457031,0.0003,0.0003,0.1
,,,,,311156,952.2035,295,,,,,,,,
,,,,,311393,828.66187,237,,,,,,,,
,,,,,311408,14.252634,15,,,,,,,,
,,,,,311639,832.7985,231,,,,,,,,
,,,,,311864,777.805,225,,,,,,,,
,,,,,312000,,,-271.924072265625,-2.108841896057129,11.036189079284668,269.4350891113281,269.2906799316406,0.0003,0.0003,0.1
,,,,,312073,740.49927,209,,,,,,,,
,,,,,312278,738.81177,205,,,,,,,,
,,,,,312509,814.33185,231,,,,,,,,
,,,,,312524,14.080635,15,,,,,,,,
,,,,,312723,699.9254,199,,,,,,,,
,,,,,312739,14.838276,16,,,,,,,,
,,,,,312943,696.0111,204,,,,,,,,
,,,,,313000,,,-274.4623718261719,-2.0714223384857178,12.581049919128418,271.31976318359375,271.3619384765625,0.0003,0.0003,0.1
,,,,,313004,108.20881,61,,,,,,,,
,,,,,313177,539.5041,173,,,,,,,,
,,,,,313402,784.03546,225,,,,,,,,
,,,,,313581,594.74396,179,,,,,,,,
,,,,,313831,918.67676,250,,,,,,,,
,,,,,313892,114.39443,61,,,,,,,,
,,,,,314000,,,-277.7081298828125,-2.235342025756836,13.999710083007812,275.9449462890625,276.61785888671875,0.0003,0.0003,0.1
,,,,,314135,760.88684,243,,,,,,,,
,,,,,314381,864.3626,246,,,,,,,,
,,,,,314617,775.741,236,,,,,,,,
,,,,,314671,97.66892,54,,,,,,,,
,,,,,314813,333.6853,142,,,,,,,,
,,,,,314867,98.463005,54,,,,,,,,
507.44434,270.8527,790.4336,102.16588,155.8,315000,,,-277.9183044433594,-2.479853630065918,39.173133850097656,275.97406005859375,276.1767883300781,0.0003,0.0003,0.1
,,,,,315048,618.18536,181,,,,,,,,
,,,,,315265,741.0532,217,,,,,,,,
,,,,,315423,462.51453,158,,,,,,,,
,,,,,315645,754.83325,222,,,,,,,,
,,,,,315887,774.4882,242,,,,,,,,
,,,,,316000,,,-284.5375061035156,-1.9796943664550781,14.683662414550781,282.1226501464844,282.07861328125,0.0003,0.0003,0.1
,,,,,316085,678.1825,198,,,,,,,,
,,,,,316350,881.7348,265,,,,,,,,
,,,,,316561,692.0384,211,,,,,,,,
,,,,,316782,672.79205,221,,,,,,,,
,,,,,316995,706.9197,213,,,,,,,,
,,,,,317000,,,-283.6985778808594,-2.104849338531494,18.711145401000977,282.1669616699219,282.2360534667969,0.0003,0.0003,0.1
,,,,,317071,161.59033,76,,,,,,,,
,,,,,317345,927.63904,274,,,,,,,,
,,,,,317573,756.6558,228,,,,,,,,
,,,,,317769,683.9762,196,,,,,,,,
,,,,,317946,572.70166,177,,,,,,,,
,,,,,318000,,,-272.05572509765625,-2.1383023262023926,15.594951629638672,270.3808288574219,270.2373046875,0.0003,0.0003,0.1
,,,,,318155,643.316,209,,,,,,,,
,,,,,318371,696.70197,216,,,,,,,,
,,,,,318532,457.99905,161,,,,,,,,
,,,,,318717,526.38586,185,,,,,,,,
,,,,,318928,722.4589,211,,,,,,,,
,,,,,319000,,,-283.9024353027344,-2.367208480834961,14.5302152633667,281.586181640625,281.0882568359375,0.0003,0.0003,0.1
,,,,,319149,746.7948,221,,,,,,,,
,,,,,319396,845.01166,247,,,,,,,,
,,,,,319573,574.0499,177,,,,,,,,
,,,,,319787,691.08307,214,,,,,,,,
,,,,,320000,753.21375,213,,,,,,,,
726.6944,212.54724,920.9767,114.544624,218.0,320000,,,-282.60516357421875,-2.4585654735565186,8.201620101928711,281.06756591796875,281.3202209472656,0.0003,0.0003,0.1
,,,,,320185,635.64874,185,,,,,,,,
,,,,,320427,808.8104,242,,,,,,,,
,,,,,320622,671.5283,195,,,,,,,,
,,,,,320799,554.80676,177,,,,,,,,
,,,,,321000,,,-278.0216369628906,-2.4986495971679688,20.51043701171875,276.00860595703125,276.13360595703125,0.0003,0.0003,0.1
,,,,,321026,763.61633,227,,,,,,,,
,,,,,321303,939.89923,277,,,,,,,,
,,,,,321510,708.7376,207,,,,,,,,
,,,,,321752,818.6186,242,,,,,,,,
,,,,,321943,646.5505,191,,,,,,,,
,,,,,322000,,,-270.6875305175781,-2.2803893089294434,16.765514373779297,268.7496337890625,268.6256408691406,0.0003,0.0003,0.1
,,,,,322143,657.30774,200,,,,,,,,
,,,,,322375,781.88763,232,,,,,,,,
,,,,,322605,670.466,230,,,,,,,,
,,,,,322767,469.2461,162,,,,,,,,
,,,,,323000,,,-280.2259216308594,-2.30570912361145,6.246287822723389,278.8118591308594,278.8579406738281,0.0003,0.0003,0.1
,,,,,323011,837.0851,244,,,,,,,,
,,,,,323366,1195.684,355,,,,,,,,
,,,,,323519,384.5983,153,,,,,,,,
,,,,,323752,738.5169,233,,,,,,,,
,,,,,323982,810.0952,230,,,,,,,,
,,,,,324000,,,-285.354248046875,-1.9881136417388916,11.549144744873047,283.9297790527344,283.97186279296875,0.0003,0.0003,0.1
,,,,,324248,926.2235,266,,,,,,,,
,,,,,324556,987.94366,308,,,,,,,,
,,,,,324818,872.19885,262,,,,,,,,
622.6803,83.13572,782.08435,531.0096,208.1,325000,,,-277.3238220214844,-2.4818930625915527,41.22178268432617,274.8288269042969,275.87945556640625,0.0003,0.0003,0.1
,,,,,325091,874.47705,273,,,,,,,,
,,,,,325322,753.99023,231,,,,,,,,
,,,,,325552,805.23474,230,,,,,,,,
,,,,,325830,921.4829,278,,,,,,,,
,,,,,326000,,,-288.2434997558594,-1.9439430236816406,10.350576400756836,286.4909973144531,286.77899169921875,0.0003,0.0003,0.1
,,,,,326052,743.9868,222,,,,,,,,
,,,,,326324,908.67377,272,,,,,,,,
,,,,,326597,941.53357,273,,,,,,,,
,,,,,326776,504.57498,179,,,,,,,,
,,,,,327000,,,-275.4198913574219,-2.508913993835449,9.644311904907227,273.27142333984375,273.7295837402344,0.0003,0.0003,0.1
,,,,,327039,926.12805,263,,,,,,,,
,,,,,327307,893.7361,268,,,,,,,,
,,,,,327318,10.769568,11,,,,,,,,
,,,,,327537,738.62744,219,,,,,,,,
,,,,,327798,902.10547,261,,,,,,,,
,,,,,328000,,,-281.0447998046875,-2.092104911804199,14.871078491210938,279.7037048339844,279.997314453125,0.0003,0.0003,0.1
,,,,,328072,944.969,274,,,,,,,,
,,,,,328348,911.48584,276,,,,,,,,
,,,,,328578,767.6719,230,,,,,,,,
,,,,,328770,637.6101,192,,,,,,,,
,,,,,328959,607.15485,189,,,,,,,,
,,,,,329000,,,-278.4752197265625,-2.0959222316741943,13.911026000976562,277.09808349609375,276.84368896484375,0.0003,0.0003,0.1
,,,,,329162,661.21454,203,,,,,,,,
,,,,,329384,727.0428,222,,,,,,,,
,,,,,329604,762.9068,220,,,,,,,,
,,,,,329836,781.1894,232,,,,,,,,
617.11206,169.53015,780.80707,238.26537,191.3,330000,,,-279.3250427246094,-2.7427940368652344,7.751948833465576,277.54241943359375,277.4424133300781,0.0003,0.0003,0.1
,,,,,330048,701.41174,212,,,,,,,,
,,,,,330258,728.9794,210,,,,,,,,
,,,,,330424,499.31955,166,,,,,,,,
,,,,,330597,472.1979,173,,,,,,,,
,,,,,330826,723.2314,229,,,,,,,,
,,,,,331000,,,-287.1888732910156,-2.2995412349700928,10.747838973999023,284.27392578125,283.83062744140625,0.0003,0.0003,0.1
,,,,,331059,786.9907,233,,,,,,,,
,,,,,331269,657.5984,210,,,,,,,,
,,,,,331524,834.5771,255,,,,,,,,
,,,,,331749,739.2553,225,,,,,,,,
,,,,,331978,740.4562,229,,,,,,,,
,,,,,332000,,,-276.01275634765625,-2.3366684913635254,9.434152603149414,273.35498046875,273.84881591796875,0.0003,0.0003,0.1
,,,,,332208,756.5224,230,,,,,,,,
,,,,,332402,610.46643,194,,,,,,,,
,,,,,332549,410.074,147,,,,,,,,
,,,,,332755,672.99225,206,,,,,,,,
,,,,,332988,777.97394,233,,,,,,,,
,,,,,333000,,,-261.15582275390625,-2.6863276958465576,17.44189453125,259.46575927734375,259.70574951171875,0.0003,0.0003,0.1
,,,,,333235,811.52454,247,,,,,,,,
,,,,,333444,669.65845,209,,,,,,,,
,,,,,333636,647.70715,192,,,,,,,,
,,,,,333833,592.63794,197,,,,,,,,
,,,,,334000,,,-275.6908264160156,-2.095365285873413,9.591781616210938,274.3810729980469,274.5563659667969,0.0003,0.0003,0.1
,,,,,334053,702.8957,220,,,,,,,,
,,,,,334247,591.7374,194,,,,,,,,
,,,,,334317,117.73751,70,,,,,,,,
,,,,,334526,702.30457,209,,,,,,,,
,,,,,334731,651.9133,205,,,,,,,,
685.77576,115.46913,945.56714,592.6098,212.1,335000,,,-282.5028381347656,-2.2395801544189453,11.06144905090332,280.1974792480469,279.9833984375,0.0003,0.0003,0.1
,,,,,335001,877.31287,270,,,,,,,,
,,,,,335203,688.4164,202,,,,,,,,
,,,,,335381,476.01694,178,,,,,,,,
,,,,,335563,579.4512,182,,,,,,,,
,,,,,335790,747.4398,227,,,,,,,,
,,,,,336000,,,-278.3258361816406,-2.598393678665161,22.47139549255371,275.52392578125,275.8883972167969,0.0003,0.0003,0.1
,,,,,336005,667.31976,215,,,,,,,,
,,,,,336218,686.10693,213,,,,,,,,
,,,,,336483,864.6104,265,,,,,,,,
,,,,,336685,635.63586,202,,,,,,,,
,,,,,336894,687.8838,209,,,,,,,,
,,,,,337000,,,-275.0084533691406,-2.5059239864349365,51.70442581176758,272.69775390625,271.8014831542969,0.0003,0.0003,0.1
,,,,,337098,638.14954,204,,,,,,,,
,,,,,337331,768.02075,233,,,,,,,,
,,,,,337517,576.3792,186,,,,,,,,
,,,,,337727,705.6562,210,,,,,,,,
,,,,,337918,628.6416,191,,,,,,,,
,,,,,338000,,,-278.59063720703125,-2.211573600769043,8.352191925048828,277.5431213378906,277.5753479003906,0.0003,0.0003,0.1
,,,,,338118,619.3871,200,,,,,,,,
,,,,,338370,872.88275,252,,,,,,,,
,,,,,338379,8.04515,9,,,,,,,,
,,,,,338556,492.05157,177,,,,,,,,
,,,,,338769,695.8523,213,,,,,,,,
,,,,,338966,571.58295,197,,,,,,,,
,,,,,339000,,,-280.892822265625,-2.3448991775512695,16.122894287109375,279.7724304199219,279.33514404296875,0.0003,0.0003,0.1
,,,,,339244,924.4674,278,,,,,,,,
,,,,,339453,686.72754,209,,,,,,,,
,,,,,339672,722.9324,219,,,,,,,,
,,,,,339900,744.80225,228,,,,,,,,
622.58435,225.3885,889.81024,128.71555,193.0,340000,,,-276.4925231933594,-2.105854034423828,8.294686317443848,273.6649475097656,273.4912414550781,0.0003,0.0003,0.1
,,,,,340203,1019.0177,303,,,,,,,,
,,,,,340426,765.15564,223,,,,,,,,
,,,,,340631,671.0459,205,,,,,,,,
,,,,,340742,239.2195,111,,,,,,,,
,,,,,340938,630.0378,196,,,,,,,,
,,,,,341000,,,-286.9897155761719,-2.235454559326172,12.0762357711792,285.2547607421875,285.3309326171875,0.0003,0.0003,0.1
,,,,,341118,485.24554,180,,,,,,,,
,,,,,341340,753.2412,222,,,,,,,,
,,,,,341538,643.2116,198,,,,,,,,
,,,,,341739,621.6625,201,,,,,,,,
,,,,,341930,598.5279,191,,,,,,,,
,,,,,341973,72.73526,43,,,,,,,,
,,,,,342000,,,-280.2186279296875,-1.937634825706482,11.528555870056152,278.4326171875,278.70208740234375,0.0003,0.0003,0.1
,,,,,342090,265.70847,117,,,,,,,,
,,,,,342276,584.69885,186,,,,,,,,
,,,,,342384,226.41806,108,,,,,,,,
,,,,,342561,524.37573,177,,,,,,,,
,,,,,342763,667.607,202,,,,,,,,
,,,,,342930,448.9958,167,,,,,,,,
,,,,,343000,,,-278.9451904296875,-2.585752010345459,18.998743057250977,277.20013427734375,278.19256591796875,0.0003,0.0003,0.1
,,,,,343097,464.86896,167,,,,,,,,
,,,,,343299,566.1907,202,,,,,,,,
,,,,,343488,617.6532,189,,,,,,,,
,,,,,343704,732.69116,216,,,,,,,,
,,,,,343907,672.22534,203,,,,,,,,
,,,,,344000,,,-276.0891418457031,-2.440915107727051,17.970745086669922,273.991455078125,274.0184020996094,0.0003,0.0003,0.1
,,,,,344113,690.7897,206,,,,,,,,
,,,,,344313,677.12823,200,,,,,,,,
,,,,,344373,97.17616,60,,,,,,,,
,,,,,344569,648.6128,196,,,,,,,,
,,,,,344783,694.8365,214,,,,,,,,
,,,,,344956,497.6849,173,,,,,,,,
569.82336,112.76179,689.1416,373.9073,179.8,345000,,,-282.7910461425781,-2.205832004547119,13.53441047668457,280.9021301269531,281.1379089355469,0.0003,0.0003,0.1
,,,,,345177,797.6989,221,,,,,,,,
,,,,,345382,700.8213,205,,,,,,,,
,,,,,345587,672.02936,205,,,,,,,,
,,,,,345825,845.22375,238,,,,,,,,
,,,,,346000,,,-278.4781188964844,-2.4559614658355713,11.299598693847656,275.6795959472656,275.69366455078125,0.0003,0.0003,0.1
,,,,,346023,666.9504,198,,,,,,,,
,,,,,346192,527.71747,169,,,,,,,,
,,,,,346394,641.42645,202,,,,,,,,
,,,,,346603,724.4835,209,,,,,,,,
,,,,,346833,809.9162,230,,,,,,,,
,,,,,346896,121.92256,63,,,,,,,,
,,,,,347000,,,-281.7530212402344,-2.124898672103882,8.322166442871094,280.12408447265625,280.4352111816406,0.0003,0.0003,0.1
,,,,,347106,739.90625,210,,,,,,,,
,,,,,347324,708.6416,218,,,,,,,,
,,,,,347538,701.0527,214,,,,,,,,
,,,,,347764,770.38965,226,,,,,,,,
,,,,,347976,701.0142,212,,,,,,,,
,,,,,348000,,,-268.44561767578125,-2.5410406589508057,22.1412296295166,265.4728088378906,265.51312255859375,0.0003,0.0003,0.1
,,,,,348189,703.4983,213,,,,,,,,
,,,,,348402,756.80707,213,,,,,,,,
,,,,,348616,729.72876,214,,,,,,,,
,,,,,348876,892.6104,260,,,,,,,,
,,,,,349000,,,-276.5700988769531,-2.6521785259246826,9.330531120300293,275.2439270019531,275.33197021484375,0.0003,0.0003,0.1
,,,,,349086,705.0398,210,,,,,,,,
,,,,,349265,622.63324,179,,,,,,,,
,,,,,349457,643.5751,192,,,,,,,,
,,,,,349640,499.7716,183,,,,,,,,
,,,,,349830,603.1197,190,,,,,,,,
675.9308,24.545347,710.3397,643.54034,202.7,350000,,,-275.2065734863281,-2.0214438438415527,19.780885696411133,273.8968200683594,273.50439453125,0.0003,0.0003,0.1
,,,,,350047,727.09,217,,,,,,,,
,,,,,350238,593.24115,191,,,,,,,,
,,,,,350455,716.2883,217,,,,,,,,
,,,,,350718,912.3704,263,,,,,,,,
,,,,,350953,794.73157,235,,,,,,,,
,,,,,351000,,,-281.83428955078125,-2.414907217025757,113.68647003173828,279.26007080078125,278.4974365234375,0.0003,0.0003,0.1
,,,,,351152,700.2914,199,,,,,,,,
,,,,,351369,714.0543,217,,,,,,,,
,,,,,351567,680.49524,198,,,,,,,,
,,,,,351795,780.19745,228,,,,,,,,
,,,,,351990,687.72437,195,,,,,,,,
,,,,,352000,,,-279.0195007324219,-2.598033905029297,8.468584060668945,277.38201904296875,277.4620361328125,0.0003,0.0003,0.1
,,,,,352195,711.5629,205,,,,,,,,
,,,,,352393,663.2667,198,,,,,,,,
,,,,,352619,797.0477,226,,,,,,,,
,,,,,352835,732.4646,216,,,,,,,,
,,,,,353000,,,-276.32177734375,-2.4886069297790527,17.175796508789062,274.2168273925781,274.3523864746094,0.0003,0.0003,0.1
,,,,,353048,730.24365,213,,,,,,,,
,,,,,353285,781.67444,237,,,,,,,,
,,,,,353466,563.0495,181,,,,,,,,
,,,,,353670,696.004,204,,,,,,,,
,,,,,353887,740.78687,217,,,,,,,,
,,,,,354000,,,-271.8196716308594,-2.49318265914917,19.013397216796875,270.7458190917969,270.8877868652344,0.0003,0.0003,0.1
,,,,,354105,736.42065,218,,,,,,,,
,,,,,354317,717.967,212,,,,,,,,
,,,,,354593,915.1227,276,,,,,,,,
,,,,,354815,713.55164,222,,,,,,,,
694.07214,40.566246,803.20935,647.39124,200.2,355000,,,-280.8171081542969,-1.8728601932525635,12.845932006835938,279.6012878417969,279.7013854980469,0.0003,0.0003,0.1
,,,,,355023,704.878,208,,,,,,,,
,,,,,355229,744.4363,206,,,,,,,,
,,,,,355463,810.73865,234,,,,,,,,
,,,,,355666,710.2267,203,,,,,,,,
,,,,,355918,927.2291,252,,,,,,,,
,,,,,356000,,,-273.8033752441406,-2.4909608364105225,17.925424575805664,271.7852478027344,271.3777770996094,0.0003,0.0003,0.1
,,,,,356133,787.80414,215,,,,,,,,
,,,,,356348,706.5231,215,,,,,,,,
,,,,,356542,662.8207,194,,,,,,,,
,,,,,356728,589.8537,186,,,,,,,,
,,,,,356933,724.5217,205,,,,,,,,
,,,,,357000,,,-274.3260803222656,-2.13989520072937,12.0940580368042,273.4296875,273.32305908203125,0.0003,0.0003,0.1
,,,,,357146,692.4785,213,,,,,,,,
,,,,,357366,738.06824,220,,,,,,,,
,,,,,357575,712.1259,209,,,,,,,,
,,,,,357789,704.7004,214,,,,,,,,
,,,,,357999,740.81354,210,,,,,,,,
,,,,,358000,,,-274.9043273925781,-2.296812057495117,11.275015830993652,273.47503662109375,273.15509033203125,0.0003,0.0003,0.1
,,,,,358213,653.3953,214,,,,,,,,
,,,,,358409,697.68555,196,,,,,,,,
,,,,,358627,716.30945,218,,,,,,,,
,,,,,358820,671.56805,193,,,,,,,,
,,,,,359000,,,-273.1064453125,-1.8494749069213867,13.613861083984375,272.0989990234375,272.4568786621094,0.0003,0.0003,0.1
,,,,,359026,696.00183,206,,,,,,,,
,,,,,359149,338.436,123,,,,,,,,
,,,,,359351,686.16327,202,,,,,,,,
,,,,,359545,697.07324,194,,,,,,,,
,,,,,359749,713.431,204,,,,,,,,
,,,,,359973,700.8151,224,,,,,,,,
686.4595,50.724644,757.7655,596.36304,197.3,360000,,,-281.82501220703125,-2.2710812091827393,13.340408325195312,280.5240783691406,280.5138244628906,0.0003,0.0003,0.1
,,,,,360173,674.31024,200,,,,,,,,
,,,,,360394,785.9439,221,,,,,,,,
,,,,,360589,666.64233,195,,,,,,,,
,,,,,360804,663.6867,215,,,,,,,,
,,,,,361000,,,-275.5564270019531,-1.9229527711868286,7.382881164550781,274.42333984375,274.94476318359375,0.0003,0.0003,0.1
,,,,,361012,730.2873,208,,,,,,,,
,,,,,361210,698.96747,198,,,,,,,,
,,,,,361449,865.1246,239,,,,,,,,
,,,,,361683,857.70435,234,,,,,,,,
,,,,,361900,686.0635,217,,,,,,,,
,,,,,362000,,,-274.5920715332031,-2.6424455642700195,24.603290557861328,272.0394287109375,272.06866455078125,0.0003,0.0003,0.1
,,,,,362093,651.6759,193,,,,,,,,
,,,,,362160,134.42503,67,,,,,,,,
,,,,,362348,638.9946,188,,,,,,,,
,,,,,362642,984.2474,294,,,,,,,,
,,,,,362861,760.95374,219,,,,,,,,
,,,,,363000,,,-264.1715087890625,-2.2224807739257812,10.442243576049805,262.5593566894531,262.9891052246094,0.0003,0.0003,0.1
,,,,,363059,604.9594,198,,,,,,,,
,,,,,363303,792.6657,244,,,,,,,,
,,,,,363489,632.76,186,,,,,,,,
,,,,,363675,558.35236,186,,,,,,,,
,,,,,363887,681.56195,212,,,,,,,,
,,,,,364000,,,-275.56182861328125,-1.9539358615875244,10.018360137939453,274.5189208984375,274.31182861328125,0.0003,0.0003,0.1
,,,,,364113,809.5436,226,,,,,,,,
,,,,,364330,739.75653,217,,,,,,,,
,,,,,364516,565.95447,186,,,,,,,,
,,,,,364699,625.88007,183,,,,,,,,
,,,,,364899,631.4421,200,,,,,,,,
741.5819,96.68167,867.13794,597.6801,213.0,365000,,,-281.0961608886719,-2.136061668395996,14.469995498657227,279.60308837890625,280.2809143066406,0.0003,0.0003,0.1
,,,,,365138,800.2454,239,,,,,,,,
,,,,,365336,698.73755,198,,,,,,,,
,,,,,365595,836.90717,259,,,,,,,,
,,,,,365813,668.5152,218,,,,,,,,
,,,,,366000,,,-280.909912109375,-1.9678049087524414,9.544754028320312,279.8480224609375,279.6168518066406,0.0003,0.0003,0.1
,,,,,366037,733.6267,224,,,,,,,,
,,,,,366248,708.747,211,,,,,,,,
,,,,,366472,723.841,224,,,,,,,,
,,,,,366704,800.8442,232,,,,,,,,
,,,,,366883,619.5811,179,,,,,,,,
,,,,,367000,,,-271.9394836425781,-2.4114060401916504,12.136446952819824,270.1605529785156,269.7875061035156,0.0003,0.0003,0.1
,,,,,367043,463.31296,160,,,,,,,,
,,,,,367231,632.0668,188,,,,,,,,
,,,,,367457,805.9162,226,,,,,,,,
,,,,,367662,748.3354,205,,,,,,,,
,,,,,367875,683.67255,213,,,,,,,,
,,,,,368000,,,-279.26690673828125,-2.0644657611846924,7.921635627746582,277.82379150390625,277.99566650390625,0.0003,0.0003,0.1
,,,,,368083,615.79645,208,,,,,,,,
,,,,,368292,621.81665,209,,,,,,,,
,,,,,368492,651.9475,200,,,,,,,,
,,,,,368710,768.7543,218,,,,,,,,
,,,,,368926,805.3751,216,,,,,,,,
,,,,,369000,,,-279.97479248046875,-2.188447952270508,11.694988250732422,278.4791564941406,279.3036193847656,0.0003,0.0003,0.1
,,,,,369140,777.7411,214,,,,,,,,
,,,,,369350,735.5429,210,,,,,,,,
,,,,,369560,765.08307,210,,,,,,,,
,,,,,369758,688.5779,198,,,,,,,,
,,,,,369937,592.9198,179,,,,,,,,
693.7414,29.231417,738.7443,645.9852,199.5,370000,,,-275.6787414550781,-2.4551215171813965,26.634973526000977,274.1874694824219,274.02850341796875,0.0003,0.0003,0.1
,,,,,370165,773.36786,228,,,,,,,,
,,,,,370377,740.9822,212,,,,,,,,
,,,,,370595,761.6876,218,,,,,,,,
,,,,,370825,852.174,230,,,,,,,,
,,,,,371000,,,-280.4244689941406,-2.026472568511963,10.382697105407715,279.0784606933594,278.7427978515625,0.0003,0.0003,0.1
,,,,,371020,681.01685,195,,,,,,,,
,,,,,371222,712.4621,202,,,,,,,,
,,,,,371458,814.64557,236,,,,,,,,
,,,,,371640,601.6177,182,,,,,,,,
,,,,,371862,807.5433,222,,,,,,,,
,,,,,372000,,,-268.4913024902344,-1.7504937648773193,6.877270698547363,266.2079772949219,266.43609619140625,0.0003,0.0003,0.1
,,,,,372057,675.7957,195,,,,,,,,
,,,,,372235,574.36664,178,,,,,,,,
,,,,,372457,773.57385,222,,,,,,,,
,,,,,372640,626.41144,183,,,,,,,,
,,,,,372825,598.9745,185,,,,,,,,
,,,,,373000,,,-280.5838623046875,-2.4345016479492188,14.519465446472168,279.186767578125,279.65869140625,0.0003,0.0003,0.1
,,,,,373017,663.94385,192,,,,,,,,
,,,,,373164,459.3509,147,,,,,,,,
,,,,,373347,619.2502,183,,,,,,,,
,,,,,373537,640.3657,190,,,,,,,,
,,,,,373734,677.87695,197,,,,,,,,
,,,,,373931,712.99664,197,,,,,,,,
,,,,,374000,,,-280.181640625,-2.5044493675231934,12.288074493408203,277.90032958984375,277.71002197265625,0.0003,0.0003,0.1
,,,,,374129,713.4437,198,,,,,,,,
,,,,,374292,519.1009,163,,,,,,,,
,,,,,374504,795.3037,212,,,,,,,,
,,,,,374694,658.09216,190,,,,,,,,
,,,,,374914,817.47144,220,,,,,,,,
716.3513,117.60646,891.78204,533.57623,204.2,375000,,,-273.91912841796875,-1.9960167407989502,7.728363037109375,272.5030212402344,272.4552001953125,0.0003,0.0003,0.1
,,,,,375141,763.7439,227,,,,,,,,
,,,,,375344,733.9504,203,,,,,,,,
,,,,,375546,669.1321,202,,,,,,,,
,,,,,375783,873.6585,237,,,,,,,,
,,,,,375992,766.10297,209,,,,,,,,
,,,,,376000,,,-272.309326171875,-2.073348045349121,7.141598224639893,270.94549560546875,270.71466064453125,0.0003,0.0003,0.1
,,,,,376181,638.766,189,,,,,,,,
,,,,,376363,607.98224,182,,,,,,,,
,,,,,376554,690.4038,191,,,,,,,,
,,,,,376772,774.48267,218,,,,,,,,
,,,,,376992,798.17786,220,,,,,,,,
,,,,,377000,,,-279.8927001953125,-2.576922655105591,126.5478744506836,278.2085876464844,278.1472473144531,0.0003,0.0003,0.1
,,,,,377183,669.5282,191,,,,,,,,
,,,,,377402,803.146,219,,,,,,,,
,,,,,377635,748.6188,233,,,,,,,,
,,,,,377862,796.407,227,,,,,,,,
,,,,,378000,,,-274.568359375,-2.165976047515869,7.348076820373535,272.5401611328125,273.0534973144531,0.0003,0.0003,0.1
,,,,,378032,512.5554,170,,,,,,,,
,,,,,378226,623.9465,194,,,,,,,,
,,,,,378380,457.9289,154,,,,,,,,
,,,,,378582,678.33386,202,,,,,,,,
,,,,,378807,804.18365,225,,,,,,,,
,,,,,378968,468.84213,161,,,,,,,,
,,,,,379000,,,-274.3554382324219,-2.6813807487487793,8.199374198913574,272.7453918457031,272.5850524902344,0.0003,0.0003,0.1
,,,,,379191,815.14075,223,,,,,,,,
,,,,,379407,779.60736,216,,,,,,,,
,,,,,379562,447.7134,155,,,,,,,,
,,,,,379790,704.54724,228,,,,,,,,
,,,,,379994,709.49725,204,,,,,,,,
661.33875,57.445786,767.00006,596.07477,195.3,380000,,,-273.4809265136719,-2.2841336727142334,8.062164306640625,272.21563720703125,272.30865478515625,0.0003,0.0003,0.1
,,,,,380183,558.6476,189,,,,,,,,
,,,,,380375,630.29486,192,,,,,,,,
,,,,,380588,734.99927,213,,,,,,,,
,,,,,380825,853.8729,237,,,,,,,,
,,,,,381000,,,-272.6119079589844,-2.441638469696045,5.51020622253418,269.1368103027344,269.165771484375,0.0003,0.0003,0.1
,,,,,381073,846.03784,248,,,,,,,,
,,,,,381239,480.744,166,,,,,,,,
,,,,,381304,132.18925,65,,,,,,,,
,,,,,381528,771.3927,224,,,,,,,,
,,,,,381751,785.5169,223,,,,,,,,
,,,,,381981,784.6017,230,,,,,,,,
,,,,,382000,,,-277.1660461425781,-2.097435474395752,116.66273498535156,275.7744445800781,274.484619140625,0.0003,0.0003,0.1
,,,,,382223,860.9672,242,,,,,,,,
,,,,,382411,675.54395,188,,,,,,,,
,,,,,382669,949.25995,258,,,,,,,,
,,,,,382952,934.93335,283,,,,,,,,
,,,,,383000,,,-283.1831970214844,-2.265320301055908,13.157681465148926,280.9375,280.5811767578125,0.0003,0.0003,0.1
,,,,,383157,744.5069,205,,,,,,,,
,,,,,383384,758.0852,227,,,,,,,,
,,,,,383643,863.4123,259,,,,,,,,
,,,,,383855,691.0184,212,,,,,,,,
,,,,,384000,,,-273.3372802734375,-2.1038658618927,56.23471450805664,272.26800537109375,271.84283447265625,0.0003,0.0003,0.1
,,,,,384067,771.0944,212,,,,,,,,
,,,,,384276,650.5846,209,,,,,,,,
,,,,,384496,808.646,220,,,,,,,,
,,,,,384729,797.35754,233,,,,,,,,
,,,,,384962,770.6218,233,,,,,,,,
736.87714,105.132126,841.7432,454.09448,217.8,385000,,,-273.27789306640625,-2.3447039127349854,11.878944396972656,270.93475341796875,271.48492431640625,0.0003,0.0003,0.1
,,,,,385194,745.0707,232,,,,,,,,
,,,,,385429,790.53125,235,,,,,,,,
,,,,,385616,556.71106,187,,,,,,,,
,,,,,385739,299.62097,123,,,,,,,,
,,,,,385906,512.69464,167,,,,,,,,
,,,,,386000,,,-282.1892395019531,-1.7629618644714355,10.33031177520752,280.8829650878906,281.38238525390625,0.0003,0.0003,0.1
,,,,,386072,493.89307,166,,,,,,,,
,,,,,386321,946.9425,249,,,,,,,,
,,,,,386579,896.82336,258,,,,,,,,
,,,,,386776,622.53766,197,,,,,,,,
,,,,,387000,,,-274.7128601074219,-2.1069931983947754,11.95883846282959,272.77728271484375,272.549560546875,0.0003,0.0003,0.1
,,,,,387018,779.09625,242,,,,,,,,
,,,,,387210,637.0205,192,,,,,,,,
,,,,,387429,735.61005,219,,,,,,,,
,,,,,387638,610.2727,209,,,,,,,,
,,,,,387855,700.4556,217,,,,,,,,
,,,,,388000,,,-276.8642578125,-2.276627779006958,9.991726875305176,275.75775146484375,276.0107421875,0.0003,0.0003,0.1
,,,,,388072,698.3624,217,,,,,,,,
,,,,,388284,758.12915,212,,,,,,,,
,,,,,388515,762.2972,231,,,,,,,,
,,,,,388760,917.46454,245,,,,,,,,
,,,,,388974,734.2648,214,,,,,,,,
,,,,,389000,,,-271.40985107421875,-2.1809897422790527,12.329778671264648,270.00048828125,269.5133361816406,0.0003,0.0003,0.1
,,,,,389184,642.9582,210,,,,,,,,
,,,,,389221,61.012558,37,,,,,,,,
,,,,,389449,738.3145,228,,,,,,,,
,,,,,389717,903.7629,268,,,,,,,,
,,,,,389978,863.8799,261,,,,,,,,
742.64514,55.99217,856.7364,655.3462,221.1,390000,,,-268.0163879394531,-2.4654104709625244,11.708015441894531,266.80535888671875,267.02484130859375,0.0003,0.0003,0.1
,,,,,390208,736.24005,230,,,,,,,,
,,,,,390428,698.3587,220,,,,,,,,
,,,,,390625,703.51355,197,,,,,,,,
,,,,,390844,710.46265,219,,,,,,,,
,,,,,391000,,,-283.31768798828125,-2.024012565612793,11.46052360534668,282.15380859375,282.1236877441406,0.0003,0.0003,0.1
,,,,,391084,831.46106,240,,,,,,,,
,,,,,391278,672.1996,194,,,,,,,,
,,,,,391525,805.8746,247,,,,,,,,
,,,,,391768,863.8616,243,,,,,,,,
,,,,,392000,,,-269.99493408203125,-1.9310457706451416,8.050228118896484,269.0377197265625,269.1177978515625,0.0003,0.0003,0.1
,,,,,392004,800.1798,236,,,,,,,,
,,,,,392272,898.1911,268,,,,,,,,
,,,,,392506,771.2075,234,,,,,,,,
,,,,,392730,769.2105,224,,,,,,,,
,,,,,392969,742.59973,239,,,,,,,,
,,,,,393000,,,-276.607177734375,-2.628772735595703,16.850324630737305,275.4218444824219,276.2730407714844,0.0003,0.0003,0.1
,,,,,393200,777.71515,231,,,,,,,,
,,,,,393415,660.7552,215,,,,,,,,
,,,,,393644,722.48627,229,,,,,,,,
,,,,,393867,712.62274,223,,,,,,,,
,,,,,394000,,,-274.770751953125,-2.1293482780456543,10.902344703674316,273.150634765625,273.30474853515625,0.0003,0.0003,0.1
,,,,,394093,721.7042,226,,,,,,,,
,,,,,394313,712.1197,220,,,,,,,,
,,,,,394526,702.73254,213,,,,,,,,
,,,,,394738,669.51,212,,,,,,,,
,,,,,394971,776.6545,233,,,,,,,,
740.1078,91.87102,823.2908,511.33463,225.2,395000,,,-270.92926025390625,-2.2545461654663086,11.83873176574707,269.7004089355469,269.50433349609375,0.0003,0.0003,0.1
,,,,,395202,766.5639,231,,,,,,,,
,,,,,395433,749.33044,231,,,,,,,,
,,,,,395678,815.0651,245,,,,,,,,
,,,,,395862,603.18524,184,,,,,,,,
,,,,,396000,,,-277.5665283203125,-2.300417900085449,12.11375904083252,276.579345703125,276.1081237792969,0.0003,0.0003,0.1
,,,,,396097,756.67865,235,,,,,,,,
,,,,,396287,608.82605,190,,,,,,,,
,,,,,396483,585.0857,196,,,,,,,,
,,,,,396718,744.14557,235,,,,,,,,
,,,,,396938,756.01874,220,,,,,,,,
,,,,,397000,121.47367,62,,,,,,,,
,,,,,397000,,,-276.8524169921875,-2.0494539737701416,108.15006256103516,273.9005126953125,274.54010009765625,0.0003,0.0003,0.1
,,,,,397202,600.5094,202,,,,,,,,
,,,,,397402,607.81885,200,,,,,,,,
,,,,,397632,696.88104,230,,,,,,,,
,,,,,397869,783.5945,237,,,,,,,,
,,,,,398000,,,-283.037109375,-1.909849762916565,99.38896942138672,279.6401672363281,278.4163513183594,0.0003,0.0003,0.1
,,,,,398096,763.49994,227,,,,,,,,
,,,,,398312,701.92395,216,,,,,,,,
,,,,,398542,800.9728,230,,,,,,,,
,,,,,398756,692.53174,214,,,,,,,,
,,,,,398974,740.59686,218,,,,,,,,
,,,,,399000,,,-269.4322814941406,-2.84421706199646,28.978090286254883,267.3074645996094,268.96221923828125,0.0003,0.0003,0.1
,,,,,399198,752.7179,224,,,,,,,,
,,,,,399405,661.5837,207,,,,,,,,
,,,,,399641,766.6272,236,,,,,,,,
,,,,,399845,682.2399,204,,,,,,,,
736.2249,60.00604,813.16156,632.7002,218.2,400000,,,-277.7455139160156,-2.4633121490478516,7.222446441650391,275.87451171875,276.02520751953125,0.0003,0.0003,0.1
,,,,,400061,685.2075,216,,,,,,,,
,,,,,400263,654.01685,202,,,,,,,,
,,,,,400482,712.3845,219,,,,,,,,
,,,,,400689,672.3474,207,,,,,,,,
,,,,,400927,775.6042,238,,,,,,,,
,,,,,401000,,,-286.8894958496094,-2.1583170890808105,9.360106468200684,285.40472412109375,285.05523681640625,0.0003,0.0003,0.1
,,,,,401169,801.2297,242,,,,,,,,
,,,,,401396,729.95953,227,,,,,,,,
,,,,,401633,784.04407,237,,,,,,,,
,,,,,401851,724.8482,218,,,,,,,,
,,,,,402000,,,-283.35272216796875,-2.3441028594970703,6.129734516143799,282.28240966796875,282.41693115234375,0.0003,0.0003,0.1
,,,,,402124,860.39856,273,,,,,,,,
,,,,,402351,746.45166,227,,,,,,,,
,,,,,402569,681.095,218,,,,,,,,
,,,,,402787,688.9407,218,,,,,,,,
,,,,,402830,71.33645,43,,,,,,,,
,,,,,403000,,,-263.0653991699219,-2.5827651023864746,127.13078308105469,261.0350646972656,260.46820068359375,0.0003,0.0003,0.1
,,,,,403085,830.793,255,,,,,,,,
,,,,,403300,675.50146,215,,,,,,,,
,,,,,403537,785.258,237,,,,,,,,
,,,,,403764,718.608,227,,,,,,,,
,,,,,403976,666.71173,212,,,,,,,,
,,,,,404000,,,-263.74676513671875,-2.529336452484131,11.109489440917969,262.5591735839844,263.2193298339844,0.0003,0.0003,0.1
,,,,,404209,777.2161,233,,,,,,,,
,,,,,404468,837.1303,259,,,,,,,,
,,,,,404663,592.21265,195,,,,,,,,
,,,,,404880,746.31586,217,,,,,,,,
785.6767,55.8706,899.1725,705.97943,237.4,405000,,,-281.36767578125,-2.25126314163208,9.958980560302734,280.2084045410156,280.75048828125,0.0003,0.0003,0.1
,,,,,405117,812.22876,237,,,,,,,,
,,,,,405348,738.9738,231,,,,,,,,
,,,,,405581,780.7672,233,,,,,,,,
,,,,,405810,737.66315,229,,,,,,,,
,,,,,406000,,,-278.6694030761719,-2.6055188179016113,6.678699493408203,276.2802734375,276.15020751953125,0.0003,0.0003,0.1
,,,,,406043,754.7643,233,,,,,,,,
,,,,,406257,663.2477,214,,,,,,,,
,,,,,406457,629.37305,200,,,,,,,,
,,,,,406691,814.9826,234,,,,,,,,
,,,,,406929,773.2104,238,,,,,,,,
,,,,,407000,,,-267.3487548828125,-2.153278112411499,17.225400924682617,265.72113037109375,265.99725341796875,0.0003,0.0003,0.1
,,,,,407164,756.63354,235,,,,,,,,
,,,,,407409,805.2552,245,,,,,,,,
,,,,,407642,764.70996,233,,,,,,,,
,,,,,407826,547.62555,184,,,,,,,,
,,,,,408000,,,-279.6618347167969,-1.960171103477478,11.467029571533203,277.52740478515625,277.4180908203125,0.0003,0.0003,0.1
,,,,,408029,629.5447,203,,,,,,,,
,,,,,408303,860.8893,274,,,,,,,,
,,,,,408511,665.1859,208,,,,,,,,
,,,,,408753,775.94794,242,,,,,,,,
,,,,,408983,764.3895,230,,,,,,,,
,,,,,409000,,,-280.43621826171875,-2.346344232559204,10.43342113494873,278.1906433105469,277.9377746582031,0.0003,0.0003,0.1
,,,,,409170,560.05896,187,,,,,,,,
,,,,,409410,799.8197,240,,,,,,,,
,,,,,409692,913.3317,282,,,,,,,,
,,,,,409927,765.97473,235,,,,,,,,
810.63776,64.52248,920.53174,710.97876,249.9,410000,,,-271.457275390625,-2.376847505569458,11.705625534057617,269.41949462890625,269.9493713378906,0.0003,0.0003,0.1
,,,,,410164,780.43787,237,,,,,,,,
,,,,,410401,795.73413,237,,,,,,,,
,,,,,410638,761.61273,237,,,,,,,,
,,,,,410880,809.1048,242,,,,,,,,
,,,,,411000,,,-276.6435241699219,-2.0587236881256104,22.39828109741211,275.6926574707031,275.4285888671875,0.0003,0.0003,0.1
,,,,,411111,769.0466,231,,,,,,,,
,,,,,411369,832.8502,258,,,,,,,,
,,,,,411568,691.968,199,,,,,,,,
,,,,,411817,856.5406,249,,,,,,,,
,,,,,412000,,,-275.9659729003906,-2.0059151649475098,34.757904052734375,274.3145446777344,274.75927734375,0.0003,0.0003,0.1
,,,,,412067,821.2711,250,,,,,,,,
,,,,,412344,922.0292,277,,,,,,,,
,,,,,412594,807.40027,250,,,,,,,,
,,,,,412815,727.1121,221,,,,,,,,
,,,,,413000,,,-273.863525390625,-2.2726523876190186,13.384549140930176,271.8412170410156,271.64996337890625,0.0003,0.0003,0.1
,,,,,413049,762.8502,234,,,,,,,,
,,,,,413288,803.02716,239,,,,,,,,
,,,,,413513,702.82733,225,,,,,,,,
,,,,,413751,776.46216,238,,,,,,,,
,,,,,413991,862.4811,240,,,,,,,,
,,,,,414000,,,-276.5101318359375,-2.807340145111084,8.25356674194336,275.05181884765625,275.3675842285156,0.0003,0.0003,0.1
,,,,,414231,841.79584,240,,,,,,,,
,,,,,414477,836.58905,246,,,,,,,,
,,,,,414738,859.4369,261,,,,,,,,
,,,,,414980,787.022,242,,,,,,,,
770.05865,39.168846,857.6769,700.76105,230.1,415000,,,-261.4508972167969,-2.7170443534851074,314.4648132324219,259.5561218261719,258.5595397949219,0.0003,0.0003,0.1
,,,,,415183,648.6732,203,,,,,,,,
,,,,,415423,876.97095,240,,,,,,,,
,,,,,415661,825.73193,238,,,,,,,,
,,,,,415890,742.0709,229,,,,,,,,
,,,,,416000,,,-279.1971130371094,-1.9942240715026855,73.7938003540039,277.1761779785156,278.30926513671875,0.0003,0.0003,0.1
,,,,,416119,803.3287,229,,,,,,,,
,,,,,416343,719.3238,224,,,,,,,,
,,,,,416584,797.1833,241,,,,,,,,
,,,,,416824,801.6482,240,,,,,,,,
,,,,,417000,,,-269.14801025390625,-2.5983662605285645,345.1622009277344,267.76922607421875,266.0264892578125,0.0003,0.0003,0.1
,,,,,417060,775.0753,236,,,,,,,,
,,,,,417306,858.0157,246,,,,,,,,
,,,,,417539,804.569,233,,,,,,,,
,,,,,417766,691.4304,227,,,,,,,,
,,,,,417969,692.91406,203,,,,,,,,
,,,,,418000,,,-274.5532531738281,-2.192397117614746,8.624404907226562,273.75146484375,273.5058898925781,0.0003,0.0003,0.1
,,,,,418226,802.68195,257,,,,,,,,
,,,,,418456,736.06995,230,,,,,,,,
,,,,,418679,711.47894,223,,,,,,,,
,,,,,418860,614.63837,181,,,,,,,,
,,,,,419000,,,-273.04931640625,-2.31535005569458,15.79471492767334,271.70965576171875,271.4686584472656,0.0003,0.0003,0.1
,,,,,419097,826.3646,237,,,,,,,,
,,,,,419313,711.8007,216,,,,,,,,
,,,,,419538,687.13873,225,,,,,,,,
,,,,,419776,807.6223,238,,,,,,,,
,,,,,419995,711.95514,219,,,,,,,,
805.3429,65.340744,926.88116,650.6221,235.7,420000,,,-277.4477844238281,-2.005772352218628,37.83028030395508,275.7804870605469,275.26983642578125,0.0003,0.0003,0.1
,,,,,420219,776.30927,224,,,,,,,,
,,,,,420409,564.1057,190,,,,,,,,
,,,,,420639,823.8877,230,,,,,,,,
,,,,,420886,826.0286,247,,,,,,,,
,,,,,421000,,,-274.38848876953125,-2.4001312255859375,16.84991455078125,272.7182312011719,272.7037353515625,0.0003,0.0003,0.1
,,,,,421179,971.46375,293,,,,,,,,
,,,,,421387,654.5615,208,,,,,,,,
,,,,,421590,704.29724,203,,,,,,,,
,,,,,421832,872.3465,242,,,,,,,,
,,,,,422000,,,-276.5470275878906,-2.0944600105285645,28.680057525634766,274.5195617675781,274.1070251464844,0.0003,0.0003,0.1
,,,,,422084,847.3204,252,,,,,,,,
,,,,,422301,755.74066,217,,,,,,,,
,,,,,422536,813.8408,235,,,,,,,,
,,,,,422786,865.65924,250,,,,,,,,
,,,,,423000,,,-274.6129455566406,-2.2106494903564453,14.982558250427246,272.5045166015625,272.6403503417969,0.0003,0.0003,0.1
,,,,,423068,957.6747,282,,,,,,,,
,,,,,423293,734.39734,225,,,,,,,,
,,,,,423537,807.72125,244,,,,,,,,
,,,,,423792,860.1532,255,,,,,,,,
,,,,,424000,,,-280.8441162109375,-2.2203073501586914,13.785886764526367,277.8770446777344,277.2778015136719,0.0003,0.0003,0.1
,,,,,424052,845.0093,260,,,,,,,,
,,,,,424282,789.33307,230,,,,,,,,
,,,,,424512,749.74493,230,,,,,,,,
,,,,,424753,852.2438,241,,,,,,,,
,,,,,424997,868.8108,244,,,,,,,,
635.4503,271.52768,863.8162,93.64728,196.2,425000,,,-274.78594970703125,-2.5069313049316406,13.120514869689941,274.046630859375,273.3653564453125,0.0003,0.0003,0.1
,,,,,425251,975.55383,254,,,,,,,,
,,,,,425493,828.50146,242,,,,,,,,
,,,,,425701,727.7449,208,,,,,,,,
,,,,,425907,638.3129,206,,,,,,,,
,,,,,426000,,,-277.3393249511719,-2.190263509750366,12.909716606140137,276.32928466796875,275.4139709472656,0.0003,0.0003,0.1
,,,,,426125,712.5478,218,,,,,,,,
,,,,,426367,795.2008,242,,,,,,,,
,,,,,426618,859.37024,251,,,,,,,,
,,,,,426855,765.3278,237,,,,,,,,
,,,,,427000,,,-267.0019226074219,-2.8152239322662354,19.669933319091797,265.5990295410156,264.85162353515625,0.0003,0.0003,0.1
,,,,,427091,773.7314,236,,,,,,,,
,,,,,427323,729.5883,232,,,,,,,,
,,,,,427535,703.2741,212,,,,,,,,
,,,,,427750,697.756,215,,,,,,,,
,,,,,427986,806.6774,236,,,,,,,,
,,,,,428000,,,-281.2243347167969,-1.7082871198654175,5.7656354904174805,280.4403991699219,280.6114501953125,0.0003,0.0003,0.1
,,,,,428208,734.9752,222,,,,,,,,
,,,,,428334,306.91696,126,,,,,,,,
,,,,,428616,925.83923,282,,,,,,,,
,,,,,428861,833.15894,245,,,,,,,,
,,,,,429000,,,-279.8636169433594,-2.1074068546295166,9.520115852355957,278.6604309082031,278.6231384277344,0.0003,0.0003,0.1
,,,,,429102,811.9478,241,,,,,,,,
,,,,,429337,821.9347,235,,,,,,,,
,,,,,429578,853.7207,241,,,,,,,,
,,,,,429807,728.012,229,,,,,,,,
814.4062,50.030815,871.6886,709.8492,241.0,430000,,,-267.406005859375,-2.242640495300293,29.13103485107422,265.8126220703125,266.3132629394531,0.0003,0.0003,0.1
,,,,,430056,883.34125,249,,,,,,,,
,,,,,430270,732.7043,214,,,,,,,,
,,,,,430502,741.4351,232,,,,,,,,
,,,,,430737,789.3831,235,,,,,,,,
,,,,,430977,766.5126,240,,,,,,,,
,,,,,431000,,,-276.9222717285156,-2.036238670349121,15.73422622680664,275.8189697265625,277.42681884765625,0.0003,0.0003,0.1
,,,,,431229,823.44147,252,,,,,,,,
,,,,,431401,547.4293,172,,,,,,,,
,,,,,431650,835.86206,249,,,,,,,,
,,,,,431901,892.40283,251,,,,,,,,
,,,,,432000,,,-275.6071472167969,-2.039351463317871,36.23162078857422,273.59698486328125,273.23199462890625,0.0003,0.0003,0.1
,,,,,432158,839.4296,257,,,,,,,,
,,,,,432402,821.9065,244,,,,,,,,
,,,,,432637,835.73517,235,,,,,,,,
,,,,,432873,806.9948,236,,,,,,,,
,,,,,433000,,,-277.0659484863281,-1.7297632694244385,9.346806526184082,275.270263671875,274.4274597167969,0.0003,0.0003,0.1
,,,,,433119,863.1025,246,,,,,,,,
,,,,,433330,680.66113,211,,,,,,,,
,,,,,433537,673.0119,207,,,,,,,,
,,,,,433785,858.5973,248,,,,,,,,
,,,,,434000,,,-274.350830078125,-1.8972398042678833,6.402585506439209,272.752197265625,272.9524230957031,0.0003,0.0003,0.1
,,,,,434015,810.3169,230,,,,,,,,
,,,,,434229,729.32965,214,,,,,,,,
,,,,,434453,809.01605,224,,,,,,,,
,,,,,434721,917.20465,268,,,,,,,,
,,,,,434957,830.848,236,,,,,,,,
837.4126,36.906647,890.13776,785.41187,242.1,435000,,,-271.99432373046875,-2.1818697452545166,8.751758575439453,270.42608642578125,270.85577392578125,0.0003,0.0003,0.1
,,,,,435185,817.3832,228,,,,,,,,
,,,,,435420,815.1479,235,,,,,,,,
,,,,,435676,873.8083,256,,,,,,,,
,,,,,435925,815.8132,249,,,,,,,,
,,,,,436000,,,-277.6725158691406,-1.8822953701019287,13.358564376831055,275.9746398925781,276.61822509765625,0.0003,0.0003,0.1
,,,,,436132,642.89404,207,,,,,,,,
,,,,,436373,804.5421,241,,,,,,,,
,,,,,436639,929.2489,266,,,,,,,,
,,,,,436887,873.34937,248,,,,,,,,
,,,,,437000,,,-274.921142578125,-2.0520126819610596,8.551603317260742,273.9088439941406,273.0714111328125,0.0003,0.0003,0.1
,,,,,437160,958.9486,273,,,,,,,,
,,,,,437402,817.88025,242,,,,,,,,
,,,,,437635,794.3402,233,,,,,,,,
,,,,,437887,837.5911,252,,,,,,,,
,,,,,438000,,,-278.9732360839844,-1.9089789390563965,9.580885887145996,277.6340026855469,277.5272521972656,0.0003,0.0003,0.1
,,,,,438118,807.7805,231,,,,,,,,
,,,,,438361,883.344,243,,,,,,,,
,,,,,438587,806.14777,226,,,,,,,,
,,,,,438817,809.38947,230,,,,,,,,
,,,,,439000,,,-270.5015563964844,-2.013620376586914,9.54033374786377,269.5203552246094,268.86175537109375,0.0003,0.0003,0.1
,,,,,439043,723.5736,226,,,,,,,,
,,,,,439281,770.51337,238,,,,,,,,
,,,,,439496,744.51416,215,,,,,,,,
,,,,,439720,767.384,224,,,,,,,,
,,,,,439932,742.94073,212,,,,,,,,
336.74103,396.42032,860.98376,10.640235,102.4,440000,,,-285.4457702636719,-2.029611110687256,17.829387664794922,283.4875183105469,283.969970703125,0.0003,0.0003,0.1
,,,,,440203,901.8088,271,,,,,,,,
,,,,,440444,846.90137,241,,,,,,,,
,,,,,440672,752.78766,228,,,,,,,,
,,,,,440912,814.8436,240,,,,,,,,
,,,,,441000,,,-275.1313171386719,-2.024193525314331,25.71805763244629,274.29168701171875,273.9705810546875,0.0003,0.0003,0.1
,,,,,441142,810.4674,230,,,,,,,,
,,,,,441353,750.2791,211,,,,,,,,
,,,,,441569,732.6466,216,,,,,,,,
,,,,,441579,10.649959,10,,,,,,,,
,,,,,441590,12.096561,11,,,,,,,,
,,,,,441601,12.362538,11,,,,,,,,
,,,,,441614,15.895043,13,,,,,,,,
,,,,,441625,11.697727,11,,,,,,,,
,,,,,441833,624.54877,208,,,,,,,,
,,,,,442000,,,-271.49932861328125,-2.484687089920044,14.89123249053955,269.5813293457031,268.8780822753906,0.0003,0.0003,0.1
,,,,,442084,811.69257,251,,,,,,,,
,,,,,442307,753.2351,223,,,,,,,,
,,,,,442363,105.180244,56,,,,,,,,
,,,,,442598,784.87695,235,,,,,,,,
,,,,,442853,827.97864,255,,,,,,,,
,,,,,443000,,,-278.0293884277344,-2.550422191619873,9.552268028259277,275.2956848144531,275.42669677734375,0.0003,0.0003,0.1
,,,,,443105,853.7532,252,,,,,,,,
,,,,,443317,703.1049,212,,,,,,,,
,,,,,443544,810.84814,227,,,,,,,,
,,,,,443789,839.99805,245,,,,,,,,
,,,,,444000,,,-270.83782958984375,-2.204681634902954,9.296548843383789,269.1232604980469,269.2347412109375,0.0003,0.0003,0.1
,,,,,444041,867.8612,252,,,,,,,,
,,,,,444232,565.85706,191,,,,,,,,
,,,,,444471,832.9361,239,,,,,,,,
,,,,,444669,651.9951,198,,,,,,,,
,,,,,444910,871.5292,241,,,,,,,,
777.3477,111.470055,923.7558,575.9095,232.7,445000,,,-276.27728271484375,-1.874243974685669,9.441983222961426,275.5858459472656,275.3913269042969,0.0003,0.0003,0.1
,,,,,445145,776.13403,235,,,,,,,,
,,,,,445392,912.4655,247,,,,,,,,
,,,,,445617,748.02325,225,,,,,,,,
,,,,,445865,787.7813,248,,,,,,,,
,,,,,446000,,,-279.7225646972656,-1.8259717226028442,14.541257858276367,278.42401123046875,277.8572998046875,0.0003,0.0003,0.1
,,,,,446081,687.9703,216,,,,,,,,
,,,,,446288,674.30237,207,,,,,,,,
,,,,,446487,562.8396,199,,,,,,,,
,,,,,446711,730.5536,224,,,,,,,,
,,,,,446951,806.49786,240,,,,,,,,
,,,,,447000,,,-269.64642333984375,-1.7694945335388184,13.04296875,268.1686706542969,268.6002197265625,0.0003,0.0003,0.1
,,,,,447180,781.4936,229,,,,,,,,
,,,,,447386,733.20233,206,,,,,,,,
,,,,,447650,926.0296,264,,,,,,,,
,,,,,447884,803.4368,234,,,,,,,,
,,,,,448000,,,-278.7803955078125,-1.9318829774856567,13.04123592376709,276.8594970703125,276.78369140625,0.0003,0.0003,0.1
,,,,,448121,841.68994,237,,,,,,,,
,,,,,448350,815.1665,229,,,,,,,,
,,,,,448577,784.77563,227,,,,,,,,
,,,,,448825,855.2609,248,,,,,,,,
,,,,,449000,,,-273.5120544433594,-2.3108744621276855,8.762618064880371,272.4437255859375,272.2529296875,0.0003,0.0003,0.1
,,,,,449083,868.4953,258,,,,,,,,
,,,,,449302,746.0573,219,,,,,,,,
,,,,,449565,973.80927,263,,,,,,,,
,,,,,449808,822.32434,243,,,,,,,,
828.0412,66.8101,953.2012,720.73047,246.8,450000,,,-283.63934326171875,-2.135004758834839,10.741558074951172,282.69049072265625,282.0003662109375,0.0003,0.0003,0.1
,,,,,450002,538.0563,194,,,,,,,,
,,,,,450216,739.0111,214,,,,,,,,
,,,,,450445,738.9174,229,,,,,,,,
,,,,,450701,871.3445,256,,,,,,,,
,,,,,450945,822.64417,244,,,,,,,,
,,,,,451000,,,-274.81817626953125,-2.1971583366394043,11.516097068786621,273.62530517578125,273.6868896484375,0.0003,0.0003,0.1
,,,,,451176,760.76276,231,,,,,,,,
,,,,,451431,847.9146,255,,,,,,,,
,,,,,451654,759.0834,223,,,,,,,,
,,,,,451898,775.69086,244,,,,,,,,
,,,,,452000,,,-281.7506408691406,-1.8734861612319946,11.317811965942383,280.51409912109375,280.6849365234375,0.0003,0.0003,0.1
,,,,,452097,685.5812,199,,,,,,,,
,,,,,452352,831.1398,255,,,,,,,,
,,,,,452577,749.7009,225,,,,,,,,
,,,,,452831,874.9082,254,,,,,,,,
,,,,,453000,,,-274.8502197265625,-2.0372300148010254,10.146169662475586,272.730712890625,272.4613037109375,0.0003,0.0003,0.1
,,,,,453059,761.74493,228,,,,,,,,
,,,,,453284,774.80133,225,,,,,,,,
,,,,,453514,794.1861,230,,,,,,,,
,,,,,453726,666.8833,212,,,,,,,,
,,,,,453968,844.6993,242,,,,,,,,
,,,,,454000,,,-276.146240234375,-2.2423181533813477,7.015939712524414,275.0214538574219,275.1811218261719,0.0003,0.0003,0.1
,,,,,454216,798.4723,248,,,,,,,,
,,,,,454450,782.58594,234,,,,,,,,
,,,,,454700,851.9823,250,,,,,,,,
,,,,,454931,688.02734,231,,,,,,,,
826.783,61.925632,877.46497,663.8752,243.6,455000,,,-280.6329650878906,-2.451308012008667,9.077361106872559,279.5045166015625,279.5334777832031,0.0003,0.0003,0.1
,,,,,455187,888.8742,256,,,,,,,,
,,,,,455446,888.4881,259,,,,,,,,
,,,,,455677,801.29425,231,,,,,,,,
,,,,,455921,852.3416,244,,,,,,,,
,,,,,456000,,,-277.06915283203125,-1.9756410121917725,6.611682891845703,275.3359069824219,275.95941162109375,0.0003,0.0003,0.1
,,,,,456165,835.1417,244,,,,,,,,
,,,,,456368,673.8505,203,,,,,,,,
,,,,,456595,811.36115,227,,,,,,,,
,,,,,456848,872.50653,253,,,,,,,,
,,,,,457000,,,-275.0285949707031,-2.3900275230407715,19.141530990600586,271.5256042480469,272.68890380859375,0.0003,0.0003,0.1
,,,,,457094,796.81335,246,,,,,,,,
,,,,,457364,927.1239,270,,,,,,,,
,,,,,457580,717.18756,216,,,,,,,,
,,,,,457836,904.35406,256,,,,,,,,
,,,,,458000,,,-283.3031311035156,-2.2612013816833496,12.187199592590332,281.8409118652344,282.4739074707031,0.0003,0.0003,0.1
,,,,,458056,694.09717,220,,,,,,,,
,,,,,458285,745.64056,229,,,,,,,,
,,,,,458536,832.35986,251,,,,,,,,
,,,,,458815,913.0238,279,,,,,,,,
,,,,,459000,,,-283.98870849609375,-1.8423056602478027,6.940678596496582,282.855712890625,283.1708068847656,0.0003,0.0003,0.1
,,,,,459059,816.2644,244,,,,,,,,
,,,,,459310,765.94104,251,,,,,,,,
,,,,,459539,803.879,229,,,,,,,,
,,,,,459738,620.02625,199,,,,,,,,
,,,,,459966,791.326,228,,,,,,,,
776.4741,27.845484,844.82666,742.74225,223.2,460000,,,-279.1341552734375,-2.031822919845581,16.591754913330078,277.0706481933594,276.97625732421875,0.0003,0.0003,0.1
,,,,,460197,769.82355,231,,,,,,,,
,,,,,460428,838.1251,231,,,,,,,,
,,,,,460653,767.0255,225,,,,,,,,
,,,,,460868,708.3628,215,,,,,,,,
,,,,,461000,,,-266.0138854980469,-2.390528678894043,8.15123176574707,264.465087890625,264.8187255859375,0.0003,0.0003,0.1
,,,,,461073,709.18024,205,,,,,,,,
,,,,,461291,706.6893,218,,,,,,,,
,,,,,461509,751.954,218,,,,,,,,
,,,,,461759,860.0017,250,,,,,,,,
,,,,,462000,,,-272.756591796875,-2.1636459827423096,11.666217803955078,270.270263671875,270.0155944824219,0.0003,0.0003,0.1
,,,,,462008,831.0412,249,,,,,,,,
,,,,,462242,841.9415,234,,,,,,,,
,,,,,462448,687.43555,206,,,,,,,,
,,,,,462674,772.8277,226,,,,,,,,
,,,,,462937,885.012,263,,,,,,,,
,,,,,463000,,,-277.715087890625,-1.8449454307556152,9.702351570129395,276.80078125,276.608154296875,0.0003,0.0003,0.1
,,,,,463178,824.0009,241,,,,,,,,
,,,,,463439,865.0454,261,,,,,,,,
,,,,,463659,765.9951,220,,,,,,,,
,,,,,463893,820.4273,234,,,,,,,,
,,,,,464000,,,-277.0596008300781,-1.9348033666610718,6.454624176025391,276.07763671875,276.1766357421875,0.0003,0.0003,0.1
,,,,,464136,857.19434,243,,,,,,,,
,,,,,464353,764.2655,217,,,,,,,,
,,,,,464575,770.12756,222,,,,,,,,
,,,,,464780,632.8902,205,,,,,,,,
786.67035,69.507675,867.7005,653.5637,227.8,465000,,,-279.23736572265625,-1.6902637481689453,9.415250778198242,278.37799072265625,277.8457946777344,0.0003,0.0003,0.1
,,,,,465030,840.78656,250,,,,,,,,
,,,,,465289,875.9677,259,,,,,,,,
,,,,,465521,814.04376,232,,,,,,,,
,,,,,465727,742.9319,206,,,,,,,,
,,,,,465964,827.3419,237,,,,,,,,
,,,,,466000,,,-275.03863525390625,-2.137830972671509,11.124139785766602,273.4464416503906,273.4778747558594,0.0003,0.0003,0.1
,,,,,466213,829.5992,249,,,,,,,,
,,,,,466432,774.93677,219,,,,,,,,
,,,,,466631,596.7825,199,,,,,,,,
,,,,,466833,621.9517,202,,,,,,,,
,,,,,467000,,,-282.2012634277344,-1.8377689123153687,11.938232421875,281.254150390625,280.6922912597656,0.0003,0.0003,0.1
,,,,,467042,619.47125,209,,,,,,,,
,,,,,467245,667.54736,203,,,,,,,,
,,,,,467462,745.365,217,,,,,,,,
,,,,,467683,802.1862,221,,,,,,,,
,,,,,467832,393.1211,149,,,,,,,,
,,,,,468000,,,-273.1914367675781,-2.22430419921875,25.634679794311523,271.62744140625,272.50347900390625,0.0003,0.0003,0.1
,,,,,468065,788.8747,233,,,,,,,,
,,,,,468147,179.02284,82,,,,,,,,
,,,,,468362,762.34973,215,,,,,,,,
,,,,,468585,731.16437,223,,,,,,,,
,,,,,468852,970.01514,267,,,,,,,,
,,,,,469000,,,-284.5524597167969,-2.370365858078003,14.865901947021484,283.02862548828125,283.04022216796875,0.0003,0.0003,0.1
,,,,,469103,888.8702,251,,,,,,,,
,,,,,469364,925.49475,261,,,,,,,,
,,,,,469571,735.773,207,,,,,,,,
,,,,,469758,634.0062,187,,,,,,,,
,,,,,470000,809.8205,242,,,,,,,,
836.7116,39.528057,883.80096,774.41406,262.1,470000,,,-282.98077392578125,-1.7837556600570679,9.24254035949707,282.1196594238281,282.1337585449219,0.0003,0.0003,0.1
,,,,,470261,832.6945,261,,,,,,,,
,,,,,470534,899.36365,273,,,,,,,,
,,,,,470760,829.68805,226,,,,,,,,
,,,,,470991,793.71375,231,,,,,,,,
,,,,,471000,,,-278.7286071777344,-2.127244234085083,6.130107402801514,277.82958984375,277.6903076171875,0.0003,0.0003,0.1
,,,,,471193,631.194,202,,,,,,,,
,,,,,471411,757.8704,218,,,,,,,,
,,,,,471658,817.9663,247,,,,,,,,
,,,,,471909,849.93134,251,,,,,,,,
,,,,,472000,,,-278.85931396484375,-1.9105706214904785,9.132818222045898,276.78350830078125,277.2944641113281,0.0003,0.0003,0.1
,,,,,472147,820.4339,238,,,,,,,,
,,,,,472345,707.2342,198,,,,,,,,
,,,,,472588,802.6245,243,,,,,,,,
,,,,,472805,775.7766,217,,,,,,,,
,,,,,473000,,,-280.7590637207031,-2.025502920150757,10.01133918762207,278.33624267578125,279.3402099609375,0.0003,0.0003,0.1
,,,,,473053,880.86554,248,,,,,,,,
,,,,,473280,773.46265,227,,,,,,,,
,,,,,473338,110.35859,58,,,,,,,,
,,,,,473597,824.89215,259,,,,,,,,
,,,,,473814,736.5387,217,,,,,,,,
,,,,,474000,,,-277.146728515625,-1.6692991256713867,11.112499237060547,275.3033447265625,275.1300048828125,0.0003,0.0003,0.1
,,,,,474084,907.6266,270,,,,,,,,
,,,,,474315,804.0913,231,,,,,,,,
,,,,,474508,574.24,193,,,,,,,,
,,,,,474714,745.93616,206,,,,,,,,
,,,,,474933,781.1485,219,,,,,,,,
838.9201,55.992317,922.25555,728.7307,238.8,475000,,,-274.0926208496094,-2.1618261337280273,8.669168472290039,272.4715576171875,272.3883361816406,0.0003,0.0003,0.1
,,,,,475171,833.8038,238,,,,,,,,
,,,,,475378,682.76166,207,,,,,,,,
,,,,,475627,825.0624,249,,,,,,,,
,,,,,475838,713.5402,211,,,,,,,,
,,,,,476000,,,-273.0127868652344,-2.2719902992248535,11.86173152923584,272.5832214355469,271.43341064453125,0.0003,0.0003,0.1
,,,,,476113,899.57916,275,,,,,,,,
,,,,,476341,790.7732,228,,,,,,,,
,,,,,476582,838.6949,241,,,,,,,,
,,,,,476805,701.2587,223,,,,,,,,
,,,,,477000,,,-275.1751708984375,-1.9473751783370972,6.454801559448242,274.0651550292969,274.188720703125,0.0003,0.0003,0.1
,,,,,477011,592.3368,206,,,,,,,,
,,,,,477221,739.62744,210,,,,,,,,
,,,,,477446,761.33435,225,,,,,,,,
,,,,,477707,877.06256,261,,,,,,,,
,,,,,477877,502.83282,170,,,,,,,,
,,,,,478000,,,-274.2552795410156,-2.410820960998535,11.569408416748047,272.87744140625,273.3054504394531,0.0003,0.0003,0.1
,,,,,478177,930.5097,300,,,,,,,,
,,,,,478417,781.53345,240,,,,,,,,
,,,,,478656,840.49316,239,,,,,,,,
,,,,,478884,769.137,228,,,,,,,,
,,,,,479000,,,-269.60284423828125,-1.908441185951233,7.142187118530273,268.0423583984375,268.155517578125,0.0003,0.0003,0.1
,,,,,479109,799.48425,225,,,,,,,,
,,,,,479338,726.8059,229,,,,,,,,
,,,,,479543,639.1391,205,,,,,,,,
,,,,,479755,724.089,212,,,,,,,,
,,,,,479976,787.83966,221,,,,,,,,
441.64386,375.33417,927.3324,61.033573,148.2,480000,,,-272.5126037597656,-2.0900371074676514,14.585643768310547,271.26666259765625,271.24560546875,0.0003,0.0003,0.1
,,,,,480019,70.278786,43,,,,,,,,
,,,,,480275,898.69116,256,,,,,,,,
,,,,,480504,774.22144,229,,,,,,,,
,,,,,480769,978.038,265,,,,,,,,
,,,,,481000,,,-280.74346923828125,-1.8989019393920898,8.05001163482666,279.2604675292969,278.9277648925781,0.0003,0.0003,0.1
,,,,,481001,808.1101,232,,,,,,,,
,,,,,481249,848.0218,248,,,,,,,,
,,,,,481469,801.28125,220,,,,,,,,
,,,,,481661,600.60077,192,,,,,,,,
,,,,,481878,731.8667,217,,,,,,,,
,,,,,482000,,,-268.69879150390625,-2.133782386779785,11.595666885375977,267.3849792480469,266.85491943359375,0.0003,0.0003,0.1
,,,,,482091,759.8398,213,,,,,,,,
,,,,,482291,707.3195,200,,,,,,,,
,,,,,482538,806.25195,247,,,,,,,,
,,,,,482759,768.4517,221,,,,,,,,
,,,,,483000,,,-274.73626708984375,-2.1227588653564453,5.905883312225342,273.9458923339844,273.9332580566406,0.0003,0.0003,0.1
,,,,,483031,866.9868,272,,,,,,,,
,,,,,483218,629.7948,187,,,,,,,,
,,,,,483431,700.4781,213,,,,,,,,
,,,,,483664,824.64154,233,,,,,,,,
,,,,,483885,813.1051,221,,,,,,,,
,,,,,484000,,,-270.8697814941406,-2.284409999847412,9.48149585723877,269.6703796386719,269.6767883300781,0.0003,0.0003,0.1
,,,,,484100,702.88153,215,,,,,,,,
,,,,,484440,1060.3118,340,,,,,,,,
,,,,,484691,852.9785,251,,,,,,,,
,,,,,484946,914.94604,255,,,,,,,,
784.4547,40.994022,873.14056,729.3557,227.6,485000,,,-275.21673583984375,-1.9044779539108276,27.570323944091797,273.45574951171875,273.96038818359375,0.0003,0.0003,0.1
,,,,,485198,849.66046,252,,,,,,,,
,,,,,485429,785.0355,231,,,,,,,,
,,,,,485675,826.12103,246,,,,,,,,
,,,,,485909,841.4171,234,,,,,,,,
,,,,,486000,,,-273.8565368652344,-2.282350540161133,12.597829818725586,272.940185546875,273.1226806640625,0.0003,0.0003,0.1
,,,,,486150,820.408,241,,,,,,,,
,,,,,486403,911.93787,253,,,,,,,,
,,,,,486646,838.5559,243,,,,,,,,
,,,,,486848,700.8372,202,,,,,,,,
,,,,,487000,,,-264.3296813964844,-2.3631041049957275,9.021074295043945,261.9239196777344,261.9796142578125,0.0003,0.0003,0.1
,,,,,487080,805.0039,232,,,,,,,,
,,,,,487303,756.3574,223,,,,,,,,
,,,,,487369,128.635,66,,,,,,,,
,,,,,487592,778.68384,223,,,,,,,,
,,,,,487814,734.1768,222,,,,,,,,
,,,,,488000,,,-270.3230285644531,-2.010504722595215,8.046576499938965,268.98370361328125,268.9679260253906,0.0003,0.0003,0.1
,,,,,488045,815.71124,231,,,,,,,,
,,,,,488280,845.875,235,,,,,,,,
,,,,,488523,899.7421,243,,,,,,,,
,,,,,488733,749.5312,210,,,,,,,,
,,,,,488954,667.6247,221,,,,,,,,
,,,,,489000,,,-267.5762023925781,-1.9051322937011719,25.355119705200195,265.5094299316406,265.6852722167969,0.0003,0.0003,0.1
,,,,,489176,733.2276,222,,,,,,,,
,,,,,489412,840.8695,236,,,,,,,,
,,,,,489639,813.4208,227,,,,,,,,
,,,,,489844,704.2622,205,,,,,,,,
739.5046,65.655106,835.2693,612.9363,220.0,490000,,,-275.72540283203125,-2.0088367462158203,8.784833908081055,274.59722900390625,274.5281982421875,0.0003,0.0003,0.1
,,,,,490056,742.92914,212,,,,,,,,
,,,,,490342,916.9875,286,,,,,,,,
,,,,,490582,805.1849,240,,,,,,,,
,,,,,490808,780.2524,226,,,,,,,,
,,,,,491000,,,-269.5387268066406,-2.135897636413574,8.990882873535156,267.23797607421875,267.3912658691406,0.0003,0.0003,0.1
,,,,,491067,906.4001,259,,,,,,,,
,,,,,491269,634.74896,202,,,,,,,,
,,,,,491517,800.183,248,,,,,,,,
,,,,,491815,896.14087,298,,,,,,,,
,,,,,492000,,,-274.0550231933594,-2.079457998275757,6.326942443847656,273.0260314941406,273.2146301269531,0.0003,0.0003,0.1
,,,,,492031,698.15906,216,,,,,,,,
,,,,,492249,735.6539,218,,,,,,,,
,,,,,492467,723.7402,218,,,,,,,,
,,,,,492708,853.4449,241,,,,,,,,
,,,,,492954,823.0005,246,,,,,,,,
,,,,,493000,,,-282.10748291015625,-1.9399863481521606,32.522216796875,279.602783203125,279.2667236328125,0.0003,0.0003,0.1
,,,,,493200,854.1397,246,,,,,,,,
,,,,,493459,860.7172,259,,,,,,,,
,,,,,493669,734.022,210,,,,,,,,
,,,,,493888,790.3893,219,,,,,,,,
,,,,,494000,,,-272.3304138183594,-2.4028706550598145,10.20875358581543,271.5648193359375,270.9606018066406,0.0003,0.0003,0.1
,,,,,494104,683.52167,216,,,,,,,,
,,,,,494352,844.2341,248,,,,,,,,
,,,,,494600,864.2836,248,,,,,,,,
,,,,,494808,685.9173,208,,,,,,,,
748.06433,30.200674,788.7768,699.37036,218.5,495000,,,-265.0385437011719,-2.1619186401367188,10.590479850769043,263.3800354003906,263.405029296875,0.0003,0.0003,0.1
,,,,,495003,676.5034,195,,,,,,,,
,,,,,495257,935.1865,254,,,,,,,,
,,,,,495494,831.04486,237,,,,,,,,
,,,,,495723,777.113,229,,,,,,,,
,,,,,495965,831.5771,242,,,,,,,,
,,,,,496000,,,-270.932861328125,-2.0335428714752197,10.052783966064453,269.87762451171875,269.7325439453125,0.0003,0.0003,0.1
,,,,,496193,775.40704,228,,,,,,,,
,,,,,496433,825.53577,240,,,,,,,,
,,,,,496624,623.0998,191,,,,,,,,
,,,,,496848,779.1733,224,,,,,,,,
,,,,,497000,,,-272.43939208984375,-1.8974745273590088,8.098751068115234,271.44390869140625,271.8963623046875,0.0003,0.0003,0.1
,,,,,497068,764.4414,220,,,,,,,,
,,,,,497299,810.0147,231,,,,,,,,
,,,,,497537,795.0653,238,,,,,,,,
,,,,,497793,885.2877,256,,,,,,,,
,,,,,497908,229.74292,115,,,,,,,,
,,,,,498000,,,-278.3006591796875,-1.7955241203308105,6.093651294708252,277.0721435546875,277.17279052734375,0.0003,0.0003,0.1
,,,,,498103,630.5787,195,,,,,,,,
,,,,,498291,626.53296,188,,,,,,,,
,,,,,498484,661.9848,193,,,,,,,,
,,,,,498667,589.2299,183,,,,,,,,
,,,,,498873,727.27875,206,,,,,,,,
,,,,,499000,,,-279.2296447753906,-2.051001787185669,8.76901626586914,278.12493896484375,278.3804931640625,0.0003,0.0003,0.1
,,,,,499082,745.66736,209,,,,,,,,
,,,,,499375,1048.8289,293,,,,,,,,
,,,,,499565,642.4512,190,,,,,,,,
,,,,,499774,734.25726,209,,,,,,,,
,,,,,499973,616.5873,199,,,,,,,,
