Eval_AverageReturn,Eval_StdReturn,Eval_MaxReturn,Eval_MinReturn,Eval_AverageEpLen,step,Train_EpisodeReturn,Train_EpisodeLen,critic_loss,q_values,target_values,grad_norm,epsilon,lr
60.0,0.0,60.0,60.0,1930.0,0,,,,,,,,
,,,,,497,300.0,2018,,,,,,
,,,,,969,140.0,1890,,,,,,
,,,,,1449,270.0,1946,,,,,,
,,,,,1970,210.0,2106,,,,,,
,,,,,2417,240.0,1802,,,,,,
,,,,,2874,340.0,1842,,,,,,
,,,,,3322,270.0,1818,,,,,,
,,,,,3838,270.0,2090,,,,,,
,,,,,4466,350.0,2538,,,,,,
,,,,,4856,190.0,1586,,,,,,
,,,,,5189,120.0,1338,,,,,,
,,,,,5677,240.0,1954,,,,,,
,,,,,6066,190.0,1586,,,,,,
,,,,,6544,230.0,1930,,,,,,
,,,,,6958,220.0,1682,,,,,,
,,,,,7479,270.0,2106,,,,,,
,,,,,7945,200.0,1866,,,,,,
,,,,,8470,270.0,2106,,,,,,
,,,,,8893,160.0,1690,,,,,,
,,,,,9279,210.0,1570,,,,,,
,,,,,9721,210.0,1786,,,,,,
60.0,0.0,60.0,60.0,1930.0,10000,,,,,,,,
,,,,,10386,290.0,2682,,,,,,
,,,,,10865,230.0,1930,,,,,,
,,,,,11377,320.0,2058,,,,,,
,,,,,11725,220.0,1418,,,,,,
,,,,,12168,130.0,1778,,,,,,
,,,,,12642,200.0,1914,,,,,,
,,,,,13162,280.0,2082,,,,,,
,,,,,13548,190.0,1570,,,,,,
,,,,,14066,560.0,2090,,,,,,
,,,,,14947,780.0,3530,,,,,,
,,,,,15477,220.0,2146,,,,,,
,,,,,15929,90.0,1810,,,,,,
,,,,,16392,260.0,1858,,,,,,
,,,,,16829,290.0,1754,,,,,,
,,,,,17320,270.0,1978,,,,,,
,,,,,17839,240.0,2082,,,,,,
,,,,,18322,190.0,1930,,,,,,
,,,,,18754,240.0,1746,,,,,,
,,,,,19228,180.0,1914,,,,,,
,,,,,19711,240.0,1954,,,,,,
160.0,20.0,170.0,120.0,2489.2,20000,,,0.004102034494280815,-0.013955552130937576,0.043879006057977676,0.08054792135953903,1.0,0.0001
,,,,,20259,290.0,2194,,,,,,
,,,,,20623,170.0,1466,,,,,,
,,,,,21000,,,3.0985562801361084,0.4824032187461853,0.3563852608203888,3.019896984100342,0.9979375,0.0001
,,,,,21053,170.0,1746,,,,,,
,,,,,21558,170.0,2042,,,,,,
,,,,,22000,,,3.041048765182495,0.5390084385871887,0.35637369751930237,3.902566432952881,0.995875,0.0001
,,,,,22082,310.0,2114,,,,,,
,,,,,22608,230.0,2122,,,,,,
,,,,,23000,,,3.0142738819122314,1.0153465270996094,0.9344120025634766,5.171829700469971,0.9938125,0.0001
,,,,,23141,270.0,2146,,,,,,
,,,,,23632,230.0,1970,,,,,,
,,,,,24000,,,5.745533466339111,0.9123787879943848,1.271852731704712,9.295129776000977,0.99175,0.0001
,,,,,24095,270.0,1858,,,,,,
,,,,,24584,170.0,1970,,,,,,
,,,,,24981,110.0,1594,,,,,,
,,,,,25000,,,5.53465461730957,1.7694963216781616,1.9715855121612549,15.276826858520508,0.9896875,0.0001
,,,,,25431,160.0,1826,,,,,,
,,,,,25845,150.0,1682,,,,,,
,,,,,26000,,,3.14025616645813,1.6636589765548706,1.5107450485229492,7.7308125495910645,0.987625,0.0001
,,,,,26437,340.0,2386,,,,,,
,,,,,27000,,,0.17539751529693604,1.864355206489563,1.6654654741287231,6.5784196853637695,0.9855625,0.0001
,,,,,27006,280.0,2298,,,,,,
,,,,,27454,150.0,1794,,,,,,
,,,,,27923,220.0,1882,,,,,,
,,,,,28000,,,3.0472307205200195,2.170718193054199,2.1282780170440674,13.795062065124512,0.9835,0.0001
,,,,,28455,190.0,2130,,,,,,
,,,,,28986,200.0,2138,,,,,,
,,,,,29000,,,6.404518127441406,3.045405149459839,3.6097524166107178,28.82821273803711,0.9814375,0.0001
,,,,,29482,230.0,1994,,,,,,
,,,,,29953,280.0,1890,,,,,,
70.0,0.0,70.0,70.0,1942.0,30000,,,0.4669106900691986,3.3115832805633545,2.929399013519287,18.931198120117188,0.979375,0.0001
,,,,,30577,220.0,2498,,,,,,
,,,,,31000,,,2.669806718826294,4.099741458892822,3.772759437561035,23.411272048950195,0.9773125,0.0001
,,,,,31004,220.0,1714,,,,,,
,,,,,31506,210.0,2026,,,,,,
,,,,,31998,220.0,1970,,,,,,
,,,,,32000,,,0.15612587332725525,3.015629529953003,2.890350103378296,7.993531227111816,0.97525,0.0001
,,,,,32475,210.0,1922,,,,,,
,,,,,32925,260.0,1810,,,,,,
,,,,,33000,,,3.4134185314178467,4.094475269317627,3.728058338165283,29.313962936401367,0.9731875,0.0001
,,,,,33388,230.0,1858,,,,,,
,,,,,33866,250.0,1930,,,,,,
,,,,,34000,,,0.8326321840286255,3.148092031478882,3.2589735984802246,10.9446382522583,0.971125,0.0001
,,,,,34383,260.0,2082,,,,,,
,,,,,34786,160.0,1618,,,,,,
,,,,,35000,,,5.841495990753174,3.353879690170288,3.7965755462646484,40.93166732788086,0.9690625,0.0001
,,,,,35234,190.0,1818,,,,,,
,,,,,35724,150.0,1986,,,,,,
,,,,,36000,,,1.0840421915054321,3.8975415229797363,3.2855985164642334,60.299110412597656,0.967,0.0001
,,,,,36187,240.0,1858,,,,,,
,,,,,36698,200.0,2066,,,,,,
,,,,,37000,,,5.015321254730225,4.661034107208252,4.625609397888184,43.46720504760742,0.9649375,0.0001
,,,,,37116,210.0,1698,,,,,,
,,,,,37440,170.0,1306,,,,,,
,,,,,37907,230.0,1882,,,,,,
,,,,,38000,,,3.247514486312866,3.5403075218200684,3.6798696517944336,30.20547866821289,0.962875,0.0001
,,,,,38374,200.0,1874,,,,,,
,,,,,38870,210.0,2010,,,,,,
,,,,,39000,,,8.559075355529785,5.037024021148682,5.692286491394043,111.31089782714844,0.9608125,0.0001
,,,,,39366,310.0,2002,,,,,,
,,,,,39883,130.0,2098,,,,,,
219.0,53.188343,360.0,170.0,2106.0,40000,,,4.195795059204102,4.563990592956543,4.639980316162109,46.364437103271484,0.95875,9.999989583333334e-05
,,,,,40427,260.0,2202,,,,,,
,,,,,40960,300.0,2138,,,,,,
,,,,,41000,,,4.469953536987305,6.234493255615234,6.213710784912109,70.32182312011719,0.9566875,9.989572916666667e-05
,,,,,41510,290.0,2218,,,,,,
,,,,,41970,310.0,1842,,,,,,
,,,,,42000,,,6.996406555175781,6.626538276672363,6.579516410827637,60.958831787109375,0.9546250000000001,9.97915625e-05
,,,,,42496,230.0,2122,,,,,,
,,,,,42925,130.0,1738,,,,,,
,,,,,43000,,,1.2223262786865234,5.260687351226807,5.058049201965332,52.91260528564453,0.9525625,9.968739583333334e-05
,,,,,43395,150.0,1890,,,,,,
,,,,,43884,170.0,1978,,,,,,
,,,,,44000,,,1.2941774129867554,6.295408248901367,6.2704572677612305,55.91458511352539,0.9505,9.958322916666667e-05
,,,,,44228,160.0,1402,,,,,,
,,,,,44836,320.0,2442,,,,,,
,,,,,45000,,,12.5550537109375,7.029860496520996,7.869029521942139,207.12132263183594,0.9484375,9.947906250000001e-05
,,,,,45300,340.0,1858,,,,,,
,,,,,45748,170.0,1794,,,,,,
,,,,,46000,,,7.394323348999023,6.6830549240112305,6.15181303024292,101.74652862548828,0.946375,9.937489583333334e-05
,,,,,46273,290.0,2122,,,,,,
,,,,,46760,170.0,1954,,,,,,
,,,,,47000,,,3.900721311569214,6.109525680541992,6.139654636383057,149.0641632080078,0.9443125,9.927072916666668e-05
,,,,,47222,230.0,1850,,,,,,
,,,,,47692,190.0,1906,,,,,,
,,,,,48000,,,2.5514676570892334,9.00264835357666,8.92274284362793,78.90877532958984,0.94225,9.916656250000001e-05
,,,,,48157,260.0,1882,,,,,,
,,,,,48750,260.0,2394,,,,,,
,,,,,49000,,,2.8176722526550293,6.552517890930176,6.616210460662842,79.42308044433594,0.9401875,9.906239583333335e-05
,,,,,49268,230.0,2090,,,,,,
,,,,,49690,230.0,1714,,,,,,
612.0,160.54906,780.0,380.0,2612.4,50000,,,11.532365798950195,8.900029182434082,10.358122825622559,326.3666076660156,0.938125,9.895822916666668e-05
,,,,,50051,190.0,1450,,,,,,
,,,,,50410,180.0,1450,,,,,,
,,,,,50902,250.0,1978,,,,,,
,,,,,51000,,,3.1894466876983643,12.619672775268555,12.387757301330566,149.3275909423828,0.9360625,9.88540625e-05
,,,,,51436,200.0,2138,,,,,,
,,,,,52000,,,10.33398723602295,10.680908203125,10.520109176635742,197.41213989257812,0.9339999999999999,9.874989583333334e-05
,,,,,52049,320.0,2466,,,,,,
,,,,,52584,310.0,2154,,,,,,
,,,,,53000,,,7.114651203155518,10.9187650680542,10.228375434875488,269.603759765625,0.9319375,9.864572916666666e-05
,,,,,53091,340.0,2034,,,,,,
,,,,,53583,300.0,1978,,,,,,
,,,,,54000,,,7.533396244049072,11.059202194213867,11.633602142333984,202.20098876953125,0.929875,9.85415625e-05
,,,,,54090,230.0,2058,,,,,,
,,,,,54592,240.0,2010,,,,,,
,,,,,55000,,,10.39059829711914,13.167475700378418,12.795585632324219,261.2467956542969,0.9278125,9.843739583333333e-05
,,,,,55059,250.0,1890,,,,,,
,,,,,55547,170.0,1962,,,,,,
,,,,,56000,,,3.7131431102752686,9.291717529296875,9.283669471740723,91.4535903930664,0.92575,9.833322916666668e-05
,,,,,56005,410.0,1858,,,,,,
,,,,,56439,180.0,1762,,,,,,
,,,,,56985,390.0,2186,,,,,,
,,,,,57000,,,8.740768432617188,11.826810836791992,11.917594909667969,221.27430725097656,0.9236875,9.82290625e-05
,,,,,57450,200.0,1874,,,,,,
,,,,,58000,,,3.5876004695892334,12.947233200073242,12.990363121032715,161.7003631591797,0.921625,9.812489583333335e-05
,,,,,58006,270.0,2226,,,,,,
,,,,,58444,270.0,1754,,,,,,
,,,,,58925,170.0,1938,,,,,,
,,,,,59000,,,1.9354615211486816,10.252405166625977,9.492801666259766,130.35772705078125,0.9195625000000001,9.802072916666668e-05
,,,,,59442,230.0,2090,,,,,,
,,,,,59951,240.0,2050,,,,,,
276.0,75.789185,390.0,190.0,2211.6,60000,,,6.736134052276611,12.727339744567871,12.84958267211914,151.12477111816406,0.9175,9.79165625e-05
,,,,,60362,240.0,1650,,,,,,
,,,,,60846,180.0,1946,,,,,,
,,,,,61000,,,4.722367763519287,12.981738090515137,12.623228073120117,138.2149658203125,0.9154375,9.781239583333333e-05
,,,,,61296,180.0,1802,,,,,,
,,,,,61801,200.0,2034,,,,,,
,,,,,62000,,,51.23523712158203,13.570615768432617,14.888472557067871,332.26104736328125,0.913375,9.770822916666668e-05
,,,,,62195,260.0,1594,,,,,,
,,,,,62873,680.0,2722,,,,,,
,,,,,63000,,,1.6010828018188477,13.747217178344727,13.712007522583008,71.99551391601562,0.9113125,9.76040625e-05
,,,,,63336,260.0,1858,,,,,,
,,,,,63803,240.0,1874,,,,,,
,,,,,64000,,,5.241250038146973,15.39478874206543,15.557408332824707,102.99298858642578,0.90925,9.749989583333335e-05
,,,,,64261,250.0,1858,,,,,,
,,,,,64748,230.0,1970,,,,,,
,,,,,65000,,,4.236328601837158,16.13934326171875,15.273447036743164,263.9447937011719,0.9071875,9.739572916666667e-05
,,,,,65249,200.0,2026,,,,,,
,,,,,65711,330.0,1866,,,,,,
,,,,,66000,,,7.668979644775391,19.490680694580078,18.56277084350586,340.3811950683594,0.905125,9.72915625e-05
,,,,,66173,230.0,1874,,,,,,
,,,,,66637,220.0,1866,,,,,,
,,,,,67000,,,7.992056846618652,16.431564331054688,16.56768035888672,232.38320922851562,0.9030625,9.718739583333334e-05
,,,,,67173,260.0,2146,,,,,,
,,,,,67602,210.0,1722,,,,,,
,,,,,68000,,,11.026632308959961,14.665424346923828,15.237468719482422,193.61221313476562,0.901,9.708322916666667e-05
,,,,,68105,290.0,2010,,,,,,
,,,,,68715,260.0,2458,,,,,,
,,,,,69000,,,11.20828914642334,19.996017456054688,21.198822021484375,309.5645751953125,0.8989375,9.69790625e-05
,,,,,69195,230.0,1922,,,,,,
,,,,,69636,230.0,1778,,,,,,
771.0,177.7892,970.0,300.0,3653.2,70000,,,5.52460241317749,19.46304702758789,19.110897064208984,190.9676971435547,0.896875,9.687489583333333e-05
,,,,,70061,210.0,1722,,,,,,
,,,,,70589,200.0,2138,,,,,,
,,,,,71000,,,113.3947525024414,19.60431671142578,22.22857666015625,461.16766357421875,0.8948125,9.677072916666667e-05
,,,,,71102,230.0,2082,,,,,,
,,,,,71662,220.0,2266,,,,,,
,,,,,72000,,,9.534708976745605,15.50250244140625,15.989360809326172,190.00936889648438,0.89275,9.66665625e-05
,,,,,72316,550.0,2642,,,,,,
,,,,,72768,220.0,1826,,,,,,
,,,,,73000,,,124.85816192626953,21.940872192382812,23.252399444580078,2362.912109375,0.8906875,9.656239583333334e-05
,,,,,73252,180.0,1938,,,,,,
,,,,,73788,200.0,2162,,,,,,
,,,,,74000,,,19.21436309814453,18.451797485351562,18.982067108154297,161.6475830078125,0.888625,9.645822916666667e-05
,,,,,74199,230.0,1674,,,,,,
,,,,,74833,250.0,2554,,,,,,
,,,,,75000,,,3.7478678226470947,19.435049057006836,18.999248504638672,140.25868225097656,0.8865625,9.635406250000001e-05
,,,,,75387,280.0,2234,,,,,,
,,,,,75879,200.0,1970,,,,,,
,,,,,76000,,,115.20111846923828,22.14701271057129,24.170602798461914,676.0700073242188,0.8845,9.624989583333334e-05
,,,,,76377,220.0,1994,,,,,,
,,,,,76829,150.0,1818,,,,,,
,,,,,77000,,,8.329185485839844,22.87162971496582,23.254520416259766,289.74847412109375,0.8824375,9.614572916666667e-05
,,,,,77199,230.0,1498,,,,,,
,,,,,77681,210.0,1946,,,,,,
,,,,,78000,,,5.279298782348633,18.82219696044922,18.562583923339844,105.37751770019531,0.880375,9.60415625e-05
,,,,,78292,230.0,2458,,,,,,
,,,,,78745,220.0,1818,,,,,,
,,,,,79000,,,7.221024513244629,21.412134170532227,21.53058433532715,242.18673706054688,0.8783125,9.593739583333334e-05
,,,,,79331,320.0,2362,,,,,,
,,,,,79763,200.0,1746,,,,,,
244.0,4.8989797,250.0,240.0,2266.0,80000,,,7.3473310470581055,28.50132942199707,29.305376052856445,407.70953369140625,0.87625,9.583322916666667e-05
,,,,,80255,270.0,1986,,,,,,
,,,,,80759,280.0,2026,,,,,,
,,,,,81000,,,9.864768981933594,19.11775779724121,19.895435333251953,409.3550109863281,0.8741875,9.57290625e-05
,,,,,81282,210.0,2090,,,,,,
,,,,,81718,210.0,1754,,,,,,
,,,,,82000,,,8.147994041442871,26.564407348632812,26.323192596435547,249.76699829101562,0.872125,9.562489583333334e-05
,,,,,82188,210.0,1882,,,,,,
,,,,,82647,230.0,1850,,,,,,
,,,,,83000,,,8.286270141601562,23.724201202392578,24.079259872436523,168.59280395507812,0.8700625,9.552072916666667e-05
,,,,,83138,200.0,1994,,,,,,
,,,,,83500,200.0,1466,,,,,,
,,,,,84000,,,4.6302900314331055,21.094501495361328,20.67777442932129,163.52967834472656,0.868,9.541656250000001e-05
,,,,,84016,280.0,2090,,,,,,
,,,,,84473,170.0,1834,,,,,,
,,,,,84889,160.0,1674,,,,,,
,,,,,85000,,,1.7619178295135498,24.939706802368164,24.962207794189453,97.91923522949219,0.8659375,9.531239583333334e-05
,,,,,85374,300.0,1954,,,,,,
,,,,,85706,100.0,1338,,,,,,
,,,,,86000,,,2.973851203918457,23.170543670654297,23.450321197509766,147.5352783203125,0.863875,9.520822916666667e-05
,,,,,86196,230.0,1962,,,,,,
,,,,,86658,230.0,1866,,,,,,
,,,,,87000,,,127.1948013305664,20.436115264892578,23.291107177734375,701.3468627929688,0.8618125,9.51040625e-05
,,,,,87145,210.0,1978,,,,,,
,,,,,87457,90.0,1274,,,,,,
,,,,,87912,200.0,1842,,,,,,
,,,,,88000,,,5.148885250091553,22.166669845581055,22.20374298095703,156.34915161132812,0.85975,9.499989583333334e-05
,,,,,88411,230.0,2010,,,,,,
,,,,,89000,,,4.654818534851074,21.76297950744629,21.7058162689209,123.38501739501953,0.8576875,9.489572916666667e-05
,,,,,89073,360.0,2658,,,,,,
,,,,,89512,160.0,1762,,,,,,
,,,,,89933,160.0,1706,,,,,,
577.0,86.95401,670.0,420.0,2292.4,90000,,,12.462087631225586,27.762969970703125,27.018049240112305,388.0633850097656,0.855625,9.479156250000001e-05
,,,,,90439,300.0,2026,,,,,,
,,,,,90933,270.0,1978,,,,,,
,,,,,91000,,,8.579540252685547,25.808021545410156,25.33451271057129,232.3599395751953,0.8535625,9.468739583333334e-05
,,,,,91375,250.0,1778,,,,,,
,,,,,91833,250.0,1858,,,,,,
,,,,,92000,,,5.244235992431641,23.193870544433594,22.498519897460938,246.69430541992188,0.8515,9.458322916666668e-05
,,,,,92337,310.0,2026,,,,,,
,,,,,92773,280.0,1754,,,,,,
,,,,,93000,,,8.102900505065918,24.078880310058594,24.50156021118164,163.93515014648438,0.8494375000000001,9.447906250000001e-05
,,,,,93163,190.0,1570,,,,,,
,,,,,93568,180.0,1642,,,,,,
,,,,,94000,,,7.960176467895508,23.738983154296875,24.688335418701172,351.6217346191406,0.847375,9.437489583333334e-05
,,,,,94041,200.0,1898,,,,,,
,,,,,94406,170.0,1474,,,,,,
,,,,,94874,330.0,1874,,,,,,
,,,,,95000,,,5.835301399230957,30.163837432861328,30.58570098876953,179.9416961669922,0.8453125,9.427072916666667e-05
,,,,,95325,270.0,1810,,,,,,
,,,,,95893,150.0,2290,,,,,,
,,,,,96000,,,2.063048839569092,29.57986831665039,29.270902633666992,123.79694366455078,0.84325,9.41665625e-05
,,,,,96319,180.0,1730,,,,,,
,,,,,96824,310.0,2034,,,,,,
,,,,,97000,,,3.6887223720550537,29.084901809692383,28.774240493774414,167.55532836914062,0.8411875,9.406239583333334e-05
,,,,,97482,420.0,2650,,,,,,
,,,,,98000,330.0,2090,,,,,,
,,,,,98000,,,4.698538780212402,29.071701049804688,29.23348617553711,172.73468017578125,0.839125,9.395822916666667e-05
,,,,,98879,600.0,3522,,,,,,
,,,,,99000,,,6.689913749694824,25.249046325683594,24.713369369506836,210.35641479492188,0.8370625,9.385406250000001e-05
,,,,,99241,160.0,1466,,,,,,
,,,,,99750,290.0,2058,,,,,,
1377.0,690.6526,2260.0,310.0,2788.4,100000,,,7.674508094787598,31.719253540039062,31.639856338500977,181.4461669921875,0.835,9.374989583333334e-05
,,,,,100257,250.0,2050,,,,,,
,,,,,100647,140.0,1578,,,,,,
,,,,,101000,,,9.449270248413086,26.165571212768555,27.22576332092285,235.2140350341797,0.8329375,9.364572916666668e-05
,,,,,101143,240.0,1986,,,,,,
,,,,,101647,260.0,2026,,,,,,
,,,,,102000,,,7.265072822570801,30.886430740356445,30.357440948486328,331.2393798828125,0.830875,9.35415625e-05
,,,,,102198,390.0,2218,,,,,,
,,,,,103000,640.0,3226,,,,,,
,,,,,103000,,,3.6696996688842773,31.06155776977539,30.695829391479492,156.7169952392578,0.8288125,9.343739583333334e-05
,,,,,103319,140.0,1298,,,,,,
,,,,,103709,200.0,1578,,,,,,
,,,,,104000,,,12.940068244934082,27.485504150390625,26.492740631103516,385.7072448730469,0.82675,9.333322916666666e-05
,,,,,104245,350.0,2162,,,,,,
,,,,,104697,180.0,1818,,,,,,
,,,,,105000,,,3.556110143661499,27.958877563476562,28.098705291748047,125.84628295898438,0.8246875,9.32290625e-05
,,,,,105198,310.0,2018,,,,,,
,,,,,106000,,,11.876811981201172,30.188560485839844,29.842830657958984,200.5229949951172,0.8226249999999999,9.312489583333333e-05
,,,,,106199,1250.0,4026,,,,,,
,,,,,106704,370.0,2026,,,,,,
,,,,,107000,,,4.100254058837891,33.566627502441406,33.22573471069336,153.73329162597656,0.8205625,9.302072916666668e-05
,,,,,107083,200.0,1538,,,,,,
,,,,,107562,240.0,1930,,,,,,
,,,,,108000,,,7.300896644592285,29.184295654296875,29.133365631103516,195.7070770263672,0.8185,9.29165625e-05
,,,,,108135,320.0,2306,,,,,,
,,,,,108671,270.0,2162,,,,,,
,,,,,109000,,,9.244257926940918,37.856170654296875,38.0880241394043,184.8394012451172,0.8164374999999999,9.281239583333335e-05
,,,,,109127,170.0,1826,,,,,,
,,,,,109597,280.0,1906,,,,,,
475.0,149.34859,700.0,330.0,2250.8,110000,,,8.428754806518555,32.98422622680664,33.9625358581543,412.9299621582031,0.8143750000000001,9.270822916666668e-05
,,,,,110048,240.0,1818,,,,,,
,,,,,110593,340.0,2210,,,,,,
,,,,,111000,,,5.477973461151123,26.44879150390625,26.715721130371094,125.46160125732422,0.8123125,9.26040625e-05
,,,,,111040,240.0,1810,,,,,,
,,,,,111503,280.0,1874,,,,,,
,,,,,111965,330.0,1858,,,,,,
,,,,,112000,,,4.766290664672852,34.104312896728516,33.60902404785156,216.4646759033203,0.81025,9.249989583333333e-05
,,,,,112421,300.0,1842,,,,,,
,,,,,112989,230.0,2290,,,,,,
,,,,,113000,,,20.221418380737305,35.02394104003906,35.31215286254883,263.1117248535156,0.8081875000000001,9.239572916666666e-05
,,,,,113428,310.0,1754,,,,,,
,,,,,113851,200.0,1714,,,,,,
,,,,,114000,,,5.308884143829346,28.489303588867188,28.52973747253418,134.12367248535156,0.806125,9.22915625e-05
,,,,,114346,290.0,2010,,,,,,
,,,,,114866,270.0,2090,,,,,,
,,,,,115000,,,5.0616679191589355,28.056535720825195,28.13505744934082,134.1195526123047,0.8040625,9.218739583333333e-05
,,,,,115290,220.0,1698,,,,,,
,,,,,115775,310.0,1954,,,,,,
,,,,,116000,,,2.3881945610046387,32.248695373535156,32.151729583740234,137.90859985351562,0.802,9.208322916666667e-05
,,,,,116273,250.0,1994,,,,,,
,,,,,116670,190.0,1594,,,,,,
,,,,,117000,,,8.1858549118042,33.43320846557617,33.32411575317383,223.08351135253906,0.7999375,9.19790625e-05
,,,,,117033,170.0,1482,,,,,,
,,,,,117551,260.0,2074,,,,,,
,,,,,118000,,,3.1295387744903564,28.405311584472656,28.068525314331055,163.88839721679688,0.797875,9.187489583333334e-05
,,,,,118099,270.0,2210,,,,,,
,,,,,118526,230.0,1730,,,,,,
,,,,,119000,,,19.9854679107666,36.11617660522461,35.29179382324219,411.19439697265625,0.7958125,9.177072916666667e-05
,,,,,119134,480.0,2450,,,,,,
,,,,,119524,230.0,1578,,,,,,
,,,,,119989,190.0,1866,,,,,,
338.0,39.191837,370.0,290.0,1771.6,120000,,,8.773621559143066,37.21946334838867,37.43661880493164,174.96925354003906,0.79375,9.16665625e-05
,,,,,120474,230.0,1946,,,,,,
,,,,,120894,170.0,1682,,,,,,
,,,,,121000,,,30.401968002319336,32.97031784057617,33.877437591552734,1073.69140625,0.7916875,9.156239583333333e-05
,,,,,121388,310.0,2002,,,,,,
,,,,,121762,180.0,1522,,,,,,
,,,,,122000,,,4.190610885620117,33.58893966674805,32.253265380859375,362.7610778808594,0.789625,9.145822916666667e-05
,,,,,122242,280.0,1922,,,,,,
,,,,,122992,1080.0,3002,,,,,,
,,,,,123000,,,7.160248756408691,39.88243865966797,40.13426208496094,175.6324462890625,0.7875625,9.13540625e-05
,,,,,123393,230.0,1626,,,,,,
,,,,,123908,220.0,2074,,,,,,
,,,,,124000,,,146.63160705566406,27.849607467651367,30.01384735107422,626.3284912109375,0.7855,9.124989583333334e-05
,,,,,124398,350.0,1970,,,,,,
,,,,,124939,330.0,2186,,,,,,
,,,,,125000,,,4.174630641937256,34.12590408325195,34.150657653808594,85.91832733154297,0.7834375,9.114572916666667e-05
,,,,,125442,270.0,2010,,,,,,
,,,,,125836,200.0,1586,,,,,,
,,,,,126000,,,4.708139896392822,40.09311294555664,39.4722900390625,347.6488037109375,0.781375,9.10415625e-05
,,,,,126330,330.0,1986,,,,,,
,,,,,126825,190.0,2010,,,,,,
,,,,,127000,,,3.876131772994995,34.61371612548828,34.782798767089844,149.45401000976562,0.7793125,9.093739583333334e-05
,,,,,127292,230.0,1890,,,,,,
,,,,,127739,260.0,1810,,,,,,
,,,,,128000,,,6.71063756942749,40.014949798583984,38.72590637207031,423.2965393066406,0.77725,9.083322916666667e-05
,,,,,128244,240.0,2034,,,,,,
,,,,,128668,260.0,1714,,,,,,
,,,,,129000,,,10.006346702575684,34.9107780456543,36.19287109375,464.1363220214844,0.7751875,9.072906250000001e-05
,,,,,129209,270.0,2162,,,,,,
297.0,87.06894,430.0,240.0,1916.4,130000,,,10.826650619506836,36.13711166381836,36.98054504394531,212.68234252929688,0.7731250000000001,9.062489583333333e-05
,,,,,130207,790.0,3994,,,,,,
,,,,,130697,310.0,1986,,,,,,
,,,,,131000,,,2.867302179336548,34.24247741699219,34.074485778808594,153.89208984375,0.7710625,9.052072916666667e-05
,,,,,131247,270.0,2202,,,,,,
,,,,,132000,,,5.546207427978516,34.179786682128906,34.46561813354492,235.1995391845703,0.769,9.04165625e-05
,,,,,132042,460.0,3186,,,,,,
,,,,,132540,300.0,2018,,,,,,
,,,,,132919,220.0,1522,,,,,,
,,,,,133000,,,7.118153095245361,35.27210998535156,35.64516067504883,220.921875,0.7669375,9.031239583333334e-05
,,,,,133421,270.0,2034,,,,,,
,,,,,133902,240.0,1930,,,,,,
,,,,,134000,,,14.533920288085938,44.2581901550293,45.71504211425781,1071.783203125,0.764875,9.020822916666667e-05
,,,,,134435,260.0,2138,,,,,,
,,,,,134910,330.0,1906,,,,,,
,,,,,135000,,,15.01290512084961,45.912418365478516,45.05358123779297,358.9091491699219,0.7628125,9.010406250000001e-05
,,,,,135338,280.0,1738,,,,,,
,,,,,135986,630.0,2610,,,,,,
,,,,,136000,,,181.15281677246094,41.493343353271484,43.02204895019531,656.0333862304688,0.76075,8.999989583333334e-05
,,,,,136492,140.0,2026,,,,,,
,,,,,136945,190.0,1834,,,,,,
,,,,,137000,,,9.789134979248047,49.318199157714844,48.19736099243164,438.5436096191406,0.7586875,8.989572916666668e-05
,,,,,137457,300.0,2058,,,,,,
,,,,,137850,150.0,1594,,,,,,
,,,,,138000,,,4.709040641784668,40.02809524536133,39.71672439575195,211.62550354003906,0.756625,8.979156250000001e-05
,,,,,138284,290.0,1738,,,,,,
,,,,,139000,,,10.337992668151855,42.370147705078125,42.13100814819336,375.5902099609375,0.7545625,8.968739583333334e-05
,,,,,139098,720.0,3266,,,,,,
,,,,,139526,180.0,1730,,,,,,
,,,,,139978,210.0,1818,,,,,,
418.0,166.42116,730.0,190.0,1827.6,140000,,,9.659567832946777,49.952606201171875,50.724769592285156,369.7616271972656,0.7525,8.958322916666667e-05
,,,,,140498,300.0,2082,,,,,,
,,,,,141000,,,6.116201877593994,44.345245361328125,43.073875427246094,366.0820617675781,0.7504375,8.94790625e-05
,,,,,141123,250.0,2514,,,,,,
,,,,,141719,720.0,2394,,,,,,
,,,,,142000,,,6.397672176361084,38.08280944824219,38.2085075378418,197.55255126953125,0.748375,8.937489583333334e-05
,,,,,142211,300.0,1978,,,,,,
,,,,,142728,290.0,2066,,,,,,
,,,,,143000,,,109.46321868896484,39.79737854003906,42.94377136230469,1061.1766357421875,0.7463125,8.927072916666667e-05
,,,,,143061,180.0,1338,,,,,,
,,,,,143479,230.0,1690,,,,,,
,,,,,144000,,,12.630099296569824,47.811954498291016,47.4863395690918,473.44244384765625,0.74425,8.916656250000001e-05
,,,,,144122,380.0,2586,,,,,,
,,,,,144675,210.0,2226,,,,,,
,,,,,145000,,,5.153426170349121,41.78570556640625,42.34019088745117,319.7481384277344,0.7421875,8.906239583333334e-05
,,,,,145033,150.0,1442,,,,,,
,,,,,145463,220.0,1746,,,,,,
,,,,,146000,,,278.4255676269531,51.39046096801758,53.64750671386719,897.6511840820312,0.7401249999999999,8.895822916666668e-05
,,,,,146079,420.0,2466,,,,,,
,,,,,146478,160.0,1610,,,,,,
,,,,,146952,340.0,1906,,,,,,
,,,,,147000,,,7.971492290496826,48.604549407958984,48.22101974487305,283.6734619140625,0.7380625000000001,8.885406250000001e-05
,,,,,147507,300.0,2234,,,,,,
,,,,,148000,,,5.70560359954834,44.096153259277344,43.084171295166016,348.41778564453125,0.736,8.874989583333334e-05
,,,,,148016,370.0,2058,,,,,,
,,,,,148521,290.0,2042,,,,,,
,,,,,148964,210.0,1778,,,,,,
,,,,,149000,,,2.7015457153320312,45.63947677612305,45.751949310302734,157.141357421875,0.7339375,8.864572916666666e-05
,,,,,149496,270.0,2130,,,,,,
550.0,126.253716,620.0,300.0,2614.8,150000,,,345.6759948730469,42.188499450683594,45.612510681152344,995.2647705078125,0.731875,8.854156250000001e-05
,,,,,150072,300.0,2306,,,,,,
,,,,,150595,280.0,2098,,,,,,
,,,,,151000,,,12.6030912399292,60.92967987060547,61.11514663696289,470.4548034667969,0.7298125,8.843739583333334e-05
,,,,,151123,280.0,2122,,,,,,
,,,,,151557,270.0,1762,,,,,,
,,,,,152000,,,2.549795627593994,39.79755783081055,40.02202606201172,167.42202758789062,0.72775,8.833322916666668e-05
,,,,,152041,210.0,1954,,,,,,
,,,,,152493,180.0,1834,,,,,,
,,,,,153000,,,3.1526832580566406,46.77802276611328,46.95237731933594,167.39984130859375,0.7256875,8.82290625e-05
,,,,,153192,470.0,2794,,,,,,
,,,,,153597,180.0,1650,,,,,,
,,,,,154000,,,14.790584564208984,41.9232063293457,43.777950286865234,661.9102783203125,0.723625,8.812489583333335e-05
,,,,,154165,400.0,2298,,,,,,
,,,,,154580,170.0,1658,,,,,,
,,,,,155000,,,10.997602462768555,44.91476821899414,43.9721565246582,440.45355224609375,0.7215625,8.802072916666668e-05
,,,,,155072,390.0,1994,,,,,,
,,,,,155520,220.0,1794,,,,,,
,,,,,156000,,,6.903435707092285,40.5587158203125,41.264286041259766,248.74002075195312,0.7195,8.79165625e-05
,,,,,156063,360.0,2194,,,,,,
,,,,,156564,230.0,2010,,,,,,
,,,,,157000,,,7.875411033630371,53.400978088378906,54.72307586669922,485.3531188964844,0.7174375,8.781239583333333e-05
,,,,,157001,280.0,1754,,,,,,
,,,,,157470,260.0,1890,,,,,,
,,,,,158000,,,4.17453670501709,44.98095703125,44.64200210571289,227.52273559570312,0.7153750000000001,8.770822916666666e-05
,,,,,158040,350.0,2298,,,,,,
,,,,,158472,290.0,1730,,,,,,
,,,,,158916,380.0,1778,,,,,,
,,,,,159000,,,7.390929698944092,44.968421936035156,45.45555877685547,232.1894989013672,0.7133125,8.76040625e-05
,,,,,159334,240.0,1690,,,,,,
,,,,,159860,200.0,2114,,,,,,
300.0,45.825756,330.0,230.0,1952.4,160000,,,5.594668388366699,49.54100036621094,50.164634704589844,296.7559814453125,0.7112499999999999,8.749989583333333e-05
,,,,,160325,180.0,1866,,,,,,
,,,,,160737,190.0,1658,,,,,,
,,,,,161000,,,6.4189043045043945,48.95248794555664,49.11225128173828,229.58309936523438,0.7091875,8.739572916666668e-05
,,,,,161694,680.0,3850,,,,,,
,,,,,162000,,,13.926276206970215,44.7587890625,45.25779724121094,251.5949249267578,0.707125,8.72915625e-05
,,,,,162125,220.0,1754,,,,,,
,,,,,162637,290.0,2050,,,,,,
,,,,,163000,,,22.072418212890625,45.752197265625,45.67160415649414,385.7908020019531,0.7050624999999999,8.718739583333335e-05
,,,,,163235,270.0,2402,,,,,,
,,,,,163780,270.0,2202,,,,,,
,,,,,164000,,,9.430337905883789,48.04030990600586,48.737037658691406,274.4274597167969,0.7030000000000001,8.708322916666667e-05
,,,,,164194,250.0,1674,,,,,,
,,,,,164566,240.0,1514,,,,,,
,,,,,164965,160.0,1610,,,,,,
,,,,,165000,,,6.3129143714904785,49.21417236328125,50.05320358276367,334.9912414550781,0.7009375,8.69790625e-05
,,,,,165484,350.0,2082,,,,,,
,,,,,166000,,,5.687429428100586,50.52410125732422,49.825435638427734,277.4415283203125,0.698875,8.687489583333333e-05
,,,,,166021,250.0,2170,,,,,,
,,,,,166819,400.0,3218,,,,,,
,,,,,167000,,,5.910023212432861,46.03094482421875,45.09098434448242,362.29443359375,0.6968125000000001,8.677072916666666e-05
,,,,,167255,180.0,1770,,,,,,
,,,,,167760,250.0,2042,,,,,,
,,,,,168000,,,2.89072585105896,44.39680480957031,43.87506103515625,244.46029663085938,0.69475,8.66665625e-05
,,,,,168187,210.0,1722,,,,,,
,,,,,168704,250.0,2082,,,,,,
,,,,,169000,,,3.4626991748809814,47.4777946472168,46.92147445678711,215.34017944335938,0.6926875,8.656239583333334e-05
,,,,,169200,310.0,1994,,,,,,
,,,,,169713,230.0,2066,,,,,,
408.0,126.23787,650.0,260.0,2467.6,170000,,,10.442365646362305,55.699256896972656,55.097938537597656,352.3104553222656,0.690625,8.645822916666667e-05
,,,,,170150,310.0,1762,,,,,,
,,,,,170684,220.0,2154,,,,,,
,,,,,171000,,,4.758963584899902,45.79657745361328,45.3182487487793,240.0264892578125,0.6885625,8.63540625e-05
,,,,,171236,300.0,2218,,,,,,
,,,,,171669,320.0,1746,,,,,,
,,,,,172000,,,3.935548782348633,45.54601287841797,44.62423324584961,290.8521423339844,0.6865,8.624989583333334e-05
,,,,,172112,240.0,1794,,,,,,
,,,,,172589,330.0,1906,,,,,,
,,,,,173000,,,8.059975624084473,47.73653793334961,45.92412185668945,604.0352783203125,0.6844375,8.614572916666667e-05
,,,,,173060,260.0,1906,,,,,,
,,,,,173473,210.0,1666,,,,,,
,,,,,174000,,,9.332113265991211,54.98116683959961,55.03663635253906,170.04786682128906,0.682375,8.60415625e-05
,,,,,174192,510.0,2890,,,,,,
,,,,,174691,340.0,2018,,,,,,
,,,,,175000,,,16.064958572387695,46.27238464355469,46.6634521484375,401.7357177734375,0.6803125,8.593739583333333e-05
,,,,,175226,330.0,2146,,,,,,
,,,,,175731,210.0,2026,,,,,,
,,,,,176000,,,4.068222522735596,48.71113586425781,49.03240203857422,221.46156311035156,0.67825,8.583322916666667e-05
,,,,,176343,470.0,2450,,,,,,
,,,,,176804,280.0,1858,,,,,,
,,,,,177000,,,7.7303290367126465,48.17021942138672,48.43250274658203,242.70016479492188,0.6761874999999999,8.57290625e-05
,,,,,177316,290.0,2058,,,,,,
,,,,,177732,200.0,1666,,,,,,
,,,,,178000,,,3.888442277908325,47.32617950439453,47.71213150024414,196.09217834472656,0.6741250000000001,8.562489583333334e-05
,,,,,178259,320.0,2138,,,,,,
,,,,,178970,670.0,2850,,,,,,
,,,,,179000,,,5.28131628036499,52.86783218383789,51.842323303222656,391.078369140625,0.6720625,8.552072916666667e-05
,,,,,179508,370.0,2162,,,,,,
474.0,77.22694,530.0,350.0,2570.8,180000,,,9.439292907714844,43.05911636352539,43.24005889892578,170.60540771484375,0.67,8.541656250000001e-05
,,,,,180033,340.0,2122,,,,,,
,,,,,180458,260.0,1714,,,,,,
,,,,,180973,340.0,2066,,,,,,
,,,,,181000,,,6.340436935424805,50.461585998535156,51.60758972167969,524.8458862304688,0.6679375000000001,8.531239583333334e-05
,,,,,181371,180.0,1618,,,,,,
,,,,,181947,370.0,2306,,,,,,
,,,,,182000,,,5.576816082000732,48.69480895996094,48.52743911743164,275.6539306640625,0.665875,8.520822916666667e-05
,,,,,182361,260.0,1658,,,,,,
,,,,,182825,240.0,1858,,,,,,
,,,,,183000,,,3.8077375888824463,46.83595275878906,46.84779357910156,214.37625122070312,0.6638124999999999,8.51040625e-05
,,,,,183272,190.0,1794,,,,,,
,,,,,183692,170.0,1682,,,,,,
,,,,,184000,,,3.506152868270874,46.95153045654297,47.32918167114258,338.71014404296875,0.6617500000000001,8.499989583333334e-05
,,,,,184226,300.0,2154,,,,,,
,,,,,184750,300.0,2122,,,,,,
,,,,,185000,,,8.233633995056152,46.14653015136719,46.77728271484375,423.75885009765625,0.6596875,8.489572916666667e-05
,,,,,185281,450.0,2138,,,,,,
,,,,,185737,280.0,1842,,,,,,
,,,,,186000,,,4.298919200897217,46.779380798339844,46.87291717529297,167.180908203125,0.657625,8.47915625e-05
,,,,,186158,220.0,1706,,,,,,
,,,,,186659,320.0,2002,,,,,,
,,,,,187000,,,12.282617568969727,45.700130462646484,45.2744140625,251.6481170654297,0.6555625,8.468739583333334e-05
,,,,,187124,270.0,1882,,,,,,
,,,,,187632,250.0,2042,,,,,,
,,,,,188000,,,10.122026443481445,46.035552978515625,45.83746337890625,230.6285400390625,0.6535,8.458322916666668e-05
,,,,,188121,250.0,1970,,,,,,
,,,,,188616,280.0,2002,,,,,,
,,,,,189000,,,3.811389446258545,44.15996170043945,43.97930145263672,157.26010131835938,0.6514375,8.447906250000001e-05
,,,,,189149,290.0,2162,,,,,,
,,,,,189679,290.0,2138,,,,,,
780.0,312.2499,1140.0,350.0,3093.2,190000,,,8.142253875732422,47.90896987915039,47.97978591918945,247.93418884277344,0.649375,8.437489583333334e-05
,,,,,190222,300.0,2186,,,,,,
,,,,,190662,340.0,1770,,,,,,
,,,,,191000,,,6.850260257720947,53.532318115234375,53.316078186035156,582.8177490234375,0.6473125,8.427072916666667e-05
,,,,,191092,230.0,1738,,,,,,
,,,,,191761,700.0,2690,,,,,,
,,,,,192000,,,8.617091178894043,47.05097579956055,48.029300689697266,414.6391906738281,0.64525,8.41665625e-05
,,,,,192232,360.0,1898,,,,,,
,,,,,192814,370.0,2346,,,,,,
,,,,,193000,,,6.624871253967285,52.759979248046875,52.33647155761719,237.299560546875,0.6431875,8.406239583333334e-05
,,,,,193256,290.0,1786,,,,,,
,,,,,193842,320.0,2354,,,,,,
,,,,,194000,,,2.945174217224121,54.205055236816406,54.53577423095703,212.06851196289062,0.641125,8.395822916666667e-05
,,,,,194343,340.0,2018,,,,,,
,,,,,194799,250.0,1834,,,,,,
,,,,,195000,,,5.375783443450928,56.219642639160156,57.04005813598633,337.5252380371094,0.6390625000000001,8.385406250000001e-05
,,,,,195219,360.0,1698,,,,,,
,,,,,195885,500.0,2682,,,,,,
,,,,,196000,,,3.777606964111328,47.60637283325195,47.48565673828125,141.0569305419922,0.637,8.374989583333334e-05
,,,,,196271,280.0,1570,,,,,,
,,,,,196781,260.0,2050,,,,,,
,,,,,197000,,,5.309877872467041,53.52218246459961,52.55867385864258,317.6838073730469,0.6349374999999999,8.364572916666667e-05
,,,,,197275,310.0,1978,,,,,,
,,,,,197679,290.0,1626,,,,,,
,,,,,198000,,,6.325007438659668,52.376712799072266,53.34056854248047,357.9308776855469,0.632875,8.354156250000001e-05
,,,,,198097,270.0,1674,,,,,,
,,,,,198610,350.0,2066,,,,,,
,,,,,199000,,,9.880197525024414,56.78248596191406,54.620513916015625,631.9110717773438,0.6308125,8.343739583333335e-05
,,,,,199083,300.0,1898,,,,,,
,,,,,199603,230.0,2090,,,,,,
573.0,186.0672,840.0,350.0,2553.2,200000,,,6.825148582458496,57.87665557861328,56.261627197265625,565.3302612304688,0.62875,8.333322916666666e-05
,,,,,200047,370.0,1802,,,,,,
,,,,,200507,350.0,1850,,,,,,
,,,,,201000,,,238.62156677246094,49.832550048828125,51.073020935058594,921.1024780273438,0.6266875000000001,8.322906249999999e-05
,,,,,201096,620.0,2362,,,,,,
,,,,,201617,300.0,2106,,,,,,
,,,,,202000,,,3.2872817516326904,61.100223541259766,61.563392639160156,259.4345703125,0.624625,8.312489583333334e-05
,,,,,202078,280.0,1858,,,,,,
,,,,,202515,290.0,1754,,,,,,
,,,,,203000,,,4.887911796569824,57.42621612548828,56.98810577392578,189.64939880371094,0.6225625,8.302072916666668e-05
,,,,,203061,670.0,2202,,,,,,
,,,,,203719,420.0,2658,,,,,,
,,,,,204000,,,14.258142471313477,51.69038772583008,52.686649322509766,571.069580078125,0.6205,8.29165625e-05
,,,,,204217,250.0,2010,,,,,,
,,,,,204697,320.0,1938,,,,,,
,,,,,205000,,,1.8072116374969482,52.526912689208984,52.4395637512207,109.64893341064453,0.6184375,8.281239583333333e-05
,,,,,205205,330.0,2042,,,,,,
,,,,,205850,620.0,2578,,,,,,
,,,,,206000,,,3.1424036026000977,47.809181213378906,47.87114334106445,143.2503204345703,0.616375,8.270822916666668e-05
,,,,,206321,270.0,1898,,,,,,
,,,,,206755,290.0,1754,,,,,,
,,,,,207000,,,4.700291633605957,56.538116455078125,55.94035339355469,281.66595458984375,0.6143125,8.26040625e-05
,,,,,207501,930.0,3010,,,,,,
,,,,,208000,,,7.946231365203857,54.138145446777344,53.95391845703125,214.3275604248047,0.61225,8.249989583333335e-05
,,,,,208233,960.0,2954,,,,,,
,,,,,208699,260.0,1874,,,,,,
,,,,,209000,,,25.716022491455078,44.136810302734375,45.18703079223633,346.9346923828125,0.6101875,8.239572916666666e-05
,,,,,209267,440.0,2290,,,,,,
,,,,,209836,390.0,2290,,,,,,
555.0,243.27968,890.0,320.0,2546.8,210000,,,14.80496883392334,50.619972229003906,51.08567810058594,312.7816467285156,0.608125,8.22915625e-05
,,,,,210391,530.0,2234,,,,,,
,,,,,210989,960.0,2394,,,,,,
,,,,,211000,,,5.875531196594238,47.75383758544922,47.623687744140625,199.48179626464844,0.6060625,8.218739583333333e-05
,,,,,211446,340.0,1850,,,,,,
,,,,,212000,,,8.598845481872559,49.848777770996094,49.83283996582031,232.1364288330078,0.604,8.208322916666666e-05
,,,,,212116,780.0,2706,,,,,,
,,,,,212562,300.0,1802,,,,,,
,,,,,213000,,,3.319187641143799,45.75929641723633,44.795021057128906,271.58721923828125,0.6019375,8.19790625e-05
,,,,,213017,340.0,1842,,,,,,
,,,,,213965,740.0,3810,,,,,,
,,,,,214000,,,3.784280300140381,55.89267349243164,55.21800231933594,297.4471435546875,0.5998749999999999,8.187489583333335e-05
,,,,,214915,860.0,3810,,,,,,
,,,,,215000,,,7.85208797454834,49.039058685302734,49.07585144042969,281.8425598144531,0.5978125000000001,8.177072916666667e-05
,,,,,215649,440.0,2938,,,,,,
,,,,,216000,,,1.8634862899780273,50.49856948852539,50.26195526123047,140.48789978027344,0.59575,8.16665625e-05
,,,,,216290,460.0,2586,,,,,,
,,,,,216740,280.0,1802,,,,,,
,,,,,217000,,,5.821988582611084,49.98446273803711,49.13942337036133,284.8406982421875,0.5936875,8.156239583333334e-05
,,,,,217604,1060.0,3458,,,,,,
,,,,,218000,,,16.134796142578125,48.365692138671875,48.33211898803711,290.2767639160156,0.5916250000000001,8.145822916666667e-05
,,,,,218072,390.0,1882,,,,,,
,,,,,218581,330.0,2050,,,,,,
,,,,,219000,,,5.634089946746826,59.74213790893555,59.91343688964844,225.58644104003906,0.5895625,8.13540625e-05
,,,,,219098,270.0,2082,,,,,,
,,,,,219689,410.0,2370,,,,,,
362.0,49.152824,420.0,300.0,2222.8,220000,,,6.332352161407471,57.29638671875,56.8501091003418,232.79788208007812,0.5874999999999999,8.124989583333333e-05
,,,,,220066,210.0,1538,,,,,,
,,,,,220551,290.0,1946,,,,,,
,,,,,221000,,,5.992364883422852,48.797855377197266,48.81352615356445,208.96798706054688,0.5854375,8.114572916666667e-05
,,,,,221002,320.0,1810,,,,,,
,,,,,221635,770.0,2554,,,,,,
,,,,,222000,,,9.245302200317383,54.06106948852539,54.17509460449219,399.10101318359375,0.583375,8.10415625e-05
,,,,,222284,520.0,2626,,,,,,
,,,,,222912,560.0,2538,,,,,,
,,,,,223000,,,8.762693405151367,56.229087829589844,55.18965148925781,500.96063232421875,0.5813125,8.093739583333334e-05
,,,,,223380,260.0,1882,,,,,,
,,,,,223931,360.0,2218,,,,,,
,,,,,224000,,,7.468770980834961,51.42971420288086,50.44504928588867,372.3541564941406,0.57925,8.083322916666667e-05
,,,,,224487,360.0,2242,,,,,,
,,,,,225000,,,21.781982421875,51.42051315307617,51.89912414550781,386.248291015625,0.5771875,8.072906250000001e-05
,,,,,225090,630.0,2426,,,,,,
,,,,,225441,230.0,1418,,,,,,
,,,,,226000,,,8.313819885253906,54.24801254272461,55.44558334350586,407.43994140625,0.5751250000000001,8.062489583333334e-05
,,,,,226297,770.0,3442,,,,,,
,,,,,226804,330.0,2034,,,,,,
,,,,,227000,,,6.361560821533203,54.476165771484375,54.1997184753418,214.6395263671875,0.5730625,8.052072916666667e-05
,,,,,227519,730.0,2866,,,,,,
,,,,,228000,,,2.878370523452759,52.168243408203125,51.613372802734375,187.73602294921875,0.571,8.04165625e-05
,,,,,228325,930.0,3242,,,,,,
,,,,,228871,320.0,2202,,,,,,
,,,,,229000,,,7.856024742126465,52.76117706298828,51.934940338134766,266.7215576171875,0.5689375,8.031239583333334e-05
,,,,,229545,400.0,2706,,,,,,
,,,,,229951,220.0,1650,,,,,,
372.0,146.47867,810.0,300.0,2106.8,230000,,,6.482047080993652,56.94929504394531,57.36507797241211,256.06201171875,0.566875,8.020822916666667e-05
,,,,,230369,370.0,1698,,,,,,
,,,,,230851,350.0,1946,,,,,,
,,,,,231000,,,9.229126930236816,54.35902404785156,55.46727752685547,465.9341735839844,0.5648124999999999,8.01040625e-05
,,,,,231504,510.0,2634,,,,,,
,,,,,232000,,,9.67692756652832,53.318824768066406,54.103878021240234,370.8000183105469,0.5627500000000001,7.999989583333334e-05
,,,,,232002,320.0,2010,,,,,,
,,,,,232619,590.0,2490,,,,,,
,,,,,233000,,,7.977431774139404,55.45423889160156,54.613258361816406,334.40869140625,0.5606875,7.989572916666668e-05
,,,,,233090,340.0,1890,,,,,,
,,,,,233740,510.0,2626,,,,,,
,,,,,234000,,,5.333258628845215,61.820518493652344,61.92658233642578,202.4165802001953,0.5586249999999999,7.979156250000001e-05
,,,,,234637,560.0,3602,,,,,,
,,,,,235000,,,6.714343070983887,58.82841491699219,58.929317474365234,240.84832763671875,0.5565625,7.968739583333334e-05
,,,,,235078,320.0,1778,,,,,,
,,,,,235563,320.0,1970,,,,,,
,,,,,235967,340.0,1642,,,,,,
,,,,,236000,,,6.936683654785156,47.000831604003906,47.51524353027344,242.72457885742188,0.5545,7.958322916666667e-05
,,,,,236420,380.0,1842,,,,,,
,,,,,236842,250.0,1714,,,,,,
,,,,,237000,,,17.581281661987305,54.530887603759766,56.86577224731445,784.9238891601562,0.5524375,7.94790625e-05
,,,,,237470,630.0,2530,,,,,,
,,,,,238000,,,6.061763286590576,54.95400619506836,54.230899810791016,291.40338134765625,0.5503750000000001,7.937489583333334e-05
,,,,,238011,340.0,2162,,,,,,
,,,,,238687,1160.0,2706,,,,,,
,,,,,239000,,,7.49244499206543,53.873291015625,54.0340461730957,287.0550231933594,0.5483125,7.927072916666667e-05
,,,,,239232,420.0,2194,,,,,,
,,,,,239935,750.0,2834,,,,,,
609.0,43.692104,660.0,560.0,2613.2,240000,,,8.318753242492676,55.68292236328125,55.225399017333984,349.4812316894531,0.54625,7.916656250000001e-05
,,,,,240448,410.0,2074,,,,,,
,,,,,240887,320.0,1762,,,,,,
,,,,,241000,,,3.145768165588379,54.423824310302734,55.052268981933594,182.4681854248047,0.5441875,7.906239583333334e-05
,,,,,241620,690.0,2938,,,,,,
,,,,,242000,280.0,1538,,,,,,
,,,,,242000,,,14.6331148147583,63.85780715942383,62.110267639160156,572.0581665039062,0.542125,7.895822916666667e-05
,,,,,242409,240.0,1650,,,,,,
,,,,,242886,310.0,1922,,,,,,
,,,,,243000,,,5.605153560638428,54.823368072509766,55.569278717041016,279.6303405761719,0.5400625,7.885406250000001e-05
,,,,,243369,290.0,1938,,,,,,
,,,,,244000,,,5.411201000213623,57.15373229980469,57.047157287597656,222.7628936767578,0.538,7.874989583333334e-05
,,,,,244137,800.0,3090,,,,,,
,,,,,245000,,,4.302895545959473,59.344703674316406,59.12164306640625,232.95399475097656,0.5359375,7.864572916666667e-05
,,,,,245017,1300.0,3522,,,,,,
,,,,,245524,400.0,2050,,,,,,
,,,,,246000,,,6.511064052581787,52.96340560913086,53.2691650390625,222.5325927734375,0.533875,7.85415625e-05
,,,,,246023,440.0,2010,,,,,,
,,,,,246503,410.0,1938,,,,,,
,,,,,247000,,,13.611593246459961,65.92481231689453,67.59498596191406,686.9724731445312,0.5318125,7.843739583333334e-05
,,,,,247191,670.0,2770,,,,,,
,,,,,247826,950.0,2554,,,,,,
,,,,,248000,,,4.125732421875,62.25504684448242,62.397464752197266,243.0236358642578,0.5297499999999999,7.833322916666668e-05
,,,,,248756,960.0,3722,,,,,,
,,,,,249000,,,7.68612813949585,57.68213653564453,57.529052734375,274.8363952636719,0.5276875,7.822906250000001e-05
,,,,,249279,340.0,2098,,,,,,
,,,,,249917,1130.0,2554,,,,,,
798.0,226.4862,1030.0,390.0,2835.6,250000,,,7.440362453460693,68.03984069824219,68.74958038330078,464.38360595703125,0.525625,7.812489583333334e-05
,,,,,250574,800.0,2634,,,,,,
,,,,,251000,,,8.333001136779785,61.06333923339844,61.545021057128906,314.9886474609375,0.5235624999999999,7.802072916666668e-05
,,,,,251191,460.0,2490,,,,,,
,,,,,251994,1030.0,3226,,,,,,
,,,,,252000,,,31.466567993164062,61.30893325805664,61.59015655517578,468.9512939453125,0.5215000000000001,7.79165625e-05
,,,,,252611,490.0,2490,,,,,,
,,,,,253000,,,7.065655708312988,68.14676666259766,68.53690338134766,248.27239990234375,0.5194375,7.781239583333333e-05
,,,,,253244,690.0,2538,,,,,,
,,,,,253832,650.0,2378,,,,,,
,,,,,254000,,,4.357800006866455,66.93647766113281,67.04025268554688,225.1092071533203,0.517375,7.770822916666666e-05
,,,,,254312,250.0,1938,,,,,,
,,,,,254821,350.0,2042,,,,,,
,,,,,255000,,,6.654041290283203,58.397708892822266,58.17283248901367,248.89109802246094,0.5153125000000001,7.76040625e-05
,,,,,255222,320.0,1618,,,,,,
,,,,,255678,350.0,1850,,,,,,
,,,,,256000,,,7.239664554595947,59.85005569458008,59.770172119140625,265.0625,0.51325,7.749989583333333e-05
,,,,,256178,470.0,2018,,,,,,
,,,,,256926,430.0,3002,,,,,,
,,,,,257000,,,11.514997482299805,56.99774932861328,56.112937927246094,419.8880920410156,0.5111874999999999,7.739572916666666e-05
,,,,,257547,650.0,2490,,,,,,
,,,,,257979,270.0,1754,,,,,,
,,,,,258000,,,5.463232040405273,52.246253967285156,52.75775146484375,264.1096496582031,0.509125,7.72915625e-05
,,,,,258640,880.0,2666,,,,,,
,,,,,259000,,,6.361340522766113,67.10124969482422,66.82359313964844,212.14427185058594,0.5070625,7.718739583333335e-05
,,,,,259116,330.0,1930,,,,,,
,,,,,259576,320.0,1850,,,,,,
1206.0,537.92566,1720.0,380.0,3078.8,260000,,,8.4940185546875,64.5498275756836,65.12671661376953,278.2447814941406,0.505,7.708322916666668e-05
,,,,,260193,610.0,2490,,,,,,
,,,,,260693,420.0,2002,,,,,,
,,,,,261000,,,7.68418025970459,67.07218933105469,65.51448059082031,558.6780395507812,0.5029375,7.69790625e-05
,,,,,261100,290.0,1634,,,,,,
,,,,,261546,410.0,1786,,,,,,
,,,,,262000,,,8.955915451049805,56.157142639160156,56.56571960449219,316.27679443359375,0.500875,7.687489583333333e-05
,,,,,262164,500.0,2474,,,,,,
,,,,,262822,600.0,2658,,,,,,
,,,,,263000,,,4.638829708099365,59.82960510253906,60.04399490356445,240.0416717529297,0.4988125,7.677072916666667e-05
,,,,,263390,360.0,2274,,,,,,
,,,,,264000,,,12.262259483337402,65.33036804199219,65.46656036376953,247.94610595703125,0.49675,7.66665625e-05
,,,,,264025,1170.0,2562,,,,,,
,,,,,264524,350.0,2010,,,,,,
,,,,,265000,,,54.19737243652344,70.0340347290039,72.06631469726562,826.0244140625,0.49468750000000006,7.656239583333333e-05
,,,,,265212,670.0,2754,,,,,,
,,,,,265911,460.0,2818,,,,,,
,,,,,266000,,,192.54148864746094,65.11172485351562,67.2837905883789,917.2153930664062,0.4926250000000001,7.645822916666667e-05
,,,,,266405,390.0,1986,,,,,,
,,,,,267000,,,4.3236470222473145,67.76380920410156,67.77550506591797,234.1532745361328,0.4905625,7.63540625e-05
,,,,,267255,610.0,3402,,,,,,
,,,,,267750,350.0,1986,,,,,,
,,,,,268000,,,5.383335590362549,68.83607482910156,68.1303482055664,270.6557312011719,0.48849999999999993,7.624989583333334e-05
,,,,,268445,440.0,2786,,,,,,
,,,,,268910,310.0,1882,,,,,,
,,,,,269000,,,16.83887481689453,69.25455474853516,67.42778015136719,623.028076171875,0.48643749999999997,7.614572916666667e-05
,,,,,269519,520.0,2450,,,,,,
368.0,134.0,630.0,270.0,1797.2,270000,,,11.534399032592773,72.06491088867188,72.26512908935547,378.608642578125,0.484375,7.60415625e-05
,,,,,270412,1260.0,3586,,,,,,
,,,,,270955,430.0,2194,,,,,,
,,,,,271000,,,12.166675567626953,72.30433654785156,71.73251342773438,494.1097717285156,0.4823124999999999,7.593739583333333e-05
,,,,,271631,620.0,2706,,,,,,
,,,,,272000,,,3.4434547424316406,65.72845458984375,65.80733489990234,180.0230712890625,0.48024999999999995,7.583322916666666e-05
,,,,,272073,350.0,1794,,,,,,
,,,,,272611,350.0,2162,,,,,,
,,,,,273000,,,7.946220874786377,69.8142318725586,68.65757751464844,460.2078857421875,0.4781875,7.57290625e-05
,,,,,273382,1110.0,3090,,,,,,
,,,,,273893,280.0,2050,,,,,,
,,,,,274000,,,19.282917022705078,63.47621154785156,63.114803314208984,393.372802734375,0.476125,7.562489583333334e-05
,,,,,274575,560.0,2746,,,,,,
,,,,,275000,,,23.750125885009766,61.70306396484375,61.464237213134766,337.30072021484375,0.47406250000000005,7.552072916666667e-05
,,,,,275132,370.0,2250,,,,,,
,,,,,275719,620.0,2354,,,,,,
,,,,,276000,,,6.495434284210205,72.49925231933594,71.35235595703125,440.674072265625,0.472,7.54165625e-05
,,,,,276338,660.0,2490,,,,,,
,,,,,276976,540.0,2570,,,,,,
,,,,,277000,,,7.670512676239014,67.86556243896484,67.38148498535156,319.2159729003906,0.4699375,7.531239583333334e-05
,,,,,277537,320.0,2242,,,,,,
,,,,,277987,370.0,1826,,,,,,
,,,,,278000,,,45.98892593383789,67.32994079589844,65.41788482666016,890.3529663085938,0.46787500000000004,7.520822916666668e-05
,,,,,278338,270.0,1426,,,,,,
,,,,,279000,,,7.7694411277771,68.5927505493164,68.32181549072266,280.0786437988281,0.4658125000000001,7.51040625e-05
,,,,,279030,700.0,2770,,,,,,
,,,,,279652,1140.0,2498,,,,,,
445.0,177.32738,620.0,230.0,2204.4,280000,,,12.774128913879395,66.8129653930664,66.25151824951172,413.07623291015625,0.46375,7.499989583333333e-05
,,,,,280317,500.0,2682,,,,,,
,,,,,280892,680.0,2322,,,,,,
,,,,,281000,,,8.45734691619873,72.20215606689453,71.83710479736328,396.9202575683594,0.46168750000000003,7.489572916666667e-05
,,,,,281350,340.0,1858,,,,,,
,,,,,281982,710.0,2538,,,,,,
,,,,,282000,,,7.770624160766602,63.79240417480469,63.06036376953125,386.04095458984375,0.45962500000000006,7.47915625e-05
,,,,,282601,390.0,2498,,,,,,
,,,,,283000,,,14.716753959655762,67.73402404785156,67.21414184570312,438.6065979003906,0.4575625,7.468739583333333e-05
,,,,,283271,520.0,2698,,,,,,
,,,,,283648,290.0,1522,,,,,,
,,,,,284000,,,216.40060424804688,69.97383880615234,71.86308288574219,1547.65625,0.4555,7.458322916666667e-05
,,,,,284642,2240.0,3994,,,,,,
,,,,,285000,,,7.977727890014648,61.303836822509766,61.929771423339844,367.1723327636719,0.45343749999999994,7.447906250000001e-05
,,,,,285230,790.0,2354,,,,,,
,,,,,285726,350.0,1986,,,,,,
,,,,,286000,,,14.36135482788086,77.91792297363281,78.48872375488281,660.30517578125,0.45137499999999997,7.437489583333334e-05
,,,,,286214,350.0,1970,,,,,,
,,,,,286764,510.0,2226,,,,,,
,,,,,287000,,,11.761160850524902,67.30973052978516,66.99366760253906,409.1798095703125,0.4493125,7.427072916666667e-05
,,,,,287677,410.0,3674,,,,,,
,,,,,288000,,,7.5435261726379395,68.96051025390625,70.32167053222656,606.6959228515625,0.44725000000000004,7.41665625e-05
,,,,,288491,1270.0,3282,,,,,,
,,,,,288947,360.0,1842,,,,,,
,,,,,289000,,,4.422009468078613,70.302734375,69.30241394042969,360.0639343261719,0.44518749999999996,7.406239583333334e-05
,,,,,289616,750.0,2690,,,,,,
390.0,90.111046,500.0,310.0,2276.4,290000,,,242.7620086669922,65.58899688720703,66.1575698852539,2425.59423828125,0.443125,7.395822916666667e-05
,,,,,290150,330.0,2154,,,,,,
,,,,,290581,290.0,1738,,,,,,
,,,,,291000,,,10.106522560119629,70.24607849121094,70.40963745117188,239.5567169189453,0.4410625,7.38540625e-05
,,,,,291396,1540.0,3290,,,,,,
,,,,,291983,440.0,2354,,,,,,
,,,,,292000,,,9.479296684265137,70.64143371582031,70.20067596435547,296.2225341796875,0.43900000000000006,7.374989583333334e-05
,,,,,292472,460.0,1978,,,,,,
,,,,,293000,,,6.783351421356201,80.71249389648438,79.44393920898438,526.8943481445312,0.4369375,7.364572916666668e-05
,,,,,293392,640.0,3706,,,,,,
,,,,,294000,,,11.026050567626953,76.07473754882812,74.48481750488281,683.2242431640625,0.434875,7.354156250000001e-05
,,,,,294142,930.0,3010,,,,,,
,,,,,294642,270.0,2018,,,,,,
,,,,,295000,,,268.4523620605469,72.05752563476562,74.7262954711914,1223.776123046875,0.43281250000000004,7.343739583333334e-05
,,,,,295612,2320.0,3906,,,,,,
,,,,,296000,,,10.91306209564209,72.74015045166016,72.12122344970703,368.1202087402344,0.4307500000000001,7.333322916666668e-05
,,,,,296464,800.0,3426,,,,,,
,,,,,297000,,,7.362259387969971,77.00942993164062,76.80003356933594,346.2658386230469,0.4286875000000001,7.322906250000001e-05
,,,,,297147,780.0,2754,,,,,,
,,,,,297598,270.0,1818,,,,,,
,,,,,298000,,,9.10604476928711,74.34555053710938,75.83302307128906,557.2529907226562,0.4266249999999999,7.312489583333332e-05
,,,,,298485,680.0,3570,,,,,,
,,,,,299000,,,25.523880004882812,70.88927459716797,71.73202514648438,429.4317932128906,0.42456249999999995,7.302072916666666e-05
,,,,,299057,490.0,2290,,,,,,
,,,,,299622,320.0,2282,,,,,,
885.0,340.33072,1300.0,430.0,2427.6,300000,,,9.27762222290039,69.41345977783203,69.50371551513672,322.6116638183594,0.4225,7.29165625e-05
,,,,,300547,790.0,3714,,,,,,
,,,,,301000,,,10.089462280273438,74.37071990966797,74.92601013183594,437.6798095703125,0.4204375,7.281239583333334e-05
,,,,,301131,270.0,2346,,,,,,
,,,,,301920,1040.0,3162,,,,,,
,,,,,302000,,,63.133697509765625,81.10671997070312,81.91487121582031,744.8070678710938,0.41837499999999994,7.270822916666666e-05
,,,,,302429,290.0,2050,,,,,,
,,,,,303000,,,5.55665922164917,77.51506805419922,77.30081176757812,213.45977783203125,0.4163125,7.26040625e-05
,,,,,303077,420.0,2602,,,,,,
,,,,,303789,1220.0,2866,,,,,,
,,,,,304000,,,6.855166912078857,81.00753021240234,82.21646118164062,501.7190246582031,0.41425,7.249989583333335e-05
,,,,,304452,1280.0,2666,,,,,,
,,,,,304933,340.0,1938,,,,,,
,,,,,305000,,,6.7143731117248535,79.44647216796875,79.634765625,291.576416015625,0.41218750000000004,7.239572916666668e-05
,,,,,305577,400.0,2586,,,,,,
,,,,,306000,,,12.239402770996094,72.21340942382812,73.45492553710938,543.9676513671875,0.41012499999999996,7.22915625e-05
,,,,,306459,1410.0,3530,,,,,,
,,,,,307000,,,16.120153427124023,76.60331726074219,77.60076141357422,628.32568359375,0.4080625,7.218739583333333e-05
,,,,,307168,510.0,2834,,,,,,
,,,,,307739,480.0,2290,,,,,,
,,,,,308000,,,14.715062141418457,80.49327087402344,80.5970458984375,324.9060363769531,0.406,7.208322916666668e-05
,,,,,308277,570.0,2170,,,,,,
,,,,,308835,350.0,2242,,,,,,
,,,,,309000,,,8.571206092834473,76.06657409667969,76.28331756591797,275.30633544921875,0.40393750000000006,7.19790625e-05
,,,,,309650,590.0,3290,,,,,,
502.0,6.0,520.0,500.0,2322.8,310000,,,4.988386154174805,68.30242156982422,67.84854125976562,232.1576385498047,0.4018750000000001,7.187489583333333e-05
,,,,,310343,440.0,2802,,,,,,
,,,,,311000,,,287.30780029296875,79.7303237915039,81.47050476074219,1202.02490234375,0.3998125,7.177072916666667e-05
,,,,,311213,1030.0,3498,,,,,,
,,,,,311860,410.0,2602,,,,,,
,,,,,312000,,,7.10976505279541,69.44924926757812,69.63187408447266,336.30084228515625,0.39775000000000005,7.16665625e-05
,,,,,312503,370.0,2594,,,,,,
,,,,,313000,,,253.93450927734375,79.58546447753906,82.38008117675781,1181.736083984375,0.39568749999999997,7.156239583333333e-05
,,,,,313208,690.0,2834,,,,,,
,,,,,314000,,,11.794234275817871,73.21568298339844,73.39839935302734,498.1758728027344,0.393625,7.145822916666667e-05
,,,,,314085,2220.0,3506,,,,,,
,,,,,314878,560.0,3186,,,,,,
,,,,,315000,,,5.657619953155518,78.71110534667969,77.6952133178711,356.79010009765625,0.3915624999999999,7.13540625e-05
,,,,,315405,330.0,2114,,,,,,
,,,,,316000,,,22.795394897460938,82.99443054199219,82.72154235839844,444.16021728515625,0.38949999999999996,7.124989583333333e-05
,,,,,316270,860.0,3474,,,,,,
,,,,,316965,800.0,2802,,,,,,
,,,,,317000,,,5.3740081787109375,70.28317260742188,69.89321899414062,249.24234008789062,0.3874375,7.114572916666666e-05
,,,,,317506,320.0,2186,,,,,,
,,,,,318000,,,10.869987487792969,79.70775604248047,78.06658172607422,671.9265747070312,0.385375,7.10415625e-05
,,,,,318047,420.0,2170,,,,,,
,,,,,318498,350.0,1818,,,,,,
,,,,,319000,,,22.150712966918945,77.16282653808594,79.28771209716797,865.3002319335938,0.38331249999999994,7.093739583333334e-05
,,,,,319029,350.0,2138,,,,,,
,,,,,319609,380.0,2322,,,,,,
295.0,51.816986,370.0,240.0,2518.0,320000,,,1221.6566162109375,68.72904968261719,75.19977569580078,3553.8369140625,0.38125,7.083322916666667e-05
,,,,,320349,560.0,2978,,,,,,
,,,,,321000,,,219.3986358642578,76.67830657958984,79.28810119628906,1210.9842529296875,0.3791875,7.07290625e-05
,,,,,321293,1160.0,3794,,,,,,
,,,,,321931,710.0,2570,,,,,,
,,,,,322000,,,9.144438743591309,84.25555419921875,82.75558471679688,676.7100830078125,0.37712500000000004,7.062489583333334e-05
,,,,,322761,1280.0,3322,,,,,,
,,,,,323000,,,11.09421443939209,79.3612289428711,80.28903198242188,492.4007568359375,0.3750625000000001,7.052072916666667e-05
,,,,,323199,340.0,1754,,,,,,
,,,,,323565,260.0,1490,,,,,,
,,,,,324000,,,4.040255546569824,78.27108764648438,77.94815063476562,210.5556640625,0.373,7.04165625e-05
,,,,,324637,1040.0,4290,,,,,,
,,,,,325000,,,50.50630569458008,82.86320495605469,82.6306381225586,602.3529052734375,0.37093750000000003,7.031239583333333e-05
,,,,,325347,670.0,2866,,,,,,
,,,,,326000,,,248.23887634277344,79.78467559814453,82.4764633178711,1380.0108642578125,0.36887500000000006,7.020822916666667e-05
,,,,,326454,1850.0,4442,,,,,,
,,,,,327000,,,16.403894424438477,78.06045532226562,79.51654815673828,638.85986328125,0.3668125000000001,7.01040625e-05
,,,,,327165,520.0,2866,,,,,,
,,,,,327653,430.0,1978,,,,,,
,,,,,328000,,,6.261338233947754,83.84859466552734,83.10218811035156,326.6522521972656,0.3647499999999999,6.999989583333333e-05
,,,,,328540,960.0,3554,,,,,,
,,,,,329000,,,6.534379005432129,88.50039672851562,87.88432312011719,292.0763854980469,0.36268749999999994,6.989572916666667e-05
,,,,,329167,2020.0,2530,,,,,,
,,,,,329752,580.0,2362,,,,,,
614.0,307.34998,990.0,350.0,2790.8,330000,,,269.4844970703125,82.30130004882812,85.52676391601562,1402.2481689453125,0.360625,6.979156250000001e-05
,,,,,330442,1060.0,2778,,,,,,
,,,,,331000,,,6.530740737915039,84.58158111572266,83.59031677246094,462.4235534667969,0.3585625,6.968739583333334e-05
,,,,,331231,1410.0,3170,,,,,,
,,,,,331910,450.0,2722,,,,,,
,,,,,332000,,,12.203794479370117,82.11636352539062,82.4065170288086,485.54852294921875,0.35650000000000004,6.958322916666667e-05
,,,,,332704,720.0,3178,,,,,,
,,,,,333000,,,6.235927104949951,82.58870697021484,82.96795654296875,279.7606201171875,0.35443749999999996,6.94790625e-05
,,,,,333222,310.0,2098,,,,,,
,,,,,333752,320.0,2130,,,,,,
,,,,,334000,,,8.966004371643066,84.91202545166016,85.846435546875,495.0502624511719,0.352375,6.937489583333334e-05
,,,,,334270,400.0,2082,,,,,,
,,,,,335000,,,10.962039947509766,78.1015853881836,77.18290710449219,428.70159912109375,0.3503125,6.927072916666667e-05
,,,,,335229,1370.0,3850,,,,,,
,,,,,336000,,,13.940443992614746,82.83476257324219,83.82250213623047,704.5844116210938,0.34825000000000006,6.91665625e-05
,,,,,336069,750.0,3386,,,,,,
,,,,,336763,790.0,2802,,,,,,
,,,,,337000,,,5.1418280601501465,75.39036560058594,74.75247192382812,287.06439208984375,0.3461875,6.906239583333334e-05
,,,,,337421,690.0,2650,,,,,,
,,,,,337888,300.0,1890,,,,,,
,,,,,338000,,,5.625591278076172,74.8915786743164,74.06065368652344,335.7410583496094,0.344125,6.895822916666668e-05
,,,,,338652,860.0,3058,,,,,,
,,,,,339000,,,2.8604705333709717,81.51954650878906,81.89192962646484,222.65811157226562,0.34206250000000005,6.885406250000001e-05
,,,,,339219,490.0,2282,,,,,,
,,,,,339797,370.0,2322,,,,,,
431.0,73.136856,500.0,320.0,3103.6,340000,,,8.587577819824219,83.76176452636719,84.42481994628906,405.4327697753906,0.3400000000000001,6.874989583333334e-05
,,,,,340381,810.0,2362,,,,,,
,,,,,341000,,,7.999986171722412,85.7335205078125,85.89283752441406,300.7835998535156,0.3379375,6.864572916666667e-05
,,,,,341060,790.0,2722,,,,,,
,,,,,341527,390.0,1890,,,,,,
,,,,,342000,,,354.60357666015625,83.63887023925781,86.90486907958984,1562.6282958984375,0.33587500000000003,6.85415625e-05
,,,,,342327,1020.0,3226,,,,,,
,,,,,343000,,,11.364131927490234,91.4435043334961,90.58354949951172,487.07745361328125,0.33381249999999996,6.843739583333332e-05
,,,,,343066,860.0,2978,,,,,,
,,,,,343642,700.0,2306,,,,,,
,,,,,344000,,,14.646562576293945,82.05268859863281,83.09150695800781,476.77423095703125,0.33175,6.833322916666667e-05
,,,,,344449,1660.0,3242,,,,,,
,,,,,344951,360.0,2018,,,,,,
,,,,,345000,,,6.209808349609375,82.93170928955078,83.21607208251953,249.51634216308594,0.3296875,6.822906250000001e-05
,,,,,345681,890.0,2938,,,,,,
,,,,,346000,,,9.008001327514648,81.15379333496094,79.91395568847656,646.5272216796875,0.32762499999999994,6.812489583333334e-05
,,,,,346539,1390.0,3434,,,,,,
,,,,,347000,,,18.956687927246094,85.48353576660156,86.929443359375,696.1838989257812,0.3255625,6.802072916666666e-05
,,,,,347300,1270.0,3066,,,,,,
,,,,,347853,690.0,2218,,,,,,
,,,,,348000,,,7.64277982711792,90.50353240966797,90.90869140625,406.9792175292969,0.3235,6.791656250000001e-05
,,,,,348497,750.0,2594,,,,,,
,,,,,349000,,,4.896468162536621,84.91893768310547,84.3466796875,307.5658264160156,0.32143750000000004,6.781239583333334e-05
,,,,,349208,780.0,2850,,,,,,
,,,,,349906,790.0,2802,,,,,,
800.0,307.5061,1310.0,490.0,2843.6,350000,,,16.994596481323242,82.93757629394531,82.10176849365234,508.3121032714844,0.31937499999999996,6.770822916666666e-05
,,,,,350397,400.0,1978,,,,,,
,,,,,350853,280.0,1826,,,,,,
,,,,,351000,,,10.738280296325684,90.67594909667969,90.99788665771484,347.64715576171875,0.3173125,6.760406249999999e-05
,,,,,351361,330.0,2058,,,,,,
,,,,,352000,,,6.591535568237305,82.77220153808594,82.41523742675781,302.89959716796875,0.31525000000000003,6.749989583333333e-05
,,,,,352186,980.0,3322,,,,,,
,,,,,352902,760.0,2882,,,,,,
,,,,,353000,,,9.724562644958496,88.74445343017578,88.3264389038086,381.8147277832031,0.31318750000000006,6.739572916666668e-05
,,,,,353778,900.0,3506,,,,,,
,,,,,354000,,,12.808877944946289,84.99669647216797,83.78817749023438,447.8761901855469,0.311125,6.72915625e-05
,,,,,354228,410.0,1826,,,,,,
,,,,,355000,,,8.050264358520508,88.9926986694336,89.51484680175781,347.9956359863281,0.3090625,6.718739583333333e-05
,,,,,355034,1350.0,3234,,,,,,
,,,,,355695,760.0,2658,,,,,,
,,,,,356000,,,26.273941040039062,88.06515502929688,89.20162200927734,456.53729248046875,0.30700000000000005,6.708322916666668e-05
,,,,,356326,780.0,2546,,,,,,
,,,,,356952,500.0,2530,,,,,,
,,,,,357000,,,13.943014144897461,85.7117691040039,85.35189819335938,506.40875244140625,0.3049375000000001,6.69790625e-05
,,,,,357401,330.0,1802,,,,,,
,,,,,358000,,,10.219978332519531,87.8475570678711,88.6511459350586,462.3475646972656,0.302875,6.687489583333333e-05
,,,,,358094,470.0,2786,,,,,,
,,,,,358771,720.0,2714,,,,,,
,,,,,359000,,,8.908212661743164,84.95655822753906,84.34471130371094,330.8896179199219,0.3008124999999999,6.677072916666666e-05
,,,,,359367,400.0,2402,,,,,,
943.0,467.54785,1910.0,320.0,2821.2,360000,,,9.919703483581543,79.1323013305664,79.83111572265625,428.5977783203125,0.29874999999999996,6.66665625e-05
,,,,,360029,560.0,2658,,,,,,
,,,,,360860,1070.0,3346,,,,,,
,,,,,361000,,,12.99802017211914,89.15288543701172,88.8072280883789,469.9696044921875,0.2966875,6.656239583333333e-05
,,,,,361481,460.0,2506,,,,,,
,,,,,361939,440.0,1834,,,,,,
,,,,,362000,,,11.691747665405273,85.1944580078125,84.04194641113281,459.6842346191406,0.294625,6.645822916666666e-05
,,,,,362382,380.0,1794,,,,,,
,,,,,362775,270.0,1586,,,,,,
,,,,,363000,,,12.004329681396484,88.46929931640625,88.34981536865234,383.5225830078125,0.29256249999999995,6.63540625e-05
,,,,,363363,410.0,2354,,,,,,
,,,,,363831,410.0,1890,,,,,,
,,,,,364000,,,6.829831600189209,81.31170654296875,83.03691101074219,640.2241821289062,0.2905,6.624989583333335e-05
,,,,,364395,510.0,2266,,,,,,
,,,,,365000,,,3.538172960281372,87.21773529052734,87.01211547851562,207.7769775390625,0.2884375,6.614572916666667e-05
,,,,,365089,680.0,2778,,,,,,
,,,,,365675,660.0,2354,,,,,,
,,,,,366000,,,13.073135375976562,82.3061294555664,84.34469604492188,792.1272583007812,0.28637500000000005,6.60415625e-05
,,,,,366326,480.0,2626,,,,,,
,,,,,366726,370.0,1610,,,,,,
,,,,,367000,,,21.82952308654785,78.3205795288086,79.483642578125,501.661865234375,0.28431249999999997,6.593739583333333e-05
,,,,,367190,320.0,1866,,,,,,
,,,,,368000,,,22.994335174560547,81.44729614257812,81.25376892089844,429.79339599609375,0.28225,6.583322916666667e-05
,,,,,368112,1190.0,3714,,,,,,
,,,,,368885,1240.0,3098,,,,,,
,,,,,369000,,,4.910048484802246,86.60139465332031,86.55740356445312,288.3223571777344,0.28018750000000003,6.57290625e-05
,,,,,369863,1050.0,3930,,,,,,
1113.0,286.11362,1550.0,920.0,3296.4,370000,,,11.19561767578125,90.63871002197266,89.5850830078125,534.9853515625,0.27812500000000007,6.562489583333333e-05
,,,,,370545,550.0,2754,,,,,,
,,,,,371000,,,8.891915321350098,86.35794067382812,86.17884063720703,394.12677001953125,0.2760625000000001,6.552072916666667e-05
,,,,,371169,730.0,2514,,,,,,
,,,,,371752,630.0,2346,,,,,,
,,,,,372000,,,7.609110355377197,82.83341979980469,82.99308776855469,310.1999206542969,0.274,6.54165625e-05
,,,,,372458,1360.0,2834,,,,,,
,,,,,373000,,,9.137544631958008,84.96141815185547,84.72242736816406,292.914794921875,0.27193749999999994,6.531239583333333e-05
,,,,,373133,1940.0,2706,,,,,,
,,,,,373730,800.0,2410,,,,,,
,,,,,374000,,,16.103302001953125,85.3322525024414,84.24502563476562,587.31005859375,0.269875,6.520822916666667e-05
,,,,,374124,340.0,1586,,,,,,
,,,,,374570,300.0,1810,,,,,,
,,,,,375000,,,9.913276672363281,78.39398193359375,78.65889739990234,327.612548828125,0.2678125,6.510406250000001e-05
,,,,,375576,1080.0,4026,,,,,,
,,,,,376000,,,1594.1358642578125,86.38946533203125,95.29737854003906,3969.52734375,0.26574999999999993,6.499989583333334e-05
,,,,,376690,1280.0,4482,,,,,,
,,,,,377000,,,16.277488708496094,91.3324203491211,91.18736267089844,389.4690246582031,0.26368749999999996,6.489572916666666e-05
,,,,,377514,1160.0,3298,,,,,,
,,,,,378000,,,9.65345573425293,78.30762481689453,78.95556640625,332.3280029296875,0.261625,6.47915625e-05
,,,,,378035,470.0,2106,,,,,,
,,,,,378772,630.0,2962,,,,,,
,,,,,379000,,,5.603693008422852,94.51162719726562,94.0535888671875,330.6098937988281,0.25956250000000003,6.468739583333334e-05
,,,,,379333,650.0,2242,,,,,,
,,,,,379890,630.0,2234,,,,,,
575.0,185.0,760.0,390.0,3646.0,380000,,,7.209523677825928,96.02031707763672,96.04376983642578,245.83241271972656,0.25750000000000006,6.458322916666667e-05
,,,,,380677,1050.0,3154,,,,,,
,,,,,381000,,,11.563061714172363,88.9188232421875,87.41842651367188,588.640625,0.2554375,6.44790625e-05
,,,,,381345,1280.0,2690,,,,,,
,,,,,382000,,,11.321182250976562,93.07284545898438,94.08676147460938,669.0945434570312,0.253375,6.437489583333334e-05
,,,,,382261,1020.0,3666,,,,,,
,,,,,382846,840.0,2362,,,,,,
,,,,,383000,,,11.736465454101562,90.27064514160156,89.10269927978516,551.75537109375,0.25131250000000005,6.427072916666668e-05
,,,,,383650,1640.0,3218,,,,,,
,,,,,384000,,,5.202383518218994,90.49283599853516,90.09284973144531,282.6150207519531,0.24925000000000008,6.416656250000001e-05
,,,,,384201,530.0,2218,,,,,,
,,,,,385000,,,5.764327049255371,88.71088409423828,87.22412872314453,601.175537109375,0.2471875,6.406239583333334e-05
,,,,,385428,1360.0,4914,,,,,,
,,,,,386000,,,13.40036392211914,90.78585052490234,90.20222473144531,517.5796508789062,0.24512500000000004,6.395822916666667e-05
,,,,,386431,620.0,4042,,,,,,
,,,,,387000,,,9.298108100891113,91.35443115234375,92.20225524902344,473.781982421875,0.24306250000000007,6.38540625e-05
,,,,,387276,910.0,3378,,,,,,
,,,,,387750,560.0,1906,,,,,,
,,,,,388000,,,9.255546569824219,91.27208709716797,90.61482238769531,462.7565612792969,0.241,6.374989583333332e-05
,,,,,388383,580.0,2538,,,,,,
,,,,,389000,,,5.106396198272705,79.67898559570312,79.9935302734375,282.0283508300781,0.2389374999999999,6.364572916666667e-05
,,,,,389052,1820.0,2698,,,,,,
,,,,,389676,770.0,2514,,,,,,
799.0,123.24366,930.0,600.0,2711.6,390000,,,8.839947700500488,85.96171569824219,87.06818389892578,481.4195556640625,0.23687499999999995,6.354156250000001e-05
,,,,,390520,700.0,3378,,,,,,
,,,,,391000,,,9.068460464477539,93.27611541748047,92.82937622070312,365.7635498046875,0.23481249999999998,6.343739583333334e-05
,,,,,391068,700.0,2194,,,,,,
,,,,,391728,960.0,2650,,,,,,
,,,,,392000,,,5.054642677307129,86.24737548828125,85.35325622558594,426.4450378417969,0.23275,6.333322916666667e-05
,,,,,392585,830.0,3450,,,,,,
,,,,,393000,,,13.252864837646484,88.5240707397461,87.32518768310547,523.571533203125,0.23068750000000005,6.322906250000001e-05
,,,,,393353,1770.0,3082,,,,,,
,,,,,393944,740.0,2378,,,,,,
,,,,,394000,,,8.6569242477417,87.19316101074219,86.24424743652344,518.7770385742188,0.22862499999999997,6.312489583333334e-05
,,,,,394737,1460.0,3178,,,,,,
,,,,,395000,,,10.442740440368652,89.65216827392578,90.82027435302734,522.4033813476562,0.2265625,6.302072916666667e-05
,,,,,395591,1550.0,3434,,,,,,
,,,,,396000,,,85.37835693359375,83.35078430175781,85.30523681640625,894.3901977539062,0.22450000000000003,6.29165625e-05
,,,,,396260,770.0,2706,,,,,,
,,,,,397000,,,9.324747085571289,83.56777954101562,83.0501480102539,496.42218017578125,0.22243750000000007,6.281239583333334e-05
,,,,,397106,1230.0,3386,,,,,,
,,,,,397627,690.0,2106,,,,,,
,,,,,398000,,,3.5292179584503174,96.93684387207031,96.60678100585938,194.0421600341797,0.220375,6.270822916666668e-05
,,,,,398042,480.0,1682,,,,,,
,,,,,398781,1350.0,2978,,,,,,
,,,,,399000,,,7.671980381011963,92.48199462890625,93.13626861572266,388.33734130859375,0.21831250000000002,6.26040625e-05
,,,,,399310,680.0,2114,,,,,,
860.0,444.70215,1480.0,350.0,2962.8,400000,,,441.5104064941406,83.30484008789062,87.241943359375,1588.2308349609375,0.21625000000000005,6.249989583333334e-05
,,,,,400103,930.0,3178,,,,,,
,,,,,400699,690.0,2410,,,,,,
,,,,,401000,,,11.957530975341797,87.22901153564453,87.42292785644531,419.30615234375,0.2141875000000001,6.239572916666668e-05
,,,,,401781,1100.0,4330,,,,,,
,,,,,402000,,,65.46082305908203,91.76117706298828,92.57735443115234,907.0897216796875,0.212125,6.22915625e-05
,,,,,402475,760.0,2786,,,,,,
,,,,,403000,,,6.402623653411865,93.68508911132812,94.58116912841797,466.8657531738281,0.21006249999999993,6.218739583333333e-05
,,,,,403394,1080.0,3690,,,,,,
,,,,,404000,,,4.222221851348877,100.50138854980469,99.98212432861328,299.2568664550781,0.20799999999999996,6.208322916666666e-05
,,,,,404009,790.0,2482,,,,,,
,,,,,404948,1150.0,3762,,,,,,
,,,,,405000,,,8.211734771728516,92.58049774169922,94.13062286376953,649.3668212890625,0.2059375,6.19790625e-05
,,,,,405340,380.0,1578,,,,,,
,,,,,405964,850.0,2522,,,,,,
,,,,,406000,,,14.173412322998047,82.87738037109375,83.32633972167969,314.1507263183594,0.20387500000000003,6.187489583333333e-05
,,,,,406628,530.0,2658,,,,,,
,,,,,407000,,,9.784038543701172,88.18598937988281,86.71321868896484,550.9911499023438,0.20181249999999995,6.177072916666666e-05
,,,,,407286,820.0,2642,,,,,,
,,,,,407905,900.0,2490,,,,,,
,,,,,408000,,,6.960501194000244,104.49789428710938,104.5898666381836,266.6139831542969,0.19974999999999998,6.16665625e-05
,,,,,408284,390.0,1522,,,,,,
,,,,,409000,,,405.3174743652344,89.14130401611328,92.94998168945312,1669.5072021484375,0.19768750000000002,6.156239583333335e-05
,,,,,409098,1200.0,3274,,,,,,
,,,,,409656,490.0,2242,,,,,,
830.0,248.23376,1200.0,640.0,2738.8,410000,,,5.966486930847168,99.84667205810547,100.31067657470703,344.3592834472656,0.19562500000000005,6.145822916666667e-05
,,,,,410406,1240.0,3010,,,,,,
,,,,,411000,,,8.63181209564209,104.46460723876953,105.32391357421875,479.9839172363281,0.19356249999999997,6.13540625e-05
,,,,,411025,710.0,2498,,,,,,
,,,,,411632,720.0,2450,,,,,,
,,,,,412000,,,43.66440963745117,96.25572967529297,98.78428649902344,1390.7244873046875,0.1915,6.124989583333333e-05
,,,,,412527,1250.0,3602,,,,,,
,,,,,413000,,,12.462596893310547,94.95698547363281,95.53323364257812,438.0471496582031,0.18943750000000004,6.114572916666667e-05
,,,,,413204,830.0,2722,,,,,,
,,,,,414000,,,15.763221740722656,98.14899444580078,99.59490966796875,609.324951171875,0.18737500000000007,6.10415625e-05
,,,,,414004,1540.0,3210,,,,,,
,,,,,414793,1000.0,3162,,,,,,
,,,,,415000,,,15.976693153381348,91.91957092285156,92.65174102783203,443.5823059082031,0.1853125,6.093739583333333e-05
,,,,,415579,1000.0,3154,,,,,,
,,,,,416000,,,13.874971389770508,87.06275939941406,88.17190551757812,549.2551879882812,0.18325000000000002,6.083322916666667e-05
,,,,,416259,790.0,2738,,,,,,
,,,,,417000,,,7.267865180969238,86.44194793701172,85.64454650878906,344.3899841308594,0.18118750000000006,6.07290625e-05
,,,,,417197,1100.0,3778,,,,,,
,,,,,417737,660.0,2178,,,,,,
,,,,,418000,,,5.031405448913574,89.68757629394531,89.74114990234375,261.6409912109375,0.17912499999999998,6.062489583333333e-05
,,,,,418603,1320.0,3482,,,,,,
,,,,,419000,,,23.57090950012207,86.77154541015625,87.33604431152344,391.0213928222656,0.1770625,6.0520729166666666e-05
,,,,,419318,910.0,2882,,,,,,
869.0,407.46655,1490.0,570.0,3018.0,420000,,,22.004104614257812,88.87516784667969,88.03340148925781,516.4556884765625,0.17499999999999993,6.041656250000001e-05
,,,,,420043,1260.0,2914,,,,,,
,,,,,420830,1160.0,3178,,,,,,
,,,,,421000,,,5.447091102600098,81.17695617675781,81.45907592773438,309.0970458984375,0.17293749999999997,6.0312395833333336e-05
,,,,,421705,1200.0,3506,,,,,,
,,,,,422000,,,4.041668891906738,98.79928588867188,98.05992126464844,347.6915588378906,0.170875,6.0208229166666665e-05
,,,,,422461,1090.0,3050,,,,,,
,,,,,423000,,,5.218355178833008,71.0959701538086,71.32252502441406,271.3789367675781,0.16881250000000003,6.01040625e-05
,,,,,423025,710.0,2266,,,,,,
,,,,,423914,1480.0,3570,,,,,,
,,,,,424000,,,18.717580795288086,85.25957489013672,84.28472900390625,710.1649169921875,0.16674999999999995,5.999989583333334e-05
,,,,,424534,470.0,2498,,,,,,
,,,,,425000,,,5.110732555389404,87.64002227783203,87.79881286621094,243.89227294921875,0.1646875,5.989572916666667e-05
,,,,,425335,1720.0,3202,,,,,,
,,,,,426000,,,60.423423767089844,86.52384185791016,88.1100845336914,949.4985961914062,0.16262500000000002,5.97915625e-05
,,,,,426204,920.0,3490,,,,,,
,,,,,426978,1310.0,3114,,,,,,
,,,,,427000,,,9.531357765197754,88.54696655273438,88.55451202392578,506.6632385253906,0.16056250000000005,5.9687395833333335e-05
,,,,,427459,520.0,1938,,,,,,
,,,,,427914,430.0,1842,,,,,,
,,,,,428000,,,7.166045665740967,91.23979949951172,90.64115905761719,362.6756286621094,0.15849999999999997,5.958322916666668e-05
,,,,,428854,990.0,3778,,,,,,
,,,,,429000,,,11.279478073120117,97.44410705566406,97.16893005371094,496.5999755859375,0.1564375,5.9479062500000005e-05
,,,,,429477,810.0,2522,,,,,,
,,,,,429896,410.0,1682,,,,,,
1164.0,129.08911,1380.0,1060.0,3474.8,430000,,,8.084897994995117,93.07101440429688,94.18030548095703,426.4053649902344,0.15437500000000004,5.9374895833333334e-05
,,,,,430514,510.0,2474,,,,,,
,,,,,430928,470.0,1658,,,,,,
,,,,,431000,,,7.845609664916992,84.75274658203125,84.32994842529297,305.0132751464844,0.15231250000000007,5.927072916666667e-05
,,,,,431870,1290.0,3778,,,,,,
,,,,,432000,,,10.285741806030273,94.61759948730469,95.21085357666016,389.81768798828125,0.1502500000000001,5.91665625e-05
,,,,,432523,470.0,2618,,,,,,
,,,,,433000,,,8.86977767944336,86.54400634765625,87.18099975585938,466.0849304199219,0.14818749999999992,5.9062395833333326e-05
,,,,,433088,770.0,2274,,,,,,
,,,,,433707,570.0,2490,,,,,,
,,,,,434000,,,11.112861633300781,87.33377075195312,86.98822021484375,403.6824645996094,0.14612499999999995,5.895822916666667e-05
,,,,,434482,1350.0,3122,,,,,,
,,,,,434956,540.0,1898,,,,,,
,,,,,435000,,,8.798685073852539,79.6314697265625,79.1399917602539,488.7616271972656,0.14406249999999998,5.8854062500000004e-05
,,,,,435769,1140.0,3258,,,,,,
,,,,,436000,,,5.706692695617676,87.03852081298828,86.96498107910156,225.44781494140625,0.14200000000000002,5.874989583333333e-05
,,,,,436595,680.0,3330,,,,,,
,,,,,437000,,,14.989216804504395,92.310791015625,93.74539947509766,811.9752807617188,0.13993749999999994,5.864572916666666e-05
,,,,,437348,1570.0,3026,,,,,,
,,,,,438000,,,6.251245498657227,108.336669921875,107.2906494140625,569.6556396484375,0.13787499999999997,5.85415625e-05
,,,,,438057,1130.0,2858,,,,,,
,,,,,438898,1100.0,3378,,,,,,
,,,,,439000,,,12.552284240722656,93.13932800292969,93.04601287841797,449.8598327636719,0.1358125,5.8437395833333345e-05
,,,,,439367,440.0,1898,,,,,,
952.0,149.18445,1110.0,700.0,3117.2,440000,,,13.839698791503906,77.90835571289062,78.68301391601562,520.6114501953125,0.13375000000000004,5.833322916666667e-05
,,,,,440187,1230.0,3298,,,,,,
,,,,,440933,1030.0,2994,,,,,,
,,,,,441000,,,24.72137451171875,92.92749786376953,92.40603637695312,461.6810607910156,0.13168750000000007,5.8229062499999995e-05
,,,,,441384,770.0,1826,,,,,,
,,,,,442000,,,15.948470115661621,93.3902816772461,93.20584106445312,473.4151611328125,0.129625,5.812489583333334e-05
,,,,,442194,930.0,3242,,,,,,
,,,,,443000,,,102.55093383789062,85.02091979980469,87.09173583984375,1066.2054443359375,0.12756250000000002,5.802072916666668e-05
,,,,,443181,1760.0,3962,,,,,,
,,,,,443908,920.0,2938,,,,,,
,,,,,444000,,,6.242161273956299,100.55669403076172,99.97598266601562,354.69500732421875,0.12550000000000006,5.79165625e-05
,,,,,444690,920.0,3154,,,,,,
,,,,,445000,,,27.324275970458984,97.13641357421875,96.69666290283203,806.467529296875,0.12343750000000009,5.781239583333333e-05
,,,,,445256,700.0,2290,,,,,,
,,,,,446000,,,14.533577919006348,92.68112182617188,92.95539855957031,494.67413330078125,0.12137500000000001,5.770822916666667e-05
,,,,,446073,1120.0,3290,,,,,,
,,,,,446741,860.0,2682,,,,,,
,,,,,447000,,,24.06841468811035,82.66539001464844,84.49222564697266,897.6541748046875,0.11931250000000004,5.76040625e-05
,,,,,447390,730.0,2610,,,,,,
,,,,,448000,,,8.351941108703613,97.20806884765625,96.37653350830078,529.4439086914062,0.11724999999999997,5.749989583333333e-05
,,,,,448058,810.0,2698,,,,,,
,,,,,449000,,,27.39373207092285,92.06147766113281,91.99833679199219,479.6246032714844,0.1151875,5.7395729166666664e-05
,,,,,449148,1620.0,4370,,,,,,
,,,,,449972,860.0,3314,,,,,,
1031.0,52.62129,1120.0,970.0,3622.0,450000,,,15.150096893310547,96.39161682128906,94.72047424316406,665.568359375,0.11312499999999992,5.7291562500000006e-05
,,,,,450787,530.0,3274,,,,,,
,,,,,451000,,,7.871293067932129,90.2061996459961,89.58851623535156,380.51947021484375,0.11106249999999995,5.7187395833333335e-05
,,,,,451764,870.0,3938,,,,,,
,,,,,452000,,,16.617712020874023,87.39378356933594,87.67770385742188,435.1304931640625,0.10899999999999999,5.7083229166666663e-05
,,,,,452420,1080.0,2650,,,,,,
,,,,,453000,,,16.248245239257812,99.37923431396484,98.64411926269531,631.9968872070312,0.10693750000000002,5.6979062500000006e-05
,,,,,453295,1290.0,3506,,,,,,
,,,,,454000,,,13.862688064575195,101.55563354492188,100.51666259765625,549.0118408203125,0.10487500000000005,5.687489583333334e-05
,,,,,454025,1570.0,2938,,,,,,
,,,,,454554,820.0,2130,,,,,,
,,,,,455000,,,8.003067016601562,90.73280334472656,91.27983856201172,520.1203002929688,0.10281249999999997,5.677072916666667e-05
,,,,,455184,1340.0,2546,,,,,,
,,,,,455955,1050.0,3090,,,,,,
,,,,,456000,,,10.639961242675781,86.66954803466797,87.95254516601562,562.9188232421875,0.10075,5.66665625e-05
,,,,,456383,460.0,1722,,,,,,
,,,,,457000,,,12.192109107971191,93.39418029785156,93.46711730957031,461.3008117675781,0.09868750000000004,5.656239583333334e-05
,,,,,457036,1620.0,2642,,,,,,
,,,,,458000,,,8.535994529724121,90.25792694091797,89.20361328125,516.5873413085938,0.09662500000000007,5.6458229166666675e-05
,,,,,458036,1200.0,4002,,,,,,
,,,,,458932,1080.0,3586,,,,,,
,,,,,459000,,,10.427820205688477,96.3602523803711,95.68399047851562,470.3546447753906,0.0945625,5.6354062500000004e-05
,,,,,459831,2400.0,3594,,,,,,
1534.0,1019.0898,3090.0,810.0,3498.0,460000,,,11.17335033416748,101.61196899414062,100.57072448730469,502.1537170410156,0.09250000000000003,5.624989583333333e-05
,,,,,460489,1120.0,2650,,,,,,
,,,,,461000,,,49.864620208740234,91.69852447509766,91.51909637451172,950.5199584960938,0.09043750000000006,5.6145729166666675e-05
,,,,,461480,2610.0,3962,,,,,,
,,,,,462000,,,106.00469970703125,99.53097534179688,100.75067138671875,1024.068603515625,0.08837500000000009,5.60415625e-05
,,,,,462069,1230.0,2370,,,,,,
,,,,,462930,1220.0,3458,,,,,,
,,,,,463000,,,11.215360641479492,113.27127075195312,113.89323425292969,508.34222412109375,0.0863124999999999,5.5937395833333325e-05
,,,,,463585,600.0,2642,,,,,,
,,,,,464000,,,9.211390495300293,88.13353729248047,87.46694946289062,446.9931335449219,0.08424999999999994,5.583322916666667e-05
,,,,,464262,1560.0,2722,,,,,,
,,,,,465000,,,13.12127685546875,102.04850769042969,101.32449340820312,654.5922241210938,0.08218749999999997,5.572906250000001e-05
,,,,,465012,940.0,3010,,,,,,
,,,,,465663,2190.0,2610,,,,,,
,,,,,466000,,,5.339723587036133,100.9342041015625,101.13936614990234,274.3079528808594,0.080125,5.562489583333334e-05
,,,,,466214,1360.0,2210,,,,,,
,,,,,467000,,,26.098779678344727,106.55152130126953,104.07747650146484,1213.8876953125,0.07806250000000003,5.5520729166666666e-05
,,,,,467053,930.0,3386,,,,,,
,,,,,467627,880.0,2298,,,,,,
,,,,,468000,,,11.72645092010498,100.69701385498047,100.85360717773438,487.8889465332031,0.07599999999999996,5.54165625e-05
,,,,,468460,860.0,3346,,,,,,
,,,,,469000,,,12.778310775756836,105.61312866210938,107.64665222167969,821.73046875,0.07393749999999999,5.5312395833333344e-05
,,,,,469315,1220.0,3434,,,,,,
906.0,219.82721,1240.0,740.0,3037.2,470000,,,64.36894989013672,102.19661712646484,104.85310363769531,1077.349609375,0.07187500000000002,5.520822916666667e-05
,,,,,470214,1250.0,3610,,,,,,
,,,,,471000,,,6.292976379394531,100.07131958007812,100.01591491699219,373.51922607421875,0.06981250000000006,5.51040625e-05
,,,,,471012,1660.0,3194,,,,,,
,,,,,471598,570.0,2354,,,,,,
,,,,,472000,,,10.400796890258789,103.22418212890625,104.29611206054688,541.8621215820312,0.06774999999999998,5.4999895833333336e-05
,,,,,472427,1040.0,3330,,,,,,
,,,,,472889,490.0,1858,,,,,,
,,,,,473000,,,10.028600692749023,101.92095947265625,100.92920684814453,497.9485778808594,0.06568750000000001,5.489572916666668e-05
,,,,,473628,1080.0,2986,,,,,,
,,,,,474000,,,8.155136108398438,97.17953491210938,96.71887969970703,410.51336669921875,0.06362500000000004,5.4791562500000007e-05
,,,,,474370,1020.0,2994,,,,,,
,,,,,475000,,,20.50194549560547,109.09346008300781,108.68678283691406,537.8330078125,0.061562500000000075,5.4687395833333335e-05
,,,,,475246,1290.0,3514,,,,,,
,,,,,475878,3820.0,2538,,,,,,
,,,,,476000,,,401.1703796386719,101.80254364013672,106.33975982666016,1902.1038818359375,0.0595,5.458322916666667e-05
,,,,,476436,670.0,2258,,,,,,
,,,,,477000,,,12.871707916259766,94.16801452636719,94.84610748291016,708.3566284179688,0.05743750000000003,5.44790625e-05
,,,,,477038,880.0,2418,,,,,,
,,,,,477433,400.0,1602,,,,,,
,,,,,478000,,,15.309103012084961,94.55722045898438,94.43856811523438,460.1130065917969,0.05537499999999995,5.437489583333333e-05
,,,,,478165,1460.0,2954,,,,,,
,,,,,479000,,,8.36367130279541,101.96308898925781,101.36846923828125,535.9701538085938,0.053312499999999985,5.427072916666667e-05
,,,,,479006,940.0,3370,,,,,,
,,,,,479789,1460.0,3154,,,,,,
992.0,417.1043,1540.0,410.0,2927.6,480000,,,10.949417114257812,116.16974639892578,116.24048614501953,388.7805480957031,0.05125000000000002,5.4166562500000005e-05
,,,,,480469,900.0,2746,,,,,,
,,,,,481000,,,41.332672119140625,99.23762512207031,101.15859985351562,858.9815673828125,0.04918749999999994,5.4062395833333333e-05
,,,,,481164,1050.0,2802,,,,,,
,,,,,481648,570.0,1954,,,,,,
,,,,,482000,,,14.354649543762207,111.10803985595703,111.67356872558594,537.5735473632812,0.04712499999999997,5.395822916666666e-05
,,,,,482188,960.0,2162,,,,,,
,,,,,482653,480.0,1874,,,,,,
,,,,,483000,,,619.8163452148438,97.61951446533203,101.27171325683594,2814.79150390625,0.045062500000000005,5.3854062500000004e-05
,,,,,483129,460.0,1906,,,,,,
,,,,,483837,1160.0,2834,,,,,,
,,,,,484000,,,22.152252197265625,97.05271911621094,96.90174865722656,1017.3458251953125,0.04300000000000004,5.374989583333334e-05
,,,,,484657,1240.0,3282,,,,,,
,,,,,485000,,,13.589625358581543,91.63399505615234,91.70211029052734,494.7464599609375,0.04093749999999996,5.364572916666667e-05
,,,,,485161,640.0,2042,,,,,,
,,,,,485668,580.0,2034,,,,,,
,,,,,486000,,,14.642644882202148,102.53759765625,102.4390640258789,459.41552734375,0.03887499999999999,5.3541562499999996e-05
,,,,,486039,450.0,1498,,,,,,
,,,,,486537,440.0,2018,,,,,,
,,,,,487000,,,8.32597827911377,109.75453186035156,109.37991333007812,597.8016357421875,0.036812500000000026,5.343739583333334e-05
,,,,,487398,1010.0,3466,,,,,,
,,,,,488000,,,12.342507362365723,94.51056671142578,92.74484252929688,710.4671020507812,0.03475000000000006,5.3333229166666674e-05
,,,,,488202,870.0,3234,,,,,,
,,,,,488972,1010.0,3090,,,,,,
,,,,,489000,,,10.939824104309082,100.9800033569336,101.73397064208984,474.79913330078125,0.03268750000000009,5.32290625e-05
,,,,,489440,570.0,1882,,,,,,
930.0,227.81572,1240.0,690.0,3123.6,490000,,,11.146868705749512,99.81765747070312,99.81038665771484,589.978271484375,0.030625000000000013,5.312489583333333e-05
,,,,,490233,1050.0,3194,,,,,,
,,,,,490702,590.0,1890,,,,,,
,,,,,491000,,,8.249641418457031,114.20768737792969,114.42256164550781,347.955078125,0.028562500000000046,5.302072916666667e-05
,,,,,491584,1030.0,3554,,,,,,
,,,,,492000,,,12.859343528747559,78.98920440673828,79.03983306884766,549.57373046875,0.02650000000000008,5.29165625e-05
,,,,,492126,740.0,2170,,,,,,
,,,,,493000,,,6.447482109069824,100.15019226074219,99.6725082397461,293.6626892089844,0.0244375,5.281239583333333e-05
,,,,,493312,2480.0,4770,,,,,,
,,,,,493870,530.0,2250,,,,,,
,,,,,494000,,,4817.81103515625,97.94365692138672,108.70753479003906,8610.8447265625,0.022374999999999923,5.2708229166666665e-05
,,,,,494278,450.0,1658,,,,,,
,,,,,494754,700.0,1922,,,,,,
,,,,,495000,,,60.045005798339844,114.12852478027344,111.95857238769531,1474.1856689453125,0.020312499999999956,5.260406250000001e-05
,,,,,495516,1530.0,3058,,,,,,
,,,,,496000,,,10.052519798278809,100.51725769042969,100.7520523071289,363.6402893066406,0.01824999999999999,5.2499895833333336e-05
,,,,,496534,1040.0,4074,,,,,,
,,,,,497000,,,9.345667839050293,98.5680923461914,97.7646484375,666.5952758789062,0.01618750000000002,5.2395729166666665e-05
,,,,,497055,1210.0,2114,,,,,,
,,,,,497683,2180.0,2514,,,,,,
,,,,,498000,,,15.438587188720703,105.67472839355469,104.99513244628906,693.8345336914062,0.014124999999999943,5.22915625e-05
,,,,,498287,880.0,2426,,,,,,
,,,,,498808,480.0,2098,,,,,,
,,,,,499000,,,15.133478164672852,109.0989990234375,109.8555908203125,621.7811889648438,0.012062499999999976,5.218739583333334e-05
,,,,,499393,1050.0,2354,,,,,,
926.0,357.66464,1460.0,640.0,2420.4,500000,,,17.059144973754883,100.28894805908203,100.68031311035156,575.06591796875,0.01,5.208322916666667e-05
,,,,,500465,1430.0,4290,,,,,,
,,,,,501000,,,6.884335041046143,101.8480453491211,102.59120178222656,498.4891662597656,0.01,5.19790625e-05
,,,,,501213,830.0,3010,,,,,,
,,,,,501680,550.0,1874,,,,,,
,,,,,502000,,,10.275699615478516,109.68507385253906,109.93384552001953,591.3445434570312,0.01,5.1874895833333334e-05
,,,,,502680,2340.0,4026,,,,,,
,,,,,503000,,,12.876142501831055,109.38285827636719,111.09666442871094,873.129150390625,0.01,5.1770729166666677e-05
,,,,,503174,600.0,1986,,,,,,
,,,,,504000,,,8.801244735717773,103.44046783447266,103.11952209472656,356.36553955078125,0.01,5.1666562500000005e-05
,,,,,504049,1270.0,3514,,,,,,
,,,,,504537,680.0,1970,,,,,,
,,,,,505000,,,8.297890663146973,101.6505126953125,101.79817962646484,354.2031555175781,0.01,5.1562395833333334e-05
,,,,,505175,660.0,2554,,,,,,
,,,,,506000,,,13.89321231842041,98.09764099121094,98.7088851928711,612.5549926757812,0.01,5.145822916666667e-05
,,,,,506123,940.0,3802,,,,,,
,,,,,507000,,,20.79460906982422,106.64305114746094,106.50050354003906,449.9248962402344,0.01,5.13540625e-05
,,,,,507052,1580.0,3738,,,,,,
,,,,,507661,970.0,2442,,,,,,
,,,,,508000,,,17.564001083374023,98.56869506835938,97.0234375,903.5474853515625,0.01,5.1249895833333326e-05
,,,,,508802,2500.0,4578,,,,,,
,,,,,509000,,,495.09326171875,109.15716552734375,113.19671630859375,2416.85546875,0.01,5.114572916666667e-05
,,,,,509454,810.0,2610,,,,,,
952.0,142.32358,1100.0,680.0,3038.8,510000,,,31.988414764404297,100.74271392822266,101.05886840820312,753.1710205078125,0.01,5.1041562500000003e-05
,,,,,510402,1300.0,3818,,,,,,
,,,,,511000,,,8.824109077453613,105.26695251464844,105.84724426269531,359.8331604003906,0.01,5.093739583333333e-05
,,,,,511285,870.0,3530,,,,,,
,,,,,512000,,,596.98779296875,111.47813415527344,117.04306030273438,3108.896484375,0.01,5.083322916666666e-05
,,,,,512111,2350.0,3306,,,,,,
,,,,,513000,,,2.887147903442383,105.56814575195312,105.45028686523438,182.51980590820312,0.01,5.07290625e-05
,,,,,513004,1470.0,3594,,,,,,
,,,,,513607,1200.0,2410,,,,,,
,,,,,514000,,,9.217890739440918,112.47782897949219,113.26021575927734,463.970947265625,0.01,5.062489583333334e-05
,,,,,514078,590.0,1898,,,,,,
,,,,,514766,670.0,2778,,,,,,
,,,,,515000,,,4964.43017578125,104.19438171386719,115.68159484863281,9155.1845703125,0.01,5.0520729166666667e-05
,,,,,515428,1100.0,2666,,,,,,
,,,,,516000,,,7.8935112953186035,115.03921508789062,114.78889465332031,329.8094177246094,0.01,5.0416562499999995e-05
,,,,,516200,1120.0,3114,,,,,,
,,,,,517000,,,28.29857635498047,99.37052154541016,100.375732421875,743.1447143554688,0.01,5.031239583333334e-05
,,,,,517408,1590.0,4850,,,,,,
,,,,,517799,400.0,1570,,,,,,
,,,,,518000,,,6.539346694946289,102.5649185180664,101.961181640625,517.78369140625,0.01,5.020822916666668e-05
,,,,,518832,1710.0,4146,,,,,,
,,,,,519000,,,8.664962768554688,119.04867553710938,119.22584533691406,399.0106506347656,0.01,5.01040625e-05
,,,,,519658,1280.0,3330,,,,,,
1360.0,646.8694,2340.0,800.0,3270.8,520000,,,12.443231582641602,92.60111999511719,93.98043823242188,724.9124755859375,0.01,5e-05
,,,,,520190,670.0,2130,,,,,,
,,,,,521000,,,6.070390701293945,103.89192199707031,104.01082611083984,257.2431335449219,0.01,5e-05
,,,,,521068,1720.0,3522,,,,,,
,,,,,521655,850.0,2378,,,,,,
,,,,,522000,,,12.281975746154785,110.75188446044922,109.35061645507812,826.88232421875,0.01,5e-05
,,,,,522563,2100.0,3650,,,,,,
,,,,,523000,,,23.84830093383789,122.10647583007812,121.81669616699219,651.3011474609375,0.01,5e-05
,,,,,523151,650.0,2378,,,,,,
,,,,,523959,1740.0,3234,,,,,,
,,,,,524000,,,14.408136367797852,104.13584899902344,103.16144561767578,748.5706176757812,0.01,5e-05
,,,,,524876,1330.0,3682,,,,,,
,,,,,525000,,,18.124826431274414,109.0578384399414,108.56214904785156,746.513916015625,0.01,5e-05
,,,,,525659,1430.0,3146,,,,,,
,,,,,526000,,,8.513701438903809,98.96116638183594,98.39326477050781,397.0888977050781,0.01,5e-05
,,,,,526283,1220.0,2514,,,,,,
,,,,,526787,800.0,2034,,,,,,
,,,,,527000,,,14.954347610473633,102.99778747558594,104.30016326904297,869.724365234375,0.01,5e-05
,,,,,527548,990.0,3058,,,,,,
,,,,,528000,,,42.5412483215332,102.20210266113281,103.15139770507812,699.8331298828125,0.01,5e-05
,,,,,528012,760.0,1858,,,,,,
,,,,,528799,1570.0,3154,,,,,,
,,,,,529000,,,16.065101623535156,92.01158142089844,90.96250915527344,589.7198486328125,0.01,5e-05
,,,,,529565,1140.0,3066,,,,,,
1020.0,218.40329,1450.0,870.0,2962.0,530000,,,586.0389404296875,109.2368392944336,112.27748107910156,2120.50048828125,0.01,5e-05
,,,,,530164,770.0,2410,,,,,,
,,,,,530730,840.0,2282,,,,,,
,,,,,531000,,,8.09559440612793,103.70431518554688,103.56700134277344,370.0847473144531,0.01,5e-05
,,,,,531601,2170.0,3490,,,,,,
,,,,,532000,,,6.89548397064209,117.19551086425781,117.11436462402344,410.83056640625,0.01,5e-05
,,,,,532352,1580.0,3010,,,,,,
,,,,,532975,900.0,2506,,,,,,
,,,,,533000,,,10.5579252243042,108.73625183105469,109.64511108398438,571.876220703125,0.01,5e-05
,,,,,533804,1150.0,3338,,,,,,
,,,,,534000,,,12.314799308776855,115.52033233642578,115.80252075195312,440.31170654296875,0.01,5e-05
,,,,,534335,610.0,2130,,,,,,
,,,,,535000,,,23.148832321166992,112.5289306640625,114.45169830322266,936.548095703125,0.01,5e-05
,,,,,535189,1450.0,3426,,,,,,
,,,,,536000,,,12.693799018859863,108.34449005126953,108.83393859863281,599.6712036132812,0.01,5e-05
,,,,,536112,1280.0,3714,,,,,,
,,,,,536758,1280.0,2610,,,,,,
,,,,,537000,,,7.014899730682373,108.22452545166016,108.0307388305664,408.684326171875,0.01,5e-05
,,,,,537186,480.0,1714,,,,,,
,,,,,537883,890.0,2810,,,,,,
,,,,,538000,,,37.428138732910156,109.94049835205078,108.2701644897461,1514.9482421875,0.01,5e-05
,,,,,538934,1330.0,4210,,,,,,
,,,,,539000,,,10.015220642089844,112.73191833496094,114.0105209350586,593.2724609375,0.01,5e-05
,,,,,539686,950.0,3034,,,,,,
1107.0,300.53452,1660.0,860.0,2988.4,540000,,,42.715492248535156,95.34109497070312,96.2301254272461,666.0777587890625,0.01,5e-05
,,,,,540362,1170.0,2730,,,,,,
,,,,,541000,,,16.508821487426758,109.0379638671875,110.60011291503906,756.2478637695312,0.01,5e-05
,,,,,541287,1330.0,3714,,,,,,
,,,,,542000,,,12.138166427612305,117.05581665039062,117.33583068847656,723.0498046875,0.01,5e-05
,,,,,542241,1230.0,3842,,,,,,
,,,,,542763,1110.0,2106,,,,,,
,,,,,543000,,,21.796897888183594,118.40692138671875,117.24005126953125,887.8694458007812,0.01,5e-05
,,,,,543574,1420.0,3266,,,,,,
,,,,,544000,,,9.201560020446777,102.47757720947266,103.2579574584961,481.8768005371094,0.01,5e-05
,,,,,544349,910.0,3106,,,,,,
,,,,,545000,,,28.833948135375977,103.46171569824219,102.62388610839844,903.31494140625,0.01,5e-05
,,,,,545216,1110.0,3490,,,,,,
,,,,,546000,,,28.520889282226562,89.05351257324219,88.4934310913086,968.2839965820312,0.01,5e-05
,,,,,546253,1930.0,4162,,,,,,
,,,,,547000,,,5.58132791519165,109.65019226074219,109.21016693115234,410.8040466308594,0.01,5e-05
,,,,,547038,1830.0,3146,,,,,,
,,,,,547574,770.0,2154,,,,,,
,,,,,548000,,,31.394535064697266,90.38748931884766,91.01544189453125,740.2332763671875,0.01,5e-05
,,,,,548510,1320.0,3746,,,,,,
,,,,,549000,,,19.618186950683594,118.24603271484375,119.1346206665039,611.77880859375,0.01,5e-05
,,,,,549361,1760.0,3434,,,,,,
909.0,375.48502,1580.0,670.0,2572.4,550000,,,9.454960823059082,114.90275573730469,114.76069641113281,379.3837890625,0.01,5e-05
,,,,,550070,940.0,2834,,,,,,
,,,,,550874,1120.0,3234,,,,,,
,,,,,551000,,,57.2561149597168,111.36604309082031,112.36804962158203,1153.6611328125,0.01,5e-05
,,,,,551818,1010.0,3802,,,,,,
,,,,,552000,,,41.18006134033203,120.16578674316406,119.7515869140625,1143.831787109375,0.01,5e-05
,,,,,552570,1730.0,3026,,,,,,
,,,,,553000,,,12.426492691040039,115.40931701660156,116.30783081054688,544.767333984375,0.01,5e-05
,,,,,553375,1850.0,3250,,,,,,
,,,,,554000,,,12.55678939819336,105.2137451171875,105.17094421386719,451.3986511230469,0.01,5e-05
,,,,,554164,860.0,3178,,,,,,
,,,,,554727,780.0,2274,,,,,,
,,,,,555000,,,77.41521453857422,95.29617309570312,95.30792999267578,914.6215209960938,0.01,5e-05
,,,,,555375,800.0,2602,,,,,,
,,,,,556000,,,9.40264892578125,95.57479095458984,93.96369171142578,749.6930541992188,0.01,5e-05
,,,,,556283,1350.0,3642,,,,,,
,,,,,557000,,,18.89685821533203,117.69735717773438,119.02738952636719,1104.8909912109375,0.01,5e-05
,,,,,557169,1650.0,3562,,,,,,
,,,,,557646,510.0,1922,,,,,,
,,,,,558000,,,10.908150672912598,104.9002914428711,104.85025024414062,443.343505859375,0.01,5e-05
,,,,,558128,540.0,1938,,,,,,
,,,,,558846,1230.0,2898,,,,,,
,,,,,559000,,,6.058046340942383,125.74444580078125,125.45664978027344,408.458740234375,0.01,5e-05
,,,,,559310,580.0,1874,,,,,,
1307.0,171.5838,1530.0,1120.0,3294.8,560000,,,17.04920768737793,111.84976196289062,112.31011962890625,723.0205688476562,0.01,5e-05
,,,,,560281,1310.0,3906,,,,,,
,,,,,560865,1390.0,2362,,,,,,
,,,,,561000,,,14.816036224365234,108.72409057617188,109.61094665527344,1155.9752197265625,0.01,5e-05
,,,,,561363,670.0,1994,,,,,,
,,,,,562000,,,15.779829978942871,101.01840209960938,100.09829711914062,554.462890625,0.01,5e-05
,,,,,562061,960.0,2802,,,,,,
,,,,,562549,580.0,1978,,,,,,
,,,,,563000,,,13.123159408569336,115.28765106201172,116.7458724975586,811.1173706054688,0.01,5e-05
,,,,,563491,1090.0,3770,,,,,,
,,,,,564000,,,14.789730072021484,109.93440246582031,108.53362274169922,1082.6859130859375,0.01,5e-05
,,,,,564375,1280.0,3562,,,,,,
,,,,,564928,560.0,2218,,,,,,
,,,,,565000,,,19.56642723083496,106.26557922363281,107.60969543457031,1348.4337158203125,0.01,5e-05
,,,,,565530,690.0,2426,,,,,,
,,,,,566000,,,34.04228210449219,99.33647918701172,99.47891998291016,1216.0283203125,0.01,5e-05
,,,,,566401,1390.0,3490,,,,,,
,,,,,567000,,,12.918978691101074,93.9164810180664,93.60254669189453,595.7749633789062,0.01,5e-05
,,,,,567281,1590.0,3522,,,,,,
,,,,,567863,890.0,2330,,,,,,
,,,,,568000,,,8.581341743469238,116.96025085449219,117.0400619506836,368.5809020996094,0.01,5e-05
,,,,,568732,2540.0,3498,,,,,,
,,,,,569000,,,16.966644287109375,109.40669250488281,108.54216003417969,845.2178955078125,0.01,5e-05
,,,,,569478,1140.0,2994,,,,,,
1121.0,343.204,1510.0,650.0,2782.0,570000,,,11.756340026855469,113.3426742553711,114.353515625,816.1845092773438,0.01,5e-05
,,,,,570194,800.0,2890,,,,,,
,,,,,571000,,,16.0218505859375,109.41830444335938,109.88520812988281,478.18841552734375,0.01,5e-05
,,,,,571192,1380.0,4018,,,,,,
,,,,,571820,1340.0,2514,,,,,,
,,,,,572000,,,9.147202491760254,97.00601959228516,97.72030639648438,478.3555603027344,0.01,5e-05
,,,,,572537,1580.0,2874,,,,,,
,,,,,573000,,,8.589714050292969,101.54800415039062,102.2288818359375,468.5923156738281,0.01,5e-05
,,,,,573515,1780.0,3930,,,,,,
,,,,,574000,,,6.26507043838501,109.25607299804688,108.94338989257812,385.0793151855469,0.01,5e-05
,,,,,574180,1420.0,2682,,,,,,
,,,,,574796,1090.0,2474,,,,,,
,,,,,575000,,,17.045917510986328,94.93010711669922,94.98225402832031,580.832763671875,0.01,5e-05
,,,,,575363,680.0,2290,,,,,,
,,,,,576000,,,8.972055435180664,94.53373718261719,93.84382629394531,397.02423095703125,0.01,5e-05
,,,,,576247,1040.0,3546,,,,,,
,,,,,576708,490.0,1858,,,,,,
,,,,,577000,,,14.703749656677246,112.48235321044922,110.99676513671875,1244.9798583984375,0.01,5e-05
,,,,,577359,900.0,2618,,,,,,
,,,,,578000,,,11.08657169342041,101.08645629882812,101.61674499511719,488.314697265625,0.01,5e-05
,,,,,578198,850.0,3378,,,,,,
,,,,,578746,600.0,2202,,,,,,
,,,,,579000,,,28.787181854248047,102.52662658691406,103.75492858886719,688.4790649414062,0.01,5e-05
,,,,,579295,700.0,2202,,,,,,
1358.0,249.27094,1850.0,1190.0,3338.8,580000,,,19.635478973388672,104.04759216308594,104.27513122558594,894.9498291015625,0.01,5e-05
,,,,,580163,2180.0,3498,,,,,,
,,,,,580982,1340.0,3290,,,,,,
,,,,,581000,,,9.881399154663086,94.5203628540039,94.55657958984375,524.3682250976562,0.01,5e-05
,,,,,581579,1030.0,2394,,,,,,
,,,,,582000,,,44.81563949584961,121.15165710449219,122.31820678710938,1334.4295654296875,0.01,5e-05
,,,,,582244,1260.0,2690,,,,,,
,,,,,583000,,,14.524630546569824,120.4981689453125,119.59228515625,642.7959594726562,0.01,5e-05
,,,,,583001,1380.0,3042,,,,,,
,,,,,583987,2050.0,3970,,,,,,
,,,,,584000,,,14.109830856323242,102.4857177734375,103.10897827148438,469.749267578125,0.01,5e-05
,,,,,584870,1720.0,3554,,,,,,
,,,,,585000,,,16.1898136138916,110.52617645263672,108.90090942382812,844.9486083984375,0.01,5e-05
,,,,,585613,2270.0,2994,,,,,,
,,,,,586000,,,12.061877250671387,116.14325714111328,115.02949523925781,615.4439086914062,0.01,5e-05
,,,,,586503,2110.0,3578,,,,,,
,,,,,586973,800.0,1898,,,,,,
,,,,,587000,,,10.770709037780762,109.39376831054688,108.58771514892578,560.3327026367188,0.01,5e-05
,,,,,588000,,,73.82180786132812,104.34490966796875,107.11491394042969,1944.8670654296875,0.01,5e-05
,,,,,588458,2280.0,5970,,,,,,
,,,,,589000,,,38.660667419433594,99.08349609375,99.8103256225586,789.6799926757812,0.01,5e-05
,,,,,589122,1130.0,2658,,,,,,
,,,,,589704,1400.0,2354,,,,,,
1331.0,522.7705,2110.0,840.0,3132.4,590000,,,16.38001823425293,113.56124114990234,113.80982208251953,721.14892578125,0.01,5e-05
,,,,,590372,820.0,2690,,,,,,
,,,,,591000,,,11.162152290344238,115.12064361572266,115.63067626953125,577.6348266601562,0.01,5e-05
,,,,,591069,1110.0,2810,,,,,,
,,,,,591805,1120.0,2970,,,,,,
,,,,,592000,,,25.82219696044922,105.5172348022461,104.46524047851562,1023.5421142578125,0.01,5e-05
,,,,,592392,890.0,2378,,,,,,
,,,,,593000,,,18.442890167236328,128.24606323242188,128.33180236816406,716.5692138671875,0.01,5e-05
,,,,,593359,1190.0,3874,,,,,,
,,,,,593957,730.0,2394,,,,,,
,,,,,594000,,,114.70845031738281,118.17803955078125,118.32110595703125,1423.46533203125,0.01,5e-05
,,,,,594634,1070.0,2730,,,,,,
,,,,,595000,,,29.468740463256836,111.71246337890625,113.16401672363281,844.3221435546875,0.01,5e-05
,,,,,595402,980.0,3098,,,,,,
,,,,,596000,,,11.79153060913086,105.92618560791016,105.59613037109375,509.3725280761719,0.01,5e-05
,,,,,596248,1240.0,3402,,,,,,
,,,,,597000,,,22.541610717773438,107.17481231689453,108.0572738647461,685.8892822265625,0.01,5e-05
,,,,,597050,1330.0,3234,,,,,,
,,,,,597787,880.0,2962,,,,,,
,,,,,598000,,,7.318059921264648,106.4849853515625,106.41218566894531,354.0047912597656,0.01,5e-05
,,,,,598582,1230.0,3210,,,,,,
,,,,,599000,,,41.4932746887207,110.57859802246094,112.68968963623047,935.7179565429688,0.01,5e-05
,,,,,599681,1620.0,4418,,,,,,
1422.0,282.3048,1800.0,1040.0,3155.6,600000,,,12.557388305664062,98.73692321777344,98.74784088134766,646.5097045898438,0.01,5e-05
,,,,,600441,1400.0,3058,,,,,,
,,,,,601000,,,11.593445777893066,122.87056732177734,122.25656127929688,490.9711608886719,0.01,5e-05
,,,,,601118,740.0,2730,,,,,,
,,,,,602000,,,37.68429183959961,97.95182800292969,99.14898681640625,1245.617919921875,0.01,5e-05
,,,,,602102,1700.0,3962,,,,,,
,,,,,602622,1230.0,2082,,,,,,
,,,,,603000,,,20.951894760131836,120.7350082397461,120.08638000488281,750.7116088867188,0.01,5e-05
,,,,,603303,1220.0,2746,,,,,,
,,,,,603880,720.0,2330,,,,,,
,,,,,604000,,,10.338178634643555,98.06000518798828,97.90618133544922,575.6913452148438,0.01,5e-05
,,,,,604499,830.0,2474,,,,,,
,,,,,605000,,,18.250980377197266,114.84230041503906,114.63825225830078,1176.3048095703125,0.01,5e-05
,,,,,605150,920.0,2618,,,,,,
,,,,,605844,860.0,2786,,,,,,
,,,,,606000,,,14.902440071105957,117.39018249511719,117.08953857421875,584.691162109375,0.01,5e-05
,,,,,606682,1000.0,3370,,,,,,
,,,,,607000,,,9.671229362487793,106.95667266845703,106.24488067626953,436.79046630859375,0.01,5e-05
,,,,,607530,1630.0,3402,,,,,,
,,,,,608000,,,15.477798461914062,108.34857940673828,108.49996185302734,475.7442321777344,0.01,5e-05
,,,,,608237,1000.0,2842,,,,,,
,,,,,609000,,,10.458232879638672,116.36690521240234,116.49579620361328,411.4720764160156,0.01,5e-05
,,,,,609473,1860.0,4954,,,,,,
1680.0,256.82678,1900.0,1280.0,3566.8,610000,,,18.115678787231445,112.22218322753906,113.30784606933594,883.0786743164062,0.01,5e-05
,,,,,610321,1340.0,3402,,,,,,
,,,,,611000,,,15.973494529724121,110.92994689941406,109.66136169433594,852.9666748046875,0.01,5e-05
,,,,,611025,1130.0,2842,,,,,,
,,,,,611658,900.0,2554,,,,,,
,,,,,612000,,,1226.8701171875,131.4812774658203,137.26058959960938,3899.97998046875,0.01,5e-05
,,,,,612416,1240.0,3042,,,,,,
,,,,,613000,,,10.521961212158203,116.89816284179688,117.79768371582031,545.04833984375,0.01,5e-05
,,,,,613192,1350.0,3106,,,,,,
,,,,,614000,,,9.85120677947998,127.89539337158203,127.27238464355469,601.746337890625,0.01,5e-05
,,,,,614024,1530.0,3330,,,,,,
,,,,,615000,,,19.88346290588379,97.02867889404297,95.74075317382812,753.4671630859375,0.01,5e-05
,,,,,615280,1550.0,5050,,,,,,
,,,,,616000,,,81.54390716552734,126.48222351074219,127.21939086914062,1041.244873046875,0.01,5e-05
,,,,,616033,1100.0,3018,,,,,,
,,,,,616875,1780.0,3378,,,,,,
,,,,,617000,,,7.508240699768066,110.01529693603516,109.74286651611328,431.3515319824219,0.01,5e-05
,,,,,617769,1620.0,3578,,,,,,
,,,,,618000,,,1169.8946533203125,116.74781799316406,122.4651107788086,4422.26220703125,0.01,5e-05
,,,,,618705,1720.0,3762,,,,,,
,,,,,619000,,,128.62132263183594,113.77178955078125,116.55403900146484,1642.82861328125,0.01,5e-05
,,,,,619301,770.0,2402,,,,,,
1199.0,452.5141,1880.0,830.0,3243.6,620000,,,7.569305896759033,119.43069458007812,118.5616455078125,486.18426513671875,0.01,5e-05
,,,,,620073,860.0,3114,,,,,,
,,,,,620916,1860.0,3402,,,,,,
,,,,,621000,,,41.71363830566406,123.12083435058594,122.23816680908203,1340.9129638671875,0.01,5e-05
,,,,,621656,870.0,2978,,,,,,
,,,,,622000,,,9.665617942810059,110.50596618652344,109.84588623046875,515.6758422851562,0.01,5e-05
,,,,,622590,1450.0,3762,,,,,,
,,,,,623000,,,43.862388610839844,130.452392578125,128.48095703125,1579.07470703125,0.01,5e-05
,,,,,623669,2050.0,4330,,,,,,
,,,,,624000,,,49.868309020996094,119.88970947265625,121.90171813964844,1130.67138671875,0.01,5e-05
,,,,,624502,1130.0,3338,,,,,,
,,,,,625000,,,8.617781639099121,119.4259033203125,119.08821105957031,439.41375732421875,0.01,5e-05
,,,,,625053,740.0,2210,,,,,,
,,,,,625615,800.0,2266,,,,,,
,,,,,626000,,,15.819005966186523,119.54296875,118.31307983398438,739.8681030273438,0.01,5e-05
,,,,,626484,1690.0,3474,,,,,,
,,,,,627000,,,17.110431671142578,107.90887451171875,107.93313598632812,526.7506713867188,0.01,5e-05
,,,,,627036,1020.0,2218,,,,,,
,,,,,627776,1780.0,2970,,,,,,
,,,,,628000,,,20.84056282043457,126.99446105957031,125.53889465332031,965.411376953125,0.01,5e-05
,,,,,628474,1180.0,2802,,,,,,
,,,,,629000,,,10.939050674438477,120.68302917480469,121.35445404052734,533.8411865234375,0.01,5e-05
,,,,,629149,2240.0,2730,,,,,,
,,,,,629920,1650.0,3114,,,,,,
1150.0,241.57814,1620.0,940.0,2674.0,630000,,,15.819513320922852,105.95655059814453,106.89142608642578,749.1580810546875,0.01,5e-05
,,,,,630567,880.0,2594,,,,,,
,,,,,631000,,,33.861000061035156,123.78976440429688,124.49903869628906,915.447509765625,0.01,5e-05
,,,,,631416,1520.0,3410,,,,,,
,,,,,632000,,,13.336615562438965,116.80757141113281,117.18546295166016,705.8175048828125,0.01,5e-05
,,,,,632052,1410.0,2562,,,,,,
,,,,,632642,820.0,2370,,,,,,
,,,,,633000,,,557.5333251953125,109.61747741699219,113.75499725341797,2813.35205078125,0.01,5e-05
,,,,,633398,1440.0,3050,,,,,,
,,,,,633941,1050.0,2186,,,,,,
,,,,,634000,,,10.505045890808105,120.82495880126953,120.45021057128906,482.58514404296875,0.01,5e-05
,,,,,634979,2200.0,4178,,,,,,
,,,,,635000,,,7.63566255569458,116.14202880859375,116.47186279296875,549.6781616210938,0.01,5e-05
,,,,,635522,760.0,2194,,,,,,
,,,,,636000,,,21.569076538085938,118.79048919677734,119.03461456298828,649.0182495117188,0.01,5e-05
,,,,,636406,1290.0,3538,,,,,,
,,,,,637000,,,1210.0982666015625,100.24134826660156,106.06465148925781,3860.681640625,0.01,5e-05
,,,,,637160,1070.0,3026,,,,,,
,,,,,637861,870.0,2834,,,,,,
,,,,,638000,,,56.814308166503906,123.18681335449219,123.20819854736328,953.3336181640625,0.01,5e-05
,,,,,638486,860.0,2522,,,,,,
,,,,,639000,,,11.435656547546387,133.4198760986328,131.88345336914062,766.0617065429688,0.01,5e-05
,,,,,639033,780.0,2194,,,,,,
,,,,,639730,1010.0,2810,,,,,,
1158.0,322.14282,1420.0,720.0,2947.6,640000,,,16.382219314575195,118.34831237792969,119.24851989746094,644.0672607421875,0.01,5e-05
,,,,,640417,1110.0,2770,,,,,,
,,,,,641000,,,14.6558198928833,113.79158782958984,113.52764892578125,740.5302124023438,0.01,5e-05
,,,,,641173,1630.0,3026,,,,,,
,,,,,642000,,,11.097762107849121,127.01801300048828,126.67356872558594,471.8373718261719,0.01,5e-05
,,,,,642283,3210.0,4466,,,,,,
,,,,,643000,,,629.5886840820312,125.4592056274414,129.510009765625,3301.745361328125,0.01,5e-05
,,,,,643204,1280.0,3690,,,,,,
,,,,,643788,760.0,2362,,,,,,
,,,,,644000,,,60.673301696777344,121.96004486083984,123.31124877929688,1012.7278442382812,0.01,5e-05
,,,,,644388,1540.0,2426,,,,,,
,,,,,645000,,,14.356855392456055,113.41035461425781,114.81466674804688,806.7135620117188,0.01,5e-05
,,,,,645341,2220.0,3818,,,,,,
,,,,,646000,,,10.201393127441406,113.38127899169922,113.29204559326172,531.5486450195312,0.01,5e-05
,,,,,646198,940.0,3434,,,,,,
,,,,,647000,,,14.824652671813965,103.4124755859375,101.9906005859375,1103.428955078125,0.01,5e-05
,,,,,647012,1270.0,3274,,,,,,
,,,,,647958,1560.0,3802,,,,,,
,,,,,648000,,,127.22852325439453,119.13114166259766,121.23881530761719,1510.6959228515625,0.01,5e-05
,,,,,648677,1700.0,2890,,,,,,
,,,,,649000,,,14.74423599243164,117.07283020019531,116.40665435791016,575.2457275390625,0.01,5e-05
,,,,,649470,1120.0,3202,,,,,,
1500.0,226.98018,1820.0,1240.0,3006.8,650000,,,5.406896114349365,129.81463623046875,129.56948852539062,315.0128173828125,0.01,5e-05
,,,,,650520,1760.0,4226,,,,,,
,,,,,651000,,,18.14580726623535,115.79280090332031,116.88896179199219,909.5838623046875,0.01,5e-05
,,,,,651410,1260.0,3562,,,,,,
,,,,,652000,,,17.507848739624023,129.85000610351562,129.16717529296875,671.4967651367188,0.01,5e-05
,,,,,652170,960.0,3042,,,,,,
,,,,,653000,,,10.933199882507324,135.33314514160156,135.1227569580078,413.77874755859375,0.01,5e-05
,,,,,653116,1250.0,3802,,,,,,
,,,,,653828,1200.0,2858,,,,,,
,,,,,654000,,,19.393495559692383,129.79244995117188,129.96038818359375,712.2450561523438,0.01,5e-05
,,,,,654537,1010.0,2842,,,,,,
,,,,,655000,,,12.611376762390137,134.22659301757812,133.1275177001953,819.2598266601562,0.01,5e-05
,,,,,655202,1170.0,2682,,,,,,
,,,,,655680,920.0,1922,,,,,,
,,,,,656000,,,31.9628963470459,128.42970275878906,128.6233367919922,696.1040649414062,0.01,5e-05
,,,,,656555,1490.0,3514,,,,,,
,,,,,657000,,,13.65441608428955,130.25160217285156,131.58651733398438,781.3908081054688,0.01,5e-05
,,,,,657481,1400.0,3706,,,,,,
,,,,,658000,,,534.3713989257812,117.82528686523438,121.12608337402344,2355.4833984375,0.01,5e-05
,,,,,658250,1790.0,3074,,,,,,
,,,,,658898,1570.0,2610,,,,,,
,,,,,659000,,,603.6753540039062,115.50791931152344,119.93717193603516,3303.1484375,0.01,5e-05
,,,,,659789,1280.0,3586,,,,,,
982.0,268.9907,1350.0,720.0,2570.0,660000,,,7.959925651550293,117.05998229980469,117.79505920410156,627.42138671875,0.01,5e-05
,,,,,660486,1180.0,2794,,,,,,
,,,,,661000,,,21.04234504699707,128.34400939941406,126.50177764892578,989.9383544921875,0.01,5e-05
,,,,,661316,1080.0,3346,,,,,,
,,,,,662000,,,121.02490997314453,140.5296630859375,141.23831176757812,1631.5723876953125,0.01,5e-05
,,,,,662456,5040.0,4586,,,,,,
,,,,,663000,,,12.47502613067627,126.01001739501953,126.40229034423828,761.8157958984375,0.01,5e-05
,,,,,663307,1000.0,3402,,,,,,
,,,,,663983,1180.0,2722,,,,,,
,,,,,664000,,,7.849196434020996,128.16754150390625,127.9962158203125,571.4910278320312,0.01,5e-05
,,,,,664803,1350.0,3282,,,,,,
,,,,,665000,,,42.02975845336914,118.89033508300781,120.61629486083984,1122.88525390625,0.01,5e-05
,,,,,665648,1360.0,3386,,,,,,
,,,,,666000,,,17.339496612548828,142.12997436523438,140.82249450683594,701.1117553710938,0.01,5e-05
,,,,,666401,1510.0,3018,,,,,,
,,,,,667000,,,13.598143577575684,128.00950622558594,128.45350646972656,687.6996459960938,0.01,5e-05
,,,,,667208,900.0,3250,,,,,,
,,,,,668000,,,19.278947830200195,114.99458312988281,115.79441833496094,761.6997680664062,0.01,5e-05
,,,,,668023,1050.0,3258,,,,,,
,,,,,668785,1020.0,3066,,,,,,
,,,,,669000,,,4830.88671875,130.98477172851562,143.0916290283203,9865.12890625,0.01,5e-05
,,,,,669566,1340.0,3130,,,,,,
1384.0,225.53049,1470.0,710.0,2874.0,670000,,,18.442413330078125,135.85922241210938,135.88597106933594,503.8091125488281,0.01,5e-05
,,,,,670067,980.0,2034,,,,,,
,,,,,670643,940.0,2306,,,,,,
,,,,,671000,,,8.328810691833496,133.712890625,132.8321533203125,543.593994140625,0.01,5e-05
,,,,,671553,1300.0,3650,,,,,,
,,,,,672000,,,95.17207336425781,136.7748565673828,134.8944854736328,1597.96435546875,0.01,5e-05
,,,,,672204,1750.0,2626,,,,,,
,,,,,673000,,,569.1488037109375,126.73432922363281,130.81761169433594,3401.281494140625,0.01,5e-05
,,,,,673003,2560.0,3226,,,,,,
,,,,,673777,1020.0,3122,,,,,,
,,,,,674000,,,18.185070037841797,132.25315856933594,134.1106719970703,1009.6012573242188,0.01,5e-05
,,,,,674412,1350.0,2554,,,,,,
,,,,,675000,,,640.3712768554688,124.44237518310547,127.76448822021484,3202.048828125,0.01,5e-05
,,,,,675201,1440.0,3178,,,,,,
,,,,,676000,,,16.051952362060547,131.77197265625,132.3516082763672,738.58642578125,0.01,5e-05
,,,,,676008,1280.0,3234,,,,,,
,,,,,676585,810.0,2338,,,,,,
,,,,,677000,,,31.269004821777344,135.34048461914062,132.68927001953125,1461.1512451171875,0.01,5e-05
,,,,,677372,2550.0,3154,,,,,,
,,,,,677880,730.0,2058,,,,,,
,,,,,678000,,,74.73540496826172,121.28812408447266,117.91654205322266,2774.548828125,0.01,5e-05
,,,,,678515,1370.0,2538,,,,,,
,,,,,679000,,,13.418904304504395,117.41756439208984,119.23417663574219,982.7455444335938,0.01,5e-05
,,,,,679174,990.0,2634,,,,,,
,,,,,679932,1730.0,3034,,,,,,
936.0,266.9157,1580.0,780.0,2724.4,680000,,,8.374101638793945,141.614013671875,140.8074188232422,577.2735595703125,0.01,5e-05
,,,,,680802,1270.0,3482,,,,,,
,,,,,681000,,,12.311352729797363,117.63668060302734,117.296630859375,683.7822265625,0.01,5e-05
,,,,,681726,2410.0,3722,,,,,,
,,,,,682000,,,31.558279037475586,129.36080932617188,127.60537719726562,1371.9378662109375,0.01,5e-05
,,,,,682421,1240.0,2786,,,,,,
,,,,,683000,,,17.453197479248047,134.89183044433594,134.45999145507812,807.5994262695312,0.01,5e-05
,,,,,683108,1060.0,2770,,,,,,
,,,,,683839,960.0,2930,,,,,,
,,,,,684000,,,24.942909240722656,124.72964477539062,126.04362487792969,1036.6123046875,0.01,5e-05
,,,,,684565,1360.0,2914,,,,,,
,,,,,685000,,,10.881033897399902,122.60222625732422,122.87104797363281,603.8687744140625,0.01,5e-05
,,,,,685224,1040.0,2650,,,,,,
,,,,,686000,,,16.169315338134766,126.94754028320312,128.1267547607422,985.587646484375,0.01,5e-05
,,,,,686065,1280.0,3378,,,,,,
,,,,,687000,,,23.356555938720703,129.990966796875,130.6496124267578,695.2254638671875,0.01,5e-05
,,,,,687094,1260.0,4122,,,,,,
,,,,,687959,1140.0,3466,,,,,,
,,,,,688000,,,20.297971725463867,122.12520599365234,122.94963073730469,1041.308349609375,0.01,5e-05
,,,,,688579,1600.0,2482,,,,,,
,,,,,689000,,,90.59042358398438,141.84356689453125,141.51483154296875,979.4921875,0.01,5e-05
,,,,,689215,970.0,2570,,,,,,
1066.0,302.09933,1670.0,900.0,2651.6,690000,,,17.39173698425293,133.75978088378906,135.3985137939453,963.2860717773438,0.01,5e-05
,,,,,690033,1290.0,3298,,,,,,
,,,,,690801,920.0,3090,,,,,,
,,,,,691000,,,742.0361938476562,142.57485961914062,148.42410278320312,3120.603515625,0.01,5e-05
,,,,,691753,3010.0,3826,,,,,,
,,,,,692000,,,13.899321556091309,132.40298461914062,132.66738891601562,618.5480346679688,0.01,5e-05
,,,,,692793,2830.0,4186,,,,,,
,,,,,693000,,,17.625946044921875,115.76353454589844,115.4057846069336,682.154052734375,0.01,5e-05
,,,,,693468,1470.0,2714,,,,,,
,,,,,694000,,,15.852084159851074,143.82386779785156,143.41619873046875,907.3822021484375,0.01,5e-05
,,,,,694692,2120.0,4922,,,,,,
,,,,,695000,,,28.267963409423828,134.12815856933594,133.2152557373047,1065.477783203125,0.01,5e-05
,,,,,695546,1450.0,3418,,,,,,
,,,,,696000,,,35.88575744628906,114.3480224609375,116.1286849975586,1002.5205688476562,0.01,5e-05
,,,,,696317,1050.0,3106,,,,,,
,,,,,696855,890.0,2170,,,,,,
,,,,,697000,,,17.416236877441406,127.75296020507812,128.17694091796875,780.3555908203125,0.01,5e-05
,,,,,697472,1400.0,2474,,,,,,
,,,,,698000,,,10.666946411132812,128.93162536621094,129.7967529296875,549.5828857421875,0.01,5e-05
,,,,,698589,1990.0,4474,,,,,,
,,,,,699000,,,17.18217658996582,135.05667114257812,135.0133819580078,713.8436889648438,0.01,5e-05
,,,,,699395,1610.0,3250,,,,,,
1037.0,242.65407,1380.0,800.0,2484.4,700000,,,27.57042694091797,133.46072387695312,131.80477905273438,907.5819702148438,0.01,5e-05
,,,,,700384,2450.0,3978,,,,,,
,,,,,700933,1390.0,2226,,,,,,
,,,,,701000,,,789.3256225585938,143.33155822753906,146.72132873535156,2842.202880859375,0.01,5e-05
,,,,,701757,1120.0,3306,,,,,,
,,,,,702000,,,702.20703125,120.95220947265625,126.7584457397461,4294.84130859375,0.01,5e-05
,,,,,702893,1660.0,4562,,,,,,
,,,,,703000,,,14.070908546447754,134.2054443359375,132.57408142089844,859.930908203125,0.01,5e-05
,,,,,703703,1200.0,3266,,,,,,
,,,,,704000,,,9.083715438842773,129.10581970214844,129.24351501464844,437.0196533203125,0.01,5e-05
,,,,,704611,1110.0,3658,,,,,,
,,,,,705000,,,14.443296432495117,128.09825134277344,126.44941711425781,1372.38671875,0.01,5e-05
,,,,,705599,1220.0,3962,,,,,,
,,,,,706000,,,347.13592529296875,140.2017059326172,141.1356658935547,2252.74853515625,0.01,5e-05
,,,,,706572,2760.0,3898,,,,,,
,,,,,707000,,,10.954712867736816,126.00538635253906,124.22511291503906,937.596923828125,0.01,5e-05
,,,,,707939,1460.0,5490,,,,,,
,,,,,708000,,,15.463146209716797,134.64097595214844,135.1040802001953,761.9849853515625,0.01,5e-05
,,,,,708736,1370.0,3210,,,,,,
,,,,,709000,,,11.164093971252441,136.80584716796875,136.42318725585938,416.3221740722656,0.01,5e-05
,,,,,709631,1640.0,3586,,,,,,
1458.0,542.89594,2000.0,880.0,2505.2,710000,,,9.568687438964844,126.08252716064453,126.75286865234375,720.9257202148438,0.01,5e-05
,,,,,710170,1190.0,2162,,,,,,
,,,,,710868,1120.0,2818,,,,,,
,,,,,711000,,,23.84830093383789,142.55584716796875,142.66973876953125,749.6207885742188,0.01,5e-05
,,,,,711518,2250.0,2618,,,,,,
,,,,,712000,,,1023.3192749023438,138.7191925048828,145.57839965820312,6178.88525390625,0.01,5e-05
,,,,,712412,2240.0,3594,,,,,,
,,,,,713000,,,15.361230850219727,154.54534912109375,155.6697998046875,754.0233154296875,0.01,5e-05
,,,,,713292,1490.0,3538,,,,,,
,,,,,714000,,,16.199352264404297,147.5137481689453,147.63180541992188,641.0142822265625,0.01,5e-05
,,,,,714091,1270.0,3210,,,,,,
,,,,,714844,1130.0,3018,,,,,,
,,,,,715000,,,20.556699752807617,123.32305908203125,123.18475341796875,705.4213256835938,0.01,5e-05
,,,,,715630,1390.0,3162,,,,,,
,,,,,716000,,,23.37398338317871,135.83004760742188,137.03501892089844,1051.772705078125,0.01,5e-05
,,,,,716893,1880.0,5058,,,,,,
,,,,,717000,,,1201.59423828125,125.32546997070312,131.20083618164062,5789.40234375,0.01,5e-05
,,,,,718000,,,17.462562561035156,142.1470184326172,141.88381958007812,741.1173706054688,0.01,5e-05
,,,,,718033,1820.0,4562,,,,,,
,,,,,718891,2430.0,3450,,,,,,
,,,,,719000,,,14.025520324707031,123.4377212524414,124.48329162597656,919.2205810546875,0.01,5e-05
,,,,,719744,2010.0,3434,,,,,,
1428.0,189.35681,1700.0,1010.0,3123.6,720000,,,11.869039535522461,147.0902862548828,146.32815551757812,624.866455078125,0.01,5e-05
,,,,,720218,540.0,1898,,,,,,
,,,,,720936,980.0,2874,,,,,,
,,,,,721000,,,14.491630554199219,130.8271484375,129.427490234375,873.1563720703125,0.01,5e-05
,,,,,721695,1200.0,3042,,,,,,
,,,,,722000,,,15.245168685913086,135.6340789794922,133.90945434570312,1073.84228515625,0.01,5e-05
,,,,,722349,810.0,2642,,,,,,
,,,,,722952,1300.0,2426,,,,,,
,,,,,723000,,,20.83649444580078,120.88151550292969,120.1291275024414,834.9962158203125,0.01,5e-05
,,,,,723662,1760.0,2850,,,,,,
,,,,,724000,,,5.143104076385498,148.11453247070312,148.0914306640625,396.61773681640625,0.01,5e-05
,,,,,724354,1020.0,2770,,,,,,
,,,,,725000,,,773.611083984375,137.63059997558594,142.1104736328125,3122.923828125,0.01,5e-05
,,,,,725329,3360.0,3922,,,,,,
,,,,,726000,,,1198.084716796875,129.15692138671875,136.74331665039062,9375.765625,0.01,5e-05
,,,,,726141,1080.0,3266,,,,,,
,,,,,727000,,,15.312234878540039,147.635009765625,147.9701385498047,681.2257690429688,0.01,5e-05
,,,,,727100,1660.0,3858,,,,,,
,,,,,728000,,,702.4972534179688,138.82130432128906,142.79379272460938,4036.15478515625,0.01,5e-05
,,,,,728053,1450.0,3826,,,,,,
,,,,,728939,990.0,3554,,,,,,
,,,,,729000,,,11.071907997131348,142.8927001953125,142.7698974609375,513.3275146484375,0.01,5e-05
,,,,,729497,1100.0,2250,,,,,,
982.0,248.18541,1260.0,630.0,2986.0,730000,,,7.742480278015137,137.7173309326172,137.42605590820312,523.83740234375,0.01,5e-05
,,,,,730474,2530.0,3930,,,,,,
,,,,,731000,,,1187.1927490234375,140.21072387695312,146.03106689453125,7228.6943359375,0.01,5e-05
,,,,,731175,1080.0,2810,,,,,,
,,,,,731908,1450.0,2946,,,,,,
,,,,,732000,,,28.796607971191406,144.09405517578125,143.9971923828125,875.5347900390625,0.01,5e-05
,,,,,732661,1110.0,3042,,,,,,
,,,,,733000,,,25.597782135009766,124.34089660644531,125.64307403564453,1079.4332275390625,0.01,5e-05
,,,,,733171,800.0,2066,,,,,,
,,,,,733943,1410.0,3098,,,,,,
,,,,,734000,,,816.1268310546875,148.20469665527344,153.22630310058594,4178.69287109375,0.01,5e-05
,,,,,734673,1090.0,2946,,,,,,
,,,,,735000,,,18.42438316345215,141.29080200195312,143.04052734375,1169.3626708984375,0.01,5e-05
,,,,,735579,1610.0,3650,,,,,,
,,,,,736000,,,13.27215576171875,137.26174926757812,138.30014038085938,639.8766479492188,0.01,5e-05
,,,,,736244,1810.0,2690,,,,,,
,,,,,737000,,,809.0352783203125,147.4026641845703,152.7576446533203,3521.138427734375,0.01,5e-05
,,,,,737040,1810.0,3210,,,,,,
,,,,,737772,1900.0,2946,,,,,,
,,,,,738000,,,15.983083724975586,115.60344696044922,116.11417388916016,886.0999755859375,0.01,5e-05
,,,,,738248,700.0,1922,,,,,,
,,,,,738817,1000.0,2306,,,,,,
,,,,,739000,,,30.427000045776367,124.36123657226562,124.60511779785156,797.5791015625,0.01,5e-05
,,,,,739717,1800.0,3610,,,,,,
1659.0,488.27145,2360.0,950.0,3274.0,740000,,,13.458783149719238,123.7989273071289,123.76476287841797,538.6243896484375,0.01,5e-05
,,,,,740440,1190.0,2914,,,,,,
,,,,,741000,,,16.809099197387695,132.29310607910156,132.4374237060547,696.4136962890625,0.01,5e-05
,,,,,741442,4050.0,4026,,,,,,
,,,,,742000,,,8.753807067871094,111.82982635498047,111.80001831054688,374.59783935546875,0.01,5e-05
,,,,,742077,810.0,2546,,,,,,
,,,,,742622,790.0,2186,,,,,,
,,,,,743000,,,11.319613456726074,131.60906982421875,130.40640258789062,880.759521484375,0.01,5e-05
,,,,,743421,1340.0,3210,,,,,,
,,,,,744000,,,11.033391952514648,132.52244567871094,133.32046508789062,635.6455688476562,0.01,5e-05
,,,,,744220,1200.0,3194,,,,,,
,,,,,744829,1000.0,2450,,,,,,
,,,,,745000,,,26.364845275878906,141.4003143310547,139.29933166503906,1352.2174072265625,0.01,5e-05
,,,,,745734,1450.0,3626,,,,,,
,,,,,746000,,,101.50364685058594,123.48400115966797,125.64636993408203,1843.7303466796875,0.01,5e-05
,,,,,746861,2240.0,4530,,,,,,
,,,,,747000,,,10.297842979431152,110.16090393066406,109.79524230957031,495.2565612792969,0.01,5e-05
,,,,,747576,1280.0,2866,,,,,,
,,,,,748000,,,34.70315170288086,125.13363647460938,126.42378234863281,983.2145385742188,0.01,5e-05
,,,,,748141,1080.0,2274,,,,,,
,,,,,748923,1150.0,3130,,,,,,
,,,,,749000,,,16.82494354248047,145.4702606201172,146.396240234375,805.6705932617188,0.01,5e-05
,,,,,749720,1580.0,3202,,,,,,
1652.0,256.39032,2020.0,1250.0,3029.2,750000,,,20.670982360839844,131.9605712890625,132.22882080078125,870.0555419921875,0.01,5e-05
,,,,,750414,830.0,2786,,,,,,
,,,,,750937,920.0,2090,,,,,,
,,,,,751000,,,31.013446807861328,119.84321594238281,119.17802429199219,1031.4552001953125,0.01,5e-05
,,,,,751623,920.0,2770,,,,,,
,,,,,752000,,,16.79799461364746,132.15452575683594,131.2283477783203,847.3115234375,0.01,5e-05
,,,,,752168,1310.0,2210,,,,,,
,,,,,752928,1150.0,3050,,,,,,
,,,,,753000,,,11.251354217529297,136.70034790039062,136.21058654785156,449.4656066894531,0.01,5e-05
,,,,,753586,1560.0,2650,,,,,,
,,,,,754000,,,19.50516700744629,135.2945098876953,136.8604736328125,978.9164428710938,0.01,5e-05
,,,,,754284,1250.0,2818,,,,,,
,,,,,755000,,,12.872564315795898,141.1738739013672,140.17257690429688,676.2544555664062,0.01,5e-05
,,,,,755155,1100.0,3506,,,,,,
,,,,,755925,1570.0,3106,,,,,,
,,,,,756000,,,15.204017639160156,129.5100860595703,130.5325164794922,770.0021362304688,0.01,5e-05
,,,,,756537,920.0,2458,,,,,,
,,,,,757000,,,1207.832763671875,136.80091857910156,143.6327362060547,6008.3857421875,0.01,5e-05
,,,,,757274,1580.0,2970,,,,,,
,,,,,758000,,,8.181804656982422,126.74820709228516,127.16104125976562,484.5302429199219,0.01,5e-05
,,,,,758036,1450.0,3050,,,,,,
,,,,,758776,3920.0,2962,,,,,,
,,,,,759000,,,9.20819091796875,148.8919677734375,147.6636199951172,768.8912963867188,0.01,5e-05
,,,,,759329,1340.0,2226,,,,,,
1293.0,818.4015,2660.0,650.0,2718.8,760000,,,29.048572540283203,145.85543823242188,144.2601776123047,1049.960693359375,0.01,5e-05
,,,,,760229,1920.0,3610,,,,,,
,,,,,760886,1550.0,2650,,,,,,
,,,,,761000,,,12.348475456237793,134.68988037109375,133.86558532714844,805.5717163085938,0.01,5e-05
,,,,,761550,1020.0,2674,,,,,,
,,,,,762000,,,10.248072624206543,139.22531127929688,139.35682678222656,565.0748291015625,0.01,5e-05
,,,,,762455,1720.0,3626,,,,,,
,,,,,763000,,,26.863636016845703,142.79701232910156,142.857421875,604.37060546875,0.01,5e-05
,,,,,763374,1980.0,3698,,,,,,
,,,,,763983,1100.0,2458,,,,,,
,,,,,764000,,,41.71296691894531,129.385009765625,129.49331665039062,1071.4803466796875,0.01,5e-05
,,,,,765000,,,9.562064170837402,127.32676696777344,128.3619842529297,649.2203369140625,0.01,5e-05
,,,,,765011,3490.0,4130,,,,,,
,,,,,765797,1880.0,3170,,,,,,
,,,,,766000,,,17.501934051513672,129.77142333984375,129.0340576171875,706.220947265625,0.01,5e-05
,,,,,766249,670.0,1834,,,,,,
,,,,,766973,1820.0,2906,,,,,,
,,,,,767000,,,14.443191528320312,125.04609680175781,124.36981201171875,632.3272705078125,0.01,5e-05
,,,,,767565,710.0,2378,,,,,,
,,,,,768000,,,23.11786651611328,137.24142456054688,138.37591552734375,962.8521728515625,0.01,5e-05
,,,,,768184,1080.0,2498,,,,,,
,,,,,768763,870.0,2346,,,,,,
,,,,,769000,,,23.261550903320312,120.98809814453125,120.13626098632812,1055.3531494140625,0.01,5e-05
,,,,,769545,1210.0,3130,,,,,,
1230.0,261.91602,1600.0,880.0,3028.4,770000,,,9.644394874572754,123.43444061279297,121.94505310058594,918.3458251953125,0.01,5e-05
,,,,,770383,1500.0,3354,,,,,,
,,,,,770893,980.0,2050,,,,,,
,,,,,771000,,,12.025674819946289,138.44642639160156,136.83070373535156,754.8101806640625,0.01,5e-05
,,,,,771699,1080.0,3234,,,,,,
,,,,,772000,,,151.53501892089844,132.90573120117188,137.69271850585938,2776.586669921875,0.01,5e-05
,,,,,772313,890.0,2474,,,,,,
,,,,,773000,,,48.90266418457031,135.1180419921875,135.4884796142578,995.4636840820312,0.01,5e-05
,,,,,773016,1390.0,2834,,,,,,
,,,,,773710,940.0,2778,,,,,,
,,,,,774000,,,40.16838836669922,132.3584747314453,132.05242919921875,1525.480224609375,0.01,5e-05
,,,,,774444,1430.0,2938,,,,,,
,,,,,775000,,,9.274881362915039,139.78677368164062,138.58145141601562,615.6066284179688,0.01,5e-05
,,,,,775163,1230.0,2898,,,,,,
,,,,,775894,1080.0,2938,,,,,,
,,,,,776000,,,21.829998016357422,125.46868133544922,125.87686920166016,919.7279663085938,0.01,5e-05
,,,,,776757,1850.0,3474,,,,,,
,,,,,777000,,,15.78580379486084,140.51217651367188,139.44114685058594,778.9114379882812,0.01,5e-05
,,,,,777680,1860.0,3698,,,,,,
,,,,,778000,,,8.785079956054688,133.61868286132812,133.4685821533203,421.9000549316406,0.01,5e-05
,,,,,778286,970.0,2450,,,,,,
,,,,,779000,,,22.159852981567383,137.75811767578125,138.15585327148438,814.5049438476562,0.01,5e-05
,,,,,779108,1110.0,3290,,,,,,
,,,,,779752,1260.0,2594,,,,,,
1292.0,311.92307,1720.0,1010.0,3391.6,780000,,,18.498353958129883,141.10850524902344,141.05023193359375,859.9266967773438,0.01,5e-05
,,,,,780542,1960.0,3186,,,,,,
,,,,,781000,,,220.05441284179688,127.84480285644531,131.00401306152344,2488.0966796875,0.01,5e-05
,,,,,781483,1160.0,3762,,,,,,
,,,,,782000,,,17.17555809020996,127.80878448486328,127.96595764160156,620.7001342773438,0.01,5e-05
,,,,,782154,1520.0,2690,,,,,,
,,,,,783000,,,48.372074127197266,134.01251220703125,135.72689819335938,1115.907470703125,0.01,5e-05
,,,,,783230,1700.0,4330,,,,,,
,,,,,784000,,,14.121504783630371,140.01519775390625,140.1828155517578,527.3739013671875,0.01,5e-05
,,,,,784051,1050.0,3298,,,,,,
,,,,,784951,1210.0,3610,,,,,,
,,,,,785000,,,101.87537384033203,124.51029968261719,125.76985168457031,2506.8076171875,0.01,5e-05
,,,,,785498,930.0,2194,,,,,,
,,,,,786000,,,12.143774032592773,147.68002319335938,146.85595703125,721.1168212890625,0.01,5e-05
,,,,,786680,1440.0,4754,,,,,,
,,,,,787000,,,14.035910606384277,123.33182525634766,122.10440826416016,728.6243286132812,0.01,5e-05
,,,,,787316,1080.0,2562,,,,,,
,,,,,788000,,,23.316444396972656,111.7969970703125,112.5263671875,936.7421875,0.01,5e-05
,,,,,788047,1680.0,2946,,,,,,
,,,,,788929,1570.0,3538,,,,,,
,,,,,789000,,,11.182204246520996,135.99664306640625,136.05880737304688,519.8114624023438,0.01,5e-05
,,,,,789375,840.0,1810,,,,,,
,,,,,789993,690.0,2498,,,,,,
1105.0,239.55167,1790.0,900.0,2539.6,790000,,,70.05915832519531,175.34808349609375,174.39236450195312,2109.90380859375,0.01,5e-05
,,,,,790894,1280.0,3610,,,,,,
,,,,,791000,,,11.452766418457031,147.06715393066406,144.74807739257812,1326.470947265625,0.01,5e-05
,,,,,791569,970.0,2714,,,,,,
,,,,,792000,,,34.38034439086914,118.75296783447266,117.60430145263672,1215.15966796875,0.01,5e-05
,,,,,792390,1280.0,3290,,,,,,
,,,,,793000,,,4357.01953125,131.2906036376953,141.49876403808594,9860.0302734375,0.01,5e-05
,,,,,793302,1860.0,3666,,,,,,
,,,,,794000,,,51.37171936035156,142.84109497070312,140.11337280273438,3242.4345703125,0.01,5e-05
,,,,,794064,940.0,3058,,,,,,
,,,,,794738,1150.0,2706,,,,,,
,,,,,795000,,,28.38754653930664,148.74908447265625,147.26275634765625,2029.5782470703125,0.01,5e-05
,,,,,795576,1730.0,3362,,,,,,
,,,,,796000,,,25.953716278076172,142.3538818359375,142.61557006835938,626.3529663085938,0.01,5e-05
,,,,,796180,870.0,2442,,,,,,
,,,,,797000,,,13.03145694732666,122.91967010498047,121.1856689453125,1017.2702026367188,0.01,5e-05
,,,,,797012,1780.0,3346,,,,,,
,,,,,797767,1160.0,3026,,,,,,
,,,,,798000,,,19.59224510192871,115.45582580566406,116.4827880859375,1022.6832885742188,0.01,5e-05
,,,,,798334,950.0,2290,,,,,,
,,,,,798809,870.0,1914,,,,,,
,,,,,799000,,,17.219280242919922,124.77306365966797,123.30500793457031,962.4351806640625,0.01,5e-05
,,,,,799692,1720.0,3546,,,,,,
926.0,119.26441,1090.0,810.0,2382.8,800000,,,11.783421516418457,147.4603729248047,147.42478942871094,594.2434692382812,0.01,5e-05
,,,,,800558,1430.0,3490,,,,,,
,,,,,801000,,,50.39289093017578,149.690185546875,150.30291748046875,1205.4090576171875,0.01,5e-05
,,,,,801523,2270.0,3882,,,,,,
,,,,,802000,,,31.48128890991211,164.8101043701172,165.09983825683594,1168.5223388671875,0.01,5e-05
,,,,,802492,1720.0,3890,,,,,,
,,,,,803000,,,10.60721206665039,157.08538818359375,157.89706420898438,641.00244140625,0.01,5e-05
,,,,,803092,930.0,2418,,,,,,
,,,,,803599,1360.0,2026,,,,,,
,,,,,804000,,,17.09610366821289,165.00466918945312,166.3313751220703,1041.2113037109375,0.01,5e-05
,,,,,804346,1760.0,3002,,,,,,
,,,,,805000,,,27.417890548706055,147.51856994628906,148.20895385742188,1561.498291015625,0.01,5e-05
,,,,,805256,1680.0,3642,,,,,,
,,,,,805766,1190.0,2042,,,,,,
,,,,,806000,,,14.892309188842773,135.80819702148438,134.6822509765625,1260.8785400390625,0.01,5e-05
,,,,,806449,1170.0,2754,,,,,,
,,,,,807000,,,32.93989562988281,135.37767028808594,134.8216094970703,767.2940673828125,0.01,5e-05
,,,,,807489,2560.0,4170,,,,,,
,,,,,808000,,,18.288225173950195,121.26557159423828,123.07319641113281,1004.0849609375,0.01,5e-05
,,,,,808133,1410.0,2578,,,,,,
,,,,,808878,1230.0,3002,,,,,,
,,,,,809000,,,6.083251476287842,138.87445068359375,138.97312927246094,365.11785888671875,0.01,5e-05
,,,,,809820,1300.0,3794,,,,,,
1487.0,309.96936,1760.0,930.0,2862.0,810000,,,853.3592529296875,136.4183807373047,143.23829650878906,3684.508544921875,0.01,5e-05
,,,,,810666,1580.0,3410,,,,,,
,,,,,811000,,,28.07933235168457,146.5030975341797,146.16123962402344,1107.931640625,0.01,5e-05
,,,,,811563,1320.0,3602,,,,,,
,,,,,812000,,,34.108638763427734,148.71299743652344,147.097900390625,1258.74755859375,0.01,5e-05
,,,,,812099,860.0,2146,,,,,,
,,,,,813000,,,11.669336318969727,140.26953125,139.59144592285156,527.6568603515625,0.01,5e-05
,,,,,813049,2020.0,3826,,,,,,
,,,,,813825,1620.0,3106,,,,,,
,,,,,814000,,,1193.31103515625,148.2626953125,155.64576721191406,5653.28857421875,0.01,5e-05
,,,,,814459,940.0,2554,,,,,,
,,,,,815000,,,77.74568176269531,130.30096435546875,129.8974609375,1839.4251708984375,0.01,5e-05
,,,,,815388,2960.0,3738,,,,,,
,,,,,816000,,,21.10028648376465,123.13626861572266,122.89230346679688,991.1458740234375,0.01,5e-05
,,,,,816112,1180.0,2914,,,,,,
,,,,,816798,1280.0,2770,,,,,,
,,,,,817000,,,79.05924987792969,135.78392028808594,135.36912536621094,1293.9268798828125,0.01,5e-05
,,,,,817850,1620.0,4226,,,,,,
,,,,,818000,,,11.873434066772461,144.63546752929688,145.76026916503906,816.5889282226562,0.01,5e-05
,,,,,818346,940.0,1986,,,,,,
,,,,,818912,870.0,2290,,,,,,
,,,,,819000,,,88.5190658569336,140.26333618164062,141.20245361328125,1405.211181640625,0.01,5e-05
,,,,,819548,930.0,2546,,,,,,
1230.0,443.9144,1710.0,700.0,2850.0,820000,,,17.34309196472168,115.06324768066406,116.57475280761719,866.8816528320312,0.01,5e-05
,,,,,820267,1100.0,2906,,,,,,
,,,,,821000,,,15.798699378967285,137.78485107421875,136.9398651123047,773.8695678710938,0.01,5e-05
,,,,,821571,2390.0,5226,,,,,,
,,,,,822000,,,16.330705642700195,125.39334869384766,126.31388854980469,812.1112060546875,0.01,5e-05
,,,,,822424,3720.0,3418,,,,,,
,,,,,823000,,,14.885566711425781,132.12294006347656,131.49917602539062,574.165283203125,0.01,5e-05
,,,,,823003,900.0,2322,,,,,,
,,,,,823848,1000.0,3410,,,,,,
,,,,,824000,,,13.205252647399902,133.54173278808594,131.99354553222656,969.9722290039062,0.01,5e-05
,,,,,824430,1320.0,2330,,,,,,
,,,,,825000,,,18.174352645874023,139.46563720703125,138.4034423828125,867.5250854492188,0.01,5e-05
,,,,,825151,2240.0,2906,,,,,,
,,,,,825832,1260.0,2738,,,,,,
,,,,,826000,,,25.593597412109375,136.10540771484375,136.7960205078125,695.3778686523438,0.01,5e-05
,,,,,826621,1020.0,3170,,,,,,
,,,,,827000,,,10.492911338806152,140.49656677246094,141.24758911132812,787.0667724609375,0.01,5e-05
,,,,,827389,1710.0,3090,,,,,,
,,,,,828000,,,105.72770690917969,133.19029235839844,135.4722442626953,1606.80810546875,0.01,5e-05
,,,,,828045,1080.0,2642,,,,,,
,,,,,828615,860.0,2298,,,,,,
,,,,,829000,,,7.202193260192871,124.32942199707031,124.71981048583984,559.63134765625,0.01,5e-05
,,,,,829355,1460.0,2962,,,,,,
1343.0,390.33447,1820.0,950.0,3327.6,830000,,,37.7617073059082,139.099365234375,141.43771362304688,1567.14013671875,0.01,5e-05
,,,,,830005,2250.0,2602,,,,,,
,,,,,830676,1420.0,2698,,,,,,
,,,,,831000,,,7.552414894104004,129.03028869628906,129.73605346679688,460.4864501953125,0.01,5e-05
,,,,,831151,1230.0,1906,,,,,,
,,,,,832000,,,12.917503356933594,148.74234008789062,147.4295196533203,807.6666870117188,0.01,5e-05
,,,,,832270,2100.0,4506,,,,,,
,,,,,833000,,,34.08161163330078,134.77716064453125,137.4858856201172,1865.905029296875,0.01,5e-05
,,,,,833013,1500.0,2978,,,,,,
,,,,,833693,1480.0,2730,,,,,,
,,,,,834000,,,993.6885375976562,144.10455322265625,148.61724853515625,3380.831787109375,0.01,5e-05
,,,,,834497,1350.0,3218,,,,,,
,,,,,835000,,,28.112049102783203,131.6278533935547,129.6954345703125,1374.5255126953125,0.01,5e-05
,,,,,835095,960.0,2394,,,,,,
,,,,,835990,2450.0,3594,,,,,,
,,,,,836000,,,12.595209121704102,147.53262329101562,147.77517700195312,743.47509765625,0.01,5e-05
,,,,,836610,1070.0,2498,,,,,,
,,,,,837000,,,11.930971145629883,136.18934631347656,137.3975830078125,926.1927490234375,0.01,5e-05
,,,,,837631,1790.0,4082,,,,,,
,,,,,838000,,,57.92930603027344,143.9657440185547,144.64337158203125,1127.5185546875,0.01,5e-05
,,,,,838532,1260.0,3626,,,,,,
,,,,,839000,,,13.280657768249512,155.46624755859375,155.33392333984375,629.4404296875,0.01,5e-05
,,,,,839833,2580.0,5210,,,,,,
2004.0,301.56924,2250.0,1570.0,2840.4,840000,,,21.435733795166016,154.76785278320312,151.8713836669922,1781.4862060546875,0.01,5e-05
,,,,,840537,1700.0,2834,,,,,,
,,,,,841000,,,15.415313720703125,150.79800415039062,151.20530700683594,632.7447509765625,0.01,5e-05
,,,,,841475,3530.0,3754,,,,,,
,,,,,842000,,,1250.218994140625,129.3542022705078,135.51858520507812,7591.099609375,0.01,5e-05
,,,,,842185,1400.0,2866,,,,,,
,,,,,843000,,,37.339359283447266,146.28749084472656,148.2882537841797,1217.9927978515625,0.01,5e-05
,,,,,843103,1880.0,3674,,,,,,
,,,,,843864,2470.0,3050,,,,,,
,,,,,844000,,,28.776155471801758,155.42547607421875,156.749267578125,1118.8082275390625,0.01,5e-05
,,,,,844574,850.0,2866,,,,,,
,,,,,845000,,,24.342546463012695,141.7837677001953,140.92335510253906,923.8899536132812,0.01,5e-05
,,,,,845263,750.0,2762,,,,,,
,,,,,846000,,,27.922691345214844,127.2546615600586,125.68880462646484,1078.444091796875,0.01,5e-05
,,,,,846076,1470.0,3258,,,,,,
,,,,,846786,1030.0,2858,,,,,,
,,,,,847000,,,19.310237884521484,131.5867919921875,132.33792114257812,909.4038696289062,0.01,5e-05
,,,,,847272,870.0,1954,,,,,,
,,,,,848000,,,31.990005493164062,139.84133911132812,137.5437469482422,1532.8970947265625,0.01,5e-05
,,,,,848093,1260.0,3298,,,,,,
,,,,,848723,1000.0,2522,,,,,,
,,,,,849000,,,11.672455787658691,104.68777465820312,104.6441650390625,711.2197265625,0.01,5e-05
,,,,,849324,820.0,2418,,,,,,
,,,,,849993,1080.0,2682,,,,,,
1230.0,463.5515,1880.0,700.0,2934.8,850000,,,4559.76416015625,143.45274353027344,156.04434204101562,12320.1591796875,0.01,5e-05
,,,,,850869,1380.0,3506,,,,,,
,,,,,851000,,,21.678604125976562,140.10250854492188,139.87074279785156,706.9667358398438,0.01,5e-05
,,,,,851549,1280.0,2722,,,,,,
,,,,,852000,,,52.05963897705078,132.17518615722656,131.58197021484375,1393.487548828125,0.01,5e-05
,,,,,852476,1520.0,3722,,,,,,
,,,,,853000,,,18.00676727294922,133.76437377929688,134.20669555664062,925.1131591796875,0.01,5e-05
,,,,,853470,1300.0,4002,,,,,,
,,,,,854000,,,23.94321060180664,157.22076416015625,156.1585235595703,1172.9989013671875,0.01,5e-05
,,,,,854302,1150.0,3346,,,,,,
,,,,,854856,1440.0,2226,,,,,,
,,,,,855000,,,16.360021591186523,147.73800659179688,148.45481872558594,908.446533203125,0.01,5e-05
,,,,,855829,2790.0,3906,,,,,,
,,,,,856000,,,16.063655853271484,134.6275634765625,134.12274169921875,665.7806396484375,0.01,5e-05
,,,,,856759,1110.0,3730,,,,,,
,,,,,857000,,,26.422739028930664,149.32412719726562,148.3223876953125,980.3357543945312,0.01,5e-05
,,,,,857367,1280.0,2450,,,,,,
,,,,,858000,,,14.386598587036133,146.11776733398438,145.8944854736328,730.5023803710938,0.01,5e-05
,,,,,858587,1850.0,4882,,,,,,
,,,,,859000,,,24.198280334472656,131.49151611328125,133.3661346435547,1545.92919921875,0.01,5e-05
,,,,,859262,940.0,2706,,,,,,
,,,,,859829,1000.0,2290,,,,,,
2104.0,282.67294,2420.0,1560.0,4131.6,860000,,,25.90290069580078,133.04322814941406,133.84425354003906,931.1865844726562,0.01,5e-05
,,,,,860489,1110.0,2666,,,,,,
,,,,,861000,,,23.917428970336914,141.17630004882812,140.3848876953125,906.001708984375,0.01,5e-05
,,,,,861504,1360.0,4082,,,,,,
,,,,,862000,,,21.356592178344727,143.30616760253906,142.5077667236328,870.693359375,0.01,5e-05
,,,,,862350,1590.0,3410,,,,,,
,,,,,863000,,,39.30015182495117,149.60043334960938,149.16989135742188,1260.8819580078125,0.01,5e-05
,,,,,863229,1460.0,3530,,,,,,
,,,,,863838,750.0,2466,,,,,,
,,,,,864000,,,21.082862854003906,149.39144897460938,148.34286499023438,1141.299560546875,0.01,5e-05
,,,,,864769,1620.0,3730,,,,,,
,,,,,865000,,,4650.1259765625,147.77740478515625,161.08106994628906,12502.703125,0.01,5e-05
,,,,,865705,1720.0,3762,,,,,,
,,,,,866000,,,18.15619659423828,122.57606506347656,120.57154846191406,1279.004638671875,0.01,5e-05
,,,,,866532,1590.0,3330,,,,,,
,,,,,867000,,,20.5363712310791,141.91883850097656,139.10276794433594,1467.6533203125,0.01,5e-05
,,,,,867335,970.0,3234,,,,,,
,,,,,867983,1100.0,2594,,,,,,
,,,,,868000,,,33.2103157043457,165.73683166503906,165.53488159179688,1248.9305419921875,0.01,5e-05
,,,,,868672,800.0,2786,,,,,,
,,,,,869000,,,12.213281631469727,153.0019073486328,152.34312438964844,658.96923828125,0.01,5e-05
,,,,,869442,1690.0,3090,,,,,,
1331.0,128.72063,1570.0,1210.0,3082.8,870000,,,13.988875389099121,152.33828735351562,151.81312561035156,869.7267456054688,0.01,5e-05
,,,,,870044,1280.0,2418,,,,,,
,,,,,870689,850.0,2594,,,,,,
,,,,,871000,,,81.53321075439453,148.3786163330078,150.23477172851562,1146.2493896484375,0.01,5e-05
,,,,,871777,2620.0,4378,,,,,,
,,,,,872000,,,6.1954193115234375,144.7082977294922,145.87869262695312,659.3359985351562,0.01,5e-05
,,,,,872317,1030.0,2162,,,,,,
,,,,,873000,,,14.07673454284668,149.40823364257812,148.65927124023438,708.7542114257812,0.01,5e-05
,,,,,873180,1300.0,3458,,,,,,
,,,,,874000,,,1150.868896484375,140.89303588867188,144.82171630859375,5346.93896484375,0.01,5e-05
,,,,,874224,3270.0,4194,,,,,,
,,,,,875000,,,9.690122604370117,151.06053161621094,149.91920471191406,693.3941650390625,0.01,5e-05
,,,,,875072,2060.0,3394,,,,,,
,,,,,876000,,,36.217716217041016,135.4501190185547,137.18289184570312,1312.4437255859375,0.01,5e-05
,,,,,876028,1670.0,3826,,,,,,
,,,,,876849,1500.0,3290,,,,,,
,,,,,877000,,,18.18789291381836,144.6277313232422,144.66751098632812,636.1424560546875,0.01,5e-05
,,,,,877758,2330.0,3650,,,,,,
,,,,,878000,,,67.26615905761719,139.839599609375,138.12106323242188,2017.96630859375,0.01,5e-05
,,,,,878607,1320.0,3402,,,,,,
,,,,,879000,,,15.260022163391113,147.75062561035156,145.8426513671875,1112.01708984375,0.01,5e-05
,,,,,879660,2490.0,4234,,,,,,
906.0,134.5511,1110.0,770.0,2774.8,880000,,,17.640581130981445,148.51760864257812,148.67478942871094,590.620849609375,0.01,5e-05
,,,,,880343,1010.0,2738,,,,,,
,,,,,881000,,,20.370616912841797,169.52830505371094,166.81857299804688,1513.186279296875,0.01,5e-05
,,,,,881173,1790.0,3346,,,,,,
,,,,,881744,1060.0,2298,,,,,,
,,,,,882000,,,20.03887939453125,162.00863647460938,162.3810272216797,938.74462890625,0.01,5e-05
,,,,,882520,1120.0,3114,,,,,,
,,,,,883000,,,20.834415435791016,145.88812255859375,146.5177764892578,857.8419189453125,0.01,5e-05
,,,,,883361,1580.0,3378,,,,,,
,,,,,883959,1020.0,2402,,,,,,
,,,,,884000,,,32.77104949951172,152.80162048339844,153.01512145996094,986.5601196289062,0.01,5e-05
,,,,,884867,1520.0,3642,,,,,,
,,,,,885000,,,19517.634765625,165.18093872070312,191.14071655273438,37457.0234375,0.01,5e-05
,,,,,885629,970.0,3066,,,,,,
,,,,,886000,,,14.018106460571289,147.80665588378906,146.97230529785156,676.4725341796875,0.01,5e-05
,,,,,886494,1080.0,3490,,,,,,
,,,,,887000,,,12.81621265411377,140.98812866210938,140.81410217285156,594.3313598632812,0.01,5e-05
,,,,,887272,1580.0,3138,,,,,,
,,,,,887944,2290.0,2706,,,,,,
,,,,,888000,,,10.634056091308594,156.62875366210938,156.04344177246094,575.4633178710938,0.01,5e-05
,,,,,888577,2280.0,2546,,,,,,
,,,,,889000,,,22.835208892822266,132.02960205078125,133.58412170410156,1152.6829833984375,0.01,5e-05
,,,,,889210,960.0,2546,,,,,,
1241.0,169.14195,1410.0,1060.0,3048.4,890000,,,12.19672966003418,148.4441680908203,149.18829345703125,653.6658935546875,0.01,5e-05
,,,,,890073,1810.0,3458,,,,,,
,,,,,891000,,,10.807113647460938,132.4817657470703,131.57037353515625,916.6539916992188,0.01,5e-05
,,,,,891059,2370.0,3946,,,,,,
,,,,,891958,1630.0,3618,,,,,,
,,,,,892000,,,24.5985050201416,144.5009002685547,143.1683807373047,1066.5386962890625,0.01,5e-05
,,,,,892563,960.0,2434,,,,,,
,,,,,893000,,,16.565227508544922,144.83837890625,144.53932189941406,1379.091552734375,0.01,5e-05
,,,,,893226,1160.0,2666,,,,,,
,,,,,893967,2100.0,2970,,,,,,
,,,,,894000,,,17.113388061523438,122.89149475097656,122.21469116210938,607.0985717773438,0.01,5e-05
,,,,,894967,3270.0,4026,,,,,,
,,,,,895000,,,20.55635643005371,146.4226531982422,146.3654022216797,822.0514526367188,0.01,5e-05
,,,,,895832,1930.0,3474,,,,,,
,,,,,896000,,,11.61197280883789,156.56365966796875,156.9806365966797,666.6806030273438,0.01,5e-05
,,,,,896495,1390.0,2658,,,,,,
,,,,,897000,,,14.52211856842041,152.79940795898438,152.93182373046875,490.6127624511719,0.01,5e-05
,,,,,897388,1270.0,3586,,,,,,
,,,,,898000,,,50.932308197021484,165.86224365234375,167.51023864746094,1832.003662109375,0.01,5e-05
,,,,,898316,1660.0,3738,,,,,,
,,,,,899000,,,19.607065200805664,177.947509765625,179.83143615722656,1164.9617919921875,0.01,5e-05
,,,,,899016,730.0,2818,,,,,,
,,,,,899621,1520.0,2426,,,,,,
2148.0,581.32263,3280.0,1160.0,3204.4,900000,,,1254.7266845703125,133.13101196289062,140.65013122558594,8158.88134765625,0.01,5e-05
,,,,,900494,2280.0,3506,,,,,,
,,,,,901000,,,35.58757019042969,152.1775665283203,150.22885131835938,1613.54150390625,0.01,5e-05
,,,,,901256,1950.0,3066,,,,,,
,,,,,902000,,,4973.58837890625,125.79772186279297,137.38143920898438,8139.9619140625,0.01,5e-05
,,,,,902147,2010.0,3570,,,,,,
,,,,,903000,,,118.38800811767578,145.5454559326172,148.0187530517578,1864.4423828125,0.01,5e-05
,,,,,903026,1120.0,3522,,,,,,
,,,,,903861,1070.0,3346,,,,,,
,,,,,904000,,,18.528139114379883,145.2242889404297,145.02281188964844,786.5624389648438,0.01,5e-05
,,,,,904520,830.0,2658,,,,,,
,,,,,905000,,,7.78704833984375,152.62095642089844,151.7058868408203,527.1317749023438,0.01,5e-05
,,,,,905224,940.0,2834,,,,,,
,,,,,906000,,,48.701568603515625,159.9904327392578,163.74241638183594,2426.498046875,0.01,5e-05
,,,,,906065,1770.0,3362,,,,,,
,,,,,906901,1170.0,3370,,,,,,
,,,,,907000,,,21.10628890991211,162.4878387451172,159.71820068359375,1675.8199462890625,0.01,5e-05
,,,,,907465,1470.0,2282,,,,,,
,,,,,908000,,,16.43927574157715,158.02188110351562,157.39540100097656,919.1157836914062,0.01,5e-05
,,,,,908413,1730.0,3810,,,,,,
,,,,,909000,,,31.934585571289062,151.96571350097656,149.7298583984375,1448.7061767578125,0.01,5e-05
,,,,,909198,1240.0,3146,,,,,,
,,,,,909885,1550.0,2762,,,,,,
2367.0,807.9858,2990.0,990.0,3175.6,910000,,,12.487110137939453,160.36448669433594,160.4273223876953,615.8963012695312,0.01,5e-05
,,,,,910724,2780.0,3362,,,,,,
,,,,,911000,,,55.844970703125,172.4783172607422,174.17584228515625,1256.2781982421875,0.01,5e-05
,,,,,911652,1720.0,3722,,,,,,
,,,,,912000,,,46.606571197509766,129.08541870117188,131.5970458984375,2178.599609375,0.01,5e-05
,,,,,912900,2280.0,4994,,,,,,
,,,,,913000,,,21.680992126464844,137.06871032714844,137.8132781982422,1081.6197509765625,0.01,5e-05
,,,,,913610,1210.0,2850,,,,,,
,,,,,914000,,,28.155986785888672,150.84539794921875,149.28594970703125,1307.3199462890625,0.01,5e-05
,,,,,914483,1670.0,3514,,,,,,
,,,,,915000,,,16.177555084228516,162.99588012695312,163.8433074951172,869.012939453125,0.01,5e-05
,,,,,915164,980.0,2746,,,,,,
,,,,,916000,,,26.962369918823242,169.5505828857422,168.4420928955078,1060.2872314453125,0.01,5e-05
,,,,,916394,1730.0,4938,,,,,,
,,,,,916989,1000.0,2402,,,,,,
,,,,,917000,,,22.741405487060547,158.5872344970703,159.22021484375,1212.3529052734375,0.01,5e-05
,,,,,917660,1400.0,2714,,,,,,
,,,,,918000,,,11.60305404663086,147.6423797607422,147.3145751953125,615.6155395507812,0.01,5e-05
,,,,,918338,3110.0,2722,,,,,,
,,,,,919000,,,20.26405906677246,140.87704467773438,138.72314453125,1146.24169921875,0.01,5e-05
,,,,,919033,1410.0,2786,,,,,,
1276.0,446.00897,1900.0,840.0,2976.4,920000,,,39.947025299072266,165.03404235839844,162.365478515625,2493.78759765625,0.01,5e-05
,,,,,920129,2790.0,4410,,,,,,
,,,,,920885,1270.0,3034,,,,,,
,,,,,921000,,,16.02898597717285,161.2710723876953,161.73329162597656,840.3195190429688,0.01,5e-05
,,,,,921658,1130.0,3098,,,,,,
,,,,,922000,,,14.432846069335938,145.0872344970703,146.31008911132812,935.9016723632812,0.01,5e-05
,,,,,922441,1340.0,3154,,,,,,
,,,,,922913,880.0,1906,,,,,,
,,,,,923000,,,55.244598388671875,143.24603271484375,143.2329864501953,1827.6319580078125,0.01,5e-05
,,,,,923595,2240.0,2746,,,,,,
,,,,,924000,,,47.57391357421875,152.54296875,152.0311279296875,1871.1473388671875,0.01,5e-05
,,,,,924293,1440.0,2802,,,,,,
,,,,,924795,990.0,2026,,,,,,
,,,,,925000,,,8.609940528869629,160.17918395996094,159.8397979736328,547.7552490234375,0.01,5e-05
,,,,,925486,1430.0,2770,,,,,,
,,,,,926000,,,20.033964157104492,148.23204040527344,147.06500244140625,1063.7755126953125,0.01,5e-05
,,,,,926052,1370.0,2274,,,,,,
,,,,,927000,,,33.71644592285156,143.6565399169922,143.10227966308594,1007.1566772460938,0.01,5e-05
,,,,,927041,1500.0,3978,,,,,,
,,,,,927654,610.0,2466,,,,,,
,,,,,928000,,,16.138174057006836,144.5920867919922,145.73651123046875,1292.721435546875,0.01,5e-05
,,,,,928453,1590.0,3210,,,,,,
,,,,,929000,,,20.702831268310547,139.60389709472656,140.55247497558594,1218.0115966796875,0.01,5e-05
,,,,,929130,1400.0,2714,,,,,,
937.0,102.76672,1090.0,830.0,2591.6,930000,,,20.83087921142578,164.97967529296875,167.00942993164062,1425.8543701171875,0.01,5e-05
,,,,,930237,1440.0,4458,,,,,,
,,,,,930873,1060.0,2570,,,,,,
,,,,,931000,,,12.522893905639648,154.6034698486328,154.91461181640625,531.560791015625,0.01,5e-05
,,,,,931613,1170.0,2978,,,,,,
,,,,,932000,,,16.1458740234375,139.2613525390625,139.44851684570312,507.3287048339844,0.01,5e-05
,,,,,932704,3690.0,4386,,,,,,
,,,,,933000,,,18.8643856048584,169.75482177734375,169.280029296875,816.130126953125,0.01,5e-05
,,,,,933532,1060.0,3322,,,,,,
,,,,,934000,,,10.649085998535156,150.35870361328125,149.98475646972656,551.3450927734375,0.01,5e-05
,,,,,934267,990.0,2962,,,,,,
,,,,,935000,,,21.289567947387695,144.4483642578125,143.4552459716797,1964.4434814453125,0.01,5e-05
,,,,,935299,1780.0,4154,,,,,,
,,,,,936000,,,1214.4515380859375,151.29244995117188,157.27658081054688,4726.43701171875,0.01,5e-05
,,,,,936467,1990.0,4674,,,,,,
,,,,,937000,,,10.10378360748291,158.8186492919922,160.3577423095703,856.3995361328125,0.01,5e-05
,,,,,937217,1320.0,3010,,,,,,
,,,,,937946,1850.0,2922,,,,,,
,,,,,938000,,,96.90251159667969,152.2396240234375,152.96397399902344,1392.7235107421875,0.01,5e-05
,,,,,938600,1600.0,2642,,,,,,
,,,,,939000,,,18.57415199279785,139.89532470703125,140.72439575195312,892.852294921875,0.01,5e-05
,,,,,939379,1770.0,3130,,,,,,
1629.0,551.3157,2400.0,910.0,2992.4,940000,,,12.911279678344727,150.32492065429688,149.741943359375,806.0555419921875,0.01,5e-05
,,,,,940114,1570.0,2946,,,,,,
,,,,,940785,870.0,2690,,,,,,
,,,,,941000,,,16.98410415649414,156.33831787109375,156.63673400878906,594.6484375,0.01,5e-05
,,,,,941699,1600.0,3666,,,,,,
,,,,,942000,,,11.62588119506836,139.55848693847656,139.26368713378906,605.489990234375,0.01,5e-05
,,,,,942414,1970.0,2866,,,,,,
,,,,,943000,,,33.993812561035156,151.76805114746094,152.2198944091797,1830.0428466796875,0.01,5e-05
,,,,,943396,3210.0,3946,,,,,,
,,,,,944000,,,37.293701171875,161.4132080078125,162.43431091308594,1072.4215087890625,0.01,5e-05
,,,,,944313,1690.0,3690,,,,,,
,,,,,944850,930.0,2162,,,,,,
,,,,,945000,,,17.415321350097656,153.1781463623047,151.93800354003906,1050.9190673828125,0.01,5e-05
,,,,,945708,1040.0,3442,,,,,,
,,,,,946000,,,23.51393699645996,157.22164916992188,158.63035583496094,1150.471923828125,0.01,5e-05
,,,,,946821,1850.0,4458,,,,,,
,,,,,947000,,,13.902081489562988,157.5074462890625,156.13743591308594,807.7393798828125,0.01,5e-05
,,,,,947639,2090.0,3298,,,,,,
,,,,,948000,,,78.03660583496094,159.73345947265625,162.5696563720703,2068.825439453125,0.01,5e-05
,,,,,948412,2690.0,3114,,,,,,
,,,,,949000,,,26.20867156982422,167.95565795898438,167.1726837158203,1008.2658081054688,0.01,5e-05
,,,,,949027,800.0,2474,,,,,,
,,,,,949850,1270.0,3306,,,,,,
1550.0,319.46832,2150.0,1190.0,2970.0,950000,,,7.416170597076416,148.010498046875,148.85830688476562,559.9638671875,0.01,5e-05
,,,,,950438,1500.0,2362,,,,,,
,,,,,951000,,,25.675127029418945,148.5079345703125,148.17800903320312,892.4853515625,0.01,5e-05
,,,,,951207,1030.0,3098,,,,,,
,,,,,951897,990.0,2762,,,,,,
,,,,,952000,,,15.736820220947266,145.08673095703125,145.62655639648438,715.2042846679688,0.01,5e-05
,,,,,952516,940.0,2482,,,,,,
,,,,,953000,,,28.53006362915039,161.18019104003906,162.5534210205078,1549.349365234375,0.01,5e-05
,,,,,953184,1550.0,2674,,,,,,
,,,,,953926,1810.0,2978,,,,,,
,,,,,954000,,,11.054792404174805,167.00241088867188,165.55392456054688,903.261474609375,0.01,5e-05
,,,,,955000,,,103.05964660644531,148.21096801757812,148.4920654296875,1446.0859375,0.01,5e-05
,,,,,955015,2600.0,4370,,,,,,
,,,,,955799,1010.0,3162,,,,,,
,,,,,956000,,,21.22273826599121,147.42909240722656,150.1150665283203,1550.3663330078125,0.01,5e-05
,,,,,956425,1140.0,2514,,,,,,
,,,,,957000,,,13.056206703186035,148.9843292236328,149.30618286132812,437.59063720703125,0.01,5e-05
,,,,,957439,2110.0,4058,,,,,,
,,,,,958000,,,14.402018547058105,151.98207092285156,152.7249755859375,822.1759033203125,0.01,5e-05
,,,,,958138,1450.0,2826,,,,,,
,,,,,958690,980.0,2226,,,,,,
,,,,,959000,,,77.15557098388672,139.7082061767578,138.58721923828125,1474.8843994140625,0.01,5e-05
,,,,,959321,1000.0,2530,,,,,,
1248.0,509.68225,1720.0,640.0,2626.0,960000,,,20.992164611816406,139.6219482421875,139.27085876464844,906.6926879882812,0.01,5e-05
,,,,,960084,1110.0,3058,,,,,,
,,,,,960684,900.0,2426,,,,,,
,,,,,961000,,,32.59779739379883,165.76905822753906,164.4609832763672,1507.435791015625,0.01,5e-05
,,,,,961359,1510.0,2722,,,,,,
,,,,,961992,1890.0,2546,,,,,,
,,,,,962000,,,12.146780014038086,163.38351440429688,163.8585662841797,819.4022827148438,0.01,5e-05
,,,,,963000,,,32.17007827758789,129.3783721923828,126.60933685302734,1660.3836669921875,0.01,5e-05
,,,,,963129,1560.0,4570,,,,,,
,,,,,963839,1200.0,2850,,,,,,
,,,,,964000,,,17.501914978027344,153.51559448242188,154.51266479492188,1030.803955078125,0.01,5e-05
,,,,,964782,2840.0,3786,,,,,,
,,,,,965000,,,16.968364715576172,153.69241333007812,152.79449462890625,764.5269165039062,0.01,5e-05
,,,,,965568,2310.0,3170,,,,,,
,,,,,966000,,,15.529550552368164,148.489990234375,147.24815368652344,722.7603759765625,0.01,5e-05
,,,,,966043,740.0,1922,,,,,,
,,,,,966966,1820.0,3714,,,,,,
,,,,,967000,,,21.94468879699707,152.01759338378906,153.55126953125,1092.221923828125,0.01,5e-05
,,,,,967914,1840.0,3810,,,,,,
,,,,,968000,,,40.16114807128906,164.15367126464844,165.08099365234375,1064.87109375,0.01,5e-05
,,,,,968591,1030.0,2730,,,,,,
,,,,,969000,,,58.985233306884766,156.31112670898438,153.7682342529297,2706.826171875,0.01,5e-05
,,,,,969367,1740.0,3114,,,,,,
,,,,,969971,800.0,2442,,,,,,
1432.0,342.68936,1820.0,1080.0,3170.0,970000,,,23.106599807739258,163.62290954589844,162.30860900878906,1153.41943359375,0.01,5e-05
,,,,,970639,1150.0,2698,,,,,,
,,,,,971000,,,15.735671997070312,171.4096221923828,171.6887664794922,534.7484130859375,0.01,5e-05
,,,,,971125,1280.0,1962,,,,,,
,,,,,971846,2370.0,2898,,,,,,
,,,,,972000,,,118.14585876464844,158.1359100341797,160.7046661376953,1741.8887939453125,0.01,5e-05
,,,,,972792,2540.0,3794,,,,,,
,,,,,973000,,,13.107122421264648,152.6070098876953,152.1536407470703,727.0579223632812,0.01,5e-05
,,,,,973646,1890.0,3426,,,,,,
,,,,,974000,,,9.173357963562012,174.56915283203125,175.09194946289062,668.5123901367188,0.01,5e-05
,,,,,974378,1250.0,2930,,,,,,
,,,,,975000,,,15.005619049072266,146.62832641601562,146.45523071289062,865.04296875,0.01,5e-05
,,,,,975163,1680.0,3146,,,,,,
,,,,,975608,1230.0,1802,,,,,,
,,,,,976000,,,1105.78759765625,146.6703643798828,152.7265625,5538.23291015625,0.01,5e-05
,,,,,976502,2190.0,3586,,,,,,
,,,,,977000,,,14.816309928894043,145.33871459960938,144.86843872070312,811.8927001953125,0.01,5e-05
,,,,,977347,1490.0,3386,,,,,,
,,,,,978000,,,12.388810157775879,137.37313842773438,138.8024444580078,853.9581909179688,0.01,5e-05
,,,,,978057,3180.0,2850,,,,,,
,,,,,978653,1100.0,2410,,,,,,
,,,,,979000,,,1132.5521240234375,155.2784881591797,160.13340759277344,5037.43310546875,0.01,5e-05
,,,,,979310,1150.0,2642,,,,,,
1256.0,334.01196,1760.0,860.0,2846.0,980000,,,17.222131729125977,175.88909912109375,176.54928588867188,1243.3409423828125,0.01,5e-05
,,,,,980148,1390.0,3362,,,,,,
,,,,,980664,1000.0,2090,,,,,,
,,,,,981000,,,25.55573081970215,165.06716918945312,163.2273406982422,1357.1251220703125,0.01,5e-05
,,,,,981850,1330.0,4770,,,,,,
,,,,,982000,,,24.767993927001953,144.18838500976562,145.2357635498047,867.0532836914062,0.01,5e-05
,,,,,982398,1460.0,2210,,,,,,
,,,,,983000,,,19.572053909301758,155.5519256591797,156.59869384765625,1125.578125,0.01,5e-05
,,,,,983140,1140.0,2978,,,,,,
,,,,,984000,,,1016.46142578125,162.56793212890625,167.44821166992188,3911.3525390625,0.01,5e-05
,,,,,984178,2890.0,4178,,,,,,
,,,,,984969,2000.0,3186,,,,,,
,,,,,985000,,,10.078605651855469,139.9433135986328,140.32740783691406,549.9144897460938,0.01,5e-05
,,,,,985877,1720.0,3658,,,,,,
,,,,,986000,,,35.25382995605469,191.4944305419922,192.45957946777344,1983.9984130859375,0.01,5e-05
,,,,,986573,2480.0,2794,,,,,,
,,,,,987000,,,10.453973770141602,159.09286499023438,159.0430450439453,660.6248168945312,0.01,5e-05
,,,,,987235,1760.0,2674,,,,,,
,,,,,988000,,,21.512344360351562,147.45188903808594,146.99285888671875,782.0899047851562,0.01,5e-05
,,,,,988055,1120.0,3298,,,,,,
,,,,,988796,1160.0,2970,,,,,,
,,,,,989000,,,23.641584396362305,160.98184204101562,160.0251007080078,1036.13623046875,0.01,5e-05
,,,,,989486,1600.0,2778,,,,,,
1560.0,180.8867,1670.0,1200.0,3184.4,990000,,,230.36474609375,152.07191467285156,154.97030639648438,2727.461181640625,0.01,5e-05
,,,,,990362,1590.0,3506,,,,,,
,,,,,990899,1410.0,2154,,,,,,
,,,,,991000,,,49.521724700927734,160.7769775390625,161.5109100341797,1301.05859375,0.01,5e-05
,,,,,991908,890.0,4058,,,,,,
,,,,,992000,,,14.137435913085938,170.7085723876953,168.592529296875,1212.560546875,0.01,5e-05
,,,,,992698,1660.0,3186,,,,,,
,,,,,993000,,,17.354326248168945,140.9832305908203,140.0177001953125,1032.5751953125,0.01,5e-05
,,,,,993664,2300.0,3874,,,,,,
,,,,,994000,,,20.94108009338379,161.0055389404297,159.16651916503906,1244.2203369140625,0.01,5e-05
,,,,,994652,1440.0,3962,,,,,,
,,,,,995000,,,22.48581314086914,161.15435791015625,158.72792053222656,1374.5792236328125,0.01,5e-05
,,,,,995318,1500.0,2674,,,,,,
,,,,,996000,,,8.730497360229492,169.59999084472656,169.1759033203125,471.1689147949219,0.01,5e-05
,,,,,996042,1550.0,2922,,,,,,
,,,,,996716,840.0,2714,,,,,,
,,,,,997000,,,27.88448143005371,153.16845703125,152.7545928955078,1253.658447265625,0.01,5e-05
,,,,,997307,980.0,2362,,,,,,
,,,,,998000,,,16.671751022338867,157.38894653320312,158.24241638183594,901.3685913085938,0.01,5e-05
,,,,,998209,2040.0,3634,,,,,,
,,,,,998705,930.0,2002,,,,,,
,,,,,999000,,,8.685115814208984,136.99185180664062,135.582275390625,653.59375,0.01,5e-05
,,,,,999475,2600.0,3106,,,,,,
