Eval_AverageReturn,Eval_StdReturn,Eval_MaxReturn,Eval_MinReturn,Eval_AverageEpLen,step,Train_EpisodeReturn,Train_EpisodeLen,critic_loss,q_values,target_values,grad_norm,epsilon,lr
-868.25684,275.57318,-574.3861,-1470.9724,106.5,0,,,,,,,,
,,,,,65,-29.756966,66,,,,,,
,,,,,169,-367.60806,104,,,,,,
,,,,,270,-160.08368,101,,,,,,
,,,,,339,-103.104645,69,,,,,,
,,,,,450,-159.61237,111,,,,,,
,,,,,545,-315.0169,95,,,,,,
,,,,,617,-138.26108,72,,,,,,
,,,,,729,-202.52338,112,,,,,,
,,,,,834,-200.69247,105,,,,,,
,,,,,888,-76.9968,54,,,,,,
,,,,,965,-214.30872,77,,,,,,
,,,,,1082,-96.92456,117,,,,,,
,,,,,1174,-245.58662,92,,,,,,
,,,,,1264,-141.64569,90,,,,,,
,,,,,1338,-179.03232,74,,,,,,
,,,,,1407,-71.56555,69,,,,,,
,,,,,1509,-380.56567,102,,,,,,
,,,,,1618,-252.9209,109,,,,,,
,,,,,1718,-139.35255,100,,,,,,
,,,,,1816,-132.56592,98,,,,,,
,,,,,1879,-126.55955,63,,,,,,
,,,,,1981,-153.9204,102,,,,,,
,,,,,2046,-231.76212,65,,,,,,
,,,,,2138,-114.98754,92,,,,,,
,,,,,2276,-131.56087,138,,,,,,
,,,,,2342,-106.256294,66,,,,,,
,,,,,2414,-124.14284,72,,,,,,
,,,,,2546,-209.4799,132,,,,,,
,,,,,2645,-84.964096,99,,,,,,
,,,,,2767,-128.12082,122,,,,,,
,,,,,2881,-173.06668,114,,,,,,
,,,,,2974,-151.8674,93,,,,,,
,,,,,3051,-47.99471,77,,,,,,
,,,,,3130,-107.248764,79,,,,,,
,,,,,3236,-336.22668,106,,,,,,
,,,,,3339,-120.683365,103,,,,,,
,,,,,3434,-395.7291,95,,,,,,
,,,,,3534,-490.98343,100,,,,,,
,,,,,3604,-71.14832,70,,,,,,
,,,,,3680,-304.16547,76,,,,,,
,,,,,3759,-210.47992,79,,,,,,
,,,,,3832,-190.24164,73,,,,,,
,,,,,3926,-67.22882,94,,,,,,
,,,,,4056,-103.24411,130,,,,,,
,,,,,4155,-125.42523,99,,,,,,
,,,,,4253,-343.02792,98,,,,,,
,,,,,4355,-361.32626,102,,,,,,
,,,,,4419,-75.35042,64,,,,,,
,,,,,4509,-276.0398,90,,,,,,
,,,,,4606,-13.454086,97,,,,,,
,,,,,4706,-198.38599,100,,,,,,
,,,,,4804,-13.367676,98,,,,,,
,,,,,4912,-227.65408,108,,,,,,
,,,,,5047,-105.67604,135,,,,,,
,,,,,5183,-328.84418,136,,,,,,
,,,,,5298,-64.93562,115,,,,,,
,,,,,5392,-111.76908,94,,,,,,
,,,,,5471,-134.87485,79,,,,,,
,,,,,5573,-379.1651,102,,,,,,
,,,,,5661,-149.38966,88,,,,,,
,,,,,5752,-118.14235,91,,,,,,
,,,,,5833,-74.73711,81,,,,,,
,,,,,5901,-77.835175,68,,,,,,
,,,,,6002,-368.1731,101,,,,,,
,,,,,6132,-364.06058,130,,,,,,
,,,,,6201,-83.173416,69,,,,,,
,,,,,6296,-86.909225,95,,,,,,
,,,,,6360,-107.949295,64,,,,,,
,,,,,6432,-294.9845,72,,,,,,
,,,,,6513,-232.20566,81,,,,,,
,,,,,6612,-96.86365,99,,,,,,
,,,,,6748,-407.37885,136,,,,,,
,,,,,6850,-283.54834,102,,,,,,
,,,,,6976,-392.38153,126,,,,,,
,,,,,7068,-314.56277,92,,,,,,
,,,,,7131,-135.26364,63,,,,,,
,,,,,7201,-149.27347,70,,,,,,
,,,,,7270,-40.00766,69,,,,,,
,,,,,7391,-73.13643,121,,,,,,
,,,,,7500,-173.03885,109,,,,,,
,,,,,7567,-92.654755,67,,,,,,
,,,,,7660,-94.7328,93,,,,,,
,,,,,7774,-223.82785,114,,,,,,
,,,,,7895,-117.856476,121,,,,,,
,,,,,7993,-329.20993,98,,,,,,
,,,,,8103,-349.3206,110,,,,,,
,,,,,8197,-121.64257,94,,,,,,
,,,,,8308,-7.146904,111,,,,,,
,,,,,8405,-367.01193,97,,,,,,
,,,,,8489,-284.3062,84,,,,,,
,,,,,8580,-197.90369,91,,,,,,
,,,,,8708,-138.92815,128,,,,,,
,,,,,8796,-444.924,88,,,,,,
,,,,,8860,-70.51878,64,,,,,,
,,,,,8938,-125.88219,78,,,,,,
,,,,,9034,-432.79956,96,,,,,,
,,,,,9145,-82.862045,111,,,,,,
,,,,,9260,-115.36482,115,,,,,,
,,,,,9371,-391.55713,111,,,,,,
,,,,,9444,-86.17626,73,,,,,,
,,,,,9506,-113.54262,62,,,,,,
,,,,,9627,-94.9591,121,,,,,,
,,,,,9704,-130.70483,77,,,,,,
,,,,,9802,-354.49106,98,,,,,,
,,,,,9882,-118.504906,80,,,,,,
,,,,,9983,-309.19632,101,,,,,,
-922.8419,363.81354,-556.32983,-1722.4761,124.2,10000,,,,,,,,
,,,,,10117,-233.96365,134,,,,,,
,,,,,10197,-136.06723,80,,,,,,
,,,,,10309,-265.00134,112,,,,,,
,,,,,10389,-89.99397,80,,,,,,
,,,,,10472,-96.37678,83,,,,,,
,,,,,10565,-17.854889,93,,,,,,
,,,,,10661,-272.1526,96,,,,,,
,,,,,10762,-116.0743,101,,,,,,
,,,,,10856,-198.2532,94,,,,,,
,,,,,10914,-93.7422,58,,,,,,
,,,,,11017,-36.872227,103,,,,,,
,,,,,11085,-95.916595,68,,,,,,
,,,,,11158,-104.475945,73,,,,,,
,,,,,11266,-184.66269,108,,,,,,
,,,,,11355,-116.95067,89,,,,,,
,,,,,11477,-318.83997,122,,,,,,
,,,,,11564,-102.829346,87,,,,,,
,,,,,11654,-364.6425,90,,,,,,
,,,,,11724,-121.35983,70,,,,,,
,,,,,11835,-108.5308,111,,,,,,
,,,,,11920,-79.83981,85,,,,,,
,,,,,12007,-77.73991,87,,,,,,
,,,,,12071,-73.716446,64,,,,,,
,,,,,12174,-469.72537,103,,,,,,
,,,,,12280,0.3846283,106,,,,,,
,,,,,12368,-95.82763,88,,,,,,
,,,,,12482,-177.6644,114,,,,,,
,,,,,12571,-97.29664,89,,,,,,
,,,,,12651,-134.87239,80,,,,,,
,,,,,12716,-88.43086,65,,,,,,
,,,,,12818,-202.24573,102,,,,,,
,,,,,12888,-130.26802,70,,,,,,
,,,,,12956,-128.184,68,,,,,,
,,,,,13043,-302.15558,87,,,,,,
,,,,,13151,-310.76132,108,,,,,,
,,,,,13234,-163.11375,83,,,,,,
,,,,,13312,-117.02209,78,,,,,,
,,,,,13427,-64.9412,115,,,,,,
,,,,,13505,-99.20435,78,,,,,,
,,,,,13592,-277.2923,87,,,,,,
,,,,,13681,-114.57748,89,,,,,,
,,,,,13760,-148.8052,79,,,,,,
,,,,,13850,-127.88735,90,,,,,,
,,,,,13968,-152.613,118,,,,,,
,,,,,14040,-195.3682,72,,,,,,
,,,,,14114,-326.04132,74,,,,,,
,,,,,14231,-176.13246,117,,,,,,
,,,,,14296,-213.98218,65,,,,,,
,,,,,14398,-140.7649,102,,,,,,
,,,,,14466,-106.11653,68,,,,,,
,,,,,14547,-81.68248,81,,,,,,
,,,,,14614,-207.9543,67,,,,,,
,,,,,14672,-56.261497,58,,,,,,
,,,,,14743,-112.90916,71,,,,,,
,,,,,14823,-173.42911,80,,,,,,
,,,,,14897,-382.14957,74,,,,,,
,,,,,14993,-70.454544,96,,,,,,
,,,,,15100,-142.46567,107,,,,,,
,,,,,15179,-134.8475,79,,,,,,
,,,,,15244,-73.361946,65,,,,,,
,,,,,15318,-45.16439,74,,,,,,
,,,,,15396,-84.792114,78,,,,,,
,,,,,15486,-525.5676,90,,,,,,
,,,,,15599,-274.5891,113,,,,,,
,,,,,15716,-132.59467,117,,,,,,
,,,,,15812,-411.73868,96,,,,,,
,,,,,15917,-228.76399,105,,,,,,
,,,,,16004,-304.74686,87,,,,,,
,,,,,16117,-75.46796,113,,,,,,
,,,,,16205,-81.066826,88,,,,,,
,,,,,16282,-239.47348,77,,,,,,
,,,,,16405,-94.35574,123,,,,,,
,,,,,16495,-328.4687,90,,,,,,
,,,,,16575,-89.315285,80,,,,,,
,,,,,16706,-272.10394,131,,,,,,
,,,,,16787,-132.82935,81,,,,,,
,,,,,16871,-227.23877,84,,,,,,
,,,,,16968,-345.21384,97,,,,,,
,,,,,17028,-118.82485,60,,,,,,
,,,,,17137,-330.70508,109,,,,,,
,,,,,17225,-114.92769,88,,,,,,
,,,,,17303,-334.00742,78,,,,,,
,,,,,17376,-95.34583,73,,,,,,
,,,,,17468,-411.09903,92,,,,,,
,,,,,17538,-97.6439,70,,,,,,
,,,,,17652,-268.6685,114,,,,,,
,,,,,17732,-60.18997,80,,,,,,
,,,,,17867,-45.014545,135,,,,,,
,,,,,17937,-87.22469,70,,,,,,
,,,,,18021,-123.333275,84,,,,,,
,,,,,18146,-10.085419,125,,,,,,
,,,,,18242,-269.77765,96,,,,,,
,,,,,18326,-128.67975,84,,,,,,
,,,,,18442,-133.40424,116,,,,,,
,,,,,18502,-58.66542,60,,,,,,
,,,,,18588,-231.73607,86,,,,,,
,,,,,18684,-405.97076,96,,,,,,
,,,,,18774,-181.30959,90,,,,,,
,,,,,18845,-230.90541,71,,,,,,
,,,,,18932,-189.2231,87,,,,,,
,,,,,19016,-208.64626,84,,,,,,
,,,,,19107,-101.26845,91,,,,,,
,,,,,19225,-159.2305,118,,,,,,
,,,,,19319,-150.20265,94,,,,,,
,,,,,19442,-376.79208,123,,,,,,
,,,,,19514,-78.76233,72,,,,,,
,,,,,19600,-195.20792,86,,,,,,
,,,,,19684,-87.455734,84,,,,,,
,,,,,19812,-125.879196,128,,,,,,
,,,,,19888,-178.66248,76,,,,,,
,,,,,19972,-417.61865,84,,,,,,
-602.90845,143.30482,-439.47803,-827.20874,101.6,20000,,,163.266845703125,-0.061780765652656555,-2.40433669090271,20.978025436401367,0.88,0.001
,,,,,20040,-84.69351,68,,,,,,
,,,,,20137,-95.6165,97,,,,,,
,,,,,20201,-87.155815,64,,,,,,
,,,,,20275,-114.900246,74,,,,,,
,,,,,20362,-95.48236,87,,,,,,
,,,,,20436,-181.50777,74,,,,,,
,,,,,20559,-212.2077,123,,,,,,
,,,,,20652,-341.30246,93,,,,,,
,,,,,20738,-225.1036,86,,,,,,
,,,,,20830,-230.48729,92,,,,,,
,,,,,20926,-157.58357,96,,,,,,
,,,,,21000,,,200.4591064453125,-2.360826253890991,-1.5284028053283691,55.44631576538086,0.874,0.001
,,,,,21038,-97.86531,112,,,,,,
,,,,,21135,-399.66476,97,,,,,,
,,,,,21228,-162.11061,93,,,,,,
,,,,,21337,-64.08139,109,,,,,,
,,,,,21435,-325.74332,98,,,,,,
,,,,,21519,-142.24965,84,,,,,,
,,,,,21580,-117.63011,61,,,,,,
,,,,,21634,-208.56314,54,,,,,,
,,,,,21767,-111.887215,133,,,,,,
,,,,,21837,-183.81976,70,,,,,,
,,,,,21915,-116.63032,78,,,,,,
,,,,,22000,,,24.172513961791992,-2.6960113048553467,-1.7307535409927368,34.72837829589844,0.868,0.001
,,,,,22017,-211.80438,102,,,,,,
,,,,,22104,21.432579,87,,,,,,
,,,,,22199,-135.53036,95,,,,,,
,,,,,22302,-248.56052,103,,,,,,
,,,,,22364,-61.27105,62,,,,,,
,,,,,22481,-518.33386,117,,,,,,
,,,,,22583,-179.62305,102,,,,,,
,,,,,22661,-129.43329,78,,,,,,
,,,,,22737,-357.02954,76,,,,,,
,,,,,22855,-343.10767,118,,,,,,
,,,,,22940,-186.62921,85,,,,,,
,,,,,23000,,,151.87335205078125,-1.6822549104690552,-2.9571101665496826,151.27406311035156,0.862,0.001
,,,,,23013,-222.13925,73,,,,,,
,,,,,23144,-174.74289,131,,,,,,
,,,,,23230,-95.31846,86,,,,,,
,,,,,23351,-356.95258,121,,,,,,
,,,,,23431,-135.6519,80,,,,,,
,,,,,23528,-377.9674,97,,,,,,
,,,,,23600,-227.91348,72,,,,,,
,,,,,23682,-123.958405,82,,,,,,
,,,,,23766,-90.6926,84,,,,,,
,,,,,23863,-122.607216,97,,,,,,
,,,,,23921,-149.92673,58,,,,,,
,,,,,24000,,,2.6035454273223877,0.050822705030441284,0.12001663446426392,12.230398178100586,0.856,0.001
,,,,,24037,-205.4292,116,,,,,,
,,,,,24136,-99.35427,99,,,,,,
,,,,,24228,-94.73346,92,,,,,,
,,,,,24300,-93.87512,72,,,,,,
,,,,,24375,-102.222305,75,,,,,,
,,,,,24439,-289.5072,64,,,,,,
,,,,,24505,-197.37016,66,,,,,,
,,,,,24638,-102.41335,133,,,,,,
,,,,,24711,-212.17601,73,,,,,,
,,,,,24849,-236.89056,138,,,,,,
,,,,,24932,-163.74092,83,,,,,,
,,,,,25000,,,4.018270492553711,-1.891008973121643,-2.2228586673736572,27.558029174804688,0.85,0.001
,,,,,25018,-173.7615,86,,,,,,
,,,,,25112,-367.40784,94,,,,,,
,,,,,25205,-338.2445,93,,,,,,
,,,,,25275,-61.695663,70,,,,,,
,,,,,25346,-117.178444,71,,,,,,
,,,,,25431,-26.345978,85,,,,,,
,,,,,25506,-100.777626,75,,,,,,
,,,,,25577,-147.14076,71,,,,,,
,,,,,25650,-165.34708,73,,,,,,
,,,,,25739,-223.64128,89,,,,,,
,,,,,25838,-53.146454,99,,,,,,
,,,,,25927,-175.47726,89,,,,,,
,,,,,26000,,,94.48333740234375,-0.9711695909500122,-2.6410205364227295,172.79095458984375,0.844,0.001
,,,,,26031,-109.412384,104,,,,,,
,,,,,26147,-358.1214,116,,,,,,
,,,,,26234,-241.04405,87,,,,,,
,,,,,26295,-67.83928,61,,,,,,
,,,,,26397,-162.26929,102,,,,,,
,,,,,26556,-244.87675,159,,,,,,
,,,,,26655,17.405136,99,,,,,,
,,,,,26722,-86.04333,67,,,,,,
,,,,,26809,-366.013,87,,,,,,
,,,,,26919,-133.03693,110,,,,,,
,,,,,27000,,,5.160001754760742,-2.361170768737793,-1.4179251194000244,49.488502502441406,0.838,0.001
,,,,,27029,-134.38892,110,,,,,,
,,,,,27091,-113.36046,62,,,,,,
,,,,,27185,-120.93758,94,,,,,,
,,,,,27271,-98.0412,86,,,,,,
,,,,,27342,-226.33295,71,,,,,,
,,,,,27429,-94.75597,87,,,,,,
,,,,,27534,-355.0367,105,,,,,,
,,,,,27652,-318.873,118,,,,,,
,,,,,27718,-127.929085,66,,,,,,
,,,,,27778,-91.81414,60,,,,,,
,,,,,27848,-268.8213,70,,,,,,
,,,,,27977,-267.62994,129,,,,,,
,,,,,28000,,,12.709940910339355,-2.248734951019287,-2.5365920066833496,57.556007385253906,0.832,0.001
,,,,,28089,-103.145485,112,,,,,,
,,,,,28157,-102.27838,68,,,,,,
,,,,,28241,-306.75293,84,,,,,,
,,,,,28342,-236.50311,101,,,,,,
,,,,,28435,-139.15305,93,,,,,,
,,,,,28531,-137.09164,96,,,,,,
,,,,,28651,-218.37463,120,,,,,,
,,,,,28750,-167.61243,99,,,,,,
,,,,,28871,-146.60823,121,,,,,,
,,,,,28958,-203.01646,87,,,,,,
,,,,,29000,,,47.93453598022461,-9.380598068237305,-8.92070198059082,101.18041229248047,0.8260000000000001,0.001
,,,,,29036,-106.15912,78,,,,,,
,,,,,29139,-203.94077,103,,,,,,
,,,,,29243,-359.4969,104,,,,,,
,,,,,29348,-280.9371,105,,,,,,
,,,,,29432,-154.03516,84,,,,,,
,,,,,29494,-90.07909,62,,,,,,
,,,,,29564,-154.57312,70,,,,,,
,,,,,29672,-219.7558,108,,,,,,
,,,,,29775,-69.2928,103,,,,,,
,,,,,29844,-52.3821,69,,,,,,
,,,,,29935,-104.35274,91,,,,,,
-146.17416,42.724754,-54.557495,-189.46114,1000.0,30000,,,4.667555809020996,-8.40144157409668,-8.538766860961914,38.66536331176758,0.82,0.001
,,,,,30023,-68.518906,88,,,,,,
,,,,,30097,-167.29276,74,,,,,,
,,,,,30178,-315.276,81,,,,,,
,,,,,30241,-63.671516,63,,,,,,
,,,,,30304,-56.022827,63,,,,,,
,,,,,30447,-177.14352,143,,,,,,
,,,,,30563,-294.84924,116,,,,,,
,,,,,30624,-88.64789,61,,,,,,
,,,,,30741,-498.0504,117,,,,,,
,,,,,30825,-223.23471,84,,,,,,
,,,,,30901,-258.44257,76,,,,,,
,,,,,31000,,,13.18173599243164,-5.713530540466309,-6.163440704345703,65.5379867553711,0.8140000000000001,0.001
,,,,,31019,-200.8244,118,,,,,,
,,,,,31077,-35.161827,58,,,,,,
,,,,,31195,-616.4685,118,,,,,,
,,,,,31295,-432.8196,100,,,,,,
,,,,,31367,-100.4414,72,,,,,,
,,,,,31439,-269.77856,72,,,,,,
,,,,,31502,-24.767227,63,,,,,,
,,,,,31609,-331.267,107,,,,,,
,,,,,31724,-386.69098,115,,,,,,
,,,,,31823,-197.69073,99,,,,,,
,,,,,31918,-347.53992,95,,,,,,
,,,,,31990,-252.8454,72,,,,,,
,,,,,32000,,,5.629075527191162,-1.0925745964050293,-1.0412144660949707,33.66094207763672,0.808,0.001
,,,,,32068,-103.34427,78,,,,,,
,,,,,32156,-160.75174,88,,,,,,
,,,,,32238,-303.82446,82,,,,,,
,,,,,32339,-290.62454,101,,,,,,
,,,,,32420,-396.85812,81,,,,,,
,,,,,32488,-89.653496,68,,,,,,
,,,,,32612,-202.54703,124,,,,,,
,,,,,32686,-333.9903,74,,,,,,
,,,,,32783,-246.46222,97,,,,,,
,,,,,32872,-183.56906,89,,,,,,
,,,,,32946,-111.81084,74,,,,,,
,,,,,33000,,,1.8471542596817017,-4.930336952209473,-4.548462867736816,24.684911727905273,0.802,0.001
,,,,,33005,-60.735233,59,,,,,,
,,,,,33120,-263.7731,115,,,,,,
,,,,,33214,-449.69455,94,,,,,,
,,,,,33282,-102.826355,68,,,,,,
,,,,,33350,-161.82516,68,,,,,,
,,,,,33455,-288.88885,105,,,,,,
,,,,,33560,-471.47958,105,,,,,,
,,,,,33666,-211.14066,106,,,,,,
,,,,,33771,-166.44208,105,,,,,,
,,,,,33867,-124.7618,96,,,,,,
,,,,,33948,-483.18457,81,,,,,,
,,,,,34000,,,17.176025390625,-10.775060653686523,-10.196816444396973,93.43965148925781,0.796,0.001
,,,,,34059,-154.3273,111,,,,,,
,,,,,34131,-151.51619,72,,,,,,
,,,,,34251,-165.28574,120,,,,,,
,,,,,34323,-153.27478,72,,,,,,
,,,,,34387,-204.34085,64,,,,,,
,,,,,34467,-353.35464,80,,,,,,
,,,,,34567,-223.11824,100,,,,,,
,,,,,34683,-168.38931,116,,,,,,
,,,,,34748,-39.133488,65,,,,,,
,,,,,34824,-125.395386,76,,,,,,
,,,,,34937,-171.57884,113,,,,,,
,,,,,35000,,,1.5628373622894287,-5.505422115325928,-5.155250072479248,23.133567810058594,0.79,0.001
,,,,,35020,-225.26112,83,,,,,,
,,,,,35085,-215.85963,65,,,,,,
,,,,,35158,-103.892975,73,,,,,,
,,,,,35249,-135.29562,91,,,,,,
,,,,,35338,-139.9478,89,,,,,,
,,,,,35477,23.177704,139,,,,,,
,,,,,35572,-257.4572,95,,,,,,
,,,,,35641,-81.679405,69,,,,,,
,,,,,35719,-268.51834,78,,,,,,
,,,,,35793,-121.71145,74,,,,,,
,,,,,35904,-356.3888,111,,,,,,
,,,,,35983,-132.83817,79,,,,,,
,,,,,36000,,,10.11837100982666,-2.199428081512451,-2.681576728820801,48.22263717651367,0.784,0.001
,,,,,36071,-90.604195,88,,,,,,
,,,,,36181,-414.21722,110,,,,,,
,,,,,36265,-150.5825,84,,,,,,
,,,,,36380,-141.0019,115,,,,,,
,,,,,36496,-427.1552,116,,,,,,
,,,,,36600,-122.233734,104,,,,,,
,,,,,36680,-71.0652,80,,,,,,
,,,,,36805,-146.03299,125,,,,,,
,,,,,36933,-337.64423,128,,,,,,
,,,,,37000,,,24.76568031311035,-0.5853044986724854,-1.25929856300354,131.7553253173828,0.778,0.001
,,,,,37054,-243.16061,121,,,,,,
,,,,,37119,-85.03403,65,,,,,,
,,,,,37248,-382.0368,129,,,,,,
,,,,,37327,-47.071938,79,,,,,,
,,,,,37429,-124.26659,102,,,,,,
,,,,,37493,-74.28461,64,,,,,,
,,,,,37562,-76.522064,69,,,,,,
,,,,,37670,-124.312546,108,,,,,,
,,,,,37765,-154.03673,95,,,,,,
,,,,,37849,-219.44524,84,,,,,,
,,,,,37941,-29.226166,92,,,,,,
,,,,,38000,,,63.24378967285156,-8.492456436157227,-9.355520248413086,226.1695556640625,0.772,0.001
,,,,,38027,-333.5329,86,,,,,,
,,,,,38130,-202.12253,103,,,,,,
,,,,,38199,-95.4523,69,,,,,,
,,,,,38267,-210.98949,68,,,,,,
,,,,,38342,-170.91486,75,,,,,,
,,,,,38475,-120.14309,133,,,,,,
,,,,,38578,-197.25589,103,,,,,,
,,,,,38684,-281.6867,106,,,,,,
,,,,,38758,-241.54564,74,,,,,,
,,,,,38823,-110.182,65,,,,,,
,,,,,38930,-463.53577,107,,,,,,
,,,,,39000,,,8.716170310974121,-2.808243751525879,-3.2021756172180176,67.53130340576172,0.766,0.001
,,,,,39060,-254.87762,130,,,,,,
,,,,,39167,-139.2984,107,,,,,,
,,,,,39249,-126.938,82,,,,,,
,,,,,39321,-111.24338,72,,,,,,
,,,,,39410,36.87462,89,,,,,,
,,,,,39511,-91.9592,101,,,,,,
,,,,,39604,-223.82568,93,,,,,,
,,,,,39684,-107.97276,80,,,,,,
,,,,,39775,-118.15671,91,,,,,,
,,,,,39864,-89.77444,89,,,,,,
,,,,,39999,-217.15762,135,,,,,,
-143.70769,27.225739,-104.020386,-192.4765,1000.0,40000,,,2.967919111251831,-4.037577152252197,-4.233951091766357,24.482776641845703,0.76,0.001
,,,,,40074,-222.85545,75,,,,,,
,,,,,40172,-320.6701,98,,,,,,
,,,,,40289,-291.4306,117,,,,,,
,,,,,40374,-120.317566,85,,,,,,
,,,,,40473,-89.716736,99,,,,,,
,,,,,40575,-402.92047,102,,,,,,
,,,,,40684,-156.0215,109,,,,,,
,,,,,40764,-105.828445,80,,,,,,
,,,,,40889,-265.9065,125,,,,,,
,,,,,40987,-564.93933,98,,,,,,
,,,,,41000,,,3.86251163482666,1.1132322549819946,1.459993600845337,48.1931266784668,0.754,0.001
,,,,,41089,-323.71442,102,,,,,,
,,,,,41180,-262.59283,91,,,,,,
,,,,,41247,-131.98264,67,,,,,,
,,,,,41358,-244.70181,111,,,,,,
,,,,,41460,-133.24887,102,,,,,,
,,,,,41561,-129.45609,101,,,,,,
,,,,,41667,-464.564,106,,,,,,
,,,,,41731,-124.19221,64,,,,,,
,,,,,41796,-177.38208,65,,,,,,
,,,,,41922,-247.55118,126,,,,,,
,,,,,42000,,,228.9453125,-3.707599639892578,-1.8020836114883423,573.91064453125,0.748,0.001
,,,,,42023,-204.40997,101,,,,,,
,,,,,42122,-302.72253,99,,,,,,
,,,,,42216,-302.8399,94,,,,,,
,,,,,42304,-81.18227,88,,,,,,
,,,,,42372,-85.07215,68,,,,,,
,,,,,42464,-262.156,92,,,,,,
,,,,,42587,-343.2674,123,,,,,,
,,,,,42679,-353.55017,92,,,,,,
,,,,,42769,65.62834,90,,,,,,
,,,,,42845,-83.0794,76,,,,,,
,,,,,42908,-54.053905,63,,,,,,
,,,,,42987,-203.18253,79,,,,,,
,,,,,43000,,,8.428512573242188,-7.099514961242676,-7.576633453369141,69.65621185302734,0.742,0.001
,,,,,43081,-85.71605,94,,,,,,
,,,,,43169,-180.86475,88,,,,,,
,,,,,43245,-86.59857,76,,,,,,
,,,,,43311,-104.43673,66,,,,,,
,,,,,43400,-104.31089,89,,,,,,
,,,,,43492,-101.3314,92,,,,,,
,,,,,43560,-103.06494,68,,,,,,
,,,,,43626,-72.19629,66,,,,,,
,,,,,43757,-105.05384,131,,,,,,
,,,,,43866,-458.72595,109,,,,,,
,,,,,43945,29.206558,79,,,,,,
,,,,,44000,,,5.2790141105651855,-1.9865270853042603,-2.471916675567627,34.14399719238281,0.736,0.001
,,,,,44026,-293.74457,81,,,,,,
,,,,,44112,-187.70729,86,,,,,,
,,,,,44235,-119.49117,123,,,,,,
,,,,,44341,-39.53784,106,,,,,,
,,,,,44404,-136.28975,63,,,,,,
,,,,,44498,-109.42772,94,,,,,,
,,,,,44580,-102.80019,82,,,,,,
,,,,,44673,-349.35626,93,,,,,,
,,,,,44780,-213.46048,107,,,,,,
,,,,,44895,-81.60475,115,,,,,,
,,,,,45000,,,3.064579486846924,5.969890594482422,5.766078948974609,40.524314880371094,0.73,0.001
,,,,,45007,-137.40022,112,,,,,,
,,,,,45132,-234.30486,125,,,,,,
,,,,,45239,-2.2341309,107,,,,,,
,,,,,45360,-199.01373,121,,,,,,
,,,,,45500,-339.30353,140,,,,,,
,,,,,45565,-103.05083,65,,,,,,
,,,,,45655,-409.4536,90,,,,,,
,,,,,45738,-122.74416,83,,,,,,
,,,,,45829,-301.52902,91,,,,,,
,,,,,45963,-126.38035,134,,,,,,
,,,,,46000,,,25.61124610900879,-9.194165229797363,-9.567530632019043,88.6894302368164,0.724,0.001
,,,,,46077,-245.55917,114,,,,,,
,,,,,46185,-123.15991,108,,,,,,
,,,,,46299,-263.54852,114,,,,,,
,,,,,46369,-72.38837,70,,,,,,
,,,,,46461,-290.5575,92,,,,,,
,,,,,46539,-210.18619,78,,,,,,
,,,,,46614,-81.22073,75,,,,,,
,,,,,46693,-110.51964,79,,,,,,
,,,,,46776,-190.37723,83,,,,,,
,,,,,46907,-60.548485,131,,,,,,
,,,,,47000,,,22.630613327026367,2.7180709838867188,1.381913185119629,119.68472290039062,0.718,0.001
,,,,,47036,-77.77077,129,,,,,,
,,,,,47120,-73.440056,84,,,,,,
,,,,,47195,-230.1609,75,,,,,,
,,,,,47264,-184.90823,69,,,,,,
,,,,,47334,-87.01939,70,,,,,,
,,,,,47440,-432.21802,106,,,,,,
,,,,,47556,-129.09892,116,,,,,,
,,,,,47665,-112.589676,109,,,,,,
,,,,,47742,-132.67067,77,,,,,,
,,,,,47827,-162.93416,85,,,,,,
,,,,,47939,-4.9116287,112,,,,,,
,,,,,48000,,,8.712337493896484,9.762749671936035,9.073089599609375,43.35206604003906,0.712,0.001
,,,,,48002,-200.14139,63,,,,,,
,,,,,48074,-186.68057,72,,,,,,
,,,,,48180,-183.03767,106,,,,,,
,,,,,48299,-422.14633,119,,,,,,
,,,,,48411,-254.65443,112,,,,,,
,,,,,48516,-164.25696,105,,,,,,
,,,,,48614,-289.35822,98,,,,,,
,,,,,48719,-124.68882,105,,,,,,
,,,,,48819,-145.70584,100,,,,,,
,,,,,48916,-138.7609,97,,,,,,
,,,,,48997,-10.094345,81,,,,,,
,,,,,49000,,,6.274922847747803,5.178605556488037,5.2690582275390625,45.666900634765625,0.706,0.001
,,,,,49109,-113.881165,112,,,,,,
,,,,,49184,-112.57192,75,,,,,,
,,,,,49254,-191.88766,70,,,,,,
,,,,,49367,-76.58162,113,,,,,,
,,,,,49478,-293.4472,111,,,,,,
,,,,,49567,-219.58008,89,,,,,,
,,,,,49686,-89.67084,119,,,,,,
,,,,,49757,-71.23686,71,,,,,,
,,,,,49867,-390.08185,110,,,,,,
,,,,,49954,-88.00458,87,,,,,,
-158.8601,17.671043,-120.945755,-186.69681,322.5,50000,,,6.383872985839844,-4.574977874755859,-3.942744016647339,58.090667724609375,0.7,0.001
,,,,,50053,-195.37054,99,,,,,,
,,,,,50169,-96.049,116,,,,,,
,,,,,50265,-65.8432,96,,,,,,
,,,,,50359,-44.626686,94,,,,,,
,,,,,50451,-71.506195,92,,,,,,
,,,,,50524,22.58181,73,,,,,,
,,,,,50650,-227.98875,126,,,,,,
,,,,,50749,-158.54068,99,,,,,,
,,,,,50857,-223.40164,108,,,,,,
,,,,,50997,-220.58041,140,,,,,,
,,,,,51000,,,38.28736114501953,11.643669128417969,12.311922073364258,266.65130615234375,0.694,0.001
,,,,,51112,-218.13039,115,,,,,,
,,,,,51179,-107.10326,67,,,,,,
,,,,,51297,-162.2951,118,,,,,,
,,,,,51359,-126.4586,62,,,,,,
,,,,,51431,-82.595314,72,,,,,,
,,,,,51524,-125.69665,93,,,,,,
,,,,,51631,-108.864395,107,,,,,,
,,,,,51700,7.0343323,69,,,,,,
,,,,,51815,-221.60913,115,,,,,,
,,,,,51931,-115.57915,116,,,,,,
,,,,,52000,,,23.787853240966797,8.227736473083496,8.511700630187988,64.93533325195312,0.688,0.001
,,,,,52040,-115.17798,109,,,,,,
,,,,,52108,-121.87714,68,,,,,,
,,,,,52171,-75.070015,63,,,,,,
,,,,,52241,-200.03604,70,,,,,,
,,,,,52323,-176.02094,82,,,,,,
,,,,,52424,-166.7955,101,,,,,,
,,,,,52505,-74.325226,81,,,,,,
,,,,,52604,-66.76259,99,,,,,,
,,,,,52690,-92.91968,86,,,,,,
,,,,,52822,-20.924622,132,,,,,,
,,,,,52887,-52.96991,65,,,,,,
,,,,,52959,-67.60474,72,,,,,,
,,,,,53000,,,46.818607330322266,-1.6984496116638184,-0.7181949615478516,128.42617797851562,0.6819999999999999,0.001
,,,,,53052,-108.488945,93,,,,,,
,,,,,53201,-201.50943,149,,,,,,
,,,,,53295,-108.224266,94,,,,,,
,,,,,53397,-111.402565,102,,,,,,
,,,,,53460,-56.99096,63,,,,,,
,,,,,53568,-219.07558,108,,,,,,
,,,,,53667,-144.49979,99,,,,,,
,,,,,53779,-94.05384,112,,,,,,
,,,,,53864,-108.341705,85,,,,,,
,,,,,53992,-57.49985,128,,,,,,
,,,,,54000,,,11.450448036193848,9.859674453735352,9.61648941040039,61.290061950683594,0.6759999999999999,0.001
,,,,,54087,-121.614525,95,,,,,,
,,,,,54173,-72.75318,86,,,,,,
,,,,,54255,-78.12503,82,,,,,,
,,,,,54372,-122.178,117,,,,,,
,,,,,54449,-84.64609,77,,,,,,
,,,,,54515,-112.98865,66,,,,,,
,,,,,54591,-63.252987,76,,,,,,
,,,,,54678,-88.49547,87,,,,,,
,,,,,54768,-104.62183,90,,,,,,
,,,,,54859,-124.13801,91,,,,,,
,,,,,54936,-286.93546,77,,,,,,
,,,,,55000,,,129.62098693847656,7.711703777313232,8.787469863891602,164.90005493164062,0.67,0.001
,,,,,55006,-87.73112,70,,,,,,
,,,,,55137,-185.02533,131,,,,,,
,,,,,55233,-85.68494,96,,,,,,
,,,,,55345,-126.75879,112,,,,,,
,,,,,55441,4.9086304,96,,,,,,
,,,,,55534,-179.40488,93,,,,,,
,,,,,55640,-94.54993,106,,,,,,
,,,,,55771,-383.41196,131,,,,,,
,,,,,55838,-137.71948,67,,,,,,
,,,,,55907,-66.70616,69,,,,,,
,,,,,56000,,,91.52523803710938,16.259584426879883,16.69713592529297,270.88446044921875,0.6639999999999999,0.001
,,,,,56007,-218.73648,100,,,,,,
,,,,,56107,-96.181694,100,,,,,,
,,,,,56216,-115.117836,109,,,,,,
,,,,,56308,-101.99647,92,,,,,,
,,,,,56389,-115.939896,81,,,,,,
,,,,,56511,7.519943,122,,,,,,
,,,,,56625,-124.24327,114,,,,,,
,,,,,56691,-71.31719,66,,,,,,
,,,,,56787,-99.290695,96,,,,,,
,,,,,56917,-127.58503,130,,,,,,
,,,,,57000,,,5.050387859344482,-0.34394407272338867,-0.71717369556427,59.70643615722656,0.6579999999999999,0.001
,,,,,57037,-156.81525,120,,,,,,
,,,,,57131,-106.8005,94,,,,,,
,,,,,57213,-64.55482,82,,,,,,
,,,,,57329,-147.07915,116,,,,,,
,,,,,58000,,,4.470066070556641,3.9793128967285156,4.737234592437744,63.97358322143555,0.652,0.001
,,,,,58329,52.05185,1000,,,,,,
,,,,,58405,-114.00318,76,,,,,,
,,,,,58528,-284.19165,123,,,,,,
,,,,,58612,-81.38495,84,,,,,,
,,,,,58744,-59.951653,132,,,,,,
,,,,,58880,-148.78448,136,,,,,,
,,,,,58954,-57.651417,74,,,,,,
,,,,,59000,,,7.757046699523926,13.612258911132812,13.14570140838623,60.248634338378906,0.646,0.001
,,,,,59085,-160.92148,131,,,,,,
,,,,,59199,-101.27781,114,,,,,,
,,,,,59264,-113.74903,65,,,,,,
,,,,,59371,-101.12642,107,,,,,,
,,,,,59454,-90.1958,83,,,,,,
,,,,,59527,-53.294548,73,,,,,,
,,,,,59607,-59.981285,80,,,,,,
,,,,,59705,-156.72292,98,,,,,,
,,,,,59787,-93.812775,82,,,,,,
,,,,,59889,-101.090805,102,,,,,,
,,,,,59975,-35.300537,86,,,,,,
-211.07227,66.87303,-97.653206,-355.08868,544.7,60000,,,11.784133911132812,-3.6571106910705566,-3.9583511352539062,152.44229125976562,0.6399999999999999,0.001
,,,,,60055,-68.32126,80,,,,,,
,,,,,60156,-76.63122,101,,,,,,
,,,,,60273,-148.69598,117,,,,,,
,,,,,60407,-152.10512,134,,,,,,
,,,,,60519,15.143379,112,,,,,,
,,,,,60584,-71.74089,65,,,,,,
,,,,,60706,-141.46127,122,,,,,,
,,,,,60805,-148.24222,99,,,,,,
,,,,,60869,-78.93189,64,,,,,,
,,,,,60983,-182.64975,114,,,,,,
,,,,,61000,,,47.91455078125,5.335394382476807,5.482468128204346,179.83738708496094,0.634,0.001
,,,,,61041,-99.24807,58,,,,,,
,,,,,61163,-107.39981,122,,,,,,
,,,,,61269,-86.13097,106,,,,,,
,,,,,61340,-82.0607,71,,,,,,
,,,,,61402,-66.66936,62,,,,,,
,,,,,61484,-90.21096,82,,,,,,
,,,,,61547,-48.21964,63,,,,,,
,,,,,61656,-115.39471,109,,,,,,
,,,,,61763,-323.95477,107,,,,,,
,,,,,61879,-58.99185,116,,,,,,
,,,,,61978,-194.21042,99,,,,,,
,,,,,62000,,,3.243736743927002,19.372970581054688,19.20343017578125,42.63274383544922,0.628,0.001
,,,,,62098,-50.97554,120,,,,,,
,,,,,62192,-65.476395,94,,,,,,
,,,,,62278,-122.16897,86,,,,,,
,,,,,62347,-71.179276,69,,,,,,
,,,,,62451,-98.556694,104,,,,,,
,,,,,62588,12.904251,137,,,,,,
,,,,,62656,-79.71879,68,,,,,,
,,,,,62792,-98.30033,136,,,,,,
,,,,,62869,-107.695015,77,,,,,,
,,,,,62948,-93.08054,79,,,,,,
,,,,,63000,,,2.2605292797088623,18.891986846923828,18.825838088989258,25.451663970947266,0.622,0.001
,,,,,63056,-111.03698,108,,,,,,
,,,,,63129,-108.53282,73,,,,,,
,,,,,63204,-68.97484,75,,,,,,
,,,,,63329,-86.24541,125,,,,,,
,,,,,63438,-151.62732,109,,,,,,
,,,,,63544,-100.57458,106,,,,,,
,,,,,63668,-194.16812,124,,,,,,
,,,,,63770,-132.61006,102,,,,,,
,,,,,63889,-109.59604,119,,,,,,
,,,,,63980,25.949242,91,,,,,,
,,,,,64000,,,5.406422138214111,19.08274269104004,19.668973922729492,74.43988037109375,0.616,0.001
,,,,,64060,-107.47745,80,,,,,,
,,,,,64128,-98.38543,68,,,,,,
,,,,,64197,-41.91246,69,,,,,,
,,,,,64292,-119.10077,95,,,,,,
,,,,,64393,-262.18256,101,,,,,,
,,,,,64499,-139.20964,106,,,,,,
,,,,,64580,-70.91589,81,,,,,,
,,,,,64674,-73.83493,94,,,,,,
,,,,,64740,-106.993965,66,,,,,,
,,,,,64806,-63.037537,66,,,,,,
,,,,,64911,-76.769394,105,,,,,,
,,,,,65000,,,20.99570655822754,11.65786361694336,10.87986946105957,93.18653106689453,0.61,0.001
,,,,,65026,-78.15616,115,,,,,,
,,,,,65097,-95.46974,71,,,,,,
,,,,,65199,-102.919174,102,,,,,,
,,,,,65309,-93.64436,110,,,,,,
,,,,,65379,-54.625385,70,,,,,,
,,,,,65481,-137.48552,102,,,,,,
,,,,,65586,-118.18941,105,,,,,,
,,,,,65694,-301.0963,108,,,,,,
,,,,,65781,-130.72302,87,,,,,,
,,,,,65851,-50.948486,70,,,,,,
,,,,,65932,-51.62735,81,,,,,,
,,,,,66000,,,7.106583118438721,5.6990556716918945,5.566024303436279,46.851318359375,0.604,0.001
,,,,,66040,-113.42273,108,,,,,,
,,,,,66132,-106.19027,92,,,,,,
,,,,,66198,-102.295135,66,,,,,,
,,,,,66294,-36.235603,96,,,,,,
,,,,,66374,-109.6848,80,,,,,,
,,,,,66454,-83.34454,80,,,,,,
,,,,,66540,-103.02823,86,,,,,,
,,,,,66667,-65.00691,127,,,,,,
,,,,,66733,-30.71769,66,,,,,,
,,,,,66811,-81.513626,78,,,,,,
,,,,,66912,-96.73267,101,,,,,,
,,,,,67000,,,13.90632152557373,13.65147590637207,13.990320205688477,92.41292572021484,0.598,0.001
,,,,,67001,-55.46062,89,,,,,,
,,,,,67080,-84.355965,79,,,,,,
,,,,,67160,-96.10929,80,,,,,,
,,,,,67225,-67.572525,65,,,,,,
,,,,,67292,-80.89467,67,,,,,,
,,,,,67385,-97.265305,93,,,,,,
,,,,,67454,-95.386345,69,,,,,,
,,,,,67519,-100.189964,65,,,,,,
,,,,,67616,-89.54631,97,,,,,,
,,,,,67689,-66.493866,73,,,,,,
,,,,,67775,-70.2216,86,,,,,,
,,,,,67840,-88.93863,65,,,,,,
,,,,,67938,-144.07219,98,,,,,,
,,,,,68000,,,6.061456680297852,11.23910140991211,11.338506698608398,66.73052215576172,0.5920000000000001,0.001
,,,,,68001,-55.431908,63,,,,,,
,,,,,68071,-70.31882,70,,,,,,
,,,,,68156,30.370773,85,,,,,,
,,,,,68270,-111.35164,114,,,,,,
,,,,,68340,-42.33099,70,,,,,,
,,,,,68404,-64.58297,64,,,,,,
,,,,,68498,-66.260056,94,,,,,,
,,,,,68607,-125.08354,109,,,,,,
,,,,,68712,-137.343,105,,,,,,
,,,,,68844,-45.428917,132,,,,,,
,,,,,68912,-39.77638,68,,,,,,
,,,,,69000,,,3.2577693462371826,24.008193969726562,24.22262954711914,39.18473815917969,0.586,0.001
,,,,,69035,-91.195274,123,,,,,,
,,,,,69108,-68.32119,73,,,,,,
,,,,,69210,-73.642624,102,,,,,,
,,,,,69316,-119.551796,106,,,,,,
,,,,,69415,-133.87036,99,,,,,,
,,,,,69522,-77.99486,107,,,,,,
,,,,,69607,-48.21941,85,,,,,,
,,,,,69682,-140.00038,75,,,,,,
,,,,,69777,-132.91432,95,,,,,,
,,,,,69912,-67.473404,135,,,,,,
,,,,,69974,-48.61412,62,,,,,,
-128.16495,72.428,-11.582657,-254.85521,422.0,70000,,,2.299400568008423,19.318191528320312,19.778770446777344,42.619384765625,0.58,0.001
,,,,,70113,-82.955956,139,,,,,,
,,,,,70249,-123.4158,136,,,,,,
,,,,,70396,-107.74103,147,,,,,,
,,,,,70520,-85.131905,124,,,,,,
,,,,,70602,-83.05397,82,,,,,,
,,,,,70676,-109.49498,74,,,,,,
,,,,,70747,-217.1767,71,,,,,,
,,,,,70854,-55.503063,107,,,,,,
,,,,,70972,-77.20848,118,,,,,,
,,,,,71000,,,9.68880558013916,17.012998580932617,16.39401626586914,83.905517578125,0.5740000000000001,0.001
,,,,,71065,-125.27088,93,,,,,,
,,,,,71123,-82.84289,58,,,,,,
,,,,,71244,-151.9476,121,,,,,,
,,,,,71372,-83.73123,128,,,,,,
,,,,,71450,-51.262676,78,,,,,,
,,,,,71528,-19.594475,78,,,,,,
,,,,,71611,-182.49472,83,,,,,,
,,,,,71684,-68.014145,73,,,,,,
,,,,,71790,-51.21366,106,,,,,,
,,,,,71861,-58.666855,71,,,,,,
,,,,,71978,-62.607346,117,,,,,,
,,,,,72000,,,17.33340072631836,15.666483879089355,15.410005569458008,52.2299919128418,0.5680000000000001,0.001
,,,,,72111,-143.49452,133,,,,,,
,,,,,72181,-75.52011,70,,,,,,
,,,,,72265,-96.71007,84,,,,,,
,,,,,72412,-62.033688,147,,,,,,
,,,,,72516,-76.53194,104,,,,,,
,,,,,72599,-81.577705,83,,,,,,
,,,,,72716,-90.92638,117,,,,,,
,,,,,72802,-54.579857,86,,,,,,
,,,,,72890,-108.539536,88,,,,,,
,,,,,72958,-64.673965,68,,,,,,
,,,,,73000,,,15.418944358825684,16.471803665161133,15.547700881958008,79.0355224609375,0.5619999999999999,0.001
,,,,,73047,-92.68275,89,,,,,,
,,,,,73119,-49.373707,72,,,,,,
,,,,,73201,-59.629738,82,,,,,,
,,,,,73320,-60.041763,119,,,,,,
,,,,,73449,-31.71312,129,,,,,,
,,,,,73534,-61.52894,85,,,,,,
,,,,,73613,-8.508347,79,,,,,,
,,,,,73677,-79.81035,64,,,,,,
,,,,,73769,-104.2911,92,,,,,,
,,,,,73894,-62.34024,125,,,,,,
,,,,,73960,-27.03518,66,,,,,,
,,,,,74000,,,3.4123940467834473,18.72384262084961,18.15348243713379,51.12731170654297,0.556,0.001
,,,,,74061,-77.9567,101,,,,,,
,,,,,74130,-73.67696,69,,,,,,
,,,,,74258,-44.055367,128,,,,,,
,,,,,74367,-91.20449,109,,,,,,
,,,,,74456,-65.21948,89,,,,,,
,,,,,74522,-51.276764,66,,,,,,
,,,,,74598,-79.37807,76,,,,,,
,,,,,74674,-21.099762,76,,,,,,
,,,,,74798,-47.923088,124,,,,,,
,,,,,74864,-126.26249,66,,,,,,
,,,,,74983,-88.31021,119,,,,,,
,,,,,75000,,,15.93380069732666,21.418872833251953,21.329099655151367,136.35763549804688,0.55,0.001
,,,,,75050,-88.6992,67,,,,,,
,,,,,75140,-65.45647,90,,,,,,
,,,,,75240,-78.01996,100,,,,,,
,,,,,75295,-69.91679,55,,,,,,
,,,,,75393,-101.56819,98,,,,,,
,,,,,75481,-23.484001,88,,,,,,
,,,,,75581,-85.62541,100,,,,,,
,,,,,75661,-63.290825,80,,,,,,
,,,,,75755,-78.18138,94,,,,,,
,,,,,75856,-92.67144,101,,,,,,
,,,,,75979,-58.28226,123,,,,,,
,,,,,76000,,,4.878138065338135,23.180984497070312,24.368793487548828,103.41107940673828,0.5439999999999999,0.001
,,,,,76102,-40.07247,123,,,,,,
,,,,,76185,-67.53961,83,,,,,,
,,,,,76303,-75.42795,118,,,,,,
,,,,,76439,-121.698006,136,,,,,,
,,,,,76553,1.8509064,114,,,,,,
,,,,,76665,-24.776215,112,,,,,,
,,,,,76736,-67.647995,71,,,,,,
,,,,,76836,-113.68567,100,,,,,,
,,,,,76923,-71.82332,87,,,,,,
,,,,,76995,-79.614426,72,,,,,,
,,,,,77000,,,14.405698776245117,23.26294708251953,23.542705535888672,63.298274993896484,0.538,0.001
,,,,,77091,-52.89158,96,,,,,,
,,,,,77175,-65.747856,84,,,,,,
,,,,,77257,-79.975685,82,,,,,,
,,,,,77485,-107.58029,228,,,,,,
,,,,,77588,-50.306194,103,,,,,,
,,,,,77683,-68.17419,95,,,,,,
,,,,,77799,-111.37541,116,,,,,,
,,,,,77878,-78.558365,79,,,,,,
,,,,,78000,,,26.267444610595703,8.406425476074219,8.521597862243652,98.29277801513672,0.532,0.001
,,,,,78001,-148.04086,123,,,,,,
,,,,,78092,-67.61324,91,,,,,,
,,,,,78215,-68.18307,123,,,,,,
,,,,,78308,-102.05579,93,,,,,,
,,,,,78389,-58.292965,81,,,,,,
,,,,,78468,-49.411102,79,,,,,,
,,,,,78576,-232.0584,108,,,,,,
,,,,,78677,-93.26781,101,,,,,,
,,,,,78786,-54.434494,109,,,,,,
,,,,,78900,-74.5872,114,,,,,,
,,,,,79000,,,2.7899956703186035,24.782527923583984,24.351423263549805,44.96331024169922,0.526,0.001
,,,,,79052,-24.376038,152,,,,,,
,,,,,79149,-52.717213,97,,,,,,
,,,,,79268,-170.3739,119,,,,,,
,,,,,79400,-13.675217,132,,,,,,
,,,,,79471,-80.69153,71,,,,,,
,,,,,79554,-84.507545,83,,,,,,
,,,,,79664,-57.46795,110,,,,,,
,,,,,79749,-121.663055,85,,,,,,
,,,,,79869,-44.166336,120,,,,,,
,,,,,79953,-77.37962,84,,,,,,
-40.89794,157.6367,209.4447,-286.47522,522.9,80000,,,6.803713798522949,22.947898864746094,22.996963500976562,39.62213897705078,0.52,0.001
,,,,,80021,-58.428223,68,,,,,,
,,,,,80098,-43.425625,77,,,,,,
,,,,,80208,-99.8342,110,,,,,,
,,,,,80279,-82.471725,71,,,,,,
,,,,,80353,-44.075485,74,,,,,,
,,,,,80461,-109.81468,108,,,,,,
,,,,,80560,-120.69884,99,,,,,,
,,,,,80642,-75.998215,82,,,,,,
,,,,,80724,-50.152313,82,,,,,,
,,,,,80812,-158.71622,88,,,,,,
,,,,,80887,-82.53369,75,,,,,,
,,,,,81000,,,33.60287857055664,19.59783363342285,18.623851776123047,123.38349151611328,0.514,0.001
,,,,,81001,-101.78404,114,,,,,,
,,,,,81135,-35.564125,134,,,,,,
,,,,,81203,-30.39827,68,,,,,,
,,,,,81285,-27.268204,82,,,,,,
,,,,,81361,-35.2769,76,,,,,,
,,,,,81460,29.85315,99,,,,,,
,,,,,81550,-73.54271,90,,,,,,
,,,,,81653,-185.81299,103,,,,,,
,,,,,81801,-154.5862,148,,,,,,
,,,,,81905,-68.30766,104,,,,,,
,,,,,81981,-49.340065,76,,,,,,
,,,,,82000,,,5.418848514556885,25.00387954711914,25.597055435180664,87.31214141845703,0.508,0.001
,,,,,82043,-25.010895,62,,,,,,
,,,,,82176,-3.5866394,133,,,,,,
,,,,,82260,-113.51108,84,,,,,,
,,,,,82327,-71.114136,67,,,,,,
,,,,,82397,-59.140858,70,,,,,,
,,,,,82494,-72.86465,97,,,,,,
,,,,,82586,-81.16761,92,,,,,,
,,,,,82660,-86.15061,74,,,,,,
,,,,,83000,,,13.635947227478027,22.320058822631836,23.098119735717773,135.71597290039062,0.502,0.001
,,,,,83660,-61.315327,1000,,,,,,
,,,,,83757,-100.678505,97,,,,,,
,,,,,83851,-93.38641,94,,,,,,
,,,,,83956,-58.652447,105,,,,,,
,,,,,84000,,,88.28717803955078,17.64845848083496,18.492549896240234,189.3249969482422,0.4959999999999999,0.001
,,,,,84072,-82.82309,116,,,,,,
,,,,,84201,-54.868233,129,,,,,,
,,,,,84318,-48.744564,117,,,,,,
,,,,,84429,-18.894447,111,,,,,,
,,,,,84501,-50.938606,72,,,,,,
,,,,,84600,-86.09299,99,,,,,,
,,,,,84686,-6.913368,86,,,,,,
,,,,,84812,-38.511623,126,,,,,,
,,,,,84920,-178.29102,108,,,,,,
,,,,,85000,,,11.97630500793457,23.39105224609375,22.15391731262207,92.51800537109375,0.49,0.001
,,,,,85043,-181.03067,123,,,,,,
,,,,,85160,-81.832,117,,,,,,
,,,,,85283,-54.65177,123,,,,,,
,,,,,85371,-79.870926,88,,,,,,
,,,,,85465,-90.33065,94,,,,,,
,,,,,85546,-102.23926,81,,,,,,
,,,,,85680,-36.974586,134,,,,,,
,,,,,85776,-31.597305,96,,,,,,
,,,,,86000,,,28.1949462890625,27.620285034179688,25.872087478637695,194.0968780517578,0.484,0.001
,,,,,86051,-34.514748,275,,,,,,
,,,,,86207,-11.515411,156,,,,,,
,,,,,86313,-112.7278,106,,,,,,
,,,,,86447,26.639511,134,,,,,,
,,,,,86519,-59.062824,72,,,,,,
,,,,,86607,-121.02,88,,,,,,
,,,,,86700,-58.488194,93,,,,,,
,,,,,86776,-48.327923,76,,,,,,
,,,,,86867,-65.55791,91,,,,,,
,,,,,86989,-61.521946,122,,,,,,
,,,,,87000,,,31.750751495361328,31.970073699951172,32.514102935791016,182.4647674560547,0.478,0.001
,,,,,87128,-84.07416,139,,,,,,
,,,,,87231,-98.17559,103,,,,,,
,,,,,87312,-93.785355,81,,,,,,
,,,,,87386,-6.551796,74,,,,,,
,,,,,87547,-81.82724,161,,,,,,
,,,,,87627,-49.514957,80,,,,,,
,,,,,87738,-95.18423,111,,,,,,
,,,,,87811,-57.899166,73,,,,,,
,,,,,87897,-85.7709,86,,,,,,
,,,,,87968,-70.73793,71,,,,,,
,,,,,88000,,,12.88015365600586,26.036277770996094,25.292037963867188,81.36658477783203,0.472,0.001
,,,,,88045,-15.119293,77,,,,,,
,,,,,88190,-12.352936,145,,,,,,
,,,,,88290,-22.398796,100,,,,,,
,,,,,88394,-64.018715,104,,,,,,
,,,,,88500,-95.91341,106,,,,,,
,,,,,88582,-35.320198,82,,,,,,
,,,,,88686,-161.15277,104,,,,,,
,,,,,88744,-67.698166,58,,,,,,
,,,,,88818,-53.076096,74,,,,,,
,,,,,88922,-39.889545,104,,,,,,
,,,,,89000,-2.8149643,78,,,,,,
,,,,,89000,,,5.639796257019043,39.870426177978516,39.14091873168945,89.49703979492188,0.46599999999999997,0.001
,,,,,89116,-32.59735,116,,,,,,
,,,,,89234,-67.70911,118,,,,,,
,,,,,89322,-44.154438,88,,,,,,
,,,,,89439,-42.010433,117,,,,,,
,,,,,89546,-82.54223,107,,,,,,
-101.98601,122.84033,141.61726,-314.07144,704.1,90000,,,5.859140396118164,25.926666259765625,25.956867218017578,44.53739929199219,0.45999999999999996,0.001
,,,,,90546,-28.1096,1000,,,,,,
,,,,,90644,-79.88481,98,,,,,,
,,,,,90766,-61.03235,122,,,,,,
,,,,,90882,-156.5432,116,,,,,,
,,,,,90995,-83.78099,113,,,,,,
,,,,,91000,,,5.969779968261719,19.45635414123535,19.83804702758789,47.464908599853516,0.45399999999999996,0.001
,,,,,91112,-67.625015,117,,,,,,
,,,,,91190,-46.917347,78,,,,,,
,,,,,91285,-53.431206,95,,,,,,
,,,,,91367,-41.04631,82,,,,,,
,,,,,91495,-55.964443,128,,,,,,
,,,,,91570,-24.063072,75,,,,,,
,,,,,91649,-53.324924,79,,,,,,
,,,,,91751,-62.262863,102,,,,,,
,,,,,91862,-34.645844,111,,,,,,
,,,,,91977,-35.878212,115,,,,,,
,,,,,92000,,,4.221278190612793,21.386558532714844,21.330778121948242,38.4708251953125,0.44800000000000006,0.001
,,,,,92090,-214.35938,113,,,,,,
,,,,,92187,-59.982178,97,,,,,,
,,,,,92292,-32.2507,105,,,,,,
,,,,,92440,-16.767433,148,,,,,,
,,,,,92551,-23.604042,111,,,,,,
,,,,,92631,-53.343853,80,,,,,,
,,,,,92744,-26.156693,113,,,,,,
,,,,,92820,-79.208206,76,,,,,,
,,,,,92920,0.10285187,100,,,,,,
,,,,,93000,,,5.524986267089844,31.852245330810547,31.76922607421875,53.67627716064453,0.44199999999999995,0.001
,,,,,93043,-61.488697,123,,,,,,
,,,,,93168,-33.23011,125,,,,,,
,,,,,93263,4.7895584,95,,,,,,
,,,,,93390,-75.50117,127,,,,,,
,,,,,93530,-128.54607,140,,,,,,
,,,,,93635,-56.100365,105,,,,,,
,,,,,93770,-16.970955,135,,,,,,
,,,,,93872,-60.78787,102,,,,,,
,,,,,93981,-73.341225,109,,,,,,
,,,,,94000,,,21.591232299804688,23.813982009887695,25.151229858398438,80.68821716308594,0.43599999999999994,0.001
,,,,,94069,-137.27922,88,,,,,,
,,,,,94141,-33.88833,72,,,,,,
,,,,,94258,14.371246,117,,,,,,
,,,,,95000,,,45.931827545166016,21.011648178100586,19.297073364257812,214.06993103027344,0.43000000000000005,0.001
,,,,,95202,-93.19898,944,,,,,,
,,,,,95314,-18.268265,112,,,,,,
,,,,,95431,33.08635,117,,,,,,
,,,,,95550,-18.998482,119,,,,,,
,,,,,95667,-48.822433,117,,,,,,
,,,,,96000,,,7.048061847686768,27.934650421142578,27.476634979248047,49.217838287353516,0.42399999999999993,0.001
,,,,,96667,77.89718,1000,,,,,,
,,,,,96798,-20.389069,131,,,,,,
,,,,,96885,-26.681519,87,,,,,,
,,,,,97000,,,16.72065544128418,26.182518005371094,27.75718879699707,114.6097640991211,0.41800000000000004,0.001
,,,,,97013,-5.2886276,128,,,,,,
,,,,,97124,-43.65821,111,,,,,,
,,,,,97225,-29.220596,101,,,,,,
,,,,,97351,11.41481,126,,,,,,
,,,,,97469,-86.82675,118,,,,,,
,,,,,97596,-15.189461,127,,,,,,
,,,,,97726,-3.4434738,130,,,,,,
,,,,,97839,-40.433052,113,,,,,,
,,,,,98000,17.080132,161,,,,,,
,,,,,98000,,,37.01013946533203,30.428855895996094,30.488460540771484,251.07781982421875,0.41200000000000003,0.001
,,,,,98135,-1.9269562,135,,,,,,
,,,,,98254,-7.0632553,119,,,,,,
,,,,,98366,12.211731,112,,,,,,
,,,,,98712,-18.076523,346,,,,,,
,,,,,99000,,,5.116528511047363,32.621280670166016,33.27238464355469,65.18075561523438,0.4059999999999999,0.001
,,,,,99712,-42.18823,1000,,,,,,
,,,,,99782,-41.04479,70,,,,,,
,,,,,99918,-0.7858429,136,,,,,,
-131.78825,120.14709,148.34727,-269.60812,716.2,100000,,,15.001635551452637,37.94590759277344,37.56267547607422,83.69186401367188,0.4,0.001
,,,,,100067,-38.832676,149,,,,,,
,,,,,100187,-18.133888,120,,,,,,
,,,,,100283,-32.059967,96,,,,,,
,,,,,100358,-104.71724,75,,,,,,
,,,,,101000,,,7.152430534362793,40.269771575927734,40.21076202392578,38.83341598510742,0.394,0.001
,,,,,101265,-403.7016,907,,,,,,
,,,,,101409,-53.957413,144,,,,,,
,,,,,101542,-71.69693,133,,,,,,
,,,,,101641,-39.862206,99,,,,,,
,,,,,101783,-4.61187,142,,,,,,
,,,,,101870,-42.607063,87,,,,,,
,,,,,101954,-39.050106,84,,,,,,
,,,,,102000,,,9.18271541595459,35.34819412231445,35.47111129760742,72.02315521240234,0.3879999999999999,0.001
,,,,,102060,-4.3951035,106,,,,,,
,,,,,102205,-12.987816,145,,,,,,
,,,,,102323,-33.337532,118,,,,,,
,,,,,102434,-185.52257,111,,,,,,
,,,,,102529,-33.67177,95,,,,,,
,,,,,102644,-97.48159,115,,,,,,
,,,,,102789,16.43357,145,,,,,,
,,,,,103000,,,29.52371597290039,23.26541519165039,22.02944564819336,144.05787658691406,0.382,0.001
,,,,,103789,-116.67771,1000,,,,,,
,,,,,104000,,,2.8752269744873047,40.6551628112793,41.078216552734375,36.995723724365234,0.376,0.001
,,,,,104789,51.32456,1000,,,,,,
,,,,,104880,-167.58765,91,,,,,,
,,,,,104981,-36.98056,101,,,,,,
,,,,,105000,,,63.044837951660156,40.96420669555664,41.85903549194336,134.52076721191406,0.37,0.001
,,,,,105086,7.175804,105,,,,,,
,,,,,105205,-165.07599,119,,,,,,
,,,,,105315,-28.897491,110,,,,,,
,,,,,105470,15.748657,155,,,,,,
,,,,,105573,-43.296104,103,,,,,,
,,,,,105698,36.24095,125,,,,,,
,,,,,105823,-174.71954,125,,,,,,
,,,,,105982,-228.74667,159,,,,,,
,,,,,106000,,,6.165125846862793,34.17146682739258,33.57237243652344,65.12757873535156,0.364,0.001
,,,,,106078,-37.39957,96,,,,,,
,,,,,106240,-21.6064,162,,,,,,
,,,,,107000,,,38.1204948425293,51.74467468261719,51.21616744995117,93.6407241821289,0.358,0.001
,,,,,107240,0.3241155,1000,,,,,,
,,,,,107381,-137.21286,141,,,,,,
,,,,,107575,-15.361313,194,,,,,,
,,,,,107706,-68.15274,131,,,,,,
,,,,,107833,-62.811275,127,,,,,,
,,,,,107920,-47.791603,87,,,,,,
,,,,,108000,,,8.446487426757812,44.03257369995117,44.73251724243164,64.10552215576172,0.352,0.001
,,,,,108920,37.241573,1000,,,,,,
,,,,,109000,,,4.91888427734375,36.371761322021484,36.50696563720703,49.61576843261719,0.346,0.001
,,,,,109063,19.882256,143,,,,,,
,,,,,109187,-87.59845,124,,,,,,
,,,,,109305,-92.57077,118,,,,,,
,,,,,109429,-44.324963,124,,,,,,
,,,,,109545,-31.540657,116,,,,,,
-47.750687,38.357174,10.741598,-129.17134,921.2,110000,,,17.534482955932617,37.4505500793457,36.83101272583008,98.51686096191406,0.3400000000000001,0.001
,,,,,110545,22.731323,1000,,,,,,
,,,,,110690,-41.06526,145,,,,,,
,,,,,110796,-10.363174,106,,,,,,
,,,,,111000,,,9.712667465209961,47.88429260253906,47.5362548828125,71.5259780883789,0.33399999999999996,0.001
,,,,,111203,-91.61483,407,,,,,,
,,,,,112000,,,4.930487632751465,51.0579833984375,50.60945510864258,54.70513153076172,0.32799999999999996,0.001
,,,,,112203,50.20778,1000,,,,,,
,,,,,112566,-85.62021,363,,,,,,
,,,,,112692,-12.819138,126,,,,,,
,,,,,113000,,,22.862810134887695,26.96502685546875,26.702743530273438,117.31475067138672,0.32200000000000006,0.001
,,,,,113692,-87.92043,1000,,,,,,
,,,,,113987,-147.87015,295,,,,,,
,,,,,114000,,,7.651285648345947,46.055633544921875,46.58500671386719,67.47493743896484,0.31599999999999995,0.001
,,,,,114987,3.5525882,1000,,,,,,
,,,,,115000,,,9.51852798461914,46.348323822021484,46.62413024902344,62.08807373046875,0.30999999999999994,0.001
,,,,,115232,-211.28738,245,,,,,,
,,,,,116000,,,18.686378479003906,45.29160690307617,45.3107795715332,78.79965209960938,0.30400000000000005,0.001
,,,,,116232,44.755943,1000,,,,,,
,,,,,116443,-91.539665,211,,,,,,
,,,,,117000,,,4.249680519104004,56.82561492919922,56.859375,44.74363327026367,0.29799999999999993,0.001
,,,,,117443,-10.645685,1000,,,,,,
,,,,,118000,,,21.59435272216797,46.61096954345703,46.919490814208984,105.32161712646484,0.29200000000000004,0.001
,,,,,118207,-261.07587,764,,,,,,
,,,,,118641,-147.1847,434,,,,,,
,,,,,119000,,,5.002588748931885,51.97151565551758,52.09707260131836,38.89356231689453,0.28600000000000003,0.001
,,,,,119014,-185.81387,373,,,,,,
34.993896,100.818245,144.34222,-173.16965,870.6,120000,,,204.2976837158203,44.832359313964844,47.333656311035156,495.80218505859375,0.2799999999999999,0.001
,,,,,120014,97.0512,1000,,,,,,
,,,,,121000,,,40.1379508972168,40.994014739990234,41.362361907958984,163.8368682861328,0.274,0.001
,,,,,121014,-24.129713,1000,,,,,,
,,,,,122000,,,35.53352737426758,42.411991119384766,41.13322830200195,132.67286682128906,0.268,0.001
,,,,,122014,87.58525,1000,,,,,,
,,,,,123000,,,18.240230560302734,50.111793518066406,50.281673431396484,58.23632049560547,0.262,0.001
,,,,,123014,51.00804,1000,,,,,,
,,,,,123667,-100.39088,653,,,,,,
,,,,,124000,,,20.658781051635742,41.356327056884766,41.428245544433594,70.64554595947266,0.256,0.001
,,,,,124335,-176.309,668,,,,,,
,,,,,125000,,,17.64369773864746,49.60597229003906,50.43484115600586,106.40425109863281,0.25,0.001
,,,,,125335,-13.588883,1000,,,,,,
,,,,,126000,,,176.8904571533203,61.07993698120117,59.13736343383789,280.1512451171875,0.244,0.001
,,,,,126335,-26.667511,1000,,,,,,
,,,,,127000,,,12.737010955810547,42.66264343261719,43.49433517456055,99.92940521240234,0.238,0.001
,,,,,127335,9.466628,1000,,,,,,
,,,,,128000,,,22.967145919799805,49.31539535522461,48.31251525878906,115.95655822753906,0.23199999999999998,0.001
,,,,,128335,-86.156296,1000,,,,,,
,,,,,129000,,,14.965752601623535,33.84833908081055,34.1473388671875,80.00244140625,0.22599999999999998,0.001
,,,,,129335,105.16612,1000,,,,,,
-11.118904,222.15483,251.55232,-372.8114,678.3,130000,,,9.20942211151123,42.56743240356445,41.84522247314453,80.10596466064453,0.21999999999999997,0.001
,,,,,130335,59.798985,1000,,,,,,
,,,,,131000,,,13.348599433898926,58.20389938354492,56.59464645385742,143.91885375976562,0.21399999999999997,0.001
,,,,,131335,82.328674,1000,,,,,,
,,,,,131828,-248.2679,493,,,,,,
,,,,,132000,,,10.509210586547852,40.602149963378906,40.81309509277344,73.20345306396484,0.20799999999999996,0.001
,,,,,132828,112.56742,1000,,,,,,
,,,,,133000,,,33.877296447753906,61.687904357910156,60.617034912109375,163.41864013671875,0.20199999999999996,0.001
,,,,,133828,-27.818317,1000,,,,,,
,,,,,134000,,,488.3328552246094,55.98869705200195,58.68508529663086,487.6512756347656,0.19599999999999995,0.001
,,,,,134169,249.60799,341,,,,,,
,,,,,135000,,,9.037981986999512,39.363807678222656,38.218719482421875,127.76091766357422,0.18999999999999995,0.001
,,,,,135169,126.15856,1000,,,,,,
,,,,,136000,,,21.12520980834961,57.64169692993164,57.210472106933594,114.822998046875,0.18400000000000005,0.001
,,,,,136169,15.419739,1000,,,,,,
,,,,,137000,,,22.122623443603516,49.82228088378906,49.24570083618164,89.42084503173828,0.17799999999999994,0.001
,,,,,137169,-16.81358,1000,,,,,,
,,,,,137403,-88.41497,234,,,,,,
,,,,,137781,-29.290634,378,,,,,,
,,,,,138000,,,7.949432373046875,48.4112663269043,47.91438293457031,64.85199737548828,0.17199999999999993,0.001
,,,,,138781,85.54492,1000,,,,,,
,,,,,139000,,,264.7039794921875,47.47976303100586,45.58293151855469,332.17230224609375,0.16600000000000004,0.001
,,,,,139781,105.95051,1000,,,,,,
156.64767,62.482132,236.24849,32.233475,732.9,140000,,,5.892901420593262,50.80317687988281,51.2119255065918,51.517330169677734,0.15999999999999992,0.001
,,,,,140781,103.674446,1000,,,,,,
,,,,,141000,,,120.01189422607422,51.595924377441406,51.85725784301758,189.6614990234375,0.15400000000000003,0.001
,,,,,141781,80.42877,1000,,,,,,
,,,,,142000,,,6.078688621520996,56.02507781982422,55.8333625793457,58.45588302612305,0.14800000000000002,0.001
,,,,,142781,36.107426,1000,,,,,,
,,,,,143000,,,13.411625862121582,54.41170883178711,54.749298095703125,78.64572143554688,0.1419999999999999,0.001
,,,,,143781,84.55267,1000,,,,,,
,,,,,144000,,,202.58627319335938,65.97564697265625,64.11817169189453,293.0351867675781,0.136,0.001
,,,,,144537,190.42346,756,,,,,,
,,,,,145000,,,13.663726806640625,49.625152587890625,50.15351486206055,82.25382232666016,0.13,0.001
,,,,,145537,-17.481863,1000,,,,,,
,,,,,146000,,,5.372270584106445,60.47303771972656,60.54673767089844,52.51140213012695,0.12399999999999989,0.001
,,,,,146537,55.679348,1000,,,,,,
,,,,,147000,,,10.930707931518555,64.97322845458984,64.31871795654297,73.70267486572266,0.118,0.001
,,,,,147537,63.55264,1000,,,,,,
,,,,,148000,,,8.623628616333008,56.73797607421875,56.69825744628906,56.40178680419922,0.11199999999999999,0.001
,,,,,148537,112.94583,1000,,,,,,
,,,,,149000,,,107.62879943847656,52.50927734375,50.96772384643555,478.3725280761719,0.10599999999999998,0.001
,,,,,149537,-68.991356,1000,,,,,,
-54.18205,83.99123,153.85442,-192.7062,995.2,150000,,,12.10710334777832,61.0634765625,61.58604049682617,68.33883666992188,0.1,0.001
,,,,,150132,-211.24799,595,,,,,,
,,,,,151000,,,11.197617530822754,55.558067321777344,56.567787170410156,109.17684936523438,0.09946666666666668,0.001
,,,,,151088,211.12634,956,,,,,,
,,,,,152000,,,18.16905975341797,42.11274719238281,41.28443145751953,113.91050720214844,0.09893333333333335,0.001
,,,,,152017,165.38438,929,,,,,,
,,,,,153000,,,14.496106147766113,56.34309387207031,56.729164123535156,101.2016372680664,0.0984,0.001
,,,,,153017,96.8375,1000,,,,,,
,,,,,154000,,,11.120481491088867,46.061256408691406,45.29405212402344,99.22415924072266,0.09786666666666667,0.001
,,,,,154017,39.580833,1000,,,,,,
,,,,,155000,,,19.482280731201172,66.30670166015625,67.36162567138672,99.01348114013672,0.09733333333333334,0.001
,,,,,155010,139.53703,993,,,,,,
,,,,,155739,248.30852,729,,,,,,
,,,,,156000,,,130.4271697998047,50.619606018066406,49.41497802734375,515.0088500976562,0.09680000000000001,0.001
,,,,,156200,237.60497,461,,,,,,
,,,,,157000,,,77.07575225830078,49.06368637084961,47.35478210449219,209.06668090820312,0.09626666666666667,0.001
,,,,,157200,70.31673,1000,,,,,,
,,,,,157743,185.66765,543,,,,,,
,,,,,158000,,,5.148746967315674,68.57154846191406,68.23860168457031,55.54219055175781,0.09573333333333334,0.001
,,,,,158411,229.3464,668,,,,,,
,,,,,159000,,,88.65841674804688,55.1600341796875,54.11209487915039,443.2073974609375,0.0952,0.001
,,,,,159411,107.83753,1000,,,,,,
80.554504,99.30467,216.22601,-60.721954,872.4,160000,,,8.992222785949707,67.71984100341797,67.57764434814453,69.88008117675781,0.09466666666666668,0.001
,,,,,160411,70.487885,1000,,,,,,
,,,,,161000,,,9.409505844116211,56.11562728881836,55.08835220336914,120.22348022460938,0.09413333333333333,0.001
,,,,,161037,256.49152,626,,,,,,
,,,,,162000,,,8.664362907409668,77.17950439453125,76.55562591552734,99.63592529296875,0.0936,0.001
,,,,,162037,60.239407,1000,,,,,,
,,,,,162839,250.42015,802,,,,,,
,,,,,163000,,,8.39071273803711,66.11682891845703,65.86576843261719,73.04949951171875,0.09306666666666667,0.001
,,,,,163744,165.6459,905,,,,,,
,,,,,164000,,,20.87150764465332,48.887393951416016,49.327423095703125,108.50370788574219,0.09253333333333334,0.001
,,,,,164031,-99.24446,287,,,,,,
,,,,,164985,99.40417,954,,,,,,
,,,,,165000,,,14.189516067504883,67.972900390625,68.60531616210938,123.32099151611328,0.092,0.001
,,,,,165908,137.95145,923,,,,,,
,,,,,166000,,,54.93296813964844,73.06193542480469,73.75988006591797,320.68560791015625,0.09146666666666667,0.001
,,,,,166908,109.75434,1000,,,,,,
,,,,,167000,,,93.54552459716797,46.00607681274414,43.984554290771484,205.60719299316406,0.09093333333333334,0.001
,,,,,167908,125.21172,1000,,,,,,
,,,,,168000,,,31.216556549072266,66.824462890625,66.4242935180664,115.50114440917969,0.09040000000000001,0.001
,,,,,168605,197.11801,697,,,,,,
,,,,,169000,,,11.208086013793945,62.78569793701172,62.51577377319336,74.52513122558594,0.08986666666666668,0.001
,,,,,169605,74.96375,1000,,,,,,
-21.98254,30.76045,52.55012,-72.307686,1000.0,170000,,,11.979780197143555,65.87159729003906,66.8388671875,119.48477172851562,0.08933333333333333,0.001
,,,,,170112,275.289,507,,,,,,
,,,,,171000,,,8.166038513183594,71.8446273803711,72.1112289428711,58.94539260864258,0.0888,0.001
,,,,,171112,-40.55355,1000,,,,,,
,,,,,172000,,,33.40665817260742,47.25370788574219,46.11223220825195,227.51295471191406,0.08826666666666667,0.001
,,,,,172112,5.7951155,1000,,,,,,
,,,,,173000,,,13.132753372192383,66.54965209960938,67.04991149902344,88.5598373413086,0.08773333333333334,0.001
,,,,,173112,-6.1028967,1000,,,,,,
,,,,,173863,215.2941,751,,,,,,
,,,,,174000,,,18.366540908813477,47.63679504394531,47.3326530456543,94.04149627685547,0.0872,0.001
,,,,,174602,191.31992,739,,,,,,
,,,,,175000,,,4.724543571472168,65.38932800292969,65.61875915527344,47.02437210083008,0.08666666666666667,0.001
,,,,,175602,64.53801,1000,,,,,,
,,,,,176000,,,7.995342254638672,61.11756896972656,61.21333694458008,52.5932731628418,0.08613333333333334,0.001
,,,,,176602,96.096245,1000,,,,,,
,,,,,177000,,,22.04029083251953,70.91096496582031,70.9227066040039,82.2859115600586,0.08560000000000001,0.001
,,,,,177602,29.98229,1000,,,,,,
,,,,,178000,,,73.85050201416016,54.780826568603516,53.316368103027344,293.3800048828125,0.08506666666666667,0.001
,,,,,178602,112.778915,1000,,,,,,
,,,,,179000,,,10.334969520568848,61.77763366699219,61.405311584472656,59.27342987060547,0.08453333333333334,0.001
,,,,,179472,122.04845,870,,,,,,
49.00654,109.306435,264.22742,-76.91495,889.4,180000,,,38.27546310424805,60.34996032714844,61.34132766723633,219.58282470703125,0.084,0.001
,,,,,180026,183.23679,554,,,,,,
,,,,,180527,-169.11986,501,,,,,,
,,,,,181000,,,6.510367393493652,73.66544342041016,73.8555908203125,73.3927001953125,0.08346666666666668,0.001
,,,,,181180,212.40141,653,,,,,,
,,,,,181935,175.71747,755,,,,,,
,,,,,182000,,,6.710869312286377,61.234771728515625,61.32868194580078,68.49230194091797,0.08293333333333333,0.001
,,,,,182278,282.21558,343,,,,,,
,,,,,182769,231.91727,491,,,,,,
,,,,,183000,,,15.791276931762695,66.73632049560547,68.08552551269531,116.38105010986328,0.0824,0.001
,,,,,183395,259.86725,626,,,,,,
,,,,,184000,,,69.82281494140625,68.63166809082031,67.51950073242188,139.68153381347656,0.08186666666666667,0.001
,,,,,184362,208.33557,967,,,,,,
,,,,,185000,,,8.492350578308105,72.60238647460938,72.17650604248047,79.58064270019531,0.08133333333333334,0.001
,,,,,185079,-348.45068,717,,,,,,
,,,,,186000,,,5.167746543884277,72.48968505859375,72.20086669921875,49.01002883911133,0.08080000000000001,0.001
,,,,,186079,97.98187,1000,,,,,,
,,,,,187000,,,24.639848709106445,55.954383850097656,56.57879638671875,126.40257263183594,0.08026666666666667,0.001
,,,,,187079,-19.51929,1000,,,,,,
,,,,,188000,,,7.366076946258545,70.71212768554688,70.67320251464844,79.3948745727539,0.07973333333333334,0.001
,,,,,188079,13.169318,1000,,,,,,
,,,,,189000,,,8.755243301391602,71.80049896240234,72.05835723876953,91.00029754638672,0.0792,0.001
,,,,,189079,86.23651,1000,,,,,,
,,,,,189924,260.56006,845,,,,,,
132.1516,192.85449,292.8241,-314.1493,613.7,190000,,,37.56087875366211,58.62567138671875,57.32930374145508,138.53707885742188,0.07866666666666668,0.001
,,,,,190503,216.60208,579,,,,,,
,,,,,191000,,,30.905250549316406,65.82809448242188,64.22018432617188,243.9669952392578,0.07813333333333333,0.001
,,,,,191503,98.777336,1000,,,,,,
,,,,,192000,,,7.875226974487305,76.68122863769531,77.50086975097656,90.79873657226562,0.0776,0.001
,,,,,192456,125.56105,953,,,,,,
,,,,,193000,,,10.90523910522461,74.21635437011719,73.66085815429688,82.5952377319336,0.07706666666666667,0.001
,,,,,193155,196.97592,699,,,,,,
,,,,,193479,242.22932,324,,,,,,
,,,,,194000,,,9.84224796295166,79.05071258544922,79.20377349853516,75.64745330810547,0.07653333333333334,0.001
,,,,,194219,270.04236,740,,,,,,
,,,,,195000,,,104.33943176269531,63.23322296142578,61.743553161621094,237.37551879882812,0.07600000000000001,0.001
,,,,,195219,82.82555,1000,,,,,,
,,,,,195686,263.64337,467,,,,,,
,,,,,196000,,,18.70549774169922,64.49443817138672,64.88898468017578,88.49070739746094,0.07546666666666668,0.001
,,,,,196504,208.78993,818,,,,,,
,,,,,197000,,,64.5613021850586,69.89688873291016,71.53353881835938,107.55941009521484,0.07493333333333334,0.001
,,,,,197120,175.47287,616,,,,,,
,,,,,197891,-189.60312,771,,,,,,
,,,,,198000,,,29.217357635498047,82.35366821289062,82.2203598022461,144.01260375976562,0.07440000000000001,0.001
,,,,,198891,-56.772755,1000,,,,,,
,,,,,199000,,,20.23744010925293,71.63075256347656,73.35882568359375,135.83377075195312,0.07386666666666666,0.001
,,,,,199813,255.94102,922,,,,,,
207.9324,69.31926,268.2125,17.16588,564.9,200000,,,14.475579261779785,73.5913314819336,73.41619110107422,101.9231185913086,0.07333333333333333,0.001
,,,,,200545,212.1778,732,,,,,,
,,,,,200925,272.3853,380,,,,,,
,,,,,201000,,,19.515058517456055,62.181819915771484,63.173606872558594,166.79153442382812,0.0728,0.001
,,,,,201648,227.20688,723,,,,,,
,,,,,202000,,,12.673412322998047,65.2244873046875,65.20362091064453,82.71604919433594,0.07226666666666667,0.001
,,,,,202466,216.79362,818,,,,,,
,,,,,202920,246.8075,454,,,,,,
,,,,,203000,,,11.640755653381348,77.5278549194336,76.90223693847656,113.000732421875,0.07173333333333334,0.001
,,,,,203920,123.24933,1000,,,,,,
,,,,,204000,,,255.8223114013672,63.130279541015625,60.879302978515625,384.80517578125,0.07120000000000001,0.001
,,,,,204920,-2.4711306,1000,,,,,,
,,,,,205000,,,169.33351135253906,61.784820556640625,60.7982063293457,251.22064208984375,0.07066666666666667,0.001
,,,,,205528,208.14691,608,,,,,,
,,,,,205885,264.93338,357,,,,,,
,,,,,206000,,,60.474124908447266,79.70235443115234,80.11127471923828,76.00785827636719,0.07013333333333334,0.001
,,,,,206397,217.62282,512,,,,,,
,,,,,206770,228.25932,373,,,,,,
,,,,,207000,,,10.10684871673584,67.29688262939453,67.70464324951172,80.02104949951172,0.06960000000000001,0.001
,,,,,207770,-41.289997,1000,,,,,,
,,,,,208000,,,9.42947769165039,77.72285461425781,77.2416000366211,107.09330749511719,0.06906666666666667,0.001
,,,,,208285,242.93219,515,,,,,,
,,,,,208986,208.82687,701,,,,,,
,,,,,209000,,,10.93275260925293,71.77873992919922,71.93875885009766,87.73701477050781,0.06853333333333333,0.001
,,,,,209383,250.30742,397,,,,,,
,,,,,209864,266.9726,481,,,,,,
121.25946,67.113045,277.8101,11.347374,866.2,210000,,,12.236136436462402,70.51496887207031,70.52579498291016,92.64541625976562,0.068,0.001
,,,,,210330,247.4045,466,,,,,,
,,,,,210866,180.3022,536,,,,,,
,,,,,211000,,,16.31410789489746,78.85108947753906,78.40889739990234,76.78092956542969,0.06746666666666667,0.001
,,,,,211330,212.89206,464,,,,,,
,,,,,212000,,,9.761857986450195,77.06734466552734,77.39861297607422,88.84799194335938,0.06693333333333334,0.001
,,,,,212004,197.29898,674,,,,,,
,,,,,212447,230.88834,443,,,,,,
,,,,,212938,-179.22696,491,,,,,,
,,,,,213000,,,9.896074295043945,72.22813415527344,71.61846923828125,79.7808609008789,0.06640000000000001,0.001
,,,,,213704,154.92992,766,,,,,,
,,,,,214000,,,10.242055892944336,79.20469665527344,79.3266830444336,72.43081665039062,0.06586666666666667,0.001
,,,,,214401,228.40648,697,,,,,,
,,,,,214931,227.3092,530,,,,,,
,,,,,215000,,,4.85446834564209,83.33483123779297,83.75733947753906,56.27789306640625,0.06533333333333333,0.001
,,,,,215379,-167.75735,448,,,,,,
,,,,,215663,-152.62512,284,,,,,,
,,,,,216000,,,8.608488082885742,79.73526000976562,80.01446533203125,57.88911437988281,0.0648,0.001
,,,,,216239,230.72282,576,,,,,,
,,,,,216626,-163.43349,387,,,,,,
,,,,,216994,173.38158,368,,,,,,
,,,,,217000,,,7.858078956604004,54.787330627441406,54.54871368408203,64.10203552246094,0.06426666666666667,0.001
,,,,,217414,-157.0254,420,,,,,,
,,,,,218000,,,33.824058532714844,68.39302062988281,69.265625,192.9508056640625,0.06373333333333334,0.001
,,,,,218414,44.768604,1000,,,,,,
,,,,,219000,,,7.44166374206543,73.2366714477539,73.50161743164062,61.65032196044922,0.0632,0.001
,,,,,219414,62.354595,1000,,,,,,
,,,,,219916,218.05435,502,,,,,,
-45.9212,164.7467,237.73195,-283.83862,758.4,220000,,,5.630019664764404,76.65399169921875,77.14849853515625,64.74549865722656,0.06266666666666668,0.001
,,,,,220846,185.8105,930,,,,,,
,,,,,221000,,,20.224327087402344,72.22095489501953,72.97958374023438,115.49525451660156,0.06213333333333334,0.001
,,,,,221499,224.70804,653,,,,,,
,,,,,222000,,,8.904698371887207,63.911861419677734,63.185821533203125,81.87741088867188,0.06160000000000001,0.001
,,,,,222289,160.79707,790,,,,,,
,,,,,223000,,,16.809598922729492,72.84114837646484,73.44593048095703,88.44324493408203,0.06106666666666667,0.001
,,,,,223182,170.38574,893,,,,,,
,,,,,224000,,,58.52791976928711,74.02800750732422,74.40393829345703,109.9205093383789,0.060533333333333335,0.001
,,,,,224182,-15.974056,1000,,,,,,
,,,,,225000,,,507.4945068359375,58.281028747558594,56.02251052856445,459.5043640136719,0.060000000000000005,0.001
,,,,,225182,-78.28615,1000,,,,,,
,,,,,225736,240.5903,554,,,,,,
,,,,,226000,,,10.6085786819458,79.66400146484375,80.11627960205078,81.49866485595703,0.05946666666666667,0.001
,,,,,226159,232.30676,423,,,,,,
,,,,,226901,-310.5976,742,,,,,,
,,,,,227000,,,6.313848972320557,74.48149871826172,74.51302337646484,49.78569412231445,0.05893333333333334,0.001
,,,,,227714,234.3156,813,,,,,,
,,,,,228000,,,10.043503761291504,64.66986846923828,65.07147216796875,68.79634094238281,0.0584,0.001
,,,,,228313,208.64072,599,,,,,,
,,,,,229000,,,10.890419006347656,85.31683349609375,85.80791473388672,67.127197265625,0.05786666666666668,0.001
,,,,,229313,-31.4852,1000,,,,,,
51.990173,152.94333,211.10388,-223.5712,660.3,230000,,,54.616241455078125,64.45675659179688,64.1575698852539,201.56787109375,0.05733333333333334,0.001
,,,,,230313,-97.50345,1000,,,,,,
,,,,,230895,231.47174,582,,,,,,
,,,,,231000,,,9.13484001159668,73.80594635009766,73.3246841430664,74.47325134277344,0.0568,0.001
,,,,,231895,-80.159744,1000,,,,,,
,,,,,232000,,,8.607878684997559,59.213623046875,60.041770935058594,108.93034362792969,0.05626666666666667,0.001
,,,,,232604,185.27106,709,,,,,,
,,,,,233000,,,12.762425422668457,67.52317810058594,67.52552795410156,74.1866455078125,0.055733333333333336,0.001
,,,,,233577,-205.03625,973,,,,,,
,,,,,234000,,,16.98550033569336,80.26264190673828,79.8890609741211,133.2266082763672,0.0552,0.001
,,,,,234577,-125.47578,1000,,,,,,
,,,,,235000,,,12.624207496643066,76.0804214477539,75.18693542480469,115.04983520507812,0.054666666666666676,0.001
,,,,,235577,101.479866,1000,,,,,,
,,,,,235977,276.37274,400,,,,,,
,,,,,236000,,,6.934864044189453,72.32904052734375,72.51828002929688,61.921653747558594,0.05413333333333334,0.001
,,,,,236977,-71.57193,1000,,,,,,
,,,,,237000,,,5.472235679626465,71.77562713623047,71.2480697631836,75.29778289794922,0.05360000000000001,0.001
,,,,,237977,-19.107927,1000,,,,,,
,,,,,238000,,,12.170158386230469,72.61467742919922,73.49398803710938,73.14251708984375,0.05306666666666667,0.001
,,,,,238977,-27.27263,1000,,,,,,
,,,,,239000,,,4.869842529296875,68.67576599121094,69.24405670166016,71.76653289794922,0.052533333333333335,0.001
,,,,,239970,128.08997,993,,,,,,
127.68208,116.76576,289.92914,-30.984894,614.4,240000,,,6.522689342498779,71.81249237060547,72.30217742919922,51.257415771484375,0.052000000000000005,0.001
,,,,,240457,189.86871,487,,,,,,
,,,,,241000,,,9.710671424865723,71.89380645751953,71.95291137695312,78.23050689697266,0.05146666666666667,0.001
,,,,,241457,44.4783,1000,,,,,,
,,,,,242000,,,5.638912200927734,93.06587982177734,92.53976440429688,61.288761138916016,0.050933333333333344,0.001
,,,,,242457,-78.72707,1000,,,,,,
,,,,,243000,,,8.576895713806152,76.85198211669922,77.45343780517578,74.56623077392578,0.05040000000000001,0.001
,,,,,243457,-48.54627,1000,,,,,,
,,,,,243926,251.3888,469,,,,,,
,,,,,244000,,,9.800824165344238,72.1761245727539,72.1339340209961,116.45947265625,0.04986666666666667,0.001
,,,,,244311,205.83136,385,,,,,,
,,,,,245000,,,8.591398239135742,80.83818054199219,80.21017456054688,95.55166625976562,0.04933333333333334,0.001
,,,,,245130,160.14935,819,,,,,,
,,,,,245849,180.49701,719,,,,,,
,,,,,246000,,,13.526524543762207,78.0511474609375,77.01364135742188,112.03154754638672,0.0488,0.001
,,,,,246558,230.2057,709,,,,,,
,,,,,246982,272.89386,424,,,,,,
,,,,,247000,,,10.706265449523926,84.5773696899414,84.58043670654297,89.94560241699219,0.04826666666666667,0.001
,,,,,247894,95.34635,912,,,,,,
,,,,,248000,,,9.647002220153809,67.04776000976562,67.27641296386719,81.57713317871094,0.047733333333333336,0.001
,,,,,248742,151.63634,848,,,,,,
,,,,,249000,,,9.274935722351074,79.72569274902344,79.82180786132812,64.29167938232422,0.0472,0.001
,,,,,249742,-17.893759,1000,,,,,,
77.403404,125.42067,236.6594,-220.83801,658.5,250000,,,9.72644329071045,88.00511169433594,87.01512908935547,112.50191497802734,0.046666666666666676,0.001
,,,,,250742,-75.76161,1000,,,,,,
,,,,,251000,,,10.365653038024902,78.37483978271484,78.41537475585938,72.2793197631836,0.04613333333333334,0.001
,,,,,251169,260.37103,427,,,,,,
,,,,,251964,194.80042,795,,,,,,
,,,,,252000,,,6.611698150634766,70.22847747802734,70.13053131103516,64.12337493896484,0.0456,0.001
,,,,,252655,235.53911,691,,,,,,
,,,,,253000,,,16.060688018798828,61.76250076293945,62.030250549316406,125.40924072265625,0.04506666666666667,0.001
,,,,,253471,161.84435,816,,,,,,
,,,,,254000,,,25.4966983795166,60.059181213378906,59.43280029296875,102.84661102294922,0.044533333333333334,0.001
,,,,,254471,-62.532425,1000,,,,,,
,,,,,255000,,,19.732343673706055,66.27870178222656,67.25386047363281,129.0137176513672,0.04400000000000001,0.001
,,,,,255330,-177.64044,859,,,,,,
,,,,,255576,257.75012,246,,,,,,
,,,,,256000,,,15.904633522033691,75.73207092285156,76.57222747802734,121.08624267578125,0.043466666666666674,0.001
,,,,,256287,135.3404,711,,,,,,
,,,,,257000,,,29.209930419921875,78.92376708984375,78.68033599853516,117.70234680175781,0.04293333333333334,0.001
,,,,,257287,-11.486377,1000,,,,,,
,,,,,257613,248.7542,326,,,,,,
,,,,,258000,,,3.974708318710327,82.62224578857422,82.13656616210938,52.926368713378906,0.04240000000000001,0.001
,,,,,258255,196.48228,642,,,,,,
,,,,,259000,,,8.864574432373047,77.67757415771484,77.52732849121094,85.05758666992188,0.04186666666666667,0.001
,,,,,259255,-129.01416,1000,,,,,,
,,,,,259695,218.63086,440,,,,,,
35.390907,147.0542,236.36699,-122.428894,818.0,260000,,,6.0193681716918945,81.41815948486328,82.07567596435547,71.43421173095703,0.04133333333333334,0.001
,,,,,260429,189.84181,734,,,,,,
,,,,,261000,,,9.711726188659668,71.2439956665039,71.60833740234375,73.01091766357422,0.0408,0.001
,,,,,261429,54.474396,1000,,,,,,
,,,,,261816,272.17694,387,,,,,,
,,,,,262000,,,12.11550235748291,85.97884368896484,85.45403289794922,89.49259948730469,0.040266666666666666,0.001
,,,,,262183,272.16425,367,,,,,,
,,,,,262324,-4.534088,141,,,,,,
,,,,,263000,,,12.043109893798828,85.09326171875,84.95445251464844,87.23821258544922,0.03973333333333334,0.001
,,,,,263005,180.60841,681,,,,,,
,,,,,263773,117.3526,768,,,,,,
,,,,,264000,,,28.700191497802734,77.864501953125,78.0206298828125,117.80733489990234,0.039200000000000006,0.001
,,,,,264237,263.5282,464,,,,,,
,,,,,265000,,,52.921878814697266,68.51969909667969,68.90626525878906,171.35385131835938,0.03866666666666667,0.001
,,,,,265068,120.89942,831,,,,,,
,,,,,266000,,,15.910896301269531,71.03390502929688,71.19107818603516,84.1756820678711,0.03813333333333334,0.001
,,,,,266068,-3.479704,1000,,,,,,
,,,,,266721,238.45328,653,,,,,,
,,,,,267000,,,5.85997200012207,77.0166015625,77.1676025390625,65.67372131347656,0.0376,0.001
,,,,,267721,-110.06545,1000,,,,,,
,,,,,268000,,,7.667154312133789,77.81195831298828,76.88689422607422,93.40158081054688,0.03706666666666668,0.001
,,,,,268721,25.222698,1000,,,,,,
,,,,,269000,,,10.761151313781738,77.45745086669922,78.18907165527344,121.0364990234375,0.036533333333333334,0.001
,,,,,269453,218.92899,732,,,,,,
93.2522,103.940414,278.3821,-88.87106,630.4,270000,,,37.27447509765625,80.0550537109375,79.78523254394531,114.83795166015625,0.036000000000000004,0.001
,,,,,270104,216.33693,651,,,,,,
,,,,,270711,232.85371,607,,,,,,
,,,,,271000,,,10.817380905151367,79.98210906982422,80.26746368408203,88.40564727783203,0.035466666666666674,0.001
,,,,,271277,163.81375,566,,,,,,
,,,,,271781,265.11462,504,,,,,,
,,,,,272000,,,9.326178550720215,80.40998077392578,80.25887298583984,99.40708923339844,0.03493333333333333,0.001
,,,,,272667,168.84555,886,,,,,,
,,,,,273000,,,27.31858253479004,82.1868896484375,81.45059204101562,92.82145690917969,0.034400000000000014,0.001
,,,,,273035,208.57532,368,,,,,,
,,,,,273496,223.41266,461,,,,,,
,,,,,273862,280.68298,366,,,,,,
,,,,,274000,,,5.723073959350586,81.25155639648438,81.54618072509766,43.524906158447266,0.03386666666666667,0.001
,,,,,274127,269.00897,265,,,,,,
,,,,,274514,246.27559,387,,,,,,
,,,,,275000,,,7.897455215454102,86.74417114257812,86.87737274169922,62.137290954589844,0.03333333333333334,0.001
,,,,,275333,129.37889,819,,,,,,
,,,,,276000,,,11.151830673217773,72.26333618164062,72.24488067626953,65.22438049316406,0.03280000000000001,0.001
,,,,,276028,231.94426,695,,,,,,
,,,,,276524,206.10977,496,,,,,,
,,,,,276970,281.88348,446,,,,,,
,,,,,277000,,,11.291770935058594,91.67507934570312,91.99127960205078,92.1490249633789,0.032266666666666666,0.001
,,,,,277421,269.33917,451,,,,,,
,,,,,277805,-238.05995,384,,,,,,
,,,,,278000,,,7.911656379699707,84.81332397460938,84.79443359375,64.79559326171875,0.031733333333333336,0.001
,,,,,278329,257.71027,524,,,,,,
,,,,,279000,,,5.716121196746826,69.98724365234375,70.2770767211914,59.823673248291016,0.031200000000000006,0.001
,,,,,279125,-369.71143,796,,,,,,
,,,,,279848,-219.1731,723,,,,,,
127.245895,177.20209,263.7903,-240.72107,430.0,280000,,,9.726832389831543,75.49944305419922,75.09397888183594,84.76876068115234,0.03066666666666666,0.001
,,,,,280317,229.0768,469,,,,,,
,,,,,280635,244.03148,318,,,,,,
,,,,,281000,,,11.6569242477417,81.93782043457031,82.3331298828125,78.84538269042969,0.030133333333333345,0.001
,,,,,281128,228.59189,493,,,,,,
,,,,,281703,178.37616,575,,,,,,
,,,,,282000,,,31.355239868164062,90.01264953613281,90.17132568359375,160.2482147216797,0.0296,0.001
,,,,,282118,236.94618,415,,,,,,
,,,,,282276,34.15039,158,,,,,,
,,,,,282901,235.17088,625,,,,,,
,,,,,283000,,,14.50318717956543,85.25169372558594,85.13567352294922,77.9837875366211,0.02906666666666667,0.001
,,,,,283459,238.66205,558,,,,,,
,,,,,283924,212.79198,465,,,,,,
,,,,,284000,,,33.17341613769531,71.98241424560547,70.88514709472656,183.5806884765625,0.02853333333333334,0.001
,,,,,284437,121.58099,513,,,,,,
,,,,,284975,175.99759,538,,,,,,
,,,,,285000,,,21.490575790405273,75.59711456298828,76.30702209472656,109.44319152832031,0.027999999999999997,0.001
,,,,,285803,225.34213,828,,,,,,
,,,,,286000,,,4.128640174865723,71.73424530029297,71.27085876464844,48.94804382324219,0.02746666666666668,0.001
,,,,,286189,256.88834,386,,,,,,
,,,,,286638,284.84586,449,,,,,,
,,,,,286992,231.31538,354,,,,,,
,,,,,287000,,,7.926636695861816,72.1396713256836,72.40843200683594,110.6939468383789,0.026933333333333337,0.001
,,,,,287441,-249.53214,449,,,,,,
,,,,,287731,285.40225,290,,,,,,
,,,,,288000,,,15.327323913574219,78.53514099121094,79.3489761352539,89.22229766845703,0.026400000000000007,0.001
,,,,,288024,239.53308,293,,,,,,
,,,,,288444,280.8766,420,,,,,,
,,,,,288843,230.78685,399,,,,,,
,,,,,289000,,,8.44637393951416,80.04383850097656,80.29634857177734,78.5652084350586,0.025866666666666677,0.001
,,,,,289628,265.09436,785,,,,,,
217.05478,58.32547,271.36523,79.73277,482.3,290000,,,430.9044189453125,87.13401794433594,84.08488464355469,285.8150634765625,0.025333333333333333,0.001
,,,,,290462,120.8582,834,,,,,,
,,,,,291000,,,12.85693359375,80.77449798583984,81.02725219726562,64.24951934814453,0.024800000000000003,0.001
,,,,,291164,156.52206,702,,,,,,
,,,,,291613,238.39104,449,,,,,,
,,,,,292000,,,19.590377807617188,70.39881896972656,71.16081237792969,192.25645446777344,0.024266666666666672,0.001
,,,,,292015,246.80573,402,,,,,,
,,,,,292638,170.93732,623,,,,,,
,,,,,293000,,,17.017982482910156,66.78119659423828,67.04298400878906,113.79581451416016,0.02373333333333333,0.001
,,,,,293413,247.73586,775,,,,,,
,,,,,293805,246.7872,392,,,,,,
,,,,,294000,,,707.380126953125,69.98020935058594,73.62104034423828,598.745361328125,0.023200000000000012,0.001
,,,,,294270,247.98744,465,,,,,,
,,,,,294472,-163.82443,202,,,,,,
,,,,,294734,6.8897476,262,,,,,,
,,,,,295000,,,10.8687744140625,69.88685607910156,70.08208465576172,74.88252258300781,0.02266666666666667,0.001
,,,,,295159,235.10077,425,,,,,,
,,,,,295945,174.66232,786,,,,,,
,,,,,296000,,,21.232196807861328,74.9530258178711,75.92095947265625,153.697509765625,0.022133333333333338,0.001
,,,,,296263,258.4286,318,,,,,,
,,,,,296626,203.67145,363,,,,,,
,,,,,297000,,,7.04222297668457,83.56021881103516,83.58583068847656,62.95975112915039,0.021600000000000008,0.001
,,,,,297070,230.71239,444,,,,,,
,,,,,297367,231.73909,297,,,,,,
,,,,,297719,265.58167,352,,,,,,
,,,,,298000,,,6.856823921203613,87.29822540283203,86.82398223876953,58.92965316772461,0.021066666666666664,0.001
,,,,,298004,229.40025,285,,,,,,
,,,,,299000,,,27.38494300842285,68.39466094970703,67.63908386230469,166.0683135986328,0.020533333333333334,0.001
,,,,,299004,-22.50693,1000,,,,,,
,,,,,299495,266.461,491,,,,,,
-49.620472,186.3003,235.49414,-302.66776,458.0,300000,,,5.813752174377441,71.59077453613281,71.55450439453125,60.677940368652344,0.02,0.001
,,,,,300119,-277.87836,624,,,,,,
,,,,,300445,-226.84882,326,,,,,,
,,,,,300777,264.07092,332,,,,,,
,,,,,301000,,,12.197428703308105,81.59974670410156,81.77823638916016,77.3167724609375,0.02,0.001
,,,,,301204,210.51086,427,,,,,,
,,,,,301634,178.24605,430,,,,,,
,,,,,302000,,,143.238037109375,74.91365814208984,73.86542510986328,308.9162902832031,0.02,0.001
,,,,,302158,283.1337,524,,,,,,
,,,,,302586,-228.76175,428,,,,,,
,,,,,302727,40.982544,141,,,,,,
,,,,,303000,,,6.597695827484131,82.48516845703125,82.81864929199219,54.56017303466797,0.02,0.001
,,,,,303716,138.23248,989,,,,,,
,,,,,304000,,,9.962800979614258,65.92975616455078,66.21273040771484,89.29171752929688,0.02,0.001
,,,,,304466,-270.97223,750,,,,,,
,,,,,305000,,,13.008076667785645,73.18318176269531,73.43799591064453,70.3419418334961,0.02,0.001
,,,,,305096,196.69455,630,,,,,,
,,,,,306000,,,6.516031265258789,76.91119384765625,76.85032653808594,58.62577438354492,0.02,0.001
,,,,,306055,212.96155,959,,,,,,
,,,,,306447,227.09183,392,,,,,,
,,,,,306697,-1.4117203,250,,,,,,
,,,,,307000,,,7.087839603424072,80.18607330322266,80.11246490478516,67.0599136352539,0.02,0.001
,,,,,307349,215.75471,652,,,,,,
,,,,,307595,282.7016,246,,,,,,
,,,,,307831,267.35114,236,,,,,,
,,,,,308000,,,12.255764961242676,78.00353240966797,78.25617980957031,128.39480590820312,0.02,0.001
,,,,,308308,292.3302,477,,,,,,
,,,,,308591,251.21323,283,,,,,,
,,,,,309000,,,5.127564430236816,82.21983337402344,82.0283432006836,47.51329040527344,0.02,0.001
,,,,,309027,248.75185,436,,,,,,
,,,,,309617,265.8031,590,,,,,,
,,,,,309876,236.44354,259,,,,,,
229.34094,57.636063,289.4833,119.7869,409.6,310000,,,61.93586349487305,71.70614624023438,72.40103912353516,204.53036499023438,0.02,0.001
,,,,,310192,-142.02356,316,,,,,,
,,,,,310607,237.92252,415,,,,,,
,,,,,310886,226.76302,279,,,,,,
,,,,,311000,,,17.162250518798828,85.8001937866211,85.89114379882812,120.15087127685547,0.02,0.001
,,,,,311175,286.87924,289,,,,,,
,,,,,311450,226.25354,275,,,,,,
,,,,,311772,-220.53879,322,,,,,,
,,,,,312000,,,12.82710075378418,78.57752227783203,77.45480346679688,86.02571105957031,0.02,0.001
,,,,,312238,283.6258,466,,,,,,
,,,,,312810,263.78076,572,,,,,,
,,,,,313000,,,175.5419464111328,73.44087219238281,74.94148254394531,804.8964233398438,0.02,0.001
,,,,,313810,102.517685,1000,,,,,,
,,,,,314000,,,23.32915687561035,74.94623565673828,75.53790283203125,108.13017272949219,0.02,0.001
,,,,,314304,26.710976,494,,,,,,
,,,,,314555,275.59912,251,,,,,,
,,,,,314724,-60.1615,169,,,,,,
,,,,,315000,,,12.1810941696167,74.23528289794922,74.8643569946289,105.40441131591797,0.02,0.001
,,,,,315362,262.68353,638,,,,,,
,,,,,315663,7.4256363,301,,,,,,
,,,,,315814,-30.798111,151,,,,,,
,,,,,316000,,,9.327229499816895,69.87582397460938,70.01575469970703,74.88611602783203,0.02,0.001
,,,,,316128,195.22906,314,,,,,,
,,,,,316526,227.06506,398,,,,,,
,,,,,316847,277.36047,321,,,,,,
,,,,,317000,,,8.338370323181152,81.55851745605469,80.60440826416016,95.75591278076172,0.02,0.001
,,,,,317147,202.53749,300,,,,,,
,,,,,317732,-109.97865,585,,,,,,
,,,,,318000,,,8.66323471069336,78.04706573486328,77.55960083007812,116.69502258300781,0.02,0.001
,,,,,318132,203.57051,400,,,,,,
,,,,,318406,246.91922,274,,,,,,
,,,,,318711,180.97565,305,,,,,,
,,,,,319000,,,11.021166801452637,82.14753723144531,82.42668151855469,79.0929946899414,0.02,0.001
,,,,,319086,268.86493,375,,,,,,
,,,,,319385,253.33171,299,,,,,,
,,,,,319993,250.44576,608,,,,,,
164.01657,156.04256,288.08105,-161.04784,455.0,320000,,,9.328428268432617,74.83643341064453,73.85713958740234,105.6524429321289,0.02,0.001
,,,,,320211,269.24213,218,,,,,,
,,,,,320375,-3.324997,164,,,,,,
,,,,,320834,235.12288,459,,,,,,
,,,,,321000,,,58.02839660644531,74.07952880859375,74.7289047241211,287.2001037597656,0.02,0.001
,,,,,321336,237.88817,502,,,,,,
,,,,,321689,265.432,353,,,,,,
,,,,,322000,,,13.629085540771484,80.32295227050781,80.35606384277344,102.46094512939453,0.02,0.001
,,,,,322135,256.65668,446,,,,,,
,,,,,322426,244.54973,291,,,,,,
,,,,,323000,,,146.66885375976562,64.90573120117188,66.15583801269531,431.50018310546875,0.02,0.001
,,,,,323215,176.84,789,,,,,,
,,,,,323483,265.83746,268,,,,,,
,,,,,323728,252.36484,245,,,,,,
,,,,,324000,,,11.987564086914062,87.56233215332031,87.05815124511719,82.70284271240234,0.02,0.001
,,,,,324366,124.01366,638,,,,,,
,,,,,324640,-131.20312,274,,,,,,
,,,,,324775,24.99598,135,,,,,,
,,,,,325000,,,8.567051887512207,72.92338562011719,72.87287902832031,63.72203063964844,0.02,0.001
,,,,,325154,252.98813,379,,,,,,
,,,,,325927,-225.16795,773,,,,,,
,,,,,326000,,,22.429105758666992,82.67633819580078,82.60832977294922,112.29059600830078,0.02,0.001
,,,,,326103,-140.07666,176,,,,,,
,,,,,326867,116.4551,764,,,,,,
,,,,,327000,,,8.893607139587402,82.27055358886719,82.94291687011719,79.07414245605469,0.02,0.001
,,,,,327208,230.59398,341,,,,,,
,,,,,327560,241.22772,352,,,,,,
,,,,,327996,196.9893,436,,,,,,
,,,,,328000,,,11.874442100524902,87.57678985595703,87.53482818603516,94.23176574707031,0.02,0.001
,,,,,328360,254.2829,364,,,,,,
,,,,,328810,248.34561,450,,,,,,
,,,,,329000,,,22.426910400390625,76.40373229980469,76.69046783447266,137.4122314453125,0.02,0.001
,,,,,329235,207.33534,425,,,,,,
,,,,,329620,212.66617,385,,,,,,
90.21509,181.05792,270.3947,-220.81639,434.5,330000,,,112.16368865966797,81.15296936035156,79.99602508544922,394.42962646484375,0.02,0.001
,,,,,330151,170.07466,531,,,,,,
,,,,,330837,273.54108,686,,,,,,
,,,,,331000,,,7.231813430786133,82.0210189819336,83.09927368164062,121.64539337158203,0.02,0.001
,,,,,331120,253.36888,283,,,,,,
,,,,,331417,268.7965,297,,,,,,
,,,,,331794,247.47974,377,,,,,,
,,,,,332000,,,14.828078269958496,82.87042236328125,83.05797576904297,93.98307037353516,0.02,0.001
,,,,,332794,-30.59197,1000,,,,,,
,,,,,333000,,,13.732884407043457,77.3981704711914,77.79278564453125,81.94660186767578,0.02,0.001
,,,,,333267,241.4474,473,,,,,,
,,,,,333594,240.39723,327,,,,,,
,,,,,334000,,,6.88047981262207,76.57939147949219,75.6250991821289,77.7844009399414,0.02,0.001
,,,,,334172,-208.2083,578,,,,,,
,,,,,334532,209.3114,360,,,,,,
,,,,,334933,258.83203,401,,,,,,
,,,,,335000,,,5.2685017585754395,80.92143249511719,81.26964569091797,70.54749298095703,0.02,0.001
,,,,,335345,-118.3303,412,,,,,,
,,,,,336000,,,5.61605167388916,82.30221557617188,82.24790954589844,47.57247543334961,0.02,0.001
,,,,,336345,-41.10324,1000,,,,,,
,,,,,336629,250.1362,284,,,,,,
,,,,,336844,-193.81546,215,,,,,,
,,,,,337000,,,13.145334243774414,77.433837890625,77.60724639892578,78.7106704711914,0.02,0.001
,,,,,337229,275.27615,385,,,,,,
,,,,,337503,282.41656,274,,,,,,
,,,,,337772,251.31728,269,,,,,,
,,,,,337921,-92.64178,149,,,,,,
,,,,,338000,,,25.87826919555664,79.82124328613281,80.15145111083984,193.64834594726562,0.02,0.001
,,,,,338297,247.0941,376,,,,,,
,,,,,338698,261.52893,401,,,,,,
,,,,,339000,,,7.75873327255249,78.28431701660156,77.56046295166016,95.86245727539062,0.02,0.001
,,,,,339422,225.93442,724,,,,,,
239.19914,42.424816,277.4318,119.40136,368.0,340000,,,9.360589027404785,83.59368896484375,83.66643524169922,69.51538848876953,0.02,0.001
,,,,,340015,236.15034,593,,,,,,
,,,,,340337,236.59369,322,,,,,,
,,,,,340618,241.06906,281,,,,,,
,,,,,341000,,,110.38906860351562,79.30116271972656,79.84027862548828,381.1065368652344,0.02,0.001
,,,,,341140,279.22742,522,,,,,,
,,,,,341544,243.90652,404,,,,,,
,,,,,341883,219.37357,339,,,,,,
,,,,,342000,,,38.04356384277344,66.58715057373047,66.52789306640625,153.6430206298828,0.02,0.001
,,,,,342066,-183.84706,183,,,,,,
,,,,,342211,29.648315,145,,,,,,
,,,,,342568,244.37456,357,,,,,,
,,,,,342756,201.86975,188,,,,,,
,,,,,343000,,,6.800538539886475,80.68317413330078,80.53321075439453,67.67262268066406,0.02,0.001
,,,,,343088,28.929642,332,,,,,,
,,,,,343456,262.0094,368,,,,,,
,,,,,344000,,,9.715401649475098,92.47842407226562,93.02682495117188,76.32324981689453,0.02,0.001
,,,,,344122,271.9217,666,,,,,,
,,,,,344539,235.27097,417,,,,,,
,,,,,345000,,,8.885318756103516,83.51253509521484,83.30119323730469,69.1780776977539,0.02,0.001
,,,,,345098,273.4123,559,,,,,,
,,,,,345339,-250.7392,241,,,,,,
,,,,,346000,,,9.868019104003906,85.41305541992188,85.79146575927734,78.10602569580078,0.02,0.001
,,,,,346173,-252.74301,834,,,,,,
,,,,,346402,264.96857,229,,,,,,
,,,,,346628,263.75592,226,,,,,,
,,,,,346847,243.87299,219,,,,,,
,,,,,347000,,,40.06984329223633,92.305908203125,91.3478012084961,185.6609649658203,0.02,0.001
,,,,,347150,262.6051,303,,,,,,
,,,,,347448,258.8205,298,,,,,,
,,,,,347761,-144.4802,313,,,,,,
,,,,,348000,,,7.732789516448975,82.72444915771484,82.70821380615234,59.36433029174805,0.02,0.001
,,,,,348207,246.55501,446,,,,,,
,,,,,348628,248.69276,421,,,,,,
,,,,,348890,-184.04535,262,,,,,,
,,,,,349000,,,9.685811996459961,91.74998474121094,91.13993835449219,88.26101684570312,0.02,0.001
,,,,,349053,-180.36636,163,,,,,,
,,,,,349662,258.71216,609,,,,,,
192.36594,74.63457,269.93466,21.540962,573.7,350000,,,17.80797004699707,87.02897644042969,87.16661071777344,82.91426849365234,0.02,0.001
,,,,,350085,261.188,423,,,,,,
,,,,,350614,222.79651,529,,,,,,
,,,,,350988,-224.77216,374,,,,,,
,,,,,351000,,,36.96444320678711,82.64486694335938,83.30513763427734,194.1510772705078,0.02,0.001
,,,,,351420,230.3547,432,,,,,,
,,,,,351897,214.50854,477,,,,,,
,,,,,352000,,,8.880444526672363,88.00494384765625,86.88119506835938,131.29946899414062,0.02,0.001
,,,,,352270,253.71184,373,,,,,,
,,,,,352610,297.0741,340,,,,,,
,,,,,352878,226.63506,268,,,,,,
,,,,,353000,,,9.88045883178711,97.33024597167969,97.09476470947266,61.33090591430664,0.02,0.001
,,,,,353174,-261.10712,296,,,,,,
,,,,,353678,238.46336,504,,,,,,
,,,,,353898,-81.29896,220,,,,,,
,,,,,354000,,,21.68447494506836,84.7470932006836,83.48493194580078,230.6170196533203,0.02,0.001
,,,,,354328,-182.97054,430,,,,,,
,,,,,354647,256.6917,319,,,,,,
,,,,,355000,,,12.675054550170898,82.14559936523438,82.20404052734375,66.57594299316406,0.02,0.001
,,,,,355173,244.72855,526,,,,,,
,,,,,355626,203.76135,453,,,,,,
,,,,,355967,276.3695,341,,,,,,
,,,,,356000,,,33.6668815612793,85.92639923095703,85.73564910888672,208.1005401611328,0.02,0.001
,,,,,356277,244.05037,310,,,,,,
,,,,,356556,262.52325,279,,,,,,
,,,,,357000,,,6.106174945831299,90.8886947631836,91.35447692871094,58.33476638793945,0.02,0.001
,,,,,357068,241.09143,512,,,,,,
,,,,,357302,229.4674,234,,,,,,
,,,,,357662,244.29478,360,,,,,,
,,,,,358000,,,31.599557876586914,84.80506134033203,85.37825012207031,218.3783721923828,0.02,0.001
,,,,,358056,270.7122,394,,,,,,
,,,,,358464,226.07773,408,,,,,,
,,,,,358808,280.55066,344,,,,,,
,,,,,358925,-9.133102,117,,,,,,
,,,,,359000,,,6.263421058654785,91.00700378417969,91.4867935180664,56.104698181152344,0.02,0.001
,,,,,359254,213.51942,329,,,,,,
,,,,,359870,-283.60156,616,,,,,,
-57.740913,181.2233,235.1061,-281.7315,439.6,360000,,,22.830942153930664,72.541748046875,73.47183990478516,122.63235473632812,0.02,0.001
,,,,,360280,221.27232,410,,,,,,
,,,,,360720,223.01447,440,,,,,,
,,,,,361000,,,5.970882415771484,88.07125854492188,87.6582260131836,67.39159393310547,0.02,0.001
,,,,,361194,248.33565,474,,,,,,
,,,,,361670,171.0965,476,,,,,,
,,,,,362000,,,9.362247467041016,82.26094055175781,83.07527923583984,87.34776306152344,0.02,0.001
,,,,,362113,253.7152,443,,,,,,
,,,,,362483,270.6397,370,,,,,,
,,,,,362940,227.28775,457,,,,,,
,,,,,363000,,,12.54485034942627,92.4501724243164,93.0827865600586,92.22256469726562,0.02,0.001
,,,,,363283,245.50113,343,,,,,,
,,,,,363737,231.61812,454,,,,,,
,,,,,363992,201.42767,255,,,,,,
,,,,,364000,,,10.860617637634277,84.25486755371094,84.21513366699219,87.2019271850586,0.02,0.001
,,,,,364388,229.23862,396,,,,,,
,,,,,364999,279.7029,611,,,,,,
,,,,,365000,,,21.850805282592773,94.42243194580078,95.21832275390625,121.9852066040039,0.02,0.001
,,,,,365352,255.0085,353,,,,,,
,,,,,365845,214.43988,493,,,,,,
,,,,,366000,,,283.2919006347656,79.79747772216797,82.37684631347656,953.5913696289062,0.02,0.001
,,,,,366265,248.76811,420,,,,,,
,,,,,366628,220.013,363,,,,,,
,,,,,367000,,,11.799738883972168,91.19631958007812,91.55858612060547,88.89205169677734,0.02,0.001
,,,,,367084,220.28113,456,,,,,,
,,,,,367581,251.77321,497,,,,,,
,,,,,367908,239.50017,327,,,,,,
,,,,,368000,,,5.556246280670166,94.4560546875,94.86722564697266,67.6732406616211,0.02,0.001
,,,,,368209,-289.6397,301,,,,,,
,,,,,368517,269.7281,308,,,,,,
,,,,,368845,232.73373,328,,,,,,
,,,,,369000,,,18.91678810119629,84.34569549560547,84.25430297851562,84.46717071533203,0.02,0.001
,,,,,369262,249.99127,417,,,,,,
,,,,,369683,241.25386,421,,,,,,
241.4779,44.130806,273.5553,139.7046,337.4,370000,,,7.358681678771973,96.69782257080078,96.67453002929688,53.543216705322266,0.02,0.001
,,,,,370051,290.4137,368,,,,,,
,,,,,370870,241.16055,819,,,,,,
,,,,,371000,,,9.793173789978027,87.18490600585938,87.60516357421875,98.24656677246094,0.02,0.001
,,,,,371094,282.84195,224,,,,,,
,,,,,371439,257.10715,345,,,,,,
,,,,,371780,282.21155,341,,,,,,
,,,,,372000,,,15.231247901916504,79.30937957763672,80.1281509399414,140.20033264160156,0.02,0.001
,,,,,372165,254.54372,385,,,,,,
,,,,,372487,-86.251465,322,,,,,,
,,,,,372900,212.41974,413,,,,,,
,,,,,373000,,,8.227181434631348,88.28861236572266,88.55599212646484,99.84819793701172,0.02,0.001
,,,,,373323,233.15553,423,,,,,,
,,,,,373869,224.5123,546,,,,,,
,,,,,374000,,,6.605729579925537,94.85016632080078,94.78812408447266,63.196022033691406,0.02,0.001
,,,,,374172,251.28001,303,,,,,,
,,,,,374580,200.77255,408,,,,,,
,,,,,375000,,,28.902568817138672,78.76016235351562,79.15501403808594,150.21621704101562,0.02,0.001
,,,,,375156,218.84729,576,,,,,,
,,,,,375453,297.59824,297,,,,,,
,,,,,375683,267.72668,230,,,,,,
,,,,,376000,,,13.076520919799805,79.61355590820312,79.34945678710938,90.07899475097656,0.02,0.001
,,,,,376138,177.74774,455,,,,,,
,,,,,376456,297.7437,318,,,,,,
,,,,,376695,259.0843,239,,,,,,
,,,,,377000,,,9.904844284057617,85.964111328125,85.15120697021484,121.10240173339844,0.02,0.001
,,,,,377107,238.3743,412,,,,,,
,,,,,377434,253.50258,327,,,,,,
,,,,,377917,156.19022,483,,,,,,
,,,,,378000,,,7.7050018310546875,86.79621124267578,86.53007507324219,55.33064270019531,0.02,0.001
,,,,,378210,267.60745,293,,,,,,
,,,,,378789,211.25668,579,,,,,,
,,,,,379000,,,30.993803024291992,80.45537567138672,80.15988159179688,140.0115203857422,0.02,0.001
,,,,,379023,300.09357,234,,,,,,
,,,,,379461,148.02238,438,,,,,,
,,,,,379770,277.84967,309,,,,,,
,,,,,379927,-70.10617,157,,,,,,
232.43718,42.398125,267.77368,130.78233,355.3,380000,,,7.479532718658447,87.94158172607422,87.97142791748047,66.10027313232422,0.02,0.001
,,,,,380054,5.6351852,127,,,,,,
,,,,,380389,-260.5063,335,,,,,,
,,,,,381000,,,63.49089050292969,88.42015838623047,88.88259887695312,198.6973876953125,0.02,0.001
,,,,,381375,173.35504,986,,,,,,
,,,,,381923,163.1343,548,,,,,,
,,,,,382000,,,6.614820957183838,84.72738647460938,85.34498596191406,88.78690338134766,0.02,0.001
,,,,,382113,-87.74943,190,,,,,,
,,,,,382386,-228.87419,273,,,,,,
,,,,,382660,-165.16394,274,,,,,,
,,,,,382976,243.60284,316,,,,,,
,,,,,383000,,,15.740363121032715,79.35623168945312,79.75269317626953,112.87255859375,0.02,0.001
,,,,,383357,244.0489,381,,,,,,
,,,,,383619,256.55432,262,,,,,,
,,,,,384000,,,8.220560073852539,92.22098541259766,92.39877319335938,64.78871154785156,0.02,0.001
,,,,,384049,224.08945,430,,,,,,
,,,,,384400,199.4486,351,,,,,,
,,,,,384713,269.08496,313,,,,,,
,,,,,385000,,,14.654276847839355,85.54802703857422,86.13042449951172,104.91004180908203,0.02,0.001
,,,,,385624,101.93427,911,,,,,,
,,,,,385793,-217.65686,169,,,,,,
,,,,,386000,,,22.807605743408203,89.90321350097656,90.69096374511719,71.78337860107422,0.02,0.001
,,,,,386364,170.85835,571,,,,,,
,,,,,386834,-224.98383,470,,,,,,
,,,,,387000,,,36.758487701416016,88.36537170410156,88.884765625,175.916259765625,0.02,0.001
,,,,,387194,158.89648,360,,,,,,
,,,,,387405,42.527374,211,,,,,,
,,,,,388000,,,18.207670211791992,85.8027572631836,85.71837615966797,86.95330810546875,0.02,0.001
,,,,,388016,267.25238,611,,,,,,
,,,,,388448,241.67741,432,,,,,,
,,,,,389000,,,8.130378723144531,86.67105865478516,85.93577575683594,104.1460189819336,0.02,0.001
,,,,,389110,213.673,662,,,,,,
124.627914,70.37694,236.3012,-32.19152,732.2,390000,,,189.12576293945312,95.42367553710938,94.10030364990234,347.4258117675781,0.02,0.001
,,,,,390073,143.10498,963,,,,,,
,,,,,390447,253.65416,374,,,,,,
,,,,,390774,158.10886,327,,,,,,
,,,,,391000,,,17.974334716796875,85.19802856445312,85.07460021972656,89.88282012939453,0.02,0.001
,,,,,391129,252.69606,355,,,,,,
,,,,,391609,-286.67743,480,,,,,,
,,,,,391834,-118.584,225,,,,,,
,,,,,392000,,,17.318384170532227,86.68921661376953,87.30606079101562,118.1364517211914,0.02,0.001
,,,,,392222,200.47571,388,,,,,,
,,,,,392430,-59.996048,208,,,,,,
,,,,,392891,254.6344,461,,,,,,
,,,,,393000,,,14.909100532531738,83.80133056640625,83.1660385131836,114.50819396972656,0.02,0.001
,,,,,393123,270.08752,232,,,,,,
,,,,,393632,253.59254,509,,,,,,
,,,,,393869,273.78967,237,,,,,,
,,,,,394000,,,8.06305980682373,89.22877502441406,88.37559509277344,77.97077941894531,0.02,0.001
,,,,,394438,219.06409,569,,,,,,
,,,,,394853,231.83482,415,,,,,,
,,,,,395000,,,7.516433238983154,95.47723388671875,94.88409423828125,77.07353973388672,0.02,0.001
,,,,,395093,296.32178,240,,,,,,
,,,,,395286,278.3319,193,,,,,,
,,,,,395935,154.20082,649,,,,,,
,,,,,396000,,,8.082305908203125,101.7545166015625,101.87779998779297,61.39023208618164,0.02,0.001
,,,,,396093,6.879135,158,,,,,,
,,,,,396435,235.76562,342,,,,,,
,,,,,396902,200.1959,467,,,,,,
,,,,,397000,,,19.02576446533203,88.37605285644531,89.6602783203125,121.7385482788086,0.02,0.001
,,,,,397334,273.69165,432,,,,,,
,,,,,397878,159.20735,544,,,,,,
,,,,,398000,,,420.9013366699219,84.8012924194336,82.11428833007812,541.303955078125,0.02,0.001
,,,,,398107,222.35507,229,,,,,,
,,,,,398394,-107.64252,287,,,,,,
,,,,,398880,181.34787,486,,,,,,
,,,,,399000,,,7.8216166496276855,86.0810775756836,86.15373229980469,63.03386688232422,0.02,0.001
,,,,,399020,29.166016,140,,,,,,
,,,,,399290,-246.53192,270,,,,,,
,,,,,399518,248.03735,228,,,,,,
,,,,,399830,217.27658,312,,,,,,
204.40895,121.01017,311.44385,-91.03827,431.0,400000,,,27.787633895874023,73.24327087402344,73.32420349121094,103.15552520751953,0.02,0.001
,,,,,400269,165.95975,439,,,,,,
,,,,,400624,215.72418,355,,,,,,
,,,,,401000,,,67.37984466552734,96.00320434570312,96.52220153808594,369.009765625,0.02,0.001
,,,,,401043,251.41429,419,,,,,,
,,,,,401399,222.0731,356,,,,,,
,,,,,401612,-59.36367,213,,,,,,
,,,,,402000,,,8.312187194824219,83.66973876953125,83.77510833740234,82.44728088378906,0.02,0.001
,,,,,402016,159.76457,404,,,,,,
,,,,,402191,21.171562,175,,,,,,
,,,,,402433,-270.72543,242,,,,,,
,,,,,402815,191.75735,382,,,,,,
,,,,,403000,,,35.53815841674805,77.41642761230469,77.42024993896484,202.98245239257812,0.02,0.001
,,,,,403113,-2.2352982,298,,,,,,
,,,,,403530,221.70721,417,,,,,,
,,,,,403855,300.1819,325,,,,,,
,,,,,404000,,,12.334528923034668,86.91910552978516,86.47563934326172,76.48252868652344,0.02,0.001
,,,,,404313,217.50864,458,,,,,,
,,,,,404696,185.0271,383,,,,,,
,,,,,404915,268.69934,219,,,,,,
,,,,,405000,,,17.584264755249023,93.14867401123047,93.57173919677734,118.54888153076172,0.02,0.001
,,,,,405303,177.82935,388,,,,,,
,,,,,405568,202.8183,265,,,,,,
,,,,,405925,240.40056,357,,,,,,
,,,,,406000,,,10.720169067382812,95.89019775390625,95.5194320678711,69.01898956298828,0.02,0.001
,,,,,406205,-323.9187,280,,,,,,
,,,,,407000,,,11.976699829101562,90.06734466552734,90.45140838623047,89.91617584228516,0.02,0.001
,,,,,407034,233.04411,829,,,,,,
,,,,,407353,265.5326,319,,,,,,
,,,,,407713,-95.31592,360,,,,,,
,,,,,408000,,,8.043119430541992,87.73764038085938,87.8586196899414,64.36096954345703,0.02,0.001
,,,,,408095,-313.29816,382,,,,,,
,,,,,408368,231.0639,273,,,,,,
,,,,,408732,-370.19162,364,,,,,,
,,,,,408986,253.99844,254,,,,,,
,,,,,409000,,,7.605764865875244,85.90789031982422,86.37520599365234,87.62338256835938,0.02,0.001
,,,,,409218,-217.9419,232,,,,,,
,,,,,409892,241.62276,674,,,,,,
129.50203,157.4854,283.13684,-203.336,420.9,410000,,,9.868239402770996,74.59159088134766,74.04290008544922,105.91304779052734,0.02,0.001
,,,,,410649,247.72885,757,,,,,,
,,,,,410961,296.50336,312,,,,,,
,,,,,411000,,,7.1125993728637695,92.71743774414062,92.33792877197266,70.99552917480469,0.02,0.001
,,,,,411364,209.17189,403,,,,,,
,,,,,411682,276.52875,318,,,,,,
,,,,,412000,,,7.5859222412109375,89.14196014404297,89.33365631103516,59.218021392822266,0.02,0.001
,,,,,412491,118.78589,809,,,,,,
,,,,,413000,,,15.084938049316406,78.16059112548828,77.13841247558594,97.90509033203125,0.02,0.001
,,,,,413491,-56.70552,1000,,,,,,
,,,,,413821,264.9513,330,,,,,,
,,,,,414000,,,7.856992721557617,86.82506561279297,86.76599884033203,50.47152328491211,0.02,0.001
,,,,,414349,283.43066,528,,,,,,
,,,,,414690,261.02396,341,,,,,,
,,,,,415000,,,12.178272247314453,97.2489013671875,96.74284362792969,78.57205963134766,0.02,0.001
,,,,,415021,231.4961,331,,,,,,
,,,,,415404,248.17899,383,,,,,,
,,,,,415893,243.5739,489,,,,,,
,,,,,416000,,,11.118227005004883,86.403076171875,86.53780364990234,74.26798248291016,0.02,0.001
,,,,,416209,290.34784,316,,,,,,
,,,,,416406,217.4082,197,,,,,,
,,,,,416537,-80.30026,131,,,,,,
,,,,,416914,232.30232,377,,,,,,
,,,,,417000,,,12.608278274536133,89.79588317871094,90.19329071044922,128.55770874023438,0.02,0.001
,,,,,417599,233.16939,685,,,,,,
,,,,,418000,,,44.67002868652344,79.82708740234375,81.29051208496094,132.57875061035156,0.02,0.001
,,,,,418383,249.21811,784,,,,,,
,,,,,418698,251.67442,315,,,,,,
,,,,,419000,,,20.21230697631836,85.3577880859375,85.24845886230469,73.32022857666016,0.02,0.001
,,,,,419143,184.62915,445,,,,,,
,,,,,419577,187.3809,434,,,,,,
-158.32584,128.75113,171.50916,-305.8373,660.0,420000,,,13.458942413330078,78.5542984008789,78.64219665527344,74.98712158203125,0.02,0.001
,,,,,420247,186.64359,670,,,,,,
,,,,,420502,-51.437607,255,,,,,,
,,,,,420837,287.2582,335,,,,,,
,,,,,421000,,,19.730579376220703,80.26065063476562,81.05074310302734,203.4408721923828,0.02,0.001
,,,,,421171,252.55835,334,,,,,,
,,,,,421470,172.37334,299,,,,,,
,,,,,421763,256.64642,293,,,,,,
,,,,,421918,-183.63687,155,,,,,,
,,,,,422000,,,10.573895454406738,87.1130599975586,87.79595184326172,80.14886474609375,0.02,0.001
,,,,,422131,226.67966,213,,,,,,
,,,,,422675,-172.24948,544,,,,,,
,,,,,422854,-153.45857,179,,,,,,
,,,,,423000,,,22.71129035949707,88.3386001586914,88.14473724365234,104.88003540039062,0.02,0.001
,,,,,423180,210.551,326,,,,,,
,,,,,423620,-57.136814,440,,,,,,
,,,,,423782,257.36407,162,,,,,,
,,,,,424000,,,6.931980609893799,84.32415771484375,84.63041687011719,55.46997833251953,0.02,0.001
,,,,,424434,221.94962,652,,,,,,
,,,,,424681,275.27023,247,,,,,,
,,,,,425000,,,49.294586181640625,87.45480346679688,87.37891387939453,220.06959533691406,0.02,0.001
,,,,,425271,229.1084,590,,,,,,
,,,,,425546,256.81372,275,,,,,,
,,,,,426000,,,40.201904296875,82.77105712890625,83.53130340576172,72.09838104248047,0.02,0.001
,,,,,426130,238.67355,584,,,,,,
,,,,,426353,-118.37639,223,,,,,,
,,,,,426978,263.32623,625,,,,,,
,,,,,427000,,,22.957077026367188,82.19877624511719,82.08055114746094,114.5457763671875,0.02,0.001
,,,,,427257,244.17897,279,,,,,,
,,,,,427621,255.721,364,,,,,,
,,,,,427983,217.04836,362,,,,,,
,,,,,428000,,,8.649567604064941,80.7021713256836,79.68522644042969,102.42565155029297,0.02,0.001
,,,,,428983,-69.41695,1000,,,,,,
,,,,,429000,,,6.069595813751221,81.31132507324219,81.21179962158203,54.7988166809082,0.02,0.001
,,,,,429454,165.78552,471,,,,,,
164.36899,122.81732,271.10107,-151.78958,480.1,430000,,,8.994028091430664,83.28372955322266,83.94031524658203,88.10069274902344,0.02,0.001
,,,,,430084,288.89716,630,,,,,,
,,,,,430609,207.3696,525,,,,,,
,,,,,430991,-152.28145,382,,,,,,
,,,,,431000,,,16.611976623535156,74.97388458251953,75.1474380493164,91.81556701660156,0.02,0.001
,,,,,431148,-138.99518,157,,,,,,
,,,,,431459,225.4812,311,,,,,,
,,,,,431613,-22.9002,154,,,,,,
,,,,,431861,254.60207,248,,,,,,
,,,,,432000,,,8.801115036010742,79.72941589355469,79.35153198242188,86.33644104003906,0.02,0.001
,,,,,432410,199.92542,549,,,,,,
,,,,,432869,247.09923,459,,,,,,
,,,,,433000,,,14.441447257995605,94.73406982421875,94.85643005371094,72.96868133544922,0.02,0.001
,,,,,433151,278.56226,282,,,,,,
,,,,,433472,266.61337,321,,,,,,
,,,,,433848,256.8862,376,,,,,,
,,,,,434000,,,6.682405471801758,91.83023071289062,91.60081481933594,91.92543029785156,0.02,0.001
,,,,,434032,-91.15768,184,,,,,,
,,,,,434251,254.42654,219,,,,,,
,,,,,434593,287.23853,342,,,,,,
,,,,,434820,278.19446,227,,,,,,
,,,,,434979,-67.60328,159,,,,,,
,,,,,435000,,,31.21611785888672,70.5065689086914,70.59877014160156,240.8274688720703,0.02,0.001
,,,,,435832,166.60086,853,,,,,,
,,,,,436000,,,49.158939361572266,86.1146240234375,86.85311126708984,251.68661499023438,0.02,0.001
,,,,,436058,261.9123,226,,,,,,
,,,,,436464,233.91449,406,,,,,,
,,,,,436789,202.02155,325,,,,,,
,,,,,436911,-18.392982,122,,,,,,
,,,,,437000,,,5.763223648071289,88.47167205810547,88.81334686279297,60.524658203125,0.02,0.001
,,,,,437040,15.49675,129,,,,,,
,,,,,437195,-133.16647,155,,,,,,
,,,,,437432,304.86096,237,,,,,,
,,,,,437666,258.33804,234,,,,,,
,,,,,438000,,,34.423377990722656,87.96745300292969,87.98409271240234,221.9730682373047,0.02,0.001
,,,,,438023,251.04646,357,,,,,,
,,,,,438317,281.29828,294,,,,,,
,,,,,438695,241.9791,378,,,,,,
,,,,,438947,301.57947,252,,,,,,
,,,,,439000,,,7.557746887207031,83.63713073730469,83.48609924316406,80.33219909667969,0.02,0.001
,,,,,439369,205.98141,422,,,,,,
,,,,,439629,298.48474,260,,,,,,
,,,,,439829,276.2032,200,,,,,,
,,,,,439998,-110.7125,169,,,,,,
152.26578,127.19485,258.1015,-182.93796,651.0,440000,,,6.851119041442871,79.19116973876953,79.12274169921875,54.05463790893555,0.02,0.001
,,,,,440245,-135.46815,247,,,,,,
,,,,,441000,,,12.420761108398438,91.47913360595703,92.00115203857422,76.42891693115234,0.02,0.001
,,,,,441099,188.29395,854,,,,,,
,,,,,441511,246.90244,412,,,,,,
,,,,,441717,-110.33145,206,,,,,,
,,,,,441986,245.18076,269,,,,,,
,,,,,442000,,,11.620635986328125,88.4474868774414,89.0119400024414,68.88108825683594,0.02,0.001
,,,,,442257,233.96326,271,,,,,,
,,,,,442490,265.16858,233,,,,,,
,,,,,442614,-19.848091,124,,,,,,
,,,,,442916,-309.43762,302,,,,,,
,,,,,443000,,,9.414583206176758,78.40965270996094,78.31881713867188,71.13375091552734,0.02,0.001
,,,,,443185,279.43616,269,,,,,,
,,,,,443452,277.2208,267,,,,,,
,,,,,443689,281.4154,237,,,,,,
,,,,,444000,,,70.82453918457031,85.01382446289062,85.80592346191406,180.36447143554688,0.02,0.001
,,,,,444160,261.36554,471,,,,,,
,,,,,444523,249.24976,363,,,,,,
,,,,,444934,253.7076,411,,,,,,
,,,,,445000,,,25.232149124145508,82.34222412109375,82.12020111083984,160.89151000976562,0.02,0.001
,,,,,445131,282.14795,197,,,,,,
,,,,,445467,246.40768,336,,,,,,
,,,,,445764,250.80678,297,,,,,,
,,,,,446000,,,502.7586364746094,96.64967346191406,99.4703369140625,1275.5321044921875,0.02,0.001
,,,,,446394,284.98584,630,,,,,,
,,,,,446652,257.4282,258,,,,,,
,,,,,446922,189.53671,270,,,,,,
,,,,,447000,,,11.795201301574707,73.36878967285156,73.03050231933594,85.28036499023438,0.02,0.001
,,,,,447242,236.27043,320,,,,,,
,,,,,447475,250.65086,233,,,,,,
,,,,,447864,233.59055,389,,,,,,
,,,,,448000,,,6.501839637756348,87.80189514160156,87.7574691772461,58.02627182006836,0.02,0.001
,,,,,448095,-132.45276,231,,,,,,
,,,,,448339,-194.70924,244,,,,,,
,,,,,448628,211.3247,289,,,,,,
,,,,,448833,265.08453,205,,,,,,
,,,,,449000,,,79.33624267578125,75.33734893798828,75.25535583496094,247.65646362304688,0.02,0.001
,,,,,449326,245.97626,493,,,,,,
,,,,,449604,260.50552,278,,,,,,
111.862076,169.74615,262.70523,-182.45303,366.2,450000,,,52.78740692138672,85.0519027709961,86.61959838867188,360.4981994628906,0.02,0.001
,,,,,450107,195.2211,503,,,,,,
,,,,,450285,5.637779,178,,,,,,
,,,,,450594,265.00366,309,,,,,,
,,,,,451000,,,26.239452362060547,80.16777801513672,79.60556030273438,103.80073547363281,0.02,0.001
,,,,,451156,179.18797,562,,,,,,
,,,,,451446,248.64697,290,,,,,,
,,,,,451876,253.11087,430,,,,,,
,,,,,452000,,,30.430240631103516,80.78746795654297,81.33299255371094,282.6445007324219,0.02,0.001
,,,,,452106,256.68588,230,,,,,,
,,,,,452496,275.50458,390,,,,,,
,,,,,452779,264.8736,283,,,,,,
,,,,,453000,,,6.408706188201904,88.99097442626953,89.37846374511719,55.59773254394531,0.02,0.001
,,,,,453044,276.6217,265,,,,,,
,,,,,453334,278.8181,290,,,,,,
,,,,,453579,279.80762,245,,,,,,
,,,,,453830,265.69104,251,,,,,,
,,,,,454000,,,9.618006706237793,87.06816101074219,86.6871109008789,83.52216339111328,0.02,0.001
,,,,,454171,253.067,341,,,,,,
,,,,,454608,197.11188,437,,,,,,
,,,,,454848,270.0461,240,,,,,,
,,,,,455000,,,121.22010040283203,76.76167297363281,79.12594604492188,695.7910766601562,0.02,0.001
,,,,,455072,273.82986,224,,,,,,
,,,,,455382,268.4059,310,,,,,,
,,,,,455654,256.81213,272,,,,,,
,,,,,455915,225.23697,261,,,,,,
,,,,,456000,,,3.8087754249572754,94.53788757324219,94.34080505371094,49.31547164916992,0.02,0.001
,,,,,456253,208.40512,338,,,,,,
,,,,,456653,190.88297,400,,,,,,
,,,,,457000,,,34.645076751708984,92.23367309570312,93.76875305175781,246.49072265625,0.02,0.001
,,,,,457042,258.91772,389,,,,,,
,,,,,457352,295.27673,310,,,,,,
,,,,,458000,,,11.773046493530273,98.1908187866211,98.62873077392578,88.91011047363281,0.02,0.001
,,,,,458284,270.14133,932,,,,,,
,,,,,458468,233.4104,184,,,,,,
,,,,,458680,230.66685,212,,,,,,
,,,,,458923,248.1745,243,,,,,,
,,,,,459000,,,11.905187606811523,83.53032684326172,83.65052795410156,144.88096618652344,0.02,0.001
,,,,,459076,-43.829414,153,,,,,,
,,,,,459619,261.02002,543,,,,,,
,,,,,459919,290.62067,300,,,,,,
260.7818,35.04293,304.58502,196.1189,287.0,460000,,,9.159191131591797,90.03010559082031,90.2689208984375,86.9198989868164,0.02,0.001
,,,,,460348,280.37817,429,,,,,,
,,,,,460634,235.2877,286,,,,,,
,,,,,460839,293.73947,205,,,,,,
,,,,,461000,,,21.40897560119629,76.57821655273438,77.03070831298828,150.71412658691406,0.02,0.001
,,,,,461839,18.055656,1000,,,,,,
,,,,,462000,,,9.015117645263672,95.36280059814453,95.34162902832031,90.4934310913086,0.02,0.001
,,,,,462079,285.95645,240,,,,,,
,,,,,462309,236.6999,230,,,,,,
,,,,,462539,291.28925,230,,,,,,
,,,,,462889,230.41554,350,,,,,,
,,,,,463000,,,7.389047145843506,81.16018676757812,80.92473602294922,64.82215881347656,0.02,0.001
,,,,,463250,251.705,361,,,,,,
,,,,,463771,263.75934,521,,,,,,
,,,,,464000,,,19.634510040283203,79.1371841430664,78.64431762695312,99.07732391357422,0.02,0.001
,,,,,464024,-0.3153534,253,,,,,,
,,,,,464240,260.94818,216,,,,,,
,,,,,464514,253.71672,274,,,,,,
,,,,,464844,264.09573,330,,,,,,
,,,,,465000,,,7.593789577484131,85.89970397949219,86.20438385009766,67.27509307861328,0.02,0.001
,,,,,465056,265.78323,212,,,,,,
,,,,,466000,,,5.2299370765686035,87.34200286865234,86.86697387695312,61.44340515136719,0.02,0.001
,,,,,466056,-6.7413445,1000,,,,,,
,,,,,466330,243.0974,274,,,,,,
,,,,,466785,208.9692,455,,,,,,
,,,,,467000,,,6.794758319854736,88.62506866455078,88.54389953613281,64.55241394042969,0.02,0.001
,,,,,467027,252.40845,242,,,,,,
,,,,,467216,249.91211,189,,,,,,
,,,,,467654,278.87283,438,,,,,,
,,,,,467934,282.53387,280,,,,,,
,,,,,468000,,,7.212453365325928,90.86335754394531,91.29620361328125,53.0460319519043,0.02,0.001
,,,,,468304,216.03351,370,,,,,,
,,,,,468527,270.72537,223,,,,,,
,,,,,468661,-64.24317,134,,,,,,
,,,,,468933,254.93683,272,,,,,,
,,,,,469000,,,9.724143981933594,91.45768737792969,91.50102233886719,67.501953125,0.02,0.001
,,,,,469479,234.82518,546,,,,,,
,,,,,469709,263.42407,230,,,,,,
221.62334,78.684364,291.90997,11.07309,279.3,470000,,,6.7019805908203125,81.75182342529297,81.28472900390625,72.24898529052734,0.02,0.001
,,,,,470071,278.61816,362,,,,,,
,,,,,470445,278.60632,374,,,,,,
,,,,,470851,255.57817,406,,,,,,
,,,,,471000,,,23.30529022216797,82.94865417480469,84.35320281982422,176.57215881347656,0.02,0.001
,,,,,471053,265.22668,202,,,,,,
,,,,,471307,278.43845,254,,,,,,
,,,,,472000,,,6.852739334106445,84.95035552978516,84.83063507080078,47.607757568359375,0.02,0.001
,,,,,472307,-53.846626,1000,,,,,,
,,,,,472527,243.21965,220,,,,,,
,,,,,473000,,,5.8788933753967285,81.47843933105469,81.05335998535156,63.61467742919922,0.02,0.001
,,,,,473013,302.0791,486,,,,,,
,,,,,473859,142.91605,846,,,,,,
,,,,,474000,,,9.947498321533203,96.13253021240234,97.0377426147461,155.5930633544922,0.02,0.001
,,,,,474191,266.2075,332,,,,,,
,,,,,474461,253.08559,270,,,,,,
,,,,,474908,325.4903,447,,,,,,
,,,,,475000,,,9.345647811889648,78.9698257446289,79.35875701904297,94.5350341796875,0.02,0.001
,,,,,475237,252.66086,329,,,,,,
,,,,,475553,217.10275,316,,,,,,
,,,,,475775,274.4962,222,,,,,,
,,,,,476000,,,12.782987594604492,95.17121124267578,95.07919311523438,116.39910125732422,0.02,0.001
,,,,,476033,289.67413,258,,,,,,
,,,,,476517,262.96332,484,,,,,,
,,,,,476785,223.93869,268,,,,,,
,,,,,477000,,,31.1237735748291,83.61569213867188,84.94231414794922,101.0140151977539,0.02,0.001
,,,,,477086,279.38608,301,,,,,,
,,,,,477350,232.78163,264,,,,,,
,,,,,477605,232.06444,255,,,,,,
,,,,,477879,278.46692,274,,,,,,
,,,,,477992,21.393082,113,,,,,,
,,,,,478000,,,8.642557144165039,89.84133911132812,89.7169189453125,79.83271026611328,0.02,0.001
,,,,,478203,285.5384,211,,,,,,
,,,,,478458,35.200226,255,,,,,,
,,,,,478673,285.72504,215,,,,,,
,,,,,478935,227.29721,262,,,,,,
,,,,,479000,,,12.921924591064453,79.52130889892578,79.63117218017578,112.22177124023438,0.02,0.001
,,,,,479213,237.93462,278,,,,,,
,,,,,479538,265.68262,325,,,,,,
,,,,,479779,245.65758,241,,,,,,
158.69937,42.1967,247.30545,113.662865,791.3,480000,,,3.6557462215423584,73.61668395996094,73.67039489746094,34.405433654785156,0.02,0.001
,,,,,480071,269.5713,292,,,,,,
,,,,,480334,-43.509186,263,,,,,,
,,,,,480617,276.8459,283,,,,,,
,,,,,480837,-178.02693,220,,,,,,
,,,,,481000,,,6.819625377655029,76.83534240722656,76.50619506835938,64.71269989013672,0.02,0.001
,,,,,481049,268.82156,212,,,,,,
,,,,,481323,288.6929,274,,,,,,
,,,,,481800,191.20506,477,,,,,,
,,,,,482000,,,16.176958084106445,82.79600524902344,82.16676330566406,96.98784637451172,0.02,0.001
,,,,,482123,296.54794,323,,,,,,
,,,,,482325,241.98294,202,,,,,,
,,,,,482877,-200.31335,552,,,,,,
,,,,,483000,,,20.72014617919922,91.00997924804688,91.65107727050781,96.28044128417969,0.02,0.001
,,,,,483141,238.09438,264,,,,,,
,,,,,483431,294.03308,290,,,,,,
,,,,,483735,231.70027,304,,,,,,
,,,,,484000,,,9.757150650024414,89.26740264892578,89.35868835449219,103.19367980957031,0.02,0.001
,,,,,484175,207.89658,440,,,,,,
,,,,,484538,268.9414,363,,,,,,
,,,,,485000,,,14.912973403930664,88.05016326904297,88.69493103027344,98.23743438720703,0.02,0.001
,,,,,485388,206.04993,850,,,,,,
,,,,,485595,248.95132,207,,,,,,
,,,,,485856,305.26096,261,,,,,,
,,,,,486000,,,10.897589683532715,92.02696228027344,91.08670043945312,101.33393859863281,0.02,0.001
,,,,,486157,263.24017,301,,,,,,
,,,,,486865,178.49162,708,,,,,,
,,,,,487000,,,6.632238388061523,88.64608764648438,88.50907897949219,67.90959930419922,0.02,0.001
,,,,,487217,253.2827,352,,,,,,
,,,,,487437,270.6559,220,,,,,,
,,,,,487588,-36.49579,151,,,,,,
,,,,,487785,-203.75616,197,,,,,,
,,,,,488000,,,6.1350884437561035,84.7091293334961,84.86454010009766,60.194942474365234,0.02,0.001
,,,,,488140,263.09448,355,,,,,,
,,,,,488448,243.82014,308,,,,,,
,,,,,488926,270.87668,478,,,,,,
,,,,,489000,,,11.61673641204834,86.16978454589844,86.58808898925781,106.32279968261719,0.02,0.001
,,,,,489158,227.42838,232,,,,,,
,,,,,489405,-173.49686,247,,,,,,
,,,,,489848,279.5506,443,,,,,,
104.64567,157.27626,263.3025,-244.02225,689.6,490000,,,33.737483978271484,85.62384033203125,85.31795501708984,136.5389862060547,0.02,0.001
,,,,,490461,286.72348,613,,,,,,
,,,,,491000,,,11.954789161682129,82.22936248779297,82.20303344726562,105.1280288696289,0.02,0.001
,,,,,491020,214.11984,559,,,,,,
,,,,,491287,286.6859,267,,,,,,
,,,,,491526,268.20926,239,,,,,,
,,,,,491721,238.21373,195,,,,,,
,,,,,491997,256.66708,276,,,,,,
,,,,,492000,,,133.19261169433594,82.32550811767578,83.43714904785156,322.6328430175781,0.02,0.001
,,,,,492417,268.89276,420,,,,,,
,,,,,492795,261.49384,378,,,,,,
,,,,,493000,,,10.430341720581055,84.69229125976562,85.04462432861328,83.17488861083984,0.02,0.001
,,,,,493234,278.04163,439,,,,,,
,,,,,493648,236.83203,414,,,,,,
,,,,,494000,,,118.51995849609375,82.56409454345703,83.24258422851562,151.13861083984375,0.02,0.001
,,,,,494076,266.73962,428,,,,,,
,,,,,494465,240.10071,389,,,,,,
,,,,,495000,,,4.90262508392334,88.15628051757812,88.20503997802734,42.060523986816406,0.02,0.001
,,,,,495170,158.47746,705,,,,,,
,,,,,496000,,,19.27863883972168,83.1126480102539,82.29476165771484,117.15328216552734,0.02,0.001
,,,,,496044,200.85442,874,,,,,,
,,,,,496174,-26.772926,130,,,,,,
,,,,,496418,15.824867,244,,,,,,
,,,,,496710,237.84166,292,,,,,,
,,,,,497000,,,25.66724967956543,83.21900939941406,83.88884735107422,190.7594757080078,0.02,0.001
,,,,,497668,109.538895,958,,,,,,
,,,,,498000,,,5.713968753814697,88.15995025634766,88.02580261230469,56.876380920410156,0.02,0.001
,,,,,498055,284.07306,387,,,,,,
,,,,,498391,272.30798,336,,,,,,
,,,,,498670,-54.275024,279,,,,,,
,,,,,499000,,,22.74240493774414,91.09059143066406,90.08842468261719,99.47862243652344,0.02,0.001
,,,,,499091,269.80765,421,,,,,,
,,,,,499587,184.53282,496,,,,,,
,,,,,499882,265.8589,295,,,,,,
