Eval_AverageReturn,Eval_StdReturn,Eval_MaxReturn,Eval_MinReturn,Eval_AverageEpLen,step,Train_EpisodeReturn,Train_EpisodeLen,critic_loss,q_values,target_values,grad_norm,epsilon,lr
-754.64703,385.2178,-441.13223,-1877.2987,102.5,0,,,,,,,,
,,,,,68,-112.93775,69,,,,,,
,,,,,160,-108.592964,92,,,,,,
,,,,,255,-333.62244,95,,,,,,
,,,,,328,-145.74033,73,,,,,,
,,,,,424,-147.32176,96,,,,,,
,,,,,503,-214.9143,79,,,,,,
,,,,,600,-117.66178,97,,,,,,
,,,,,704,-214.54132,104,,,,,,
,,,,,773,-56.60962,69,,,,,,
,,,,,872,-143.72366,99,,,,,,
,,,,,983,-71.94965,111,,,,,,
,,,,,1079,-213.02121,96,,,,,,
,,,,,1187,-142.89536,108,,,,,,
,,,,,1310,-395.14624,123,,,,,,
,,,,,1401,5.0003357,91,,,,,,
,,,,,1484,-123.29557,83,,,,,,
,,,,,1580,-180.77402,96,,,,,,
,,,,,1667,-115.078835,87,,,,,,
,,,,,1800,-88.50379,133,,,,,,
,,,,,1887,-83.054756,87,,,,,,
,,,,,1987,-324.43018,100,,,,,,
,,,,,2053,-67.554214,66,,,,,,
,,,,,2110,-153.02116,57,,,,,,
,,,,,2250,-113.67458,140,,,,,,
,,,,,2321,-109.4342,71,,,,,,
,,,,,2439,-372.39023,118,,,,,,
,,,,,2555,-285.78232,116,,,,,,
,,,,,2683,-122.34015,128,,,,,,
,,,,,2790,-339.7541,107,,,,,,
,,,,,2913,-43.978485,123,,,,,,
,,,,,2979,-112.06804,66,,,,,,
,,,,,3060,-23.866982,81,,,,,,
,,,,,3146,-117.54475,86,,,,,,
,,,,,3208,-111.538635,62,,,,,,
,,,,,3322,-112.13205,114,,,,,,
,,,,,3429,-191.08798,107,,,,,,
,,,,,3491,-159.13629,62,,,,,,
,,,,,3577,-114.12943,86,,,,,,
,,,,,3657,-95.864456,80,,,,,,
,,,,,3718,-102.01761,61,,,,,,
,,,,,3802,-121.550964,84,,,,,,
,,,,,3908,-211.21307,106,,,,,,
,,,,,3998,-98.14058,90,,,,,,
,,,,,4077,-92.46479,79,,,,,,
,,,,,4171,-381.55872,94,,,,,,
,,,,,4290,-311.0545,119,,,,,,
,,,,,4375,-292.0428,85,,,,,,
,,,,,4482,-223.76132,107,,,,,,
,,,,,4557,19.10073,75,,,,,,
,,,,,4629,-146.80019,72,,,,,,
,,,,,4723,-238.86998,94,,,,,,
,,,,,4832,-403.9979,109,,,,,,
,,,,,4898,-145.26515,66,,,,,,
,,,,,4988,-134.41495,90,,,,,,
,,,,,5123,-140.6583,135,,,,,,
,,,,,5187,-178.72253,64,,,,,,
,,,,,5307,-186.6034,120,,,,,,
,,,,,5413,-309.8506,106,,,,,,
,,,,,5498,-358.35077,85,,,,,,
,,,,,5571,-74.30445,73,,,,,,
,,,,,5670,-340.66614,99,,,,,,
,,,,,5742,-118.88172,72,,,,,,
,,,,,5816,-122.45535,74,,,,,,
,,,,,5920,-330.35608,104,,,,,,
,,,,,5984,-80.3436,64,,,,,,
,,,,,6063,-324.9185,79,,,,,,
,,,,,6158,-229.20375,95,,,,,,
,,,,,6242,-364.50623,84,,,,,,
,,,,,6327,-1.4101486,85,,,,,,
,,,,,6420,-73.76881,93,,,,,,
,,,,,6504,-84.73169,84,,,,,,
,,,,,6614,-171.9544,110,,,,,,
,,,,,6704,-328.25745,90,,,,,,
,,,,,6776,-73.16681,72,,,,,,
,,,,,6882,-356.69595,106,,,,,,
,,,,,6977,-330.81577,95,,,,,,
,,,,,7100,-78.00323,123,,,,,,
,,,,,7173,-342.22308,73,,,,,,
,,,,,7231,-117.378845,58,,,,,,
,,,,,7328,-134.10742,97,,,,,,
,,,,,7472,-15.390358,144,,,,,,
,,,,,7573,-123.32219,101,,,,,,
,,,,,7687,-195.66757,114,,,,,,
,,,,,7769,-88.31168,82,,,,,,
,,,,,7841,-102.78113,72,,,,,,
,,,,,7926,-94.016266,85,,,,,,
,,,,,7993,-119.76081,67,,,,,,
,,,,,8069,-133.89594,76,,,,,,
,,,,,8176,-124.632065,107,,,,,,
,,,,,8264,-175.05139,88,,,,,,
,,,,,8339,-109.91271,75,,,,,,
,,,,,8415,-341.8701,76,,,,,,
,,,,,8481,-119.04242,66,,,,,,
,,,,,8586,-240.46944,105,,,,,,
,,,,,8671,-98.12916,85,,,,,,
,,,,,8757,-242.08195,86,,,,,,
,,,,,8850,-133.93033,93,,,,,,
,,,,,8935,-97.838135,85,,,,,,
,,,,,9034,-466.92093,99,,,,,,
,,,,,9112,-105.406784,78,,,,,,
,,,,,9221,-275.31146,109,,,,,,
,,,,,9311,-353.1908,90,,,,,,
,,,,,9423,-157.03922,112,,,,,,
,,,,,9532,-291.90155,109,,,,,,
,,,,,9596,-57.8415,64,,,,,,
,,,,,9724,-254.6811,128,,,,,,
,,,,,9788,-95.28494,64,,,,,,
,,,,,9904,-416.85837,116,,,,,,
,,,,,9980,-156.7131,76,,,,,,
-826.39124,422.2414,-368.66254,-1553.863,116.2,10000,,,,,,,,
,,,,,10072,-124.98805,92,,,,,,
,,,,,10145,-147.75604,73,,,,,,
,,,,,10251,-273.0222,106,,,,,,
,,,,,10369,-208.383,118,,,,,,
,,,,,10464,-120.21686,95,,,,,,
,,,,,10521,-82.51463,57,,,,,,
,,,,,10615,-82.22749,94,,,,,,
,,,,,10711,-164.86319,96,,,,,,
,,,,,10796,-142.16107,85,,,,,,
,,,,,10862,-85.49895,66,,,,,,
,,,,,10948,-228.80066,86,,,,,,
,,,,,11038,-161.67697,90,,,,,,
,,,,,11146,-165.2464,108,,,,,,
,,,,,11217,-98.53475,71,,,,,,
,,,,,11301,-411.07553,84,,,,,,
,,,,,11408,-302.35754,107,,,,,,
,,,,,11498,-100.08327,90,,,,,,
,,,,,11580,-123.368805,82,,,,,,
,,,,,11669,-171.52295,89,,,,,,
,,,,,11784,-335.44824,115,,,,,,
,,,,,11866,-83.00186,82,,,,,,
,,,,,11952,-109.158554,86,,,,,,
,,,,,12094,-107.44973,142,,,,,,
,,,,,12195,-99.974655,101,,,,,,
,,,,,12313,-355.44727,118,,,,,,
,,,,,12410,-315.56024,97,,,,,,
,,,,,12545,-229.44049,135,,,,,,
,,,,,12651,-174.75049,106,,,,,,
,,,,,12731,-154.26108,80,,,,,,
,,,,,12887,-115.3392,156,,,,,,
,,,,,12970,-188.33609,83,,,,,,
,,,,,13037,-232.41284,67,,,,,,
,,,,,13105,-99.70735,68,,,,,,
,,,,,13216,-119.61276,111,,,,,,
,,,,,13308,-388.94598,92,,,,,,
,,,,,13402,-102.313736,94,,,,,,
,,,,,13489,-61.16005,87,,,,,,
,,,,,13557,-86.30157,68,,,,,,
,,,,,13638,-124.740135,81,,,,,,
,,,,,13711,-145.45798,73,,,,,,
,,,,,13825,-108.208664,114,,,,,,
,,,,,13918,-91.26117,93,,,,,,
,,,,,14031,-335.4037,113,,,,,,
,,,,,14132,-169.43034,101,,,,,,
,,,,,14243,-185.64449,111,,,,,,
,,,,,14333,-84.305466,90,,,,,,
,,,,,14413,-148.39615,80,,,,,,
,,,,,14538,-262.3324,125,,,,,,
,,,,,14598,-57.03811,60,,,,,,
,,,,,14699,-121.27031,101,,,,,,
,,,,,14779,-280.38837,80,,,,,,
,,,,,14887,-118.936356,108,,,,,,
,,,,,14953,-105.391464,66,,,,,,
,,,,,15071,-243.18428,118,,,,,,
,,,,,15149,-156.56155,78,,,,,,
,,,,,15240,-368.58545,91,,,,,,
,,,,,15315,-136.82077,75,,,,,,
,,,,,15411,-89.692276,96,,,,,,
,,,,,15516,-257.17285,105,,,,,,
,,,,,15643,-116.15799,127,,,,,,
,,,,,15754,-211.24239,111,,,,,,
,,,,,15830,-327.62167,76,,,,,,
,,,,,15891,-80.34319,61,,,,,,
,,,,,15956,-103.135635,65,,,,,,
,,,,,16027,-121.798836,71,,,,,,
,,,,,16112,-128.17368,85,,,,,,
,,,,,16188,-104.51631,76,,,,,,
,,,,,16299,-260.11307,111,,,,,,
,,,,,16412,-293.23962,113,,,,,,
,,,,,16501,-105.9081,89,,,,,,
,,,,,16603,-352.64203,102,,,,,,
,,,,,16718,-210.6299,115,,,,,,
,,,,,16797,-68.21037,79,,,,,,
,,,,,16863,-188.23917,66,,,,,,
,,,,,16962,-110.39196,99,,,,,,
,,,,,17046,-118.53006,84,,,,,,
,,,,,17120,-119.7026,74,,,,,,
,,,,,17199,-76.86186,79,,,,,,
,,,,,17285,-226.54582,86,,,,,,
,,,,,17350,-142.54431,65,,,,,,
,,,,,17454,-218.7047,104,,,,,,
,,,,,17540,-366.5252,86,,,,,,
,,,,,17639,-260.44183,99,,,,,,
,,,,,17768,-226.24332,129,,,,,,
,,,,,17850,-85.08085,82,,,,,,
,,,,,17939,-108.87971,89,,,,,,
,,,,,18026,-326.04758,87,,,,,,
,,,,,18142,-275.1608,116,,,,,,
,,,,,18213,-59.66508,71,,,,,,
,,,,,18270,-100.682335,57,,,,,,
,,,,,18365,-98.359344,95,,,,,,
,,,,,18454,-228.32466,89,,,,,,
,,,,,18572,-213.0094,118,,,,,,
,,,,,18664,-423.2912,92,,,,,,
,,,,,18758,-139.17671,94,,,,,,
,,,,,18891,-107.43581,133,,,,,,
,,,,,19002,-177.4378,111,,,,,,
,,,,,19079,-155.22026,77,,,,,,
,,,,,19205,-137.12494,126,,,,,,
,,,,,19302,-130.65677,97,,,,,,
,,,,,19444,-96.377106,142,,,,,,
,,,,,19548,-270.66064,104,,,,,,
,,,,,19653,-445.13528,105,,,,,,
,,,,,19741,-58.074104,88,,,,,,
,,,,,19826,-111.07463,85,,,,,,
,,,,,19884,-99.12821,58,,,,,,
,,,,,19982,-333.98965,98,,,,,,
-758.1955,148.03741,-532.9171,-960.21,123.0,20000,,,158.6275177001953,-0.06817388534545898,-2.4504623413085938,17.070785522460938,0.88,0.001
,,,,,20085,-323.8355,103,,,,,,
,,,,,20183,-271.91357,98,,,,,,
,,,,,20268,-341.7638,85,,,,,,
,,,,,20328,-76.497665,60,,,,,,
,,,,,20417,-219.0329,89,,,,,,
,,,,,20537,-72.66498,120,,,,,,
,,,,,20599,-87.34515,62,,,,,,
,,,,,20708,-260.73553,109,,,,,,
,,,,,20792,-145.0519,84,,,,,,
,,,,,20902,-291.11508,110,,,,,,
,,,,,20992,-227.25583,90,,,,,,
,,,,,21000,,,76.34864044189453,-2.643049478530884,-2.319887638092041,44.00114440917969,0.874,0.001
,,,,,21055,-202.72676,63,,,,,,
,,,,,21131,-33.8705,76,,,,,,
,,,,,21225,-85.3145,94,,,,,,
,,,,,21328,-110.19995,103,,,,,,
,,,,,21435,-333.44354,107,,,,,,
,,,,,21539,-227.13382,104,,,,,,
,,,,,21639,-162.52362,100,,,,,,
,,,,,21747,-297.5393,108,,,,,,
,,,,,21870,-412.40884,123,,,,,,
,,,,,21980,-203.04553,110,,,,,,
,,,,,22000,,,150.85755920410156,-5.329545497894287,-4.479281902313232,92.7082290649414,0.868,0.001
,,,,,22088,-319.2931,108,,,,,,
,,,,,22157,-82.094154,69,,,,,,
,,,,,22237,-122.88541,80,,,,,,
,,,,,22305,-108.35091,68,,,,,,
,,,,,22380,-194.00581,75,,,,,,
,,,,,22482,2.375885,102,,,,,,
,,,,,22576,-110.83745,94,,,,,,
,,,,,22661,-112.023224,85,,,,,,
,,,,,22749,-309.57794,88,,,,,,
,,,,,23000,,,117.4548110961914,-2.5888054370880127,-4.526214122772217,130.4040985107422,0.862,0.001
,,,,,23749,77.84322,1000,,,,,,
,,,,,23841,-138.34691,92,,,,,,
,,,,,23953,-196.36134,112,,,,,,
,,,,,24000,,,3.125426769256592,-4.5821146965026855,-4.392124652862549,21.468303680419922,0.856,0.001
,,,,,24035,-91.01337,82,,,,,,
,,,,,24158,-330.5348,123,,,,,,
,,,,,24224,-308.803,66,,,,,,
,,,,,24294,-94.01051,70,,,,,,
,,,,,24391,-233.72491,97,,,,,,
,,,,,24452,-103.992355,61,,,,,,
,,,,,24545,-425.29056,93,,,,,,
,,,,,24630,-128.56299,85,,,,,,
,,,,,24703,-249.23087,73,,,,,,
,,,,,24836,-543.1988,133,,,,,,
,,,,,24904,-162.50533,68,,,,,,
,,,,,25000,,,10.9168119430542,-3.4173877239227295,-4.082000732421875,37.79352951049805,0.85,0.001
,,,,,25027,-104.82185,123,,,,,,
,,,,,25092,-286.37326,65,,,,,,
,,,,,25159,-204.49597,67,,,,,,
,,,,,25259,-110.87471,100,,,,,,
,,,,,25321,-111.64674,62,,,,,,
,,,,,25391,-132.56462,70,,,,,,
,,,,,25487,-341.43488,96,,,,,,
,,,,,25567,-125.60762,80,,,,,,
,,,,,25629,-121.48998,62,,,,,,
,,,,,25694,-124.07558,65,,,,,,
,,,,,25811,-109.48727,117,,,,,,
,,,,,25887,-55.03501,76,,,,,,
,,,,,25987,-318.66006,100,,,,,,
,,,,,26000,,,16.59454345703125,-6.396786212921143,-5.9724555015563965,47.787357330322266,0.844,0.001
,,,,,26102,-149.35611,115,,,,,,
,,,,,26189,-110.02903,87,,,,,,
,,,,,26290,-378.2494,101,,,,,,
,,,,,26357,-49.241,67,,,,,,
,,,,,26456,-378.1544,99,,,,,,
,,,,,26530,-254.44118,74,,,,,,
,,,,,26617,-136.9439,87,,,,,,
,,,,,26730,-267.6165,113,,,,,,
,,,,,26869,-101.1332,139,,,,,,
,,,,,26948,-428.19278,79,,,,,,
,,,,,27000,,,2.1934380531311035,-3.6829466819763184,-3.51855206489563,32.92724609375,0.838,0.001
,,,,,27007,-156.25598,59,,,,,,
,,,,,27093,-138.26468,86,,,,,,
,,,,,27158,-147.95673,65,,,,,,
,,,,,27226,-212.80673,68,,,,,,
,,,,,27336,-145.99991,110,,,,,,
,,,,,27407,-93.139496,71,,,,,,
,,,,,27506,-343.52115,99,,,,,,
,,,,,27580,-198.34164,74,,,,,,
,,,,,27673,-328.98462,93,,,,,,
,,,,,27775,-138.5319,102,,,,,,
,,,,,27909,-319.57144,134,,,,,,
,,,,,27992,-119.54664,83,,,,,,
,,,,,28000,,,1.3680799007415771,-4.143025875091553,-4.171919345855713,10.697144508361816,0.832,0.001
,,,,,28088,-109.20996,96,,,,,,
,,,,,28182,-341.20178,94,,,,,,
,,,,,28281,-126.59291,99,,,,,,
,,,,,28349,-117.216675,68,,,,,,
,,,,,28419,-78.99687,70,,,,,,
,,,,,28544,-376.9618,125,,,,,,
,,,,,28658,-114.30589,114,,,,,,
,,,,,28721,-102.624405,63,,,,,,
,,,,,28790,-177.33646,69,,,,,,
,,,,,28897,-148.12814,107,,,,,,
,,,,,28975,-124.46856,78,,,,,,
,,,,,29000,,,13.203903198242188,-4.483596324920654,-4.858858108520508,71.36720275878906,0.8260000000000001,0.001
,,,,,29090,-61.0372,115,,,,,,
,,,,,29170,39.860916,80,,,,,,
,,,,,29266,-154.52448,96,,,,,,
,,,,,29330,-88.1337,64,,,,,,
,,,,,29394,-137.55356,64,,,,,,
,,,,,29457,-104.33523,63,,,,,,
,,,,,29548,-104.681305,91,,,,,,
,,,,,29643,-428.72748,95,,,,,,
,,,,,29720,-137.6362,77,,,,,,
,,,,,29808,-106.06214,88,,,,,,
,,,,,29903,-340.12564,95,,,,,,
-1109.7158,351.62448,-76.82399,-1321.0431,644.3,30000,,,1.4743142127990723,-6.489340782165527,-6.637688636779785,16.43687629699707,0.82,0.001
,,,,,30021,-212.0409,118,,,,,,
,,,,,30087,-179.13545,66,,,,,,
,,,,,30223,-149.42975,136,,,,,,
,,,,,30314,-269.20544,91,,,,,,
,,,,,30418,-302.6626,104,,,,,,
,,,,,30519,-255.83488,101,,,,,,
,,,,,30609,-272.72455,90,,,,,,
,,,,,30711,-99.11397,102,,,,,,
,,,,,30799,-135.83069,88,,,,,,
,,,,,30878,-207.51419,79,,,,,,
,,,,,30991,-108.054504,113,,,,,,
,,,,,31000,,,8.99020767211914,-1.8421437740325928,-1.4952548742294312,50.343727111816406,0.8140000000000001,0.001
,,,,,31070,-129.94508,79,,,,,,
,,,,,31134,-75.25924,64,,,,,,
,,,,,31230,-159.23203,96,,,,,,
,,,,,31302,-71.97708,72,,,,,,
,,,,,31366,-93.008865,64,,,,,,
,,,,,31451,-133.79303,85,,,,,,
,,,,,31519,-108.86171,68,,,,,,
,,,,,31658,-388.69092,139,,,,,,
,,,,,31729,-108.91574,71,,,,,,
,,,,,31818,-117.67661,89,,,,,,
,,,,,31918,-176.23688,100,,,,,,
,,,,,31991,-340.7644,73,,,,,,
,,,,,32000,,,2.882399320602417,-4.914384841918945,-5.592906475067139,45.470306396484375,0.808,0.001
,,,,,32104,-277.71457,113,,,,,,
,,,,,32176,-72.68147,72,,,,,,
,,,,,32307,-57.010582,131,,,,,,
,,,,,32379,-190.98343,72,,,,,,
,,,,,32485,-460.57895,106,,,,,,
,,,,,32608,-286.677,123,,,,,,
,,,,,32686,-350.51843,78,,,,,,
,,,,,32761,-244.7452,75,,,,,,
,,,,,32846,-412.18414,85,,,,,,
,,,,,32925,-169.40686,79,,,,,,
,,,,,32995,-76.73202,70,,,,,,
,,,,,33000,,,2.373824119567871,-3.8973636627197266,-3.6169443130493164,36.03522872924805,0.802,0.001
,,,,,33064,-54.271996,69,,,,,,
,,,,,33138,-104.96059,74,,,,,,
,,,,,33256,20.676765,118,,,,,,
,,,,,33339,-126.63218,83,,,,,,
,,,,,33411,-115.57539,72,,,,,,
,,,,,33522,-390.83258,111,,,,,,
,,,,,33647,-198.92242,125,,,,,,
,,,,,33730,-99.490524,83,,,,,,
,,,,,33792,-104.07875,62,,,,,,
,,,,,33853,-77.83435,61,,,,,,
,,,,,33942,-83.25267,89,,,,,,
,,,,,34000,,,1.6084603071212769,-3.2367501258850098,-3.2798571586608887,19.645811080932617,0.796,0.001
,,,,,34046,-159.91415,104,,,,,,
,,,,,34152,-182.81868,106,,,,,,
,,,,,34219,-78.69483,67,,,,,,
,,,,,34306,-194.43994,87,,,,,,
,,,,,34372,-185.59715,66,,,,,,
,,,,,34467,-102.572655,95,,,,,,
,,,,,34568,-333.75482,101,,,,,,
,,,,,34652,-109.473854,84,,,,,,
,,,,,34741,-344.9547,89,,,,,,
,,,,,34817,-257.88263,76,,,,,,
,,,,,34950,-152.95206,133,,,,,,
,,,,,35000,,,5.440489292144775,-4.189797401428223,-4.101227760314941,39.421077728271484,0.79,0.001
,,,,,35042,-162.1998,92,,,,,,
,,,,,35153,-130.09354,111,,,,,,
,,,,,35255,-159.55753,102,,,,,,
,,,,,35374,-134.96083,119,,,,,,
,,,,,35502,-232.33998,128,,,,,,
,,,,,35572,-90.301575,70,,,,,,
,,,,,35691,-56.712326,119,,,,,,
,,,,,35752,-173.68062,61,,,,,,
,,,,,35831,-90.592285,79,,,,,,
,,,,,35929,-218.73398,98,,,,,,
,,,,,36000,,,123.40166473388672,-1.2301900386810303,0.5831351280212402,162.20973205566406,0.784,0.001
,,,,,36032,-77.69992,103,,,,,,
,,,,,36108,-91.104126,76,,,,,,
,,,,,36224,-184.91707,116,,,,,,
,,,,,36294,-153.20242,70,,,,,,
,,,,,36377,-263.58987,83,,,,,,
,,,,,36488,-497.2572,111,,,,,,
,,,,,36577,-122.92384,89,,,,,,
,,,,,36663,-172.27156,86,,,,,,
,,,,,36739,-94.308044,76,,,,,,
,,,,,36816,-101.46924,77,,,,,,
,,,,,36882,-108.19524,66,,,,,,
,,,,,36954,-138.45218,72,,,,,,
,,,,,37000,,,4.941089630126953,-4.947447776794434,-4.74278450012207,38.752471923828125,0.778,0.001
,,,,,37046,-289.1538,92,,,,,,
,,,,,37113,-309.48163,67,,,,,,
,,,,,37189,-146.95164,76,,,,,,
,,,,,37278,-383.19128,89,,,,,,
,,,,,37360,-231.84967,82,,,,,,
,,,,,37440,-227.95624,80,,,,,,
,,,,,37524,-103.02846,84,,,,,,
,,,,,37606,-277.84982,82,,,,,,
,,,,,37671,-120.38576,65,,,,,,
,,,,,37775,-222.32748,104,,,,,,
,,,,,37845,-46.712883,70,,,,,,
,,,,,37978,-121.01502,133,,,,,,
,,,,,38000,,,7.285305023193359,-2.5055131912231445,-2.3943350315093994,46.396854400634766,0.772,0.001
,,,,,38072,-271.76642,94,,,,,,
,,,,,38185,-17.230133,113,,,,,,
,,,,,38291,-241.78659,106,,,,,,
,,,,,38376,-124.292114,85,,,,,,
,,,,,38450,-247.35925,74,,,,,,
,,,,,38516,-161.47047,66,,,,,,
,,,,,38628,-311.22668,112,,,,,,
,,,,,38725,-70.42139,97,,,,,,
,,,,,38846,-551.27747,121,,,,,,
,,,,,38908,-115.24779,62,,,,,,
,,,,,39000,,,1.115038275718689,-0.03539466857910156,0.28516077995300293,21.904983520507812,0.766,0.001
,,,,,39028,-206.2709,120,,,,,,
,,,,,39106,-126.64697,78,,,,,,
,,,,,39215,-116.750565,109,,,,,,
,,,,,39273,-212.17136,58,,,,,,
,,,,,39385,-471.8579,112,,,,,,
,,,,,39499,-118.189804,114,,,,,,
,,,,,39587,-149.59442,88,,,,,,
,,,,,39671,-113.40673,84,,,,,,
,,,,,39760,-166.47775,89,,,,,,
,,,,,39876,-99.9853,116,,,,,,
,,,,,39956,-127.19173,80,,,,,,
-373.81256,169.14838,-89.88249,-508.66196,465.3,40000,,,29.43146324157715,-5.6947855949401855,-6.960244655609131,135.9049835205078,0.76,0.001
,,,,,40054,-389.841,98,,,,,,
,,,,,40168,-604.7809,114,,,,,,
,,,,,40299,-92.834015,131,,,,,,
,,,,,40403,-356.5387,104,,,,,,
,,,,,40521,-103.33326,118,,,,,,
,,,,,40659,-236.92625,138,,,,,,
,,,,,40771,-71.99739,112,,,,,,
,,,,,40880,-169.27945,109,,,,,,
,,,,,41000,,,40.3497314453125,-4.835387229919434,-4.233043670654297,116.82500457763672,0.754,0.001
,,,,,41011,-378.56152,131,,,,,,
,,,,,41103,-183.27602,92,,,,,,
,,,,,41169,-175.9714,66,,,,,,
,,,,,41235,-84.14765,66,,,,,,
,,,,,41311,-86.85894,76,,,,,,
,,,,,41399,-382.73892,88,,,,,,
,,,,,41478,-89.37776,79,,,,,,
,,,,,41604,-246.71533,126,,,,,,
,,,,,41696,-401.83295,92,,,,,,
,,,,,41793,-236.56348,97,,,,,,
,,,,,41890,-66.46318,97,,,,,,
,,,,,41971,-253.96059,81,,,,,,
,,,,,42000,,,31.431640625,-6.643779754638672,-7.212556838989258,69.63372802734375,0.748,0.001
,,,,,42082,-254.06674,111,,,,,,
,,,,,42200,-134.42969,118,,,,,,
,,,,,42280,-273.35468,80,,,,,,
,,,,,42366,-334.1223,86,,,,,,
,,,,,42439,-145.46135,73,,,,,,
,,,,,42538,-291.60394,99,,,,,,
,,,,,42645,-191.87634,107,,,,,,
,,,,,42749,-219.39224,104,,,,,,
,,,,,42841,12.185051,92,,,,,,
,,,,,42960,-5.8329773,119,,,,,,
,,,,,43000,,,10.152525901794434,6.903995513916016,6.901255130767822,46.10505294799805,0.742,0.001
,,,,,43046,-120.04054,86,,,,,,
,,,,,43143,-98.30686,97,,,,,,
,,,,,43213,-234.20753,70,,,,,,
,,,,,43325,-115.57255,112,,,,,,
,,,,,43436,-226.96208,111,,,,,,
,,,,,43525,-315.11996,89,,,,,,
,,,,,43592,-109.33291,67,,,,,,
,,,,,43696,-134.91333,104,,,,,,
,,,,,43787,-127.29225,91,,,,,,
,,,,,43908,-247.2676,121,,,,,,
,,,,,44000,,,72.5589828491211,-1.6166620254516602,-1.1195423603057861,155.62094116210938,0.736,0.001
,,,,,44016,-159.631,108,,,,,,
,,,,,44107,-94.40633,91,,,,,,
,,,,,44191,-13.735313,84,,,,,,
,,,,,44275,-120.81846,84,,,,,,
,,,,,44353,-112.48427,78,,,,,,
,,,,,44415,-127.36934,62,,,,,,
,,,,,44491,-82.95729,76,,,,,,
,,,,,44591,-97.32338,100,,,,,,
,,,,,44661,-68.148636,70,,,,,,
,,,,,44770,-108.65706,109,,,,,,
,,,,,44862,-150.25267,92,,,,,,
,,,,,44960,-243.57217,98,,,,,,
,,,,,45000,,,23.602672576904297,-2.517930030822754,-3.2904467582702637,91.28510284423828,0.73,0.001
,,,,,45088,-458.8624,128,,,,,,
,,,,,45152,-79.4942,64,,,,,,
,,,,,45236,-122.805176,84,,,,,,
,,,,,45321,-347.05988,85,,,,,,
,,,,,45390,-41.453636,69,,,,,,
,,,,,45458,-72.094025,68,,,,,,
,,,,,45540,-125.78331,82,,,,,,
,,,,,45613,-124.11003,73,,,,,,
,,,,,45704,-148.06383,91,,,,,,
,,,,,45813,-440.68097,109,,,,,,
,,,,,45910,-211.74152,97,,,,,,
,,,,,46000,,,12.420787811279297,6.975069522857666,7.117748260498047,60.595760345458984,0.724,0.001
,,,,,46033,-144.20966,123,,,,,,
,,,,,46112,-57.310898,79,,,,,,
,,,,,46219,-155.00342,107,,,,,,
,,,,,46295,-67.16878,76,,,,,,
,,,,,46369,45.90236,74,,,,,,
,,,,,46494,-340.91888,125,,,,,,
,,,,,46561,-58.907036,67,,,,,,
,,,,,46680,-364.64185,119,,,,,,
,,,,,46764,-116.94231,84,,,,,,
,,,,,46867,-123.17207,103,,,,,,
,,,,,46998,-147.62082,131,,,,,,
,,,,,47000,,,16.048303604125977,-3.5728278160095215,-3.0179190635681152,64.6877212524414,0.718,0.001
,,,,,47131,-440.43887,133,,,,,,
,,,,,47200,-120.83325,69,,,,,,
,,,,,47302,-118.08496,102,,,,,,
,,,,,47399,-333.01642,97,,,,,,
,,,,,47518,-186.53719,119,,,,,,
,,,,,47593,-149.01721,75,,,,,,
,,,,,47702,-97.87551,109,,,,,,
,,,,,47829,-129.82971,127,,,,,,
,,,,,47910,-205.25269,81,,,,,,
,,,,,48000,,,26.759235382080078,0.8954756259918213,1.8567171096801758,94.31350708007812,0.712,0.001
,,,,,48003,-297.2672,93,,,,,,
,,,,,48120,-255.92432,117,,,,,,
,,,,,48216,-153.23923,96,,,,,,
,,,,,48287,-145.90338,71,,,,,,
,,,,,48384,-122.16693,97,,,,,,
,,,,,48478,-144.91412,94,,,,,,
,,,,,48587,-83.57329,109,,,,,,
,,,,,48672,-124.77302,85,,,,,,
,,,,,48747,-96.80202,75,,,,,,
,,,,,48818,-121.18654,71,,,,,,
,,,,,48898,-295.5708,80,,,,,,
,,,,,48985,-102.59521,87,,,,,,
,,,,,49000,,,4.665902614593506,-1.6061475276947021,-1.816644549369812,45.176143646240234,0.706,0.001
,,,,,49107,-72.08316,122,,,,,,
,,,,,49174,-182.47256,67,,,,,,
,,,,,49266,-51.954636,92,,,,,,
,,,,,49328,-71.53668,62,,,,,,
,,,,,49428,-126.390305,100,,,,,,
,,,,,49498,-89.08273,70,,,,,,
,,,,,49567,-117.02084,69,,,,,,
,,,,,49677,-245.25926,110,,,,,,
,,,,,49757,-106.80385,80,,,,,,
,,,,,49886,-121.305084,129,,,,,,
,,,,,49987,-120.01933,101,,,,,,
-192.31659,132.41821,13.75489,-518.0824,335.1,50000,,,2.930147886276245,-1.3439300060272217,-1.3866679668426514,32.22905349731445,0.7,0.001
,,,,,50131,-161.7266,144,,,,,,
,,,,,50252,-180.43747,121,,,,,,
,,,,,50319,-167.67816,67,,,,,,
,,,,,50449,-155.53323,130,,,,,,
,,,,,50537,-112.21575,88,,,,,,
,,,,,50636,-141.90233,99,,,,,,
,,,,,50703,-65.54523,67,,,,,,
,,,,,50788,-75.75798,85,,,,,,
,,,,,50878,-104.71023,90,,,,,,
,,,,,50944,-133.21017,66,,,,,,
,,,,,51000,,,10.207138061523438,7.633692264556885,8.052299499511719,57.24937438964844,0.694,0.001
,,,,,51020,-210.81128,76,,,,,,
,,,,,51114,-61.47815,94,,,,,,
,,,,,51180,-119.255615,66,,,,,,
,,,,,51277,-101.39285,97,,,,,,
,,,,,51356,-104.04676,79,,,,,,
,,,,,51463,-52.024193,107,,,,,,
,,,,,51550,-300.29877,87,,,,,,
,,,,,51650,-151.68396,100,,,,,,
,,,,,51756,-112.26963,106,,,,,,
,,,,,51834,-111.13682,78,,,,,,
,,,,,51936,-32.20301,102,,,,,,
,,,,,52000,,,6.998950481414795,15.421075820922852,15.015067100524902,76.98506164550781,0.688,0.001
,,,,,52015,-33.24131,79,,,,,,
,,,,,52136,-171.13763,121,,,,,,
,,,,,52232,-242.39621,96,,,,,,
,,,,,52291,-70.00531,59,,,,,,
,,,,,52408,-111.521645,117,,,,,,
,,,,,52509,-381.409,101,,,,,,
,,,,,52619,-250.1568,110,,,,,,
,,,,,52698,-83.18089,79,,,,,,
,,,,,52813,-150.05205,115,,,,,,
,,,,,52890,-121.64866,77,,,,,,
,,,,,52980,-88.958725,90,,,,,,
,,,,,53000,,,2.348327159881592,8.554819107055664,8.23916244506836,30.98949432373047,0.6819999999999999,0.001
,,,,,53092,-162.69028,112,,,,,,
,,,,,53206,-160.21321,114,,,,,,
,,,,,53304,-106.632286,98,,,,,,
,,,,,53430,-75.02632,126,,,,,,
,,,,,53535,-65.27173,105,,,,,,
,,,,,53647,-141.4278,112,,,,,,
,,,,,53721,-107.94723,74,,,,,,
,,,,,53792,-104.54301,71,,,,,,
,,,,,53864,-154.0322,72,,,,,,
,,,,,53975,-117.56184,111,,,,,,
,,,,,54000,,,4.303786754608154,1.4546241760253906,1.0091402530670166,61.41761016845703,0.6759999999999999,0.001
,,,,,54042,-126.52829,67,,,,,,
,,,,,54114,-87.52641,72,,,,,,
,,,,,54213,-78.00158,99,,,,,,
,,,,,54305,-167.49689,92,,,,,,
,,,,,54397,-270.3463,92,,,,,,
,,,,,54532,-119.319695,135,,,,,,
,,,,,54608,-100.616,76,,,,,,
,,,,,54706,-96.44177,98,,,,,,
,,,,,54773,-57.68573,67,,,,,,
,,,,,54833,-73.43316,60,,,,,,
,,,,,54910,-299.4663,77,,,,,,
,,,,,55000,,,6.138277530670166,8.186785697937012,8.824033737182617,62.1622428894043,0.67,0.001
,,,,,55008,-136.53392,98,,,,,,
,,,,,55097,-143.7639,89,,,,,,
,,,,,55190,-172.72733,93,,,,,,
,,,,,55299,-100.24227,109,,,,,,
,,,,,55434,-119.79813,135,,,,,,
,,,,,55518,-55.719414,84,,,,,,
,,,,,55628,-153.43729,110,,,,,,
,,,,,55722,-117.49838,94,,,,,,
,,,,,55844,2.054329,122,,,,,,
,,,,,55909,-111.46928,65,,,,,,
,,,,,55984,-108.97256,75,,,,,,
,,,,,56000,,,2.6035234928131104,12.873270034790039,13.718377113342285,67.94567108154297,0.6639999999999999,0.001
,,,,,56083,-84.37576,99,,,,,,
,,,,,56154,-146.28986,71,,,,,,
,,,,,56264,-107.942795,110,,,,,,
,,,,,56351,-114.47563,87,,,,,,
,,,,,56483,-83.69288,132,,,,,,
,,,,,56585,-123.51415,102,,,,,,
,,,,,56700,-113.7002,115,,,,,,
,,,,,56782,-72.972275,82,,,,,,
,,,,,56852,-103.03952,70,,,,,,
,,,,,56931,-199.01718,79,,,,,,
,,,,,57000,,,4.456474304199219,13.08907699584961,13.194275856018066,31.01306915283203,0.6579999999999999,0.001
,,,,,57055,-181.30002,124,,,,,,
,,,,,57144,-127.71354,89,,,,,,
,,,,,57223,-192.92882,79,,,,,,
,,,,,57300,-143.9692,77,,,,,,
,,,,,57381,-97.925735,81,,,,,,
,,,,,57459,-287.4546,78,,,,,,
,,,,,57550,-70.26842,91,,,,,,
,,,,,57652,-189.74506,102,,,,,,
,,,,,57722,-93.26697,70,,,,,,
,,,,,57813,-132.23209,91,,,,,,
,,,,,57903,-96.88692,90,,,,,,
,,,,,58000,,,143.94505310058594,1.6765354871749878,3.5123536586761475,126.72467803955078,0.652,0.001
,,,,,58003,-113.628204,100,,,,,,
,,,,,58096,-132.43353,93,,,,,,
,,,,,58182,-96.89678,86,,,,,,
,,,,,58298,-146.44762,116,,,,,,
,,,,,58381,-82.819,83,,,,,,
,,,,,58491,-132.78564,110,,,,,,
,,,,,58595,-303.8838,104,,,,,,
,,,,,58669,-117.8598,74,,,,,,
,,,,,58730,-76.164566,61,,,,,,
,,,,,58835,-51.28595,105,,,,,,
,,,,,58908,-196.59387,73,,,,,,
,,,,,59000,-118.82597,92,,,,,,
,,,,,59000,,,3.228386878967285,11.132240295410156,10.981254577636719,40.5612678527832,0.646,0.001
,,,,,59072,-94.13342,72,,,,,,
,,,,,59133,-72.4748,61,,,,,,
,,,,,59205,-91.93371,72,,,,,,
,,,,,59297,-203.03458,92,,,,,,
,,,,,59397,-164.73148,100,,,,,,
,,,,,59510,-121.09527,113,,,,,,
,,,,,59584,-88.86275,74,,,,,,
,,,,,59703,-94.55285,119,,,,,,
,,,,,59787,-106.27219,84,,,,,,
,,,,,59864,-84.23217,77,,,,,,
,,,,,59980,-91.73072,116,,,,,,
-195.69553,118.94554,-67.294075,-473.06207,307.5,60000,,,3.6180477142333984,12.311383247375488,12.169116973876953,52.07837677001953,0.6399999999999999,0.001
,,,,,60077,-242.68083,97,,,,,,
,,,,,60151,-78.817245,74,,,,,,
,,,,,60261,-81.15076,110,,,,,,
,,,,,60373,-138.01956,112,,,,,,
,,,,,60496,-87.905945,123,,,,,,
,,,,,60603,-189.81677,107,,,,,,
,,,,,60659,-83.6178,56,,,,,,
,,,,,60778,-157.73044,119,,,,,,
,,,,,60889,-121.03529,111,,,,,,
,,,,,60962,-105.08421,73,,,,,,
,,,,,61000,,,4.127049446105957,30.09514808654785,29.210756301879883,77.00309753417969,0.634,0.001
,,,,,61074,-84.5397,112,,,,,,
,,,,,61166,-133.27481,92,,,,,,
,,,,,61244,-132.43254,78,,,,,,
,,,,,61330,-71.01973,86,,,,,,
,,,,,61464,-66.56711,134,,,,,,
,,,,,61541,-92.74979,77,,,,,,
,,,,,61622,-55.46958,81,,,,,,
,,,,,61732,-96.33728,110,,,,,,
,,,,,61804,-92.371445,72,,,,,,
,,,,,61889,-44.555305,85,,,,,,
,,,,,62000,,,2.5147705078125,16.020309448242188,16.085573196411133,24.144453048706055,0.628,0.001
,,,,,62002,-71.25067,113,,,,,,
,,,,,62092,-76.245316,90,,,,,,
,,,,,62195,-113.4792,103,,,,,,
,,,,,62273,-121.04293,78,,,,,,
,,,,,62348,-98.260506,75,,,,,,
,,,,,62414,-80.81679,66,,,,,,
,,,,,62483,-105.20658,69,,,,,,
,,,,,62556,-102.71123,73,,,,,,
,,,,,62654,-95.065575,98,,,,,,
,,,,,62727,-43.341526,73,,,,,,
,,,,,62833,-180.88156,106,,,,,,
,,,,,62927,-136.22472,94,,,,,,
,,,,,63000,,,1.9663504362106323,28.43910789489746,28.2432861328125,34.55800247192383,0.622,0.001
,,,,,63041,-177.56555,114,,,,,,
,,,,,63108,-45.26374,67,,,,,,
,,,,,63186,-96.8667,78,,,,,,
,,,,,63312,-61.221294,126,,,,,,
,,,,,63380,-95.487564,68,,,,,,
,,,,,63489,-124.98331,109,,,,,,
,,,,,63585,-125.83313,96,,,,,,
,,,,,63723,-143.1472,138,,,,,,
,,,,,63813,-114.29587,90,,,,,,
,,,,,63891,-105.75268,78,,,,,,
,,,,,63994,-45.278084,103,,,,,,
,,,,,64000,,,191.92034912109375,9.124320983886719,9.367559432983398,253.5485076904297,0.616,0.001
,,,,,64095,-88.88657,101,,,,,,
,,,,,64209,-119.79552,114,,,,,,
,,,,,64306,-67.11043,97,,,,,,
,,,,,64364,-77.708,58,,,,,,
,,,,,64449,-72.393585,85,,,,,,
,,,,,64555,-72.67305,106,,,,,,
,,,,,64655,-93.30812,100,,,,,,
,,,,,64752,-128.07558,97,,,,,,
,,,,,64826,-91.11932,74,,,,,,
,,,,,64887,-12.054611,61,,,,,,
,,,,,64973,-80.2618,86,,,,,,
,,,,,65000,,,5.0044941902160645,21.041484832763672,20.892255783081055,68.30362701416016,0.61,0.001
,,,,,65042,-46.15499,69,,,,,,
,,,,,65125,-112.75423,83,,,,,,
,,,,,65216,-70.83606,91,,,,,,
,,,,,65325,-213.21939,109,,,,,,
,,,,,65412,-65.3602,87,,,,,,
,,,,,65500,-104.818855,88,,,,,,
,,,,,65589,-84.298035,89,,,,,,
,,,,,65694,-90.62158,105,,,,,,
,,,,,65785,-112.80129,91,,,,,,
,,,,,65859,-103.70886,74,,,,,,
,,,,,65935,-44.423023,76,,,,,,
,,,,,66000,,,4.19520902633667,22.326738357543945,22.221145629882812,42.54733657836914,0.604,0.001
,,,,,66034,-54.19995,99,,,,,,
,,,,,66143,-95.41615,109,,,,,,
,,,,,66266,-117.60486,123,,,,,,
,,,,,66366,-124.14129,100,,,,,,
,,,,,66462,-77.95266,96,,,,,,
,,,,,66557,-93.74222,95,,,,,,
,,,,,66646,-135.46576,89,,,,,,
,,,,,66741,-63.161945,95,,,,,,
,,,,,66829,-93.56415,88,,,,,,
,,,,,66939,-41.707264,110,,,,,,
,,,,,67000,,,2.6553354263305664,17.01321029663086,16.582515716552734,35.233524322509766,0.598,0.001
,,,,,67082,-198.47293,143,,,,,,
,,,,,67161,-57.66295,79,,,,,,
,,,,,67241,-100.19172,80,,,,,,
,,,,,67341,-90.21572,100,,,,,,
,,,,,67428,-75.18206,87,,,,,,
,,,,,67503,-84.539406,75,,,,,,
,,,,,67617,-101.84103,114,,,,,,
,,,,,67682,-71.007645,65,,,,,,
,,,,,67788,-48.31071,106,,,,,,
,,,,,67853,-16.282722,65,,,,,,
,,,,,67954,-68.857956,101,,,,,,
,,,,,68000,,,14.807562828063965,12.148843765258789,12.227811813354492,64.37136840820312,0.5920000000000001,0.001
,,,,,68051,-116.20604,97,,,,,,
,,,,,68154,-182.19373,103,,,,,,
,,,,,68280,-61.01174,126,,,,,,
,,,,,68408,-72.62152,128,,,,,,
,,,,,68482,-77.38411,74,,,,,,
,,,,,68598,-130.81631,116,,,,,,
,,,,,68676,-44.840523,78,,,,,,
,,,,,68780,-111.2937,104,,,,,,
,,,,,68869,-78.086296,89,,,,,,
,,,,,68937,-86.21971,68,,,,,,
,,,,,69000,,,555.7730102539062,8.495288848876953,11.458930969238281,589.7600708007812,0.586,0.001
,,,,,69050,-89.93154,113,,,,,,
,,,,,69144,-71.0953,94,,,,,,
,,,,,69220,-127.13591,76,,,,,,
,,,,,69294,-79.15483,74,,,,,,
,,,,,69361,-66.821815,67,,,,,,
,,,,,69482,-81.164635,121,,,,,,
,,,,,69563,-64.48787,81,,,,,,
,,,,,69682,-136.81873,119,,,,,,
,,,,,69793,-47.924793,111,,,,,,
,,,,,69879,-51.723774,86,,,,,,
,,,,,69990,-64.773026,111,,,,,,
-150.57233,81.470955,-39.754307,-262.2984,282.3,70000,,,26.810470581054688,20.396366119384766,20.933773040771484,132.2176971435547,0.58,0.001
,,,,,70084,-100.835304,94,,,,,,
,,,,,70154,-87.20268,70,,,,,,
,,,,,70239,-65.108,85,,,,,,
,,,,,70368,-66.30148,129,,,,,,
,,,,,70464,-60.649323,96,,,,,,
,,,,,70545,-81.40521,81,,,,,,
,,,,,70640,-81.933075,95,,,,,,
,,,,,70720,-44.795372,80,,,,,,
,,,,,70791,-61.536575,71,,,,,,
,,,,,70914,-103.40785,123,,,,,,
,,,,,70990,-31.637466,76,,,,,,
,,,,,71000,,,153.21026611328125,7.704189300537109,10.162694931030273,663.2443237304688,0.5740000000000001,0.001
,,,,,71073,-58.598324,83,,,,,,
,,,,,71182,-123.421196,109,,,,,,
,,,,,71278,-86.85907,96,,,,,,
,,,,,71375,-96.26255,97,,,,,,
,,,,,71488,-49.9941,113,,,,,,
,,,,,71609,-73.38817,121,,,,,,
,,,,,71702,-110.777176,93,,,,,,
,,,,,71795,-77.35181,93,,,,,,
,,,,,71885,-84.92045,90,,,,,,
,,,,,71970,-98.90524,85,,,,,,
,,,,,72000,,,4.602533340454102,8.665797233581543,8.055434226989746,60.834075927734375,0.5680000000000001,0.001
,,,,,72046,-71.5865,76,,,,,,
,,,,,72123,-105.576645,77,,,,,,
,,,,,72219,-72.47592,96,,,,,,
,,,,,72283,-40.285038,64,,,,,,
,,,,,72374,-62.099922,91,,,,,,
,,,,,72479,-95.604256,105,,,,,,
,,,,,72574,-138.00273,95,,,,,,
,,,,,72667,-1.4154053,93,,,,,,
,,,,,72766,-81.65764,99,,,,,,
,,,,,72844,-89.491295,78,,,,,,
,,,,,72948,-55.997654,104,,,,,,
,,,,,73000,,,26.871938705444336,23.24138832092285,21.944900512695312,130.6629180908203,0.5619999999999999,0.001
,,,,,73042,-114.841415,94,,,,,,
,,,,,73132,-55.55284,90,,,,,,
,,,,,73219,-45.839752,87,,,,,,
,,,,,73337,-75.54352,118,,,,,,
,,,,,73462,-101.40698,125,,,,,,
,,,,,73591,-86.38765,129,,,,,,
,,,,,73690,-98.472466,99,,,,,,
,,,,,73819,-34.808655,129,,,,,,
,,,,,73908,-88.720955,89,,,,,,
,,,,,73992,-47.896717,84,,,,,,
,,,,,74000,,,30.76982307434082,17.31365394592285,16.694660186767578,106.78691864013672,0.556,0.001
,,,,,74062,-65.62115,70,,,,,,
,,,,,74157,-11.258324,95,,,,,,
,,,,,74228,-39.82878,71,,,,,,
,,,,,74304,-70.20802,76,,,,,,
,,,,,74413,-59.20385,109,,,,,,
,,,,,74514,-49.908546,101,,,,,,
,,,,,74576,-80.47746,62,,,,,,
,,,,,74656,-108.909386,80,,,,,,
,,,,,74730,-78.24286,74,,,,,,
,,,,,74834,-48.139908,104,,,,,,
,,,,,74942,-125.88843,108,,,,,,
,,,,,75000,,,4.52055025100708,14.733707427978516,14.3793363571167,57.249568939208984,0.55,0.001
,,,,,75061,-19.77948,119,,,,,,
,,,,,75157,-48.516735,96,,,,,,
,,,,,75261,-93.29361,104,,,,,,
,,,,,75363,-48.0057,102,,,,,,
,,,,,75469,-54.756577,106,,,,,,
,,,,,75557,-189.51129,88,,,,,,
,,,,,75669,-71.8281,112,,,,,,
,,,,,75793,-33.22612,124,,,,,,
,,,,,75870,-45.58424,77,,,,,,
,,,,,75989,-43.258625,119,,,,,,
,,,,,76000,,,8.48422622680664,15.526174545288086,14.931014060974121,68.4925308227539,0.5439999999999999,0.001
,,,,,76120,-68.37735,131,,,,,,
,,,,,76205,-42.303875,85,,,,,,
,,,,,76310,-77.93371,105,,,,,,
,,,,,76379,-73.346535,69,,,,,,
,,,,,76455,-72.86424,76,,,,,,
,,,,,76529,-111.366394,74,,,,,,
,,,,,76597,-50.03137,68,,,,,,
,,,,,76717,-84.14964,120,,,,,,
,,,,,76821,-79.52359,104,,,,,,
,,,,,76933,-207.45538,112,,,,,,
,,,,,77000,,,3.022045850753784,17.646833419799805,17.438186645507812,31.52130699157715,0.538,0.001
,,,,,77001,-81.83302,68,,,,,,
,,,,,77095,-65.76132,94,,,,,,
,,,,,77229,-40.61886,134,,,,,,
,,,,,77313,-115.821304,84,,,,,,
,,,,,77405,-56.006474,92,,,,,,
,,,,,77509,-106.26016,104,,,,,,
,,,,,77599,-109.02807,90,,,,,,
,,,,,77685,-35.10327,86,,,,,,
,,,,,77759,-74.50524,74,,,,,,
,,,,,77853,-95.9114,94,,,,,,
,,,,,77944,-49.64857,91,,,,,,
,,,,,78000,,,150.09393310546875,17.979230880737305,17.059946060180664,406.0751037597656,0.532,0.001
,,,,,78054,-71.04982,110,,,,,,
,,,,,78147,-69.938156,93,,,,,,
,,,,,78264,-131.91876,117,,,,,,
,,,,,78354,-70.86491,90,,,,,,
,,,,,78421,-101.93869,67,,,,,,
,,,,,78512,-98.70485,91,,,,,,
,,,,,78678,-100.635155,166,,,,,,
,,,,,78750,-82.55466,72,,,,,,
,,,,,78836,-74.263435,86,,,,,,
,,,,,78940,-33.77111,104,,,,,,
,,,,,79000,,,8.684881210327148,22.846715927124023,21.97726821899414,84.13744354248047,0.526,0.001
,,,,,79074,-20.984741,134,,,,,,
,,,,,79173,-32.279907,99,,,,,,
,,,,,79263,-60.424507,90,,,,,,
,,,,,79384,-72.02336,121,,,,,,
,,,,,79461,-113.97067,77,,,,,,
,,,,,79534,-44.012226,73,,,,,,
,,,,,79634,-46.029686,100,,,,,,
,,,,,79712,-84.13016,78,,,,,,
,,,,,79786,-39.30139,74,,,,,,
,,,,,79887,-87.61697,101,,,,,,
,,,,,79992,-68.19205,105,,,,,,
-232.00374,106.32835,-67.01843,-477.52707,507.1,80000,,,2.79947566986084,22.059017181396484,22.217405319213867,43.59238815307617,0.52,0.001
,,,,,80087,-193.9096,95,,,,,,
,,,,,80197,-55.545822,110,,,,,,
,,,,,80280,-38.162205,83,,,,,,
,,,,,80377,-51.88857,97,,,,,,
,,,,,80448,-68.08797,71,,,,,,
,,,,,80528,-28.87687,80,,,,,,
,,,,,80631,-98.93906,103,,,,,,
,,,,,80736,-86.11776,105,,,,,,
,,,,,80835,-93.51431,99,,,,,,
,,,,,80908,-71.43157,73,,,,,,
,,,,,80988,-74.872444,80,,,,,,
,,,,,81000,,,16.08547019958496,19.106361389160156,18.86550521850586,131.20986938476562,0.514,0.001
,,,,,81057,-67.49949,69,,,,,,
,,,,,81161,-70.333145,104,,,,,,
,,,,,81266,-41.648838,105,,,,,,
,,,,,81367,-85.71576,101,,,,,,
,,,,,81462,-35.043747,95,,,,,,
,,,,,81572,-45.063354,110,,,,,,
,,,,,81680,3.6018524,108,,,,,,
,,,,,81755,-158.12593,75,,,,,,
,,,,,81866,-92.7718,111,,,,,,
,,,,,81977,-66.72515,111,,,,,,
,,,,,82000,,,16.4332275390625,19.731061935424805,20.213212966918945,62.970218658447266,0.508,0.001
,,,,,82057,-10.334885,80,,,,,,
,,,,,82138,-63.06859,81,,,,,,
,,,,,82228,-34.012085,90,,,,,,
,,,,,82346,-16.616486,118,,,,,,
,,,,,82420,-53.623272,74,,,,,,
,,,,,82502,-77.22596,82,,,,,,
,,,,,82582,-73.72189,80,,,,,,
,,,,,82676,-98.70227,94,,,,,,
,,,,,82760,-53.601044,84,,,,,,
,,,,,82870,-54.332886,110,,,,,,
,,,,,82989,-66.83919,119,,,,,,
,,,,,83000,,,17.02004051208496,27.32632064819336,27.467323303222656,91.16133117675781,0.502,0.001
,,,,,83121,-64.66465,132,,,,,,
,,,,,83196,-36.044167,75,,,,,,
,,,,,83300,-144.25516,104,,,,,,
,,,,,83398,-50.873276,98,,,,,,
,,,,,83494,0.18494415,96,,,,,,
,,,,,83579,-40.585896,85,,,,,,
,,,,,83705,-147.44795,126,,,,,,
,,,,,83825,-63.657196,120,,,,,,
,,,,,83969,-24.776146,144,,,,,,
,,,,,84000,,,6.151000022888184,23.09878921508789,22.761537551879883,64.48664093017578,0.4959999999999999,0.001
,,,,,84043,-72.96399,74,,,,,,
,,,,,84139,22.72419,96,,,,,,
,,,,,84210,-89.05015,71,,,,,,
,,,,,84298,-47.966343,88,,,,,,
,,,,,84384,-89.18091,86,,,,,,
,,,,,84471,-49.92851,87,,,,,,
,,,,,84554,-66.86211,83,,,,,,
,,,,,84646,-108.85665,92,,,,,,
,,,,,84769,-60.894913,123,,,,,,
,,,,,84857,-115.977516,88,,,,,,
,,,,,84951,-32.119843,94,,,,,,
,,,,,85000,,,11.156396865844727,18.055147171020508,17.833023071289062,79.24461364746094,0.49,0.001
,,,,,85056,-74.32757,105,,,,,,
,,,,,85134,-79.32524,78,,,,,,
,,,,,85213,-43.772556,79,,,,,,
,,,,,85305,-44.07162,92,,,,,,
,,,,,85424,-50.792164,119,,,,,,
,,,,,85524,-110.06485,100,,,,,,
,,,,,85636,3.9957733,112,,,,,,
,,,,,85732,-73.17253,96,,,,,,
,,,,,85808,-59.08319,76,,,,,,
,,,,,85918,-82.63289,110,,,,,,
,,,,,86000,,,6.300707817077637,26.748779296875,26.58950424194336,72.23038482666016,0.484,0.001
,,,,,86002,-73.367645,84,,,,,,
,,,,,86117,-47.098915,115,,,,,,
,,,,,86241,-52.332767,124,,,,,,
,,,,,86363,-121.82097,122,,,,,,
,,,,,86509,-65.70763,146,,,,,,
,,,,,86604,-62.543716,95,,,,,,
,,,,,86701,-24.363045,97,,,,,,
,,,,,86779,-116.220955,78,,,,,,
,,,,,86898,-91.827614,119,,,,,,
,,,,,87000,,,4.593191146850586,21.158571243286133,21.280017852783203,52.69284439086914,0.478,0.001
,,,,,87011,-84.87598,113,,,,,,
,,,,,87158,2.7015152,147,,,,,,
,,,,,87255,-102.37314,97,,,,,,
,,,,,87341,-75.81972,86,,,,,,
,,,,,87478,-221.22581,137,,,,,,
,,,,,87564,-67.38632,86,,,,,,
,,,,,88000,,,54.696102142333984,21.47922134399414,21.583499908447266,103.95055389404297,0.472,0.001
,,,,,88512,-76.131256,948,,,,,,
,,,,,88599,-41.450096,87,,,,,,
,,,,,88668,-63.738007,69,,,,,,
,,,,,88797,-96.42419,129,,,,,,
,,,,,88916,-39.6559,119,,,,,,
,,,,,89000,,,4.092337131500244,10.507442474365234,10.793249130249023,44.2705078125,0.46599999999999997,0.001
,,,,,89003,-85.834915,87,,,,,,
,,,,,89095,-66.014725,92,,,,,,
,,,,,89177,-68.16793,82,,,,,,
,,,,,89288,-64.11534,111,,,,,,
,,,,,89405,-108.518074,117,,,,,,
,,,,,89510,-22.35263,105,,,,,,
,,,,,89683,-164.57846,173,,,,,,
,,,,,89787,-62.262276,104,,,,,,
,,,,,89890,-66.82689,103,,,,,,
,,,,,89998,-122.308655,108,,,,,,
-117.822815,67.53627,-45.81332,-280.5981,679.1,90000,,,131.1095428466797,17.742197036743164,15.980533599853516,222.83567810058594,0.45999999999999996,0.001
,,,,,90343,-30.934662,345,,,,,,
,,,,,90429,-123.703636,86,,,,,,
,,,,,90511,-16.438011,82,,,,,,
,,,,,90629,-54.87289,118,,,,,,
,,,,,90729,-65.85196,100,,,,,,
,,,,,90834,-79.391426,105,,,,,,
,,,,,90933,-24.425133,99,,,,,,
,,,,,91000,,,4.803823471069336,21.6431884765625,21.8134708404541,56.01652145385742,0.45399999999999996,0.001
,,,,,91016,-75.13017,83,,,,,,
,,,,,91119,-67.525986,103,,,,,,
,,,,,91207,-69.469345,88,,,,,,
,,,,,91333,-52.748894,126,,,,,,
,,,,,91452,-68.63518,119,,,,,,
,,,,,91562,-69.58835,110,,,,,,
,,,,,91703,-51.611893,141,,,,,,
,,,,,91772,-51.924164,69,,,,,,
,,,,,91908,-56.239754,136,,,,,,
,,,,,92000,,,25.48866844177246,23.561439514160156,24.169113159179688,160.7423858642578,0.44800000000000006,0.001
,,,,,92036,-0.7561798,128,,,,,,
,,,,,92140,-68.03353,104,,,,,,
,,,,,92219,-73.103165,79,,,,,,
,,,,,92328,-60.957775,109,,,,,,
,,,,,92452,-67.63425,124,,,,,,
,,,,,92531,-65.33121,79,,,,,,
,,,,,92616,-104.21729,85,,,,,,
,,,,,92702,-13.561096,86,,,,,,
,,,,,92794,-66.561104,92,,,,,,
,,,,,92872,-17.011513,78,,,,,,
,,,,,92975,-95.02033,103,,,,,,
,,,,,93000,,,10.44525146484375,34.472198486328125,34.270538330078125,60.89774703979492,0.44199999999999995,0.001
,,,,,93079,-19.424774,104,,,,,,
,,,,,93190,-75.67626,111,,,,,,
,,,,,93304,-51.598663,114,,,,,,
,,,,,93406,20.5,102,,,,,,
,,,,,93485,-50.663673,79,,,,,,
,,,,,93597,-47.201954,112,,,,,,
,,,,,93740,-32.512703,143,,,,,,
,,,,,93846,-46.97209,106,,,,,,
,,,,,93971,-26.927132,125,,,,,,
,,,,,94000,,,8.956657409667969,30.220304489135742,30.117094039916992,63.02935791015625,0.43599999999999994,0.001
,,,,,94099,-42.13393,128,,,,,,
,,,,,94220,-155.46077,121,,,,,,
,,,,,94348,-7.251709,128,,,,,,
,,,,,94461,-37.18685,113,,,,,,
,,,,,94558,-47.919388,97,,,,,,
,,,,,94665,-55.264034,107,,,,,,
,,,,,94776,-64.19234,111,,,,,,
,,,,,94895,-63.074284,119,,,,,,
,,,,,95000,,,10.4557466506958,35.41787338256836,35.85298538208008,68.43685913085938,0.43000000000000005,0.001
,,,,,95308,10.644226,413,,,,,,
,,,,,95411,-154.51263,103,,,,,,
,,,,,95565,-39.397186,154,,,,,,
,,,,,95680,26.154854,115,,,,,,
,,,,,95809,-1.9237976,129,,,,,,
,,,,,95926,-106.0073,117,,,,,,
,,,,,96000,,,4.6725873947143555,31.679397583007812,31.480133056640625,64.43041229248047,0.42399999999999993,0.001
,,,,,96031,-26.878593,105,,,,,,
,,,,,96135,-47.45882,104,,,,,,
,,,,,96248,-0.7585907,113,,,,,,
,,,,,96323,-28.810097,75,,,,,,
,,,,,96420,-63.66217,97,,,,,,
,,,,,96548,-9.85379,128,,,,,,
,,,,,96678,-4.4270477,130,,,,,,
,,,,,96827,10.3630905,149,,,,,,
,,,,,96919,-38.096275,92,,,,,,
,,,,,97000,,,9.697473526000977,36.64249038696289,36.71186447143555,63.13288879394531,0.41800000000000004,0.001
,,,,,97017,-63.671803,98,,,,,,
,,,,,97111,-58.398663,94,,,,,,
,,,,,97209,-47.85353,98,,,,,,
,,,,,97308,-59.00809,99,,,,,,
,,,,,97388,-58.959797,80,,,,,,
,,,,,97513,-50.267704,125,,,,,,
,,,,,98000,,,25.424407958984375,36.782920837402344,37.099090576171875,85.37006378173828,0.41200000000000003,0.001
,,,,,98513,66.604294,1000,,,,,,
,,,,,98682,-96.165565,169,,,,,,
,,,,,98832,-217.15628,150,,,,,,
,,,,,98948,-2.9433517,116,,,,,,
,,,,,99000,,,3.1243135929107666,33.90660858154297,34.122257232666016,41.856014251708984,0.4059999999999999,0.001
,,,,,99095,5.0137787,147,,,,,,
-5.298915,142.47546,276.19067,-228.68521,369.3,100000,,,7.168253421783447,55.5020751953125,56.12224197387695,76.64665985107422,0.4,0.001
,,,,,100095,19.563795,1000,,,,,,
,,,,,100213,-53.769165,118,,,,,,
,,,,,100325,-21.059181,112,,,,,,
,,,,,100449,-99.63129,124,,,,,,
,,,,,100573,-10.163521,124,,,,,,
,,,,,100665,-22.063637,92,,,,,,
,,,,,100796,17.785385,131,,,,,,
,,,,,100904,-59.64547,108,,,,,,
,,,,,101000,,,19.79717445373535,33.37165451049805,33.45863723754883,100.48697662353516,0.394,0.001
,,,,,101042,-32.0082,138,,,,,,
,,,,,101145,-45.148964,103,,,,,,
,,,,,101308,-150.18974,163,,,,,,
,,,,,101436,-28.912285,128,,,,,,
,,,,,101561,-32.187737,125,,,,,,
,,,,,101674,-19.492615,113,,,,,,
,,,,,101792,-7.400444,118,,,,,,
,,,,,101924,-47.892303,132,,,,,,
,,,,,102000,,,3.8611669540405273,33.424842834472656,33.57790756225586,40.93307876586914,0.3879999999999999,0.001
,,,,,102017,-34.484978,93,,,,,,
,,,,,102181,-52.157215,164,,,,,,
,,,,,102290,1.7578125,109,,,,,,
,,,,,102401,-56.470554,111,,,,,,
,,,,,102495,-84.35932,94,,,,,,
,,,,,102601,-83.26857,106,,,,,,
,,,,,102707,-67.01022,106,,,,,,
,,,,,102838,-95.489784,131,,,,,,
,,,,,102989,-26.119034,151,,,,,,
,,,,,103000,,,10.944948196411133,30.328617095947266,30.309593200683594,68.18338012695312,0.382,0.001
,,,,,103119,-6.4540787,130,,,,,,
,,,,,103251,-28.106415,132,,,,,,
,,,,,103361,-14.49202,110,,,,,,
,,,,,103464,-54.083744,103,,,,,,
,,,,,103566,27.93708,102,,,,,,
,,,,,103713,-28.648872,147,,,,,,
,,,,,103906,-103.56946,193,,,,,,
,,,,,104000,,,5.09330940246582,29.230125427246094,29.945890426635742,65.37525177001953,0.376,0.001
,,,,,104016,6.0621567,110,,,,,,
,,,,,104102,-59.733624,86,,,,,,
,,,,,104271,-29.569206,169,,,,,,
,,,,,104469,-2.314209,198,,,,,,
,,,,,104578,-17.489845,109,,,,,,
,,,,,104737,6.459488,159,,,,,,
,,,,,104887,-70.298706,150,,,,,,
,,,,,104998,30.314636,111,,,,,,
,,,,,105000,,,10.715643882751465,37.76014709472656,37.79610061645508,63.36915588378906,0.37,0.001
,,,,,105117,-40.476166,119,,,,,,
,,,,,105210,-76.85947,93,,,,,,
,,,,,105329,-46.60408,119,,,,,,
,,,,,105423,-13.758629,94,,,,,,
,,,,,105485,-46.199036,62,,,,,,
,,,,,105584,15.318085,99,,,,,,
,,,,,105684,-31.8461,100,,,,,,
,,,,,105792,-11.061127,108,,,,,,
,,,,,105985,-150.00311,193,,,,,,
,,,,,106000,,,82.7892074584961,21.893354415893555,22.84239959716797,165.0957489013672,0.364,0.001
,,,,,106087,-88.55748,102,,,,,,
,,,,,106176,3.9129868,89,,,,,,
,,,,,106259,-56.13557,83,,,,,,
,,,,,106395,-67.17351,136,,,,,,
,,,,,106499,-20.87156,104,,,,,,
,,,,,106603,0.6872864,104,,,,,,
,,,,,106782,-9.03492,179,,,,,,
,,,,,106914,-156.43515,132,,,,,,
,,,,,107000,,,6.158642768859863,34.5676155090332,34.010459899902344,76.46073150634766,0.358,0.001
,,,,,107051,-28.398766,137,,,,,,
,,,,,107162,-49.50001,111,,,,,,
,,,,,107289,-29.372543,127,,,,,,
,,,,,107422,-10.412857,133,,,,,,
,,,,,107525,-18.186203,103,,,,,,
,,,,,107651,24.400452,126,,,,,,
,,,,,107755,-20.528885,104,,,,,,
,,,,,108000,,,64.67696380615234,39.54698181152344,40.34742736816406,110.59899139404297,0.352,0.001
,,,,,108755,89.59336,1000,,,,,,
,,,,,109000,,,8.815752029418945,38.00978469848633,37.94297409057617,53.90004348754883,0.346,0.001
,,,,,109755,74.28276,1000,,,,,,
,,,,,109858,-42.438675,103,,,,,,
,,,,,109972,52.723495,114,,,,,,
-126.624466,91.57872,4.736034,-274.29535,828.2,110000,,,6.858516693115234,43.401187896728516,42.641380310058594,75.01599884033203,0.3400000000000001,0.001
,,,,,110121,-19.463562,149,,,,,,
,,,,,110240,-9.715797,119,,,,,,
,,,,,110338,-11.772293,98,,,,,,
,,,,,110454,-2.1544495,116,,,,,,
,,,,,110607,8.928986,153,,,,,,
,,,,,110743,7.9543,136,,,,,,
,,,,,111000,,,4.857789516448975,30.86216163635254,31.286962509155273,45.31374740600586,0.33399999999999996,0.001
,,,,,111743,64.451904,1000,,,,,,
,,,,,111832,-115.866974,89,,,,,,
,,,,,111930,-75.153625,98,,,,,,
,,,,,112000,,,25.24675178527832,26.128337860107422,25.525794982910156,113.43681335449219,0.32799999999999996,0.001
,,,,,112930,71.10374,1000,,,,,,
,,,,,113000,,,11.858325004577637,33.72671890258789,34.29584503173828,82.71218872070312,0.32200000000000006,0.001
,,,,,113930,66.19844,1000,,,,,,
,,,,,114000,,,4.86913537979126,61.237342834472656,61.491363525390625,49.562801361083984,0.31599999999999995,0.001
,,,,,114039,-8.971573,109,,,,,,
,,,,,114138,-49.99699,99,,,,,,
,,,,,114219,-60.417343,81,,,,,,
,,,,,114339,3.1943283,120,,,,,,
,,,,,114447,0.034973145,108,,,,,,
,,,,,114564,-54.050343,117,,,,,,
,,,,,114673,-21.655846,109,,,,,,
,,,,,114812,-79.402245,139,,,,,,
,,,,,114951,-31.263023,139,,,,,,
,,,,,115000,,,42.44432067871094,33.95394515991211,33.61750411987305,111.1854476928711,0.30999999999999994,0.001
,,,,,115080,16.77018,129,,,,,,
,,,,,115158,-4.402664,78,,,,,,
,,,,,116000,,,8.663211822509766,43.18241500854492,43.540496826171875,73.77649688720703,0.30400000000000005,0.001
,,,,,116158,-9.068392,1000,,,,,,
,,,,,116288,-18.711487,130,,,,,,
,,,,,116397,-39.55452,109,,,,,,
,,,,,116654,-231.88101,257,,,,,,
,,,,,117000,,,6.636141300201416,39.532379150390625,39.276527404785156,75.60589599609375,0.29799999999999993,0.001
,,,,,117654,2.8346832,1000,,,,,,
,,,,,118000,,,9.948821067810059,43.37360382080078,43.66914749145508,77.4778823852539,0.29200000000000004,0.001
,,,,,118654,80.10644,1000,,,,,,
,,,,,119000,,,10.574066162109375,31.123676300048828,31.72345733642578,75.70446014404297,0.28600000000000003,0.001
,,,,,119654,101.21554,1000,,,,,,
,,,,,119945,-116.50461,291,,,,,,
-96.51898,75.02166,-23.710173,-241.1111,937.9,120000,,,14.73080062866211,36.996952056884766,36.61662292480469,79.5610122680664,0.2799999999999999,0.001
,,,,,120035,5.1616287,90,,,,,,
,,,,,120705,-336.95676,670,,,,,,
,,,,,120797,-14.827454,92,,,,,,
,,,,,121000,,,7.984311103820801,35.053497314453125,34.98114776611328,79.94061279296875,0.274,0.001
,,,,,121396,-103.45409,599,,,,,,
,,,,,121559,-74.42638,163,,,,,,
,,,,,121661,-15.324715,102,,,,,,
,,,,,121826,12.37664,165,,,,,,
,,,,,121935,15.06208,109,,,,,,
,,,,,122000,,,6.074771404266357,43.116050720214844,42.36656951904297,77.81329345703125,0.268,0.001
,,,,,122033,42.312897,98,,,,,,
,,,,,122171,-30.337433,138,,,,,,
,,,,,122294,-5.2508698,123,,,,,,
,,,,,122398,-2.831482,104,,,,,,
,,,,,123000,,,14.726191520690918,32.88031005859375,32.76420974731445,64.51921844482422,0.262,0.001
,,,,,123398,14.046438,1000,,,,,,
,,,,,124000,,,11.072379112243652,47.47163009643555,47.70954895019531,72.39826202392578,0.256,0.001
,,,,,124398,-114.63267,1000,,,,,,
,,,,,124811,-225.43735,413,,,,,,
,,,,,125000,,,4.273988723754883,45.21055603027344,44.59290313720703,64.56029510498047,0.25,0.001
,,,,,125098,-366.25726,287,,,,,,
,,,,,125221,5.516838,123,,,,,,
,,,,,126000,,,18.193984985351562,43.07490158081055,43.477027893066406,84.5909652709961,0.244,0.001
,,,,,126221,-112.0742,1000,,,,,,
,,,,,126986,-179.55984,765,,,,,,
,,,,,127000,,,8.36149787902832,52.66841506958008,52.81399917602539,58.36025619506836,0.238,0.001
,,,,,127568,-186.8677,582,,,,,,
,,,,,128000,,,15.08166790008545,38.141170501708984,37.759708404541016,86.0555191040039,0.23199999999999998,0.001
,,,,,128568,-201.52214,1000,,,,,,
,,,,,128966,-179.17595,398,,,,,,
,,,,,129000,,,10.979385375976562,38.113441467285156,38.92965316772461,95.46858978271484,0.22599999999999998,0.001
,,,,,129966,-17.672697,1000,,,,,,
-32.694664,94.873726,206.31776,-181.43896,874.5,130000,,,5.717716217041016,44.792354583740234,44.37953186035156,54.93989181518555,0.21999999999999997,0.001
,,,,,130085,-5.396782,119,,,,,,
,,,,,130198,6.82296,113,,,,,,
,,,,,130888,-148.10565,690,,,,,,
,,,,,131000,,,7.136544227600098,42.01936340332031,41.561222076416016,73.48833465576172,0.21399999999999997,0.001
,,,,,131802,-213.32211,914,,,,,,
,,,,,132000,,,10.423203468322754,41.46088790893555,40.470420837402344,108.369140625,0.20799999999999996,0.001
,,,,,132802,-43.420982,1000,,,,,,
,,,,,133000,,,14.385196685791016,50.04429244995117,50.04388427734375,121.2827377319336,0.20199999999999996,0.001
,,,,,133802,40.823677,1000,,,,,,
,,,,,134000,,,22.39374351501465,49.17694854736328,49.4276008605957,86.34576416015625,0.19599999999999995,0.001
,,,,,134802,-93.311615,1000,,,,,,
,,,,,135000,,,10.582728385925293,45.439430236816406,45.06303787231445,84.55438995361328,0.18999999999999995,0.001
,,,,,135802,-113.78278,1000,,,,,,
,,,,,136000,,,4.850428581237793,46.62092971801758,46.50404357910156,47.87883377075195,0.18400000000000005,0.001
,,,,,136802,-34.71977,1000,,,,,,
,,,,,136921,19.092552,119,,,,,,
,,,,,137000,,,8.559794425964355,53.23503112792969,54.22380447387695,107.01762390136719,0.17799999999999994,0.001
,,,,,137921,-69.862045,1000,,,,,,
,,,,,138000,,,36.2188720703125,41.07884216308594,40.827938079833984,116.83930206298828,0.17199999999999993,0.001
,,,,,138921,-59.200203,1000,,,,,,
,,,,,139000,,,6.861616134643555,55.49052047729492,55.91910171508789,50.80097579956055,0.16600000000000004,0.001
,,,,,139921,3.6380475,1000,,,,,,
-41.028137,22.256973,-3.4178796,-72.67998,1000.0,140000,,,6.937851905822754,60.463748931884766,60.21205520629883,47.056514739990234,0.15999999999999992,0.001
,,,,,140921,-24.400364,1000,,,,,,
,,,,,141000,,,4.446679592132568,66.31455993652344,66.3705062866211,45.718116760253906,0.15400000000000003,0.001
,,,,,141921,-64.16348,1000,,,,,,
,,,,,142000,,,8.731064796447754,44.772701263427734,44.70885467529297,84.20532989501953,0.14800000000000002,0.001
,,,,,142732,-193.90126,811,,,,,,
,,,,,143000,,,7.724241256713867,67.73957824707031,67.97956848144531,50.74249267578125,0.1419999999999999,0.001
,,,,,143732,52.72406,1000,,,,,,
,,,,,144000,,,7.890710830688477,51.86338806152344,52.45600891113281,74.55452728271484,0.136,0.001
,,,,,144732,-104.352875,1000,,,,,,
,,,,,145000,,,15.050646781921387,56.7309684753418,56.46704864501953,95.92550659179688,0.13,0.001
,,,,,145732,-12.144423,1000,,,,,,
,,,,,146000,,,104.0810775756836,47.83979415893555,49.370582580566406,224.26185607910156,0.12399999999999989,0.001
,,,,,146732,-62.775005,1000,,,,,,
,,,,,147000,,,60.446353912353516,63.03016662597656,63.779781341552734,171.2375946044922,0.118,0.001
,,,,,147732,-85.55931,1000,,,,,,
,,,,,148000,,,6.275398254394531,59.22303771972656,59.34151840209961,53.80187225341797,0.11199999999999999,0.001
,,,,,148732,-105.804955,1000,,,,,,
,,,,,149000,,,19.38251495361328,53.23914337158203,53.55542755126953,98.08760070800781,0.10599999999999998,0.001
,,,,,149086,-151.43237,354,,,,,,
-87.15214,21.722733,-57.023216,-129.57126,864.6,150000,,,4.462459564208984,53.89291000366211,53.70433807373047,53.64190673828125,0.1,0.001
,,,,,150086,32.72362,1000,,,,,,
,,,,,151000,,,23.384037017822266,44.97825241088867,45.39816665649414,100.52652740478516,0.09946666666666668,0.001
,,,,,151086,-40.986515,1000,,,,,,
,,,,,152000,,,10.49028491973877,61.505409240722656,61.69072723388672,61.48870086669922,0.09893333333333335,0.001
,,,,,152053,-297.69092,967,,,,,,
,,,,,153000,,,9.3826904296875,67.72180938720703,67.90155029296875,82.10111999511719,0.0984,0.001
,,,,,153053,-104.23201,1000,,,,,,
,,,,,154000,,,12.471216201782227,57.98870086669922,58.6161994934082,77.06016540527344,0.09786666666666667,0.001
,,,,,154053,55.264465,1000,,,,,,
,,,,,154379,210.3724,326,,,,,,
,,,,,155000,,,11.024322509765625,51.87623596191406,51.47407150268555,82.22895050048828,0.09733333333333334,0.001
,,,,,155135,201.69324,756,,,,,,
,,,,,155717,-240.3003,582,,,,,,
,,,,,156000,,,6.862188339233398,56.67512893676758,57.288169860839844,85.67079162597656,0.09680000000000001,0.001
,,,,,156717,-50.837715,1000,,,,,,
,,,,,157000,,,4.874190807342529,67.93382263183594,67.0567398071289,81.97560119628906,0.09626666666666667,0.001
,,,,,157150,14.386063,433,,,,,,
,,,,,158000,,,7.054484844207764,66.75428009033203,67.30545806884766,66.72720336914062,0.09573333333333334,0.001
,,,,,158150,-1.4087222,1000,,,,,,
,,,,,158538,228.4116,388,,,,,,
,,,,,159000,,,5.47452449798584,70.16277313232422,69.78038787841797,48.07674789428711,0.0952,0.001
,,,,,159538,103.42496,1000,,,,,,
-17.077297,124.862686,185.97232,-298.84857,843.9,160000,,,5.169633388519287,69.58959197998047,70.08106994628906,54.638248443603516,0.09466666666666668,0.001
,,,,,160538,64.29803,1000,,,,,,
,,,,,161000,,,137.6686248779297,65.28863525390625,63.843116760253906,302.50140380859375,0.09413333333333333,0.001
,,,,,161538,93.06549,1000,,,,,,
,,,,,161815,283.19263,277,,,,,,
,,,,,162000,,,21.155925750732422,67.16036987304688,66.77692413330078,90.2337875366211,0.0936,0.001
,,,,,162342,227.70636,527,,,,,,
,,,,,163000,,,11.584692001342773,58.36770248413086,58.0103759765625,56.09944152832031,0.09306666666666667,0.001
,,,,,163342,-52.8622,1000,,,,,,
,,,,,164000,,,16.057435989379883,67.31344604492188,66.47675323486328,145.0328826904297,0.09253333333333334,0.001
,,,,,164342,15.230783,1000,,,,,,
,,,,,165000,,,113.67080688476562,69.1343765258789,70.46940612792969,228.05625915527344,0.092,0.001
,,,,,165342,-72.26938,1000,,,,,,
,,,,,165918,-369.33676,576,,,,,,
,,,,,166000,,,25.080280303955078,72.56891632080078,73.13185119628906,119.84615325927734,0.09146666666666667,0.001
,,,,,166918,-72.77349,1000,,,,,,
,,,,,167000,,,9.299924850463867,77.239990234375,77.04585266113281,62.027000427246094,0.09093333333333334,0.001
,,,,,167918,-75.78055,1000,,,,,,
,,,,,168000,,,3.7979202270507812,75.42230224609375,75.27877807617188,45.84149169921875,0.09040000000000001,0.001
,,,,,168918,114.3083,1000,,,,,,
,,,,,169000,,,16.43977928161621,67.52796936035156,68.79501342773438,115.93792724609375,0.08986666666666668,0.001
,,,,,169439,202.94188,521,,,,,,
59.9055,85.469406,247.18924,-36.781464,912.3,170000,,,7.968090534210205,61.46282196044922,60.76534652709961,65.61536407470703,0.08933333333333333,0.001
,,,,,170439,177.90569,1000,,,,,,
,,,,,171000,,,18.077457427978516,73.4344482421875,72.45098114013672,138.33718872070312,0.0888,0.001
,,,,,171439,-51.810326,1000,,,,,,
,,,,,172000,,,13.91415023803711,66.07777404785156,65.483642578125,92.34327697753906,0.08826666666666667,0.001
,,,,,172439,30.886461,1000,,,,,,
,,,,,173000,,,20.94943618774414,71.91024017333984,71.94694519042969,92.40543365478516,0.08773333333333334,0.001
,,,,,173439,-22.536415,1000,,,,,,
,,,,,174000,,,34.68929672241211,65.45307922363281,66.0587158203125,138.31224060058594,0.0872,0.001
,,,,,174411,108.46328,972,,,,,,
,,,,,175000,,,8.337907791137695,73.98515319824219,72.85511016845703,127.18997192382812,0.08666666666666667,0.001
,,,,,175411,72.49828,1000,,,,,,
,,,,,176000,,,11.059825897216797,69.01434326171875,68.79060363769531,78.33954620361328,0.08613333333333334,0.001
,,,,,176411,-14.524347,1000,,,,,,
,,,,,177000,,,6.501675605773926,72.0583724975586,71.53230285644531,106.64923858642578,0.08560000000000001,0.001
,,,,,177411,33.612785,1000,,,,,,
,,,,,178000,,,6.407709121704102,62.54254913330078,62.569732666015625,52.06558609008789,0.08506666666666667,0.001
,,,,,178258,210.13376,847,,,,,,
,,,,,178802,229.98816,544,,,,,,
,,,,,179000,,,6.0059895515441895,72.7972412109375,72.7538833618164,66.9549331665039,0.08453333333333334,0.001
,,,,,179291,-314.30066,489,,,,,,
-67.00049,50.360455,18.884968,-177.07117,958.0,180000,,,41.64195251464844,71.94430541992188,71.1273193359375,164.79037475585938,0.084,0.001
,,,,,180291,84.59062,1000,,,,,,
,,,,,180769,235.75082,478,,,,,,
,,,,,181000,,,6.771485805511475,73.5797119140625,73.3912353515625,62.49607467651367,0.08346666666666668,0.001
,,,,,181769,75.835754,1000,,,,,,
,,,,,182000,,,18.955686569213867,65.435302734375,66.19258880615234,139.23045349121094,0.08293333333333333,0.001
,,,,,182459,258.4464,690,,,,,,
,,,,,182880,276.78122,421,,,,,,
,,,,,183000,,,7.543777942657471,68.64569091796875,68.43247985839844,53.62065505981445,0.0824,0.001
,,,,,183446,227.34003,566,,,,,,
,,,,,184000,,,20.32452392578125,77.49235534667969,78.06745147705078,113.85122680664062,0.08186666666666667,0.001
,,,,,184446,111.712616,1000,,,,,,
,,,,,185000,,,7.658052921295166,76.6855697631836,76.78433990478516,59.378631591796875,0.08133333333333334,0.001
,,,,,185347,243.32292,901,,,,,,
,,,,,185740,210.92169,393,,,,,,
,,,,,186000,,,8.747451782226562,80.42607116699219,79.41719818115234,85.82788848876953,0.08080000000000001,0.001
,,,,,186651,128.27095,911,,,,,,
,,,,,187000,,,11.831947326660156,77.59977722167969,77.67465209960938,66.2164306640625,0.08026666666666667,0.001
,,,,,187651,85.43657,1000,,,,,,
,,,,,188000,,,5.887303352355957,81.65922546386719,81.65494537353516,51.78816223144531,0.07973333333333334,0.001
,,,,,188640,230.2014,989,,,,,,
,,,,,189000,,,24.314075469970703,65.24457550048828,65.23017883300781,95.39755249023438,0.0792,0.001
,,,,,189090,122.23114,450,,,,,,
,,,,,189534,260.24005,444,,,,,,
,,,,,189827,227.7037,293,,,,,,
-47.295506,72.8186,102.63499,-166.69188,820.4,190000,,,20.152996063232422,66.95784759521484,66.23426818847656,98.41756439208984,0.07866666666666668,0.001
,,,,,190827,-55.255543,1000,,,,,,
,,,,,191000,,,9.142215728759766,88.54447937011719,88.17889404296875,66.37561798095703,0.07813333333333333,0.001
,,,,,191387,192.08582,560,,,,,,
,,,,,192000,,,9.57052993774414,81.57196044921875,81.06605529785156,134.1822509765625,0.0776,0.001
,,,,,192387,114.00013,1000,,,,,,
,,,,,193000,,,19.93020248413086,78.25279235839844,78.20149230957031,74.28462219238281,0.07706666666666667,0.001
,,,,,193387,-5.419934,1000,,,,,,
,,,,,193846,243.38177,459,,,,,,
,,,,,194000,,,12.347352027893066,81.63675689697266,81.4441146850586,73.00794219970703,0.07653333333333334,0.001
,,,,,194333,265.5025,487,,,,,,
,,,,,194760,282.50012,427,,,,,,
,,,,,195000,,,17.065147399902344,75.35442352294922,74.7270736694336,104.83682250976562,0.07600000000000001,0.001
,,,,,195158,224.98541,398,,,,,,
,,,,,195913,194.46866,755,,,,,,
,,,,,196000,,,13.084622383117676,84.2267837524414,84.28661346435547,90.7353286743164,0.07546666666666668,0.001
,,,,,196313,227.8428,400,,,,,,
,,,,,196796,177.0994,483,,,,,,
,,,,,197000,,,54.6082763671875,72.88520812988281,74.04913330078125,145.66648864746094,0.07493333333333334,0.001
,,,,,197392,-177.9526,596,,,,,,
,,,,,197812,254.547,420,,,,,,
,,,,,198000,,,8.381988525390625,79.12023162841797,78.584716796875,66.77493286132812,0.07440000000000001,0.001
,,,,,198812,-100.25148,1000,,,,,,
,,,,,199000,,,5.86832332611084,70.07038879394531,69.69636535644531,65.45429992675781,0.07386666666666666,0.001
,,,,,199188,-142.9281,376,,,,,,
,,,,,199988,-255.79387,800,,,,,,
70.29958,285.3347,293.60455,-633.3347,419.4,200000,,,4.159611701965332,95.62252807617188,95.13652038574219,60.202945709228516,0.07333333333333333,0.001
,,,,,200168,-143.59846,180,,,,,,
,,,,,200828,213.66278,660,,,,,,
,,,,,201000,,,24.099855422973633,83.8956298828125,83.75497436523438,65.47066497802734,0.0728,0.001
,,,,,201581,198.28482,753,,,,,,
,,,,,202000,,,12.897162437438965,83.16908264160156,83.30216979980469,64.24840545654297,0.07226666666666667,0.001
,,,,,202041,179.23453,460,,,,,,
,,,,,203000,,,17.26576805114746,63.89562225341797,63.871089935302734,142.9425506591797,0.07173333333333334,0.001
,,,,,203041,-71.601776,1000,,,,,,
,,,,,203676,-217.04755,635,,,,,,
,,,,,204000,,,8.715356826782227,88.36280822753906,88.46080780029297,62.25165557861328,0.07120000000000001,0.001
,,,,,204472,-176.2118,796,,,,,,
,,,,,205000,,,6.229316234588623,85.95585632324219,85.7266616821289,60.58089828491211,0.07066666666666667,0.001
,,,,,205472,-52.367195,1000,,,,,,
,,,,,206000,,,5.564239025115967,91.0573959350586,91.43956756591797,64.19889831542969,0.07013333333333334,0.001
,,,,,206049,165.03802,577,,,,,,
,,,,,207000,,,20.886186599731445,80.3536376953125,80.43289947509766,125.72129821777344,0.06960000000000001,0.001
,,,,,207049,70.562416,1000,,,,,,
,,,,,208000,,,6.01100492477417,77.86124420166016,77.45316314697266,55.43442153930664,0.06906666666666667,0.001
,,,,,208049,-44.392735,1000,,,,,,
,,,,,208974,-371.83493,925,,,,,,
,,,,,209000,,,7.296393394470215,84.69497680664062,84.98603057861328,78.7137451171875,0.06853333333333333,0.001
,,,,,209323,-123.51131,349,,,,,,
-100.56287,96.79086,147.52974,-209.06195,482.4,210000,,,15.034976959228516,75.44627380371094,74.40130615234375,150.61599731445312,0.068,0.001
,,,,,210260,194.1319,937,,,,,,
,,,,,210496,-21.008652,236,,,,,,
,,,,,211000,,,5.742971897125244,70.13090515136719,70.81462097167969,75.35415649414062,0.06746666666666667,0.001
,,,,,211475,81.20514,979,,,,,,
,,,,,212000,,,233.6614532470703,77.60572052001953,76.07606506347656,233.5095672607422,0.06693333333333334,0.001
,,,,,212475,-73.47362,1000,,,,,,
,,,,,212721,-159.79387,246,,,,,,
,,,,,213000,,,8.136962890625,85.08509826660156,84.9751968383789,83.00373077392578,0.06640000000000001,0.001
,,,,,213084,216.35492,363,,,,,,
,,,,,213535,236.8948,451,,,,,,
,,,,,214000,,,8.586268424987793,80.72996520996094,81.21629333496094,66.02873229980469,0.06586666666666667,0.001
,,,,,214535,17.801235,1000,,,,,,
,,,,,215000,,,11.090869903564453,78.3420639038086,78.5390625,79.80905151367188,0.06533333333333333,0.001
,,,,,215446,186.3825,911,,,,,,
,,,,,215661,-150.52121,215,,,,,,
,,,,,216000,,,13.21814250946045,77.69477081298828,78.23052978515625,55.17683410644531,0.0648,0.001
,,,,,216542,203.48146,881,,,,,,
,,,,,216963,-18.870544,421,,,,,,
,,,,,217000,,,7.441821098327637,91.78240203857422,91.63238525390625,79.62327575683594,0.06426666666666667,0.001
,,,,,217276,193.45212,313,,,,,,
,,,,,218000,,,54.4615478515625,78.69377136230469,77.6811752319336,220.05421447753906,0.06373333333333334,0.001
,,,,,218081,141.40991,805,,,,,,
,,,,,218717,229.97893,636,,,,,,
,,,,,218897,-21.309906,180,,,,,,
,,,,,219000,,,6.472141265869141,78.44003295898438,78.34343719482422,61.048885345458984,0.0632,0.001
,,,,,219390,272.4331,493,,,,,,
127.439964,110.43371,273.9627,-30.489794,777.6,220000,,,25.664146423339844,78.8388900756836,78.41474914550781,117.20649719238281,0.06266666666666668,0.001
,,,,,220390,23.539886,1000,,,,,,
,,,,,221000,,,24.465497970581055,93.69920349121094,94.3097152709961,212.58612060546875,0.06213333333333334,0.001
,,,,,221327,206.6663,937,,,,,,
,,,,,221986,193.43521,659,,,,,,
,,,,,222000,,,49.30293273925781,80.04398345947266,79.91551971435547,192.23460388183594,0.06160000000000001,0.001
,,,,,222731,179.66907,745,,,,,,
,,,,,223000,,,27.932048797607422,66.36056518554688,65.19773864746094,187.092529296875,0.06106666666666667,0.001
,,,,,223166,241.63197,435,,,,,,
,,,,,223416,240.4461,250,,,,,,
,,,,,223935,223.07489,519,,,,,,
,,,,,224000,,,9.334845542907715,82.89187622070312,82.6441650390625,64.14466857910156,0.060533333333333335,0.001
,,,,,224657,271.6701,722,,,,,,
,,,,,225000,,,12.828210830688477,80.3689193725586,80.03387451171875,108.29619598388672,0.060000000000000005,0.001
,,,,,225332,-151.60225,675,,,,,,
,,,,,225935,244.58998,603,,,,,,
,,,,,226000,,,11.026572227478027,80.98126220703125,79.76820373535156,130.7473907470703,0.05946666666666667,0.001
,,,,,226541,262.5273,606,,,,,,
,,,,,227000,,,20.383506774902344,85.42913055419922,86.77069854736328,148.64222717285156,0.05893333333333334,0.001
,,,,,227117,176.92874,576,,,,,,
,,,,,227507,-176.70651,390,,,,,,
,,,,,228000,,,23.828563690185547,83.80625915527344,85.27418518066406,151.12503051757812,0.0584,0.001
,,,,,228098,237.70656,591,,,,,,
,,,,,228900,-280.5832,802,,,,,,
,,,,,229000,,,17.128602981567383,76.18868255615234,76.26285552978516,126.68145751953125,0.05786666666666668,0.001
,,,,,229312,215.68372,412,,,,,,
,,,,,229775,-225.01656,463,,,,,,
123.70935,175.72185,260.1303,-229.42325,506.8,230000,,,5.983470439910889,87.50472259521484,87.98049926757812,72.80508422851562,0.05733333333333334,0.001
,,,,,230213,151.7826,438,,,,,,
,,,,,230677,251.94778,464,,,,,,
,,,,,231000,,,98.96052551269531,78.9105224609375,77.9513168334961,315.10833740234375,0.0568,0.001
,,,,,231588,175.49673,911,,,,,,
,,,,,231984,237.35927,396,,,,,,
,,,,,232000,,,10.755671501159668,80.60624694824219,81.60101318359375,75.54203796386719,0.05626666666666667,0.001
,,,,,232326,-215.53928,342,,,,,,
,,,,,232744,259.37628,418,,,,,,
,,,,,233000,,,4.690340518951416,87.4205551147461,87.5123291015625,61.40977478027344,0.055733333333333336,0.001
,,,,,233193,232.10545,449,,,,,,
,,,,,233480,-134.87074,287,,,,,,
,,,,,233813,261.19092,333,,,,,,
,,,,,234000,,,10.001949310302734,78.89523315429688,78.73180389404297,88.59540557861328,0.0552,0.001
,,,,,234227,238.06743,414,,,,,,
,,,,,234564,273.47662,337,,,,,,
,,,,,234972,283.5464,408,,,,,,
,,,,,235000,,,6.77508020401001,86.8714599609375,86.23167419433594,71.0060043334961,0.054666666666666676,0.001
,,,,,235160,-39.05961,188,,,,,,
,,,,,235677,223.71011,517,,,,,,
,,,,,236000,,,10.385568618774414,80.20914459228516,79.96309661865234,89.89275360107422,0.05413333333333334,0.001
,,,,,236100,211.6739,423,,,,,,
,,,,,236676,171.22629,576,,,,,,
,,,,,237000,,,5.2449774742126465,101.77080535888672,102.17813110351562,58.35426330566406,0.05360000000000001,0.001
,,,,,237102,170.96805,426,,,,,,
,,,,,237467,238.80232,365,,,,,,
,,,,,237921,161.7561,454,,,,,,
,,,,,238000,,,12.972458839416504,84.47607421875,84.56177520751953,96.5820083618164,0.05306666666666667,0.001
,,,,,238319,189.62256,398,,,,,,
,,,,,238596,236.63268,277,,,,,,
,,,,,238876,297.96692,280,,,,,,
,,,,,239000,,,7.389586448669434,90.98072052001953,91.02373504638672,51.512054443359375,0.052533333333333335,0.001
,,,,,239275,250.21814,399,,,,,,
161.75974,115.47622,258.2105,-67.05677,560.0,240000,,,10.173020362854004,81.35625457763672,82.09332275390625,107.20968627929688,0.052000000000000005,0.001
,,,,,240275,-29.47033,1000,,,,,,
,,,,,240684,289.9608,409,,,,,,
,,,,,240987,198.91809,303,,,,,,
,,,,,241000,,,5.826591491699219,92.08094787597656,91.47056579589844,71.41382598876953,0.05146666666666667,0.001
,,,,,241387,239.03036,400,,,,,,
,,,,,242000,,,29.440181732177734,82.63153076171875,82.13162231445312,158.74740600585938,0.050933333333333344,0.001
,,,,,242387,30.75761,1000,,,,,,
,,,,,243000,,,69.47772979736328,76.06454467773438,77.29266357421875,280.1676940917969,0.05040000000000001,0.001
,,,,,243192,248.15384,805,,,,,,
,,,,,243524,-220.00203,332,,,,,,
,,,,,244000,,,6.698723793029785,96.70892333984375,96.61425018310547,44.33927536010742,0.04986666666666667,0.001
,,,,,244524,-98.22324,1000,,,,,,
,,,,,245000,,,5.441332817077637,94.16618347167969,94.0218505859375,56.76993179321289,0.04933333333333334,0.001
,,,,,245037,252.93027,513,,,,,,
,,,,,245421,194.12085,384,,,,,,
,,,,,245860,261.1972,439,,,,,,
,,,,,246000,,,4.875421524047852,103.84183502197266,103.74853515625,49.34632110595703,0.0488,0.001
,,,,,246403,253.47984,543,,,,,,
,,,,,246932,275.53345,529,,,,,,
,,,,,247000,,,138.00302124023438,67.26731872558594,65.89258575439453,393.1291809082031,0.04826666666666667,0.001
,,,,,247411,253.80382,479,,,,,,
,,,,,248000,,,42.908084869384766,94.36675262451172,95.07263946533203,114.44049835205078,0.047733333333333336,0.001
,,,,,248208,250.86243,797,,,,,,
,,,,,248552,285.7322,344,,,,,,
,,,,,249000,,,11.980307579040527,89.05747985839844,89.87460327148438,82.09410858154297,0.0472,0.001
,,,,,249160,198.04797,608,,,,,,
,,,,,249374,-197.644,214,,,,,,
103.68713,142.73608,277.77814,-223.43127,700.1,250000,,,7.137932300567627,97.46016693115234,97.4787368774414,51.39493179321289,0.046666666666666676,0.001
,,,,,250260,244.72217,886,,,,,,
,,,,,250986,216.48755,726,,,,,,
,,,,,251000,,,7.782514572143555,86.03539276123047,85.73043823242188,69.46653747558594,0.04613333333333334,0.001
,,,,,251278,203.11935,292,,,,,,
,,,,,251697,260.64935,419,,,,,,
,,,,,251983,196.37991,286,,,,,,
,,,,,252000,,,900.9070434570312,81.17259979248047,85.16133117675781,825.4649658203125,0.0456,0.001
,,,,,252803,-361.84015,820,,,,,,
,,,,,253000,,,123.8624267578125,72.80909729003906,73.33369445800781,253.97850036621094,0.04506666666666667,0.001
,,,,,253262,244.29726,459,,,,,,
,,,,,253593,229.58543,331,,,,,,
,,,,,253817,235.72783,224,,,,,,
,,,,,254000,,,8.3200044631958,80.02627563476562,80.46868133544922,72.79740142822266,0.044533333333333334,0.001
,,,,,254131,200.81422,314,,,,,,
,,,,,254643,241.46329,512,,,,,,
,,,,,255000,,,7.852983474731445,82.19853210449219,81.8501968383789,74.04508972167969,0.04400000000000001,0.001
,,,,,255117,202.88187,474,,,,,,
,,,,,255554,242.8171,437,,,,,,
,,,,,255816,274.4477,262,,,,,,
,,,,,256000,,,14.681727409362793,79.28125,78.73550415039062,91.02110290527344,0.043466666666666674,0.001
,,,,,256181,254.56158,365,,,,,,
,,,,,256552,251.7703,371,,,,,,
,,,,,257000,,,20.16624641418457,80.78141021728516,80.3423843383789,128.14984130859375,0.04293333333333334,0.001
,,,,,257016,260.8502,464,,,,,,
,,,,,257526,276.65045,510,,,,,,
,,,,,258000,,,17.92574119567871,78.16548919677734,77.49960327148438,152.92469787597656,0.04240000000000001,0.001
,,,,,258062,204.7303,536,,,,,,
,,,,,258679,-213.43227,617,,,,,,
,,,,,259000,,,14.773618698120117,79.150390625,79.28687286376953,85.38805389404297,0.04186666666666667,0.001
,,,,,259421,152.83742,742,,,,,,
,,,,,259900,231.8486,479,,,,,,
44.609642,243.61551,253.51537,-408.43787,667.7,260000,,,21.652929306030273,90.69013214111328,90.4144287109375,133.4623565673828,0.04133333333333334,0.001
,,,,,260293,255.71075,393,,,,,,
,,,,,260683,219.44766,390,,,,,,
,,,,,261000,,,9.283905029296875,72.78190612792969,72.61517333984375,72.9588623046875,0.0408,0.001
,,,,,261256,192.82617,573,,,,,,
,,,,,261430,-174.17416,174,,,,,,
,,,,,261776,178.22382,346,,,,,,
,,,,,262000,,,41.57511901855469,93.05250549316406,93.74928283691406,236.58921813964844,0.040266666666666666,0.001
,,,,,262050,194.72667,274,,,,,,
,,,,,262803,-181.01724,753,,,,,,
,,,,,263000,,,17.532596588134766,77.231689453125,75.75038146972656,115.62329864501953,0.03973333333333334,0.001
,,,,,263042,278.73425,239,,,,,,
,,,,,263447,251.10448,405,,,,,,
,,,,,263679,268.68903,232,,,,,,
,,,,,264000,,,34.68733596801758,86.62295532226562,87.36292266845703,211.44483947753906,0.039200000000000006,0.001
,,,,,264273,206.9589,594,,,,,,
,,,,,264681,254.60576,408,,,,,,
,,,,,265000,,,9.07209587097168,93.15016174316406,92.56655883789062,86.5486068725586,0.03866666666666667,0.001
,,,,,265070,284.11066,389,,,,,,
,,,,,265405,239.52927,335,,,,,,
,,,,,265694,281.71844,289,,,,,,
,,,,,266000,,,12.08510684967041,92.60517883300781,92.72842407226562,96.24593353271484,0.03813333333333334,0.001
,,,,,266017,267.1612,323,,,,,,
,,,,,266324,-391.24634,307,,,,,,
,,,,,266754,201.33582,430,,,,,,
,,,,,267000,,,11.090774536132812,88.51144409179688,88.92166900634766,73.60799407958984,0.0376,0.001
,,,,,267255,235.26967,501,,,,,,
,,,,,267902,227.79709,647,,,,,,
,,,,,268000,,,5.4183197021484375,83.07000732421875,82.91748809814453,60.47957992553711,0.03706666666666668,0.001
,,,,,268207,272.167,305,,,,,,
,,,,,269000,,,73.64159393310547,75.30900573730469,74.69328308105469,222.55592346191406,0.036533333333333334,0.001
,,,,,269207,100.01766,1000,,,,,,
,,,,,269913,189.54292,706,,,,,,
118.68404,157.711,238.23836,-280.39014,577.9,270000,,,269.07891845703125,74.19536590576172,72.1253662109375,466.76873779296875,0.036000000000000004,0.001
,,,,,270659,158.40182,746,,,,,,
,,,,,270882,-26.470367,223,,,,,,
,,,,,271000,,,20.687793731689453,84.29473876953125,84.35823059082031,94.76768493652344,0.035466666666666674,0.001
,,,,,271341,218.54843,459,,,,,,
,,,,,271791,285.38443,450,,,,,,
,,,,,272000,,,23.580001831054688,70.63729095458984,72.35633850097656,191.5978240966797,0.03493333333333333,0.001
,,,,,272114,254.75845,323,,,,,,
,,,,,272389,192.6142,275,,,,,,
,,,,,272816,189.27034,427,,,,,,
,,,,,273000,,,11.963334083557129,81.13034057617188,82.03660583496094,109.51296997070312,0.034400000000000014,0.001
,,,,,273816,-177.00575,1000,,,,,,
,,,,,274000,,,15.576728820800781,58.70813751220703,58.11897277832031,109.00214385986328,0.03386666666666667,0.001
,,,,,274380,218.24182,564,,,,,,
,,,,,274922,238.80478,542,,,,,,
,,,,,275000,,,178.2800750732422,84.20347595214844,85.8659439086914,380.6663513183594,0.03333333333333334,0.001
,,,,,275160,211.126,238,,,,,,
,,,,,275580,274.04095,420,,,,,,
,,,,,276000,,,75.78559112548828,78.6321792602539,76.88302612304688,204.46063232421875,0.03280000000000001,0.001
,,,,,276244,-215.37976,664,,,,,,
,,,,,276385,-19.826988,141,,,,,,
,,,,,277000,,,6.701756000518799,88.2305679321289,88.01602935791016,52.440528869628906,0.032266666666666666,0.001
,,,,,277021,-319.258,636,,,,,,
,,,,,277760,105.15903,739,,,,,,
,,,,,277956,292.1888,196,,,,,,
,,,,,278000,,,3.6018764972686768,89.76737976074219,89.76508331298828,44.88039016723633,0.031733333333333336,0.001
,,,,,278177,-528.84753,221,,,,,,
,,,,,278581,209.74255,404,,,,,,
,,,,,278807,303.94186,226,,,,,,
,,,,,279000,,,10.963525772094727,76.04474639892578,76.68123626708984,89.11199188232422,0.031200000000000006,0.001
,,,,,279807,-62.51827,1000,,,,,,
241.31973,38.112804,291.54608,183.19243,343.0,280000,,,17.368974685668945,74.93829345703125,74.76129150390625,119.19945526123047,0.03066666666666666,0.001
,,,,,280035,248.30766,228,,,,,,
,,,,,280436,269.16418,401,,,,,,
,,,,,280629,-135.96422,193,,,,,,
,,,,,280894,245.93997,265,,,,,,
,,,,,281000,,,18.654958724975586,78.92096710205078,77.875244140625,119.10704803466797,0.030133333333333345,0.001
,,,,,281121,254.38976,227,,,,,,
,,,,,281539,238.90762,418,,,,,,
,,,,,281758,267.94928,219,,,,,,
,,,,,282000,,,26.37873077392578,89.10932922363281,89.97990417480469,115.05410766601562,0.0296,0.001
,,,,,282098,220.29457,340,,,,,,
,,,,,283000,,,5.618247032165527,87.68458557128906,87.77595520019531,65.07540130615234,0.02906666666666667,0.001
,,,,,283098,-86.90713,1000,,,,,,
,,,,,283704,217.86334,606,,,,,,
,,,,,283865,-34.57261,161,,,,,,
,,,,,284000,,,5.768828392028809,82.65377044677734,82.19357299804688,65.7643051147461,0.02853333333333334,0.001
,,,,,284232,206.06866,367,,,,,,
,,,,,284541,214.3276,309,,,,,,
,,,,,284938,198.7638,397,,,,,,
,,,,,285000,,,14.353727340698242,81.8749771118164,81.49161529541016,76.99085235595703,0.027999999999999997,0.001
,,,,,285461,238.72481,523,,,,,,
,,,,,286000,,,6.43363094329834,78.1462173461914,78.0787353515625,46.60826873779297,0.02746666666666668,0.001
,,,,,286118,-161.87038,657,,,,,,
,,,,,286446,206.18365,328,,,,,,
,,,,,287000,,,17.076995849609375,82.59343719482422,83.93862915039062,110.43634796142578,0.026933333333333337,0.001
,,,,,287166,167.47653,720,,,,,,
,,,,,287368,218.85007,202,,,,,,
,,,,,287676,227.14734,308,,,,,,
,,,,,288000,,,7.656115531921387,72.80541229248047,72.99981689453125,65.67015838623047,0.026400000000000007,0.001
,,,,,288078,259.49097,402,,,,,,
,,,,,288627,248.29504,549,,,,,,
,,,,,289000,,,18.90924072265625,81.47618865966797,79.97728729248047,153.06210327148438,0.025866666666666677,0.001
,,,,,289136,-159.39279,509,,,,,,
,,,,,289389,259.37064,253,,,,,,
,,,,,289788,215.37625,399,,,,,,
88.056015,141.04968,260.2734,-117.23403,728.4,290000,,,24.755565643310547,82.14286804199219,81.08043670654297,100.58338928222656,0.025333333333333333,0.001
,,,,,290243,263.55054,455,,,,,,
,,,,,290727,207.52965,484,,,,,,
,,,,,291000,,,7.6381635665893555,76.76976013183594,77.44265747070312,73.82142639160156,0.024800000000000003,0.001
,,,,,291261,199.40576,534,,,,,,
,,,,,291755,165.45935,494,,,,,,
,,,,,292000,,,20.706436157226562,91.00794982910156,92.1126937866211,107.26886749267578,0.024266666666666672,0.001
,,,,,292035,303.2829,280,,,,,,
,,,,,292352,268.70557,317,,,,,,
,,,,,292759,250.85027,407,,,,,,
,,,,,293000,,,7.372842788696289,91.2547836303711,91.46694946289062,75.46121978759766,0.02373333333333333,0.001
,,,,,293029,275.42316,270,,,,,,
,,,,,293295,255.71452,266,,,,,,
,,,,,293486,272.7992,191,,,,,,
,,,,,293943,263.40637,457,,,,,,
,,,,,294000,,,6.071854591369629,76.88440704345703,77.27996826171875,46.23297119140625,0.023200000000000012,0.001
,,,,,294198,245.71007,255,,,,,,
,,,,,294396,249.86392,198,,,,,,
,,,,,295000,,,14.244300842285156,79.2931900024414,78.33724975585938,112.1070327758789,0.02266666666666667,0.001
,,,,,295118,213.04938,722,,,,,,
,,,,,295354,237.84514,236,,,,,,
,,,,,295673,237.91283,319,,,,,,
,,,,,296000,,,8.133951187133789,75.72533416748047,75.185546875,67.12466430664062,0.022133333333333338,0.001
,,,,,296053,247.78766,380,,,,,,
,,,,,296673,306.274,620,,,,,,
,,,,,297000,,,10.762784004211426,85.98511505126953,85.35916137695312,83.06803131103516,0.021600000000000008,0.001
,,,,,297365,164.33154,692,,,,,,
,,,,,297726,230.64165,361,,,,,,
,,,,,298000,,,10.03280258178711,81.49112701416016,82.09100341796875,65.45417022705078,0.021066666666666664,0.001
,,,,,298442,226.23053,716,,,,,,
,,,,,298839,266.58167,397,,,,,,
,,,,,299000,,,11.766464233398438,90.53646850585938,90.63838195800781,95.60025787353516,0.020533333333333334,0.001
,,,,,299293,290.1499,454,,,,,,
,,,,,299742,270.12036,449,,,,,,
110.86444,188.90485,245.96487,-250.86752,399.9,300000,,,15.589487075805664,90.31967163085938,90.04280090332031,105.31291961669922,0.02,0.001
,,,,,300132,258.0586,390,,,,,,
,,,,,300623,234.26843,491,,,,,,
,,,,,301000,,,8.707508087158203,84.93147277832031,85.17817687988281,74.33767700195312,0.02,0.001
,,,,,301197,188.0215,574,,,,,,
,,,,,301621,179.65631,424,,,,,,
,,,,,302000,,,12.486889839172363,87.552001953125,88.01122283935547,98.40690612792969,0.02,0.001
,,,,,302288,-220.39313,667,,,,,,
,,,,,302564,260.21558,276,,,,,,
,,,,,302998,212.45604,434,,,,,,
,,,,,303000,,,9.793611526489258,81.58232116699219,81.68233489990234,58.52767562866211,0.02,0.001
,,,,,303184,284.8612,186,,,,,,
,,,,,303505,279.3744,321,,,,,,
,,,,,303835,231.36209,330,,,,,,
,,,,,304000,,,37.04705810546875,74.23656463623047,74.54649353027344,87.83293151855469,0.02,0.001
,,,,,304142,222.6655,307,,,,,,
,,,,,304765,196.65881,623,,,,,,
,,,,,304981,265.54407,216,,,,,,
,,,,,305000,,,50.901145935058594,88.71051025390625,89.21926879882812,192.7709197998047,0.02,0.001
,,,,,305206,297.19955,225,,,,,,
,,,,,305828,203.76875,622,,,,,,
,,,,,306000,,,15.417816162109375,85.49565124511719,86.5422592163086,70.19102478027344,0.02,0.001
,,,,,306235,256.32025,407,,,,,,
,,,,,306976,-124.984634,741,,,,,,
,,,,,307000,,,26.607051849365234,88.34786987304688,88.20138549804688,134.79263305664062,0.02,0.001
,,,,,307960,212.39932,984,,,,,,
,,,,,308000,,,6.235965251922607,84.59375,84.1297607421875,62.6886100769043,0.02,0.001
,,,,,308275,-45.891575,315,,,,,,
,,,,,308633,-99.497314,358,,,,,,
,,,,,308942,269.8373,309,,,,,,
,,,,,309000,,,7.456137657165527,88.76904296875,89.08902740478516,98.3923110961914,0.02,0.001
,,,,,309186,266.88293,244,,,,,,
,,,,,309506,209.3728,320,,,,,,
204.47684,63.22856,252.45523,70.1207,633.1,310000,,,8.966461181640625,83.89918518066406,84.48700714111328,100.93856048583984,0.02,0.001
,,,,,310057,293.29404,551,,,,,,
,,,,,310493,252.54858,436,,,,,,
,,,,,310732,273.14288,239,,,,,,
,,,,,310875,250.5633,143,,,,,,
,,,,,311000,,,10.689772605895996,83.17842864990234,81.80865478515625,120.55856323242188,0.02,0.001
,,,,,311209,275.2008,334,,,,,,
,,,,,311498,244.70679,289,,,,,,
,,,,,311814,256.7005,316,,,,,,
,,,,,312000,,,42.30727767944336,80.51615905761719,81.58155059814453,88.28894805908203,0.02,0.001
,,,,,312323,251.47893,509,,,,,,
,,,,,312630,249.4406,307,,,,,,
,,,,,313000,,,7.858576774597168,94.3640365600586,93.93297576904297,62.184078216552734,0.02,0.001
,,,,,313478,116.85646,848,,,,,,
,,,,,313853,-177.54868,375,,,,,,
,,,,,314000,,,6.930820465087891,78.85379791259766,78.75614166259766,50.95075607299805,0.02,0.001
,,,,,314362,-173.20914,509,,,,,,
,,,,,314741,232.7138,379,,,,,,
,,,,,314958,243.62753,217,,,,,,
,,,,,315000,,,11.59358024597168,83.35150909423828,82.97572326660156,109.64896392822266,0.02,0.001
,,,,,315859,212.44957,901,,,,,,
,,,,,316000,,,9.254984855651855,88.70836639404297,88.5887680053711,169.87063598632812,0.02,0.001
,,,,,316166,233.95619,307,,,,,,
,,,,,316464,208.92316,298,,,,,,
,,,,,316912,221.14511,448,,,,,,
,,,,,317000,,,62.44493103027344,79.19683837890625,80.28309631347656,83.20674896240234,0.02,0.001
,,,,,317194,247.36156,282,,,,,,
,,,,,317624,241.71642,430,,,,,,
,,,,,318000,,,71.39175415039062,74.64015197753906,76.07527160644531,312.9284362792969,0.02,0.001
,,,,,318198,191.53963,574,,,,,,
,,,,,319000,,,14.229317665100098,79.25597381591797,77.87189483642578,96.90174102783203,0.02,0.001
,,,,,319014,182.03508,816,,,,,,
,,,,,319286,222.99817,272,,,,,,
,,,,,319889,201.1417,603,,,,,,
181.26614,109.46235,268.81793,-64.77227,340.8,320000,,,4.931855201721191,76.72761535644531,76.54147338867188,48.42109298706055,0.02,0.001
,,,,,320415,269.74185,526,,,,,,
,,,,,320680,284.7359,265,,,,,,
,,,,,320939,211.97943,259,,,,,,
,,,,,321000,,,13.81052303314209,91.124267578125,90.46736145019531,98.20734405517578,0.02,0.001
,,,,,321785,195.69727,846,,,,,,
,,,,,321995,253.93733,210,,,,,,
,,,,,322000,,,7.476161956787109,79.00389862060547,79.40426635742188,72.43194580078125,0.02,0.001
,,,,,322236,22.706139,241,,,,,,
,,,,,322611,288.82947,375,,,,,,
,,,,,322925,263.64053,314,,,,,,
,,,,,323000,,,16.98508644104004,84.18401336669922,84.3226089477539,130.2981719970703,0.02,0.001
,,,,,323279,295.32858,354,,,,,,
,,,,,323706,282.97333,427,,,,,,
,,,,,324000,,,44.972190856933594,86.47492980957031,85.24291229248047,230.75473022460938,0.02,0.001
,,,,,324170,215.3172,464,,,,,,
,,,,,324561,236.06555,391,,,,,,
,,,,,324783,255.93028,222,,,,,,
,,,,,325000,,,3.5822136402130127,89.70665740966797,89.03569793701172,59.85089874267578,0.02,0.001
,,,,,325728,-275.52084,945,,,,,,
,,,,,326000,,,8.798240661621094,81.5306396484375,81.27053833007812,55.04631805419922,0.02,0.001
,,,,,326056,277.91644,328,,,,,,
,,,,,326333,266.8075,277,,,,,,
,,,,,326862,253.24911,529,,,,,,
,,,,,327000,,,15.68065357208252,82.25332641601562,81.35857391357422,93.45215606689453,0.02,0.001
,,,,,327062,273.43683,200,,,,,,
,,,,,327365,270.25763,303,,,,,,
,,,,,327654,236.40164,289,,,,,,
,,,,,328000,,,12.204750061035156,93.87007904052734,92.99982452392578,84.73872375488281,0.02,0.001
,,,,,328004,257.85596,350,,,,,,
,,,,,328372,205.68025,368,,,,,,
,,,,,329000,,,8.792290687561035,72.83827209472656,71.22712707519531,129.67367553710938,0.02,0.001
,,,,,329126,252.96321,754,,,,,,
252.88525,50.31302,314.1632,160.45389,338.5,330000,,,11.867115020751953,80.46012878417969,80.23152923583984,98.2651596069336,0.02,0.001
,,,,,330126,-123.88281,1000,,,,,,
,,,,,330417,219.71497,291,,,,,,
,,,,,331000,,,7.9925384521484375,82.84986877441406,83.1889419555664,78.45880126953125,0.02,0.001
,,,,,331062,-256.06604,645,,,,,,
,,,,,331378,250.6467,316,,,,,,
,,,,,331774,276.2945,396,,,,,,
,,,,,332000,,,7.422149658203125,78.81802368164062,78.47261047363281,61.076141357421875,0.02,0.001
,,,,,332774,5.819023,1000,,,,,,
,,,,,333000,,,26.94569206237793,79.8029556274414,78.26187133789062,143.06565856933594,0.02,0.001
,,,,,333166,228.25063,392,,,,,,
,,,,,333630,195.82956,464,,,,,,
,,,,,334000,,,6.730836868286133,84.400146484375,83.85289001464844,44.162845611572266,0.02,0.001
,,,,,334041,295.31586,411,,,,,,
,,,,,334239,-180.03679,198,,,,,,
,,,,,334486,279.76672,247,,,,,,
,,,,,334851,250.19566,365,,,,,,
,,,,,335000,,,11.170209884643555,83.68793487548828,84.05484771728516,86.31556701660156,0.02,0.001
,,,,,335552,218.18764,701,,,,,,
,,,,,335716,256.19998,164,,,,,,
,,,,,335967,-187.6246,251,,,,,,
,,,,,336000,,,12.107122421264648,89.04450988769531,89.43202209472656,84.14916229248047,0.02,0.001
,,,,,336222,294.2613,255,,,,,,
,,,,,336555,283.09644,333,,,,,,
,,,,,337000,,,6.035028457641602,92.99394226074219,93.11408233642578,42.75026321411133,0.02,0.001
,,,,,337555,-93.65917,1000,,,,,,
,,,,,337955,195.14676,400,,,,,,
,,,,,338000,,,10.603279113769531,84.5050048828125,84.36841583251953,65.52313995361328,0.02,0.001
,,,,,338270,244.49205,315,,,,,,
,,,,,338604,233.70815,334,,,,,,
,,,,,338977,235.68237,373,,,,,,
,,,,,339000,,,3.3314788341522217,91.765625,91.35151672363281,49.783203125,0.02,0.001
,,,,,339240,232.23781,263,,,,,,
184.01144,128.53384,283.08948,-108.29504,311.8,340000,,,8.94306755065918,92.56452941894531,92.41438293457031,68.96404266357422,0.02,0.001
,,,,,340088,-274.8445,848,,,,,,
,,,,,340441,261.48218,353,,,,,,
,,,,,340918,239.48969,477,,,,,,
,,,,,341000,,,6.225088119506836,80.46146392822266,79.80034637451172,61.14231491088867,0.02,0.001
,,,,,341270,225.05188,352,,,,,,
,,,,,341561,267.67267,291,,,,,,
,,,,,341907,185.969,346,,,,,,
,,,,,342000,,,13.651580810546875,84.04998016357422,84.70940399169922,93.23324584960938,0.02,0.001
,,,,,342123,246.16663,216,,,,,,
,,,,,342635,225.55472,512,,,,,,
,,,,,342854,195.07382,219,,,,,,
,,,,,343000,,,7.672284126281738,94.47335815429688,94.56734466552734,60.00600051879883,0.02,0.001
,,,,,343214,-250.27605,360,,,,,,
,,,,,343398,-6.378006,184,,,,,,
,,,,,343646,258.33136,248,,,,,,
,,,,,344000,,,9.72387409210205,89.82423400878906,90.12510681152344,104.20039367675781,0.02,0.001
,,,,,344126,-244.33978,480,,,,,,
,,,,,344722,221.0556,596,,,,,,
,,,,,344961,-213.88744,239,,,,,,
,,,,,345000,,,17.029296875,84.15608215332031,83.62623596191406,101.85748291015625,0.02,0.001
,,,,,345268,194.08403,307,,,,,,
,,,,,345865,-266.60327,597,,,,,,
,,,,,346000,,,6.582870960235596,89.6017074584961,90.10955810546875,50.26140594482422,0.02,0.001
,,,,,346134,205.89175,269,,,,,,
,,,,,346495,296.23657,361,,,,,,
,,,,,346854,249.12355,359,,,,,,
,,,,,347000,,,13.68143367767334,78.12922668457031,77.17113494873047,80.59152221679688,0.02,0.001
,,,,,347324,273.1255,470,,,,,,
,,,,,347822,236.07646,498,,,,,,
,,,,,348000,,,22.779573440551758,81.40560150146484,82.80111694335938,140.9573211669922,0.02,0.001
,,,,,348074,201.01797,252,,,,,,
,,,,,348375,240.60684,301,,,,,,
,,,,,349000,,,2.0361385345458984,85.0262680053711,85.04167938232422,26.934505462646484,0.02,0.001
,,,,,349185,226.87204,810,,,,,,
,,,,,349616,264.87543,431,,,,,,
,,,,,349887,277.17883,271,,,,,,
158.32408,118.17012,278.1163,-161.89871,635.3,350000,,,6.073773384094238,88.48738098144531,88.05841064453125,60.77255630493164,0.02,0.001
,,,,,350502,276.64838,615,,,,,,
,,,,,350979,235.03737,477,,,,,,
,,,,,351000,,,9.078670501708984,91.23439025878906,90.79237365722656,74.70453643798828,0.02,0.001
,,,,,351145,-134.32764,166,,,,,,
,,,,,351269,-2.1963043,124,,,,,,
,,,,,351722,250.51067,453,,,,,,
,,,,,352000,,,13.909113883972168,88.40032958984375,88.79537963867188,94.25697326660156,0.02,0.001
,,,,,352012,233.60725,290,,,,,,
,,,,,352419,231.88632,407,,,,,,
,,,,,352752,250.26973,333,,,,,,
,,,,,353000,,,7.4776201248168945,92.59040069580078,92.1527328491211,115.78931427001953,0.02,0.001
,,,,,353079,272.97516,327,,,,,,
,,,,,353431,265.80975,352,,,,,,
,,,,,353825,246.90851,394,,,,,,
,,,,,354000,,,12.529258728027344,75.43533325195312,75.63375854492188,80.75566864013672,0.02,0.001
,,,,,354102,233.26456,277,,,,,,
,,,,,354542,181.77228,440,,,,,,
,,,,,354944,269.70004,402,,,,,,
,,,,,355000,,,577.3073120117188,84.94500732421875,82.1477279663086,291.204833984375,0.02,0.001
,,,,,355249,291.85205,305,,,,,,
,,,,,355767,186.28365,518,,,,,,
,,,,,356000,,,30.99484634399414,89.50167846679688,89.4610824584961,94.3639144897461,0.02,0.001
,,,,,356136,256.4146,369,,,,,,
,,,,,356449,222.20451,313,,,,,,
,,,,,356734,257.6816,285,,,,,,
,,,,,357000,,,12.04400634765625,88.49847412109375,87.60305786132812,89.86499786376953,0.02,0.001
,,,,,357150,264.71777,416,,,,,,
,,,,,358000,,,15.058167457580566,93.78275299072266,93.42040252685547,73.5454330444336,0.02,0.001
,,,,,358150,-72.02974,1000,,,,,,
,,,,,358441,243.23953,291,,,,,,
,,,,,358874,235.76709,433,,,,,,
,,,,,359000,,,30.548120498657227,79.38628387451172,79.99386596679688,66.59874725341797,0.02,0.001
,,,,,359220,237.40009,346,,,,,,
,,,,,359442,297.95184,222,,,,,,
,,,,,359810,208.56122,368,,,,,,
165.71646,120.63777,282.13565,-58.77284,467.1,360000,,,17.540586471557617,81.58440399169922,81.33341979980469,86.44451141357422,0.02,0.001
,,,,,360076,250.9412,266,,,,,,
,,,,,360312,240.10912,236,,,,,,
,,,,,360620,291.12805,308,,,,,,
,,,,,360963,234.35062,343,,,,,,
,,,,,361000,,,6.164349555969238,98.45538330078125,98.43864440917969,63.84677505493164,0.02,0.001
,,,,,361259,217.14322,296,,,,,,
,,,,,361578,254.8938,319,,,,,,
,,,,,361789,281.31454,211,,,,,,
,,,,,362000,,,19.144044876098633,77.78622436523438,77.89873504638672,99.29387664794922,0.02,0.001
,,,,,362039,285.57623,250,,,,,,
,,,,,362335,256.76917,296,,,,,,
,,,,,362546,260.4126,211,,,,,,
,,,,,362781,224.78181,235,,,,,,
,,,,,363000,,,7.890114784240723,83.59955596923828,83.66178131103516,52.36149597167969,0.02,0.001
,,,,,363009,273.20892,228,,,,,,
,,,,,363289,273.00278,280,,,,,,
,,,,,363687,262.79675,398,,,,,,
,,,,,363950,274.11877,263,,,,,,
,,,,,364000,,,11.31671142578125,82.27205657958984,82.38749694824219,108.2921371459961,0.02,0.001
,,,,,364410,219.38988,460,,,,,,
,,,,,364757,247.02219,347,,,,,,
,,,,,365000,,,5.127833366394043,91.85113525390625,92.25479888916016,63.96820831298828,0.02,0.001
,,,,,365193,263.93967,436,,,,,,
,,,,,365610,244.54677,417,,,,,,
,,,,,366000,,,5.168429374694824,85.06062316894531,84.75840759277344,69.45426940917969,0.02,0.001
,,,,,366068,172.80788,458,,,,,,
,,,,,366493,164.56165,425,,,,,,
,,,,,366850,262.58362,357,,,,,,
,,,,,367000,,,19.040563583374023,81.63801574707031,81.9216079711914,136.6085205078125,0.02,0.001
,,,,,367134,254.506,284,,,,,,
,,,,,367615,281.54398,481,,,,,,
,,,,,367858,280.072,243,,,,,,
,,,,,368000,,,5.63484001159668,85.7070083618164,85.28482818603516,57.64900588989258,0.02,0.001
,,,,,368055,269.08804,197,,,,,,
,,,,,368484,227.56573,429,,,,,,
,,,,,369000,,,10.50623607635498,87.62784576416016,87.22826385498047,61.6831169128418,0.02,0.001
,,,,,369254,212.44211,770,,,,,,
,,,,,369383,-165.9415,129,,,,,,
,,,,,369719,193.21701,336,,,,,,
,,,,,369975,258.00885,256,,,,,,
23.769955,195.43784,248.0002,-240.19427,557.9,370000,,,13.663106918334961,94.08720397949219,93.98074340820312,82.7923583984375,0.02,0.001
,,,,,370224,275.25687,249,,,,,,
,,,,,370665,247.24437,441,,,,,,
,,,,,371000,,,4.77390193939209,85.56718444824219,85.41898345947266,43.469844818115234,0.02,0.001
,,,,,371269,149.43036,604,,,,,,
,,,,,371594,256.845,325,,,,,,
,,,,,371833,266.74133,239,,,,,,
,,,,,372000,,,185.3312225341797,92.81344604492188,94.6655044555664,487.6695861816406,0.02,0.001
,,,,,372268,156.68073,435,,,,,,
,,,,,373000,,,7.655258655548096,99.06245422363281,99.42115020751953,88.40279388427734,0.02,0.001
,,,,,373114,229.26007,846,,,,,,
,,,,,373250,-128.07028,136,,,,,,
,,,,,373484,287.98672,234,,,,,,
,,,,,373822,310.4223,338,,,,,,
,,,,,374000,,,9.645048141479492,89.63117218017578,89.38394165039062,82.4905776977539,0.02,0.001
,,,,,374180,205.19324,358,,,,,,
,,,,,374552,185.80453,372,,,,,,
,,,,,374776,216.12634,224,,,,,,
,,,,,375000,,,5.642037868499756,97.43717956542969,97.66537475585938,57.82579040527344,0.02,0.001
,,,,,375199,235.17256,423,,,,,,
,,,,,375380,262.84796,181,,,,,,
,,,,,375692,278.56982,312,,,,,,
,,,,,376000,,,3.78694748878479,93.71414184570312,93.23503112792969,38.759525299072266,0.02,0.001
,,,,,376213,196.83676,521,,,,,,
,,,,,376689,235.39824,476,,,,,,
,,,,,377000,,,5.343328952789307,86.13228607177734,86.1088638305664,64.1895980834961,0.02,0.001
,,,,,377123,252.65326,434,,,,,,
,,,,,377639,277.01282,516,,,,,,
,,,,,377946,253.74112,307,,,,,,
,,,,,378000,,,5.269103050231934,95.94779968261719,96.00530242919922,55.74181365966797,0.02,0.001
,,,,,378148,213.09747,202,,,,,,
,,,,,378389,264.87427,241,,,,,,
,,,,,378523,-185.38675,134,,,,,,
,,,,,378780,288.0655,257,,,,,,
,,,,,379000,,,7.798137187957764,91.88450622558594,91.95496368408203,84.10250091552734,0.02,0.001
,,,,,379164,296.86298,384,,,,,,
,,,,,379306,-47.985218,142,,,,,,
,,,,,379813,178.73651,507,,,,,,
101.99726,99.04611,247.5096,-53.001163,816.9,380000,,,23.77193260192871,84.11988830566406,83.14529418945312,169.78150939941406,0.02,0.001
,,,,,380702,184.14981,889,,,,,,
,,,,,381000,,,10.192194938659668,78.82759857177734,79.23058319091797,89.10018157958984,0.02,0.001
,,,,,381166,246.41063,464,,,,,,
,,,,,381622,278.2787,456,,,,,,
,,,,,381842,234.98021,220,,,,,,
,,,,,382000,,,21.835792541503906,83.63853454589844,84.11354064941406,120.29166412353516,0.02,0.001
,,,,,382307,220.69084,465,,,,,,
,,,,,382645,283.3539,338,,,,,,
,,,,,383000,,,7.237700939178467,97.44688415527344,97.30657958984375,68.08170318603516,0.02,0.001
,,,,,383014,255.09648,369,,,,,,
,,,,,383311,255.71025,297,,,,,,
,,,,,383674,285.96054,363,,,,,,
,,,,,384000,,,47.643898010253906,79.83781433105469,80.34054565429688,195.33470153808594,0.02,0.001
,,,,,384046,237.93301,372,,,,,,
,,,,,384336,262.15115,290,,,,,,
,,,,,384775,252.5535,439,,,,,,
,,,,,385000,,,17.200666427612305,86.49433898925781,85.2633285522461,177.4469757080078,0.02,0.001
,,,,,385071,215.19958,296,,,,,,
,,,,,385396,208.30608,325,,,,,,
,,,,,385671,314.83997,275,,,,,,
,,,,,386000,,,8.987407684326172,87.10470581054688,87.3269271850586,71.3815689086914,0.02,0.001
,,,,,386671,-43.200302,1000,,,,,,
,,,,,387000,,,12.928682327270508,79.50601196289062,79.79942321777344,112.08061218261719,0.02,0.001
,,,,,387113,277.68964,442,,,,,,
,,,,,387791,205.76273,678,,,,,,
,,,,,387998,266.8125,207,,,,,,
,,,,,388000,,,8.607277870178223,89.4843978881836,89.78907012939453,89.82579803466797,0.02,0.001
,,,,,388203,252.3688,205,,,,,,
,,,,,388886,195.91365,683,,,,,,
,,,,,389000,,,66.1766357421875,86.16165161132812,86.03221893310547,203.71807861328125,0.02,0.001
,,,,,389116,249.02998,230,,,,,,
,,,,,389415,271.58807,299,,,,,,
,,,,,389635,249.93709,220,,,,,,
,,,,,389917,271.884,282,,,,,,
189.81009,127.39578,283.06238,-174.53258,459.2,390000,,,5.0710625648498535,85.04402923583984,84.52339172363281,57.482139587402344,0.02,0.001
,,,,,390120,257.92105,203,,,,,,
,,,,,390761,201.21722,641,,,,,,
,,,,,390933,-377.50388,172,,,,,,
,,,,,391000,,,7.51699686050415,83.88253784179688,84.23139953613281,95.73727416992188,0.02,0.001
,,,,,391214,244.87064,281,,,,,,
,,,,,391427,264.9996,213,,,,,,
,,,,,391772,248.09053,345,,,,,,
,,,,,392000,,,5.392491340637207,100.63912963867188,100.084716796875,76.356689453125,0.02,0.001
,,,,,392222,266.437,450,,,,,,
,,,,,392537,264.56592,315,,,,,,
,,,,,393000,,,11.600105285644531,90.46113586425781,90.6227798461914,66.69972229003906,0.02,0.001
,,,,,393029,258.0564,492,,,,,,
,,,,,393300,267.8669,271,,,,,,
,,,,,393569,255.12253,269,,,,,,
,,,,,393679,-23.029022,110,,,,,,
,,,,,393989,244.5767,310,,,,,,
,,,,,394000,,,25.96161460876465,96.08320617675781,95.77154541015625,126.62207794189453,0.02,0.001
,,,,,394434,249.13402,445,,,,,,
,,,,,395000,,,7.522746562957764,84.7646484375,84.0386734008789,75.4814224243164,0.02,0.001
,,,,,395378,115.51183,944,,,,,,
,,,,,395560,229.58173,182,,,,,,
,,,,,395765,259.75977,205,,,,,,
,,,,,396000,,,11.001450538635254,86.20924377441406,85.57431030273438,74.10475158691406,0.02,0.001
,,,,,396165,157.7727,400,,,,,,
,,,,,396271,-41.97264,106,,,,,,
,,,,,396405,-235.43948,134,,,,,,
,,,,,396709,290.50433,304,,,,,,
,,,,,397000,,,47.53666305541992,86.78510284423828,87.43707275390625,151.4416046142578,0.02,0.001
,,,,,397053,253.91127,344,,,,,,
,,,,,398000,,,20.4725341796875,78.84304809570312,78.59632873535156,88.60173034667969,0.02,0.001
,,,,,398053,128.00365,1000,,,,,,
,,,,,398305,296.6422,252,,,,,,
,,,,,398592,280.85745,287,,,,,,
,,,,,398930,300.80878,338,,,,,,
,,,,,399000,,,6.269380569458008,94.60687255859375,94.60198974609375,37.86235427856445,0.02,0.001
,,,,,399302,240.9288,372,,,,,,
,,,,,399525,-107.98094,223,,,,,,
,,,,,399992,226.97034,467,,,,,,
264.7348,17.852106,293.4724,238.93008,234.2,400000,,,9.979325294494629,90.7032699584961,89.78612518310547,75.50433349609375,0.02,0.001
,,,,,400641,215.67816,649,,,,,,
,,,,,400861,252.18192,220,,,,,,
,,,,,401000,,,7.717380523681641,85.33448028564453,84.89263153076172,64.92057037353516,0.02,0.001
,,,,,401078,278.61926,217,,,,,,
,,,,,401509,250.25903,431,,,,,,
,,,,,401703,282.8467,194,,,,,,
,,,,,402000,244.8109,297,,,,,,
,,,,,402000,,,44.8252067565918,80.86116027832031,82.03646087646484,110.30986022949219,0.02,0.001
,,,,,402253,256.76166,253,,,,,,
,,,,,402656,261.8269,403,,,,,,
,,,,,402973,261.5015,317,,,,,,
,,,,,403000,,,40.633480072021484,98.12081909179688,98.52717590332031,195.25006103515625,0.02,0.001
,,,,,403173,-43.76539,200,,,,,,
,,,,,403495,251.99664,322,,,,,,
,,,,,403719,274.97885,224,,,,,,
,,,,,403893,267.426,174,,,,,,
,,,,,404000,,,3.4841718673706055,95.88546752929688,96.0024185180664,45.251155853271484,0.02,0.001
,,,,,404244,258.29425,351,,,,,,
,,,,,404508,247.92352,264,,,,,,
,,,,,405000,,,5.479613304138184,94.33477783203125,94.75137329101562,58.516578674316406,0.02,0.001
,,,,,405059,249.43393,551,,,,,,
,,,,,405380,229.60042,321,,,,,,
,,,,,405578,293.53873,198,,,,,,
,,,,,405800,268.13647,222,,,,,,
,,,,,406000,,,201.85073852539062,94.6286849975586,93.56938171386719,494.537109375,0.02,0.001
,,,,,406293,201.78961,493,,,,,,
,,,,,406603,183.60541,310,,,,,,
,,,,,406737,19.612488,134,,,,,,
,,,,,407000,,,7.593760013580322,97.54505157470703,97.97341918945312,52.7900505065918,0.02,0.001
,,,,,407737,45.681488,1000,,,,,,
,,,,,407957,255.47098,220,,,,,,
,,,,,408000,,,23.5325927734375,85.49286651611328,85.48303985595703,109.35111236572266,0.02,0.001
,,,,,408248,270.19727,291,,,,,,
,,,,,408487,268.15286,239,,,,,,
,,,,,408696,283.41122,209,,,,,,
,,,,,409000,,,6.470520973205566,98.11455535888672,97.63024139404297,56.76740646362305,0.02,0.001
,,,,,409046,257.33356,350,,,,,,
,,,,,409387,246.4554,341,,,,,,
,,,,,409726,198.85916,339,,,,,,
249.18991,37.257664,305.02744,168.19824,281.1,410000,,,82.29846954345703,89.0574951171875,90.26251220703125,193.43360900878906,0.02,0.001
,,,,,410061,302.7052,335,,,,,,
,,,,,410234,239.13176,173,,,,,,
,,,,,410530,272.36047,296,,,,,,
,,,,,410833,280.0459,303,,,,,,
,,,,,411000,,,3.902688980102539,91.01801300048828,90.88706970214844,42.99104309082031,0.02,0.001
,,,,,411139,241.2709,306,,,,,,
,,,,,411408,250.35123,269,,,,,,
,,,,,411976,-145.66275,568,,,,,,
,,,,,412000,,,29.217899322509766,93.65721893310547,94.09568786621094,99.8455581665039,0.02,0.001
,,,,,412104,-91.911285,128,,,,,,
,,,,,412308,264.6836,204,,,,,,
,,,,,412716,228.06346,408,,,,,,
,,,,,412963,270.77676,247,,,,,,
,,,,,413000,,,6.5283122062683105,98.32417297363281,98.69685363769531,64.75252532958984,0.02,0.001
,,,,,413159,292.36496,196,,,,,,
,,,,,413368,273.55725,209,,,,,,
,,,,,413679,256.40088,311,,,,,,
,,,,,413944,231.90741,265,,,,,,
,,,,,414000,,,4.252202033996582,92.84571838378906,92.96248626708984,49.5694580078125,0.02,0.001
,,,,,414131,285.63876,187,,,,,,
,,,,,414483,238.09465,352,,,,,,
,,,,,414679,-207.92987,196,,,,,,
,,,,,414970,230.86305,291,,,,,,
,,,,,415000,,,23.940017700195312,94.71955871582031,94.98631286621094,58.83243942260742,0.02,0.001
,,,,,415310,267.6925,340,,,,,,
,,,,,415504,277.63412,194,,,,,,
,,,,,415963,225.72491,459,,,,,,
,,,,,416000,,,6.597015380859375,90.94865417480469,91.11602783203125,55.73977279663086,0.02,0.001
,,,,,416238,267.19843,275,,,,,,
,,,,,416506,271.82736,268,,,,,,
,,,,,416904,302.62775,398,,,,,,
,,,,,417000,,,5.285665512084961,101.32522583007812,101.05326080322266,50.600059509277344,0.02,0.001
,,,,,417131,274.8628,227,,,,,,
,,,,,417365,239.5839,234,,,,,,
,,,,,417716,265.34262,351,,,,,,
,,,,,418000,,,8.057602882385254,91.87527465820312,91.42158508300781,79.78190612792969,0.02,0.001
,,,,,418119,268.79138,403,,,,,,
,,,,,418561,258.23715,442,,,,,,
,,,,,418791,267.2732,230,,,,,,
,,,,,419000,,,44.693511962890625,80.27616882324219,80.17818450927734,250.25006103515625,0.02,0.001
,,,,,419174,220.72969,383,,,,,,
,,,,,419555,264.90698,381,,,,,,
,,,,,419804,292.25583,249,,,,,,
228.06845,69.77082,296.29596,47.91965,437.2,420000,,,31.779499053955078,90.14433288574219,90.04244995117188,290.4251708984375,0.02,0.001
,,,,,420049,277.72968,245,,,,,,
,,,,,420289,266.04498,240,,,,,,
,,,,,420567,244.97389,278,,,,,,
,,,,,420883,285.09113,316,,,,,,
,,,,,421000,,,7.882464408874512,92.68919372558594,93.09054565429688,78.60381317138672,0.02,0.001
,,,,,421255,239.71248,372,,,,,,
,,,,,421381,-13.780426,126,,,,,,
,,,,,421610,266.78494,229,,,,,,
,,,,,421899,283.8723,289,,,,,,
,,,,,422000,,,29.016511917114258,93.89772033691406,94.43592834472656,64.18550109863281,0.02,0.001
,,,,,422177,186.0977,278,,,,,,
,,,,,422453,249.85634,276,,,,,,
,,,,,422720,246.70155,267,,,,,,
,,,,,422959,284.19125,239,,,,,,
,,,,,423000,,,4.989124774932861,86.7012939453125,86.3548812866211,54.63140106201172,0.02,0.001
,,,,,423393,274.81482,434,,,,,,
,,,,,423639,281.94916,246,,,,,,
,,,,,423928,293.75143,289,,,,,,
,,,,,424000,,,13.906156539916992,76.6620864868164,76.94052124023438,68.08705139160156,0.02,0.001
,,,,,424106,236.66873,178,,,,,,
,,,,,424483,151.83578,377,,,,,,
,,,,,424793,276.63354,310,,,,,,
,,,,,425000,,,7.336907863616943,100.1058349609375,99.29419708251953,68.12680053710938,0.02,0.001
,,,,,425136,266.78842,343,,,,,,
,,,,,425676,169.51277,540,,,,,,
,,,,,425899,299.9201,223,,,,,,
,,,,,426000,,,7.715841293334961,90.45936584472656,89.97500610351562,66.02208709716797,0.02,0.001
,,,,,426234,227.13272,335,,,,,,
,,,,,426418,293.60657,184,,,,,,
,,,,,427000,,,5.797852516174316,96.64805603027344,96.63275909423828,64.77963256835938,0.02,0.001
,,,,,427418,72.88959,1000,,,,,,
,,,,,427614,257.21405,196,,,,,,
,,,,,427811,278.0582,197,,,,,,
,,,,,428000,,,8.013583183288574,92.15609741210938,92.17221069335938,62.81100845336914,0.02,0.001
,,,,,428012,241.06207,201,,,,,,
,,,,,428185,226.08789,173,,,,,,
,,,,,428376,243.43962,191,,,,,,
,,,,,428641,286.55945,265,,,,,,
,,,,,428918,245.48703,277,,,,,,
,,,,,429000,,,10.148175239562988,86.4365234375,86.55198669433594,105.12358093261719,0.02,0.001
,,,,,429170,289.713,252,,,,,,
,,,,,429384,273.0441,214,,,,,,
,,,,,429629,271.79483,245,,,,,,
,,,,,429860,248.135,231,,,,,,
247.0778,27.809704,277.338,191.8475,274.0,430000,,,31.99281883239746,89.20751953125,89.6463623046875,122.07540130615234,0.02,0.001
,,,,,430095,278.52408,235,,,,,,
,,,,,430279,251.57625,184,,,,,,
,,,,,430479,277.623,200,,,,,,
,,,,,431000,,,9.103975296020508,94.85488891601562,94.18326568603516,61.355464935302734,0.02,0.001
,,,,,431077,283.15186,598,,,,,,
,,,,,431324,246.97588,247,,,,,,
,,,,,431557,254.33582,233,,,,,,
,,,,,431840,199.46475,283,,,,,,
,,,,,432000,,,8.70556354522705,92.6522216796875,92.69625854492188,60.9900016784668,0.02,0.001
,,,,,432261,173.05623,421,,,,,,
,,,,,432539,257.16425,278,,,,,,
,,,,,432939,243.55281,400,,,,,,
,,,,,433000,,,6.886725902557373,90.3873519897461,90.56220245361328,69.46145629882812,0.02,0.001
,,,,,433136,252.49844,197,,,,,,
,,,,,433575,238.6052,439,,,,,,
,,,,,433796,283.17432,221,,,,,,
,,,,,434000,,,27.330955505371094,97.44499206542969,98.30110168457031,179.6344757080078,0.02,0.001
,,,,,434089,279.86084,293,,,,,,
,,,,,434425,268.9491,336,,,,,,
,,,,,434634,262.16254,209,,,,,,
,,,,,434861,282.0642,227,,,,,,
,,,,,435000,,,9.3184232711792,92.7744369506836,92.90906524658203,68.69840240478516,0.02,0.001
,,,,,435367,171.5653,506,,,,,,
,,,,,435514,31.626312,147,,,,,,
,,,,,435767,253.42516,253,,,,,,
,,,,,436000,,,5.959479808807373,97.38188934326172,97.10009002685547,64.23287963867188,0.02,0.001
,,,,,436076,217.85445,309,,,,,,
,,,,,436302,324.8065,226,,,,,,
,,,,,436579,294.6265,277,,,,,,
,,,,,436908,287.54868,329,,,,,,
,,,,,437000,,,8.108219146728516,88.44422149658203,87.72818756103516,89.42877197265625,0.02,0.001
,,,,,437116,260.3825,208,,,,,,
,,,,,437305,-275.14453,189,,,,,,
,,,,,437502,261.14273,197,,,,,,
,,,,,437840,246.75017,338,,,,,,
,,,,,438000,,,3.4360105991363525,90.94255065917969,90.7393798828125,33.75628662109375,0.02,0.001
,,,,,438064,256.46436,224,,,,,,
,,,,,438559,-102.230316,495,,,,,,
,,,,,438796,229.81468,237,,,,,,
,,,,,439000,,,5.44872522354126,91.1634521484375,90.78589630126953,60.203277587890625,0.02,0.001
,,,,,439021,246.04698,225,,,,,,
,,,,,439490,259.7411,469,,,,,,
,,,,,439782,272.8684,292,,,,,,
217.01709,83.04484,288.33658,-6.798294,284.2,440000,,,15.122781753540039,99.618408203125,99.79003143310547,84.71797943115234,0.02,0.001
,,,,,440473,193.61182,691,,,,,,
,,,,,440663,264.2534,190,,,,,,
,,,,,440831,212.73183,168,,,,,,
,,,,,441000,,,7.621127128601074,89.03782653808594,88.034423828125,72.38667297363281,0.02,0.001
,,,,,441277,225.109,446,,,,,,
,,,,,441446,-145.96341,169,,,,,,
,,,,,441795,254.79347,349,,,,,,
,,,,,441949,-288.69406,154,,,,,,
,,,,,442000,,,5.460774898529053,86.45596313476562,86.27185821533203,46.75844192504883,0.02,0.001
,,,,,442209,270.18213,260,,,,,,
,,,,,442366,245.0766,157,,,,,,
,,,,,442583,267.40976,217,,,,,,
,,,,,442845,269.84494,262,,,,,,
,,,,,443000,,,78.95584869384766,85.1197738647461,86.12104034423828,301.22125244140625,0.02,0.001
,,,,,443060,258.79843,215,,,,,,
,,,,,443391,277.96307,331,,,,,,
,,,,,443618,250.91312,227,,,,,,
,,,,,443958,239.94093,340,,,,,,
,,,,,444000,,,58.619911193847656,87.26300048828125,86.28112030029297,138.02511596679688,0.02,0.001
,,,,,444145,289.3341,187,,,,,,
,,,,,444338,239.4181,193,,,,,,
,,,,,444570,259.87018,232,,,,,,
,,,,,444988,225.68427,418,,,,,,
,,,,,445000,,,11.494841575622559,79.62191009521484,79.00103759765625,82.83960723876953,0.02,0.001
,,,,,445169,254.36418,181,,,,,,
,,,,,445325,270.84988,156,,,,,,
,,,,,445555,219.9226,230,,,,,,
,,,,,445691,-182.4842,136,,,,,,
,,,,,445889,245.80202,198,,,,,,
,,,,,446000,,,5.526833534240723,96.16282653808594,96.4432373046875,43.155818939208984,0.02,0.001
,,,,,446154,223.36133,265,,,,,,
,,,,,446779,184.03058,625,,,,,,
,,,,,447000,,,19.865123748779297,93.93685150146484,93.035888671875,98.57782745361328,0.02,0.001
,,,,,447027,287.592,248,,,,,,
,,,,,447374,137.04675,347,,,,,,
,,,,,447652,-216.39142,278,,,,,,
,,,,,447774,-24.150131,122,,,,,,
,,,,,447958,235.8055,184,,,,,,
,,,,,448000,,,6.613259315490723,90.2835693359375,90.32408142089844,49.947628021240234,0.02,0.001
,,,,,448211,245.97192,253,,,,,,
,,,,,448535,204.2557,324,,,,,,
,,,,,448690,-66.554054,155,,,,,,
,,,,,448922,208.39142,232,,,,,,
,,,,,449000,,,23.9977970123291,83.05534362792969,81.83665466308594,252.80702209472656,0.02,0.001
,,,,,449229,255.49234,307,,,,,,
,,,,,449501,298.20087,272,,,,,,
136.80266,173.04388,281.38174,-193.25085,287.1,450000,,,8.343993186950684,84.54248809814453,84.51748657226562,73.63726043701172,0.02,0.001
,,,,,450107,251.06549,606,,,,,,
,,,,,450515,278.3181,408,,,,,,
,,,,,450754,293.8543,239,,,,,,
,,,,,451000,,,15.752047538757324,84.84966278076172,84.39090728759766,114.12763977050781,0.02,0.001
,,,,,451152,192.04216,398,,,,,,
,,,,,451395,273.03036,243,,,,,,
,,,,,451480,-22.835762,85,,,,,,
,,,,,451642,258.82666,162,,,,,,
,,,,,452000,,,26.97547721862793,101.3705062866211,101.9524917602539,136.18983459472656,0.02,0.001
,,,,,452011,266.65103,369,,,,,,
,,,,,452263,203.94405,252,,,,,,
,,,,,452537,287.71484,274,,,,,,
,,,,,452878,266.36932,341,,,,,,
,,,,,453000,,,5.34633731842041,90.74847412109375,90.97212219238281,67.6024169921875,0.02,0.001
,,,,,453816,205.25937,938,,,,,,
,,,,,453922,12.726685,106,,,,,,
,,,,,454000,,,6.5135626792907715,88.51383972167969,89.35209655761719,61.211063385009766,0.02,0.001
,,,,,454107,-163.63446,185,,,,,,
,,,,,454500,238.63301,393,,,,,,
,,,,,454669,-196.2329,169,,,,,,
,,,,,454830,286.09332,161,,,,,,
,,,,,455000,,,6.5234198570251465,87.04200744628906,86.29275512695312,92.2478256225586,0.02,0.001
,,,,,455116,279.82175,286,,,,,,
,,,,,455401,214.42688,285,,,,,,
,,,,,455620,253.13567,219,,,,,,
,,,,,456000,,,11.02718448638916,94.40177154541016,94.58142852783203,82.14230346679688,0.02,0.001
,,,,,456111,224.0999,491,,,,,,
,,,,,456388,235.58646,277,,,,,,
,,,,,456653,247.92284,265,,,,,,
,,,,,456838,216.05713,185,,,,,,
,,,,,457000,,,13.200569152832031,94.3048324584961,94.543212890625,81.8935546875,0.02,0.001
,,,,,457058,249.59099,220,,,,,,
,,,,,457303,258.56653,245,,,,,,
,,,,,457578,271.46326,275,,,,,,
,,,,,458000,,,24.450151443481445,85.23515319824219,85.5621337890625,134.44363403320312,0.02,0.001
,,,,,458179,227.98608,601,,,,,,
,,,,,458402,243.54918,223,,,,,,
,,,,,458627,288.7174,225,,,,,,
,,,,,458883,256.2005,256,,,,,,
,,,,,459000,,,5.337525844573975,96.22110748291016,95.53590393066406,56.015907287597656,0.02,0.001
,,,,,459089,231.22177,206,,,,,,
,,,,,459235,12.908134,146,,,,,,
,,,,,459781,262.87537,546,,,,,,
177.38461,135.40245,298.33386,-117.72593,330.8,460000,,,7.676384925842285,81.77526092529297,81.60721588134766,52.848854064941406,0.02,0.001
,,,,,460136,252.33997,355,,,,,,
,,,,,460454,192.39702,318,,,,,,
,,,,,460686,297.06155,232,,,,,,
,,,,,460929,273.82275,243,,,,,,
,,,,,461000,,,12.394917488098145,85.08746337890625,85.15747833251953,87.9500503540039,0.02,0.001
,,,,,461481,155.45653,552,,,,,,
,,,,,461708,235.5665,227,,,,,,
,,,,,461924,303.21524,216,,,,,,
,,,,,462000,,,12.315569877624512,96.19993591308594,95.97970581054688,96.00267791748047,0.02,0.001
,,,,,462208,283.4967,284,,,,,,
,,,,,462509,267.06097,301,,,,,,
,,,,,462864,283.51416,355,,,,,,
,,,,,463000,,,10.274843215942383,96.68343353271484,97.12449645996094,90.61137390136719,0.02,0.001
,,,,,463104,319.28644,240,,,,,,
,,,,,463543,-139.37833,439,,,,,,
,,,,,463991,243.872,448,,,,,,
,,,,,464000,,,20.929967880249023,89.7121810913086,89.98524475097656,91.94883728027344,0.02,0.001
,,,,,464243,311.3526,252,,,,,,
,,,,,464462,244.67606,219,,,,,,
,,,,,464683,248.54755,221,,,,,,
,,,,,464970,251.27728,287,,,,,,
,,,,,465000,,,4.994272708892822,97.49964904785156,97.72557830810547,40.58183670043945,0.02,0.001
,,,,,465430,142.77296,460,,,,,,
,,,,,465631,-165.80022,201,,,,,,
,,,,,466000,,,14.92391300201416,93.66631317138672,93.77230072021484,93.29940032958984,0.02,0.001
,,,,,466101,255.58467,470,,,,,,
,,,,,466473,229.66685,372,,,,,,
,,,,,466665,-146.62477,192,,,,,,
,,,,,466895,285.96182,230,,,,,,
,,,,,467000,,,20.732080459594727,87.31853485107422,86.78113555908203,85.47545623779297,0.02,0.001
,,,,,467695,143.3541,800,,,,,,
,,,,,468000,,,7.619150161743164,98.83995056152344,98.80970764160156,58.934425354003906,0.02,0.001
,,,,,468079,253.89665,384,,,,,,
,,,,,468404,260.4267,325,,,,,,
,,,,,468653,266.32324,249,,,,,,
,,,,,468882,257.7408,229,,,,,,
,,,,,469000,,,28.444793701171875,92.33467864990234,92.57452392578125,83.49254608154297,0.02,0.001
,,,,,469063,306.2281,181,,,,,,
,,,,,469287,277.78403,224,,,,,,
,,,,,469472,268.5495,185,,,,,,
,,,,,469655,267.60425,183,,,,,,
,,,,,469841,299.11588,186,,,,,,
159.60696,108.008804,278.39474,-37.852314,599.1,470000,,,11.56879711151123,90.26512908935547,89.74453735351562,76.6622314453125,0.02,0.001
,,,,,470055,288.47806,214,,,,,,
,,,,,470393,252.67859,338,,,,,,
,,,,,470688,266.80322,295,,,,,,
,,,,,470960,266.0324,272,,,,,,
,,,,,471000,,,6.449044704437256,90.07677459716797,89.58340454101562,86.41510009765625,0.02,0.001
,,,,,471182,256.54333,222,,,,,,
,,,,,471357,280.5426,175,,,,,,
,,,,,471554,307.21902,197,,,,,,
,,,,,471721,10.658493,167,,,,,,
,,,,,472000,,,4.462894439697266,96.15995788574219,95.64323425292969,59.158782958984375,0.02,0.001
,,,,,472051,305.1786,330,,,,,,
,,,,,472482,284.17096,431,,,,,,
,,,,,472673,267.15887,191,,,,,,
,,,,,472952,251.2065,279,,,,,,
,,,,,473000,,,18.315933227539062,93.86367797851562,94.34075927734375,79.96843719482422,0.02,0.001
,,,,,473132,233.30846,180,,,,,,
,,,,,473380,282.93927,248,,,,,,
,,,,,473779,297.05707,399,,,,,,
,,,,,474000,,,10.970586776733398,96.47702026367188,96.1561279296875,99.35986328125,0.02,0.001
,,,,,474067,244.64221,288,,,,,,
,,,,,474251,-138.92587,184,,,,,,
,,,,,474592,217.46121,341,,,,,,
,,,,,474932,-91.013435,340,,,,,,
,,,,,475000,,,5.918938636779785,80.54096984863281,80.37643432617188,41.851318359375,0.02,0.001
,,,,,475195,254.24384,263,,,,,,
,,,,,475459,265.84818,264,,,,,,
,,,,,475670,315.58636,211,,,,,,
,,,,,475927,270.83002,257,,,,,,
,,,,,476000,,,7.92755651473999,91.25666809082031,90.5936508178711,60.205509185791016,0.02,0.001
,,,,,476321,226.26256,394,,,,,,
,,,,,476581,256.75763,260,,,,,,
,,,,,476904,275.62048,323,,,,,,
,,,,,477000,,,7.806048393249512,90.27456665039062,90.76690673828125,63.45448684692383,0.02,0.001
,,,,,477099,268.44485,195,,,,,,
,,,,,478000,,,28.935279846191406,89.8000259399414,89.10623168945312,144.2700653076172,0.02,0.001
,,,,,478099,17.564468,1000,,,,,,
,,,,,478358,228.04109,259,,,,,,
,,,,,478754,274.34418,396,,,,,,
,,,,,478938,249.64748,184,,,,,,
,,,,,479000,,,13.56188678741455,92.90882873535156,93.04345703125,77.73056030273438,0.02,0.001
,,,,,479220,236.21619,282,,,,,,
,,,,,479520,283.23117,300,,,,,,
,,,,,479754,264.11578,234,,,,,,
251.29533,79.36078,316.88678,35.369217,200.7,480000,,,6.614432334899902,98.3490219116211,98.14525604248047,68.57575225830078,0.02,0.001
,,,,,480001,281.66318,247,,,,,,
,,,,,480231,281.2876,230,,,,,,
,,,,,480511,284.03568,280,,,,,,
,,,,,480743,272.19342,232,,,,,,
,,,,,481000,,,11.58382511138916,95.24779510498047,95.21338653564453,69.63682556152344,0.02,0.001
,,,,,481006,266.9032,263,,,,,,
,,,,,481188,236.7842,182,,,,,,
,,,,,481445,290.68506,257,,,,,,
,,,,,481893,221.482,448,,,,,,
,,,,,482000,,,4.857173442840576,82.0949935913086,81.60297393798828,44.27794647216797,0.02,0.001
,,,,,482130,298.3363,237,,,,,,
,,,,,482340,235.65443,210,,,,,,
,,,,,482826,188.4151,486,,,,,,
,,,,,483000,,,11.362743377685547,80.65596771240234,80.5350570678711,68.88318634033203,0.02,0.001
,,,,,483096,231.87714,270,,,,,,
,,,,,483498,273.8141,402,,,,,,
,,,,,483674,220.52481,176,,,,,,
,,,,,483959,252.94302,285,,,,,,
,,,,,484000,,,10.45848274230957,92.99418640136719,92.96461486816406,83.65982818603516,0.02,0.001
,,,,,484173,259.65552,214,,,,,,
,,,,,484576,267.50977,403,,,,,,
,,,,,485000,,,15.258416175842285,93.8182601928711,93.11041259765625,62.291954040527344,0.02,0.001
,,,,,485087,258.19684,511,,,,,,
,,,,,485346,300.72958,259,,,,,,
,,,,,485599,322.5733,253,,,,,,
,,,,,485762,-14.5149,163,,,,,,
,,,,,486000,,,127.3975830078125,96.41802978515625,95.57575988769531,408.1722717285156,0.02,0.001
,,,,,486076,232.26804,314,,,,,,
,,,,,486264,238.9323,188,,,,,,
,,,,,486598,294.00415,334,,,,,,
,,,,,486862,241.63286,264,,,,,,
,,,,,487000,,,9.69953727722168,83.72704315185547,84.3297119140625,63.60884475708008,0.02,0.001
,,,,,487150,280.57285,288,,,,,,
,,,,,487473,179.90201,323,,,,,,
,,,,,487708,250.80487,235,,,,,,
,,,,,488000,,,8.027647018432617,93.24673461914062,93.12419891357422,58.98937225341797,0.02,0.001
,,,,,488020,278.7506,312,,,,,,
,,,,,488210,-35.95009,190,,,,,,
,,,,,488501,231.06483,291,,,,,,
,,,,,488984,249.88275,483,,,,,,
,,,,,489000,,,4.5924577713012695,87.42081451416016,87.37448120117188,61.49723815917969,0.02,0.001
,,,,,489301,271.88092,317,,,,,,
,,,,,489669,201.85443,368,,,,,,
,,,,,489973,237.31766,304,,,,,,
224.99858,38.944717,275.0213,163.90253,382.5,490000,,,4.27577543258667,92.71028900146484,92.98146057128906,53.66342544555664,0.02,0.001
,,,,,490429,190.20044,456,,,,,,
,,,,,490722,279.3003,293,,,,,,
,,,,,491000,,,22.234844207763672,95.01324462890625,96.12576293945312,69.83818817138672,0.02,0.001
,,,,,491018,201.55215,296,,,,,,
,,,,,491291,297.22394,273,,,,,,
,,,,,491574,273.0842,283,,,,,,
,,,,,491873,255.42575,299,,,,,,
,,,,,492000,,,15.050334930419922,85.65596008300781,85.100341796875,60.19512176513672,0.02,0.001
,,,,,492230,244.83525,357,,,,,,
,,,,,492358,-17.125946,128,,,,,,
,,,,,492699,198.55948,341,,,,,,
,,,,,493000,,,22.936538696289062,85.70687103271484,87.02008056640625,140.4401397705078,0.02,0.001
,,,,,493168,240.74857,469,,,,,,
,,,,,493685,240.28911,517,,,,,,
,,,,,493904,-52.959747,219,,,,,,
,,,,,494000,,,6.072625637054443,90.42172241210938,90.41930389404297,44.717891693115234,0.02,0.001
,,,,,494220,296.50552,316,,,,,,
,,,,,494577,-261.45255,357,,,,,,
,,,,,494794,264.18622,217,,,,,,
,,,,,495000,,,11.304784774780273,92.99352264404297,92.78260040283203,83.08599853515625,0.02,0.001
,,,,,495132,-43.659786,338,,,,,,
,,,,,495538,157.7829,406,,,,,,
,,,,,496000,,,3.5202298164367676,95.96678161621094,95.46391296386719,62.84648895263672,0.02,0.001
,,,,,496085,220.03322,547,,,,,,
,,,,,496415,200.66322,330,,,,,,
,,,,,497000,,,8.582261085510254,81.85966491699219,81.71746063232422,55.877506256103516,0.02,0.001
,,,,,497008,-356.33725,593,,,,,,
,,,,,497393,-89.03421,385,,,,,,
,,,,,497715,250.80266,322,,,,,,
,,,,,497997,299.24045,282,,,,,,
,,,,,498000,,,5.593376636505127,92.24836730957031,92.03865814208984,56.10625076293945,0.02,0.001
,,,,,498475,213.60469,478,,,,,,
,,,,,498676,285.31256,201,,,,,,
,,,,,499000,,,8.34640121459961,88.06338500976562,88.43199157714844,94.85250854492188,0.02,0.001
,,,,,499034,268.58215,358,,,,,,
,,,,,499565,-266.21014,531,,,,,,
