Eval_AverageReturn,Eval_StdReturn,Eval_MaxReturn,Eval_MinReturn,Eval_AverageEpLen,step,Train_EpisodeReturn,Train_EpisodeLen,actor_loss,entropy,critic_loss,q_values,target_values,actor_lr,critic_lr,temperature
-221.28716,50.081627,-144.82669,-293.48618,1000.0,0,,,,,,,,,,
,,,,,999,-267.89554,1000,,,,,,,,
,,,,,1999,-291.5649,1000,,,,,,,,
,,,,,2999,-285.04416,1000,,,,,,,,
,,,,,3999,-199.34102,1000,,,,,,,,
,,,,,4999,-198.21431,1000,,,,,,,,
-232.38113,50.345192,-143.68016,-312.43045,1000.0,5000,,,,,,,,,,
,,,,,5999,-195.12567,1000,,,,,,,,
,,,,,6999,-236.53467,1000,,,,,,,,
,,,,,7999,-146.59735,1000,,,,,,,,
,,,,,8999,-237.19109,1000,,,,,,,,
,,,,,9999,-287.27222,1000,,,,,,,,
-226.69695,50.970234,-161.39482,-321.45667,1000.0,10000,,,-0.35325103998184204,3.6993134021759033,0.4366222620010376,-0.02181866206228733,0.08547726273536682,0.0003,0.0003,0.1
,,,,,10999,-244.46527,1000,,,,,,,,
,,,,,11000,,,-2.3716845512390137,2.915607213973999,0.4504888653755188,1.7652063369750977,1.693730115890503,0.0003,0.0003,0.1
,,,,,11999,-321.87262,1000,,,,,,,,
,,,,,12000,,,-3.9624104499816895,2.6919851303100586,0.7082414627075195,3.3623578548431396,3.343683958053589,0.0003,0.0003,0.1
,,,,,12999,-273.22372,1000,,,,,,,,
,,,,,13000,,,-5.943225383758545,1.9045488834381104,0.6779952645301819,5.071195125579834,5.203675270080566,0.0003,0.0003,0.1
,,,,,13999,-271.97876,1000,,,,,,,,
,,,,,14000,,,-8.739171981811523,1.4470934867858887,0.6941684484481812,7.704817295074463,7.741517066955566,0.0003,0.0003,0.1
,,,,,14999,-326.2879,1000,,,,,,,,
-252.16013,26.123886,-211.39262,-295.9054,1000.0,15000,,,-11.564204216003418,1.7539281845092773,0.5356018543243408,10.645158767700195,10.652166366577148,0.0003,0.0003,0.1
,,,,,15999,-244.35417,1000,,,,,,,,
,,,,,16000,,,-14.118413925170898,1.8588707447052002,0.44551485776901245,13.13969898223877,13.226959228515625,0.0003,0.0003,0.1
,,,,,16999,-198.1124,1000,,,,,,,,
,,,,,17000,,,-15.826461791992188,1.523703694343567,0.43969225883483887,15.046022415161133,14.957313537597656,0.0003,0.0003,0.1
,,,,,17999,-63.37237,1000,,,,,,,,
,,,,,18000,,,-17.03188705444336,2.124934196472168,0.39761656522750854,16.148618698120117,16.253854751586914,0.0003,0.0003,0.1
,,,,,18999,47.63585,1000,,,,,,,,
,,,,,19000,,,-20.197223663330078,1.950059175491333,0.42646437883377075,19.375837326049805,19.3311767578125,0.0003,0.0003,0.1
,,,,,19999,71.41445,1000,,,,,,,,
839.1459,38.296085,899.5614,764.36346,1000.0,20000,,,-20.14508056640625,1.7302169799804688,0.39710694551467896,19.33995246887207,19.22406768798828,0.0003,0.0003,0.1
,,,,,20999,876.4235,1000,,,,,,,,
,,,,,21000,,,-24.762256622314453,1.4612152576446533,0.4136050343513489,23.943376541137695,23.953624725341797,0.0003,0.0003,0.1
,,,,,21999,885.5545,1000,,,,,,,,
,,,,,22000,,,-27.653968811035156,1.313110589981079,0.46750396490097046,26.792551040649414,26.755020141601562,0.0003,0.0003,0.1
,,,,,22999,1043.5809,1000,,,,,,,,
,,,,,23000,,,-29.534414291381836,1.4386727809906006,0.4052344262599945,28.74658966064453,28.675689697265625,0.0003,0.0003,0.1
,,,,,23999,1148.7616,1000,,,,,,,,
,,,,,24000,,,-33.180206298828125,1.1708195209503174,0.417007178068161,32.24999237060547,32.30836486816406,0.0003,0.0003,0.1
,,,,,24999,1106.3607,1000,,,,,,,,
1249.4236,173.53545,1377.424,747.4995,1000.0,25000,,,-37.334190368652344,0.750749945640564,0.5112826824188232,36.4205322265625,36.54953384399414,0.0003,0.0003,0.1
,,,,,25999,1433.314,1000,,,,,,,,
,,,,,26000,,,-41.52824401855469,0.8737303614616394,0.44203850626945496,40.631317138671875,40.46185302734375,0.0003,0.0003,0.1
,,,,,26999,1501.2009,1000,,,,,,,,
,,,,,27000,,,-43.80089569091797,0.6227909326553345,0.40833780169487,42.753013610839844,42.73863983154297,0.0003,0.0003,0.1
,,,,,27999,1635.057,1000,,,,,,,,
,,,,,28000,,,-46.961910247802734,0.31105631589889526,0.3999403119087219,45.91090774536133,45.75626754760742,0.0003,0.0003,0.1
,,,,,28999,1773.1642,1000,,,,,,,,
,,,,,29000,,,-53.054412841796875,0.04871407896280289,0.5231575965881348,52.03697204589844,52.05774688720703,0.0003,0.0003,0.1
,,,,,29999,1789.8856,1000,,,,,,,,
722.0835,414.76828,1839.3335,328.77026,1000.0,30000,,,-60.43658447265625,-0.49992579221725464,0.6330096125602722,59.17783737182617,59.32009506225586,0.0003,0.0003,0.1
,,,,,30999,1958.2501,1000,,,,,,,,
,,,,,31000,,,-66.287841796875,-0.35703742504119873,0.49345386028289795,65.18778991699219,65.05696105957031,0.0003,0.0003,0.1
,,,,,31999,1881.0162,1000,,,,,,,,
,,,,,32000,,,-70.12615966796875,-0.6979659199714661,0.5400455594062805,68.81001281738281,68.81259155273438,0.0003,0.0003,0.1
,,,,,32999,2039.9172,1000,,,,,,,,
,,,,,33000,,,-76.14021301269531,-0.9904709458351135,0.5998138189315796,74.80729675292969,74.81922912597656,0.0003,0.0003,0.1
,,,,,33999,2098.1853,1000,,,,,,,,
,,,,,34000,,,-81.6203842163086,-0.7248514890670776,0.7065162062644958,80.46610260009766,80.43588256835938,0.0003,0.0003,0.1
,,,,,34999,1615.7031,1000,,,,,,,,
1656.0023,659.76117,2226.9404,482.78323,1000.0,35000,,,-85.54856872558594,-0.9966674447059631,0.6293665766716003,84.31211853027344,84.4142074584961,0.0003,0.0003,0.1
,,,,,35999,2118.9155,1000,,,,,,,,
,,,,,36000,,,-91.0042495727539,-0.9122219085693359,0.6328803300857544,89.73529052734375,89.85989379882812,0.0003,0.0003,0.1
,,,,,36999,1374.7795,1000,,,,,,,,
,,,,,37000,,,-95.80731964111328,-0.5234333276748657,0.6005164384841919,94.65519714355469,94.84400177001953,0.0003,0.0003,0.1
,,,,,37999,2176.5708,1000,,,,,,,,
,,,,,38000,,,-98.31641387939453,-0.4902438521385193,0.7569817304611206,96.94367218017578,97.12506866455078,0.0003,0.0003,0.1
,,,,,38999,2288.0813,1000,,,,,,,,
,,,,,39000,,,-109.57389831542969,-0.6633318662643433,0.8766182661056519,108.3205795288086,108.15191650390625,0.0003,0.0003,0.1
,,,,,39999,2325.1028,1000,,,,,,,,
2225.876,35.40848,2284.1704,2172.185,1000.0,40000,,,-109.1709213256836,-0.7396771311759949,0.6703619956970215,108.06211853027344,108.21815490722656,0.0003,0.0003,0.1
,,,,,40999,2384.352,1000,,,,,,,,
,,,,,41000,,,-111.83328247070312,-0.6933919191360474,0.698387861251831,110.50764465332031,110.51720428466797,0.0003,0.0003,0.1
,,,,,41999,2358.7495,1000,,,,,,,,
,,,,,42000,,,-118.47396087646484,-0.3272111713886261,0.5501399040222168,117.43177032470703,117.28036499023438,0.0003,0.0003,0.1
,,,,,42999,2420.7173,1000,,,,,,,,
,,,,,43000,,,-119.24049377441406,-0.9872654676437378,0.8598520159721375,117.84322357177734,117.77411651611328,0.0003,0.0003,0.1
,,,,,43999,2463.0469,1000,,,,,,,,
,,,,,44000,,,-124.60836029052734,-0.9250390529632568,0.5954586267471313,123.41448974609375,123.44874572753906,0.0003,0.0003,0.1
,,,,,44999,2523.2344,1000,,,,,,,,
2552.1433,28.805239,2600.7415,2501.9702,1000.0,45000,,,-128.7941436767578,-0.9522664546966553,0.7015978693962097,127.50373077392578,127.46913146972656,0.0003,0.0003,0.1
,,,,,45999,2579.834,1000,,,,,,,,
,,,,,46000,,,-138.68626403808594,-1.3628952503204346,1.135162115097046,137.10231018066406,137.10267639160156,0.0003,0.0003,0.1
,,,,,46999,2596.9846,1000,,,,,,,,
,,,,,47000,,,-141.4696502685547,-1.251049280166626,1.0125304460525513,140.17697143554688,140.05088806152344,0.0003,0.0003,0.1
,,,,,47999,2651.0293,1000,,,,,,,,
,,,,,48000,,,-148.2673797607422,-1.4608356952667236,1.2144851684570312,146.74000549316406,146.9195098876953,0.0003,0.0003,0.1
,,,,,48999,2659.1755,1000,,,,,,,,
,,,,,49000,,,-153.2694854736328,-1.7659729719161987,0.7461475729942322,151.96075439453125,152.0903778076172,0.0003,0.0003,0.1
,,,,,49999,2654.7366,1000,,,,,,,,
2622.032,181.9861,2717.2961,2079.328,1000.0,50000,,,-158.21998596191406,-2.0365583896636963,0.7763264179229736,156.73126220703125,156.64920043945312,0.0003,0.0003,0.1
,,,,,50999,2755.0278,1000,,,,,,,,
,,,,,51000,,,-164.1046142578125,-1.7372260093688965,0.5954558849334717,162.71958923339844,162.80809020996094,0.0003,0.0003,0.1
,,,,,51999,2735.0933,1000,,,,,,,,
,,,,,52000,,,-164.98851013183594,-1.7488138675689697,0.7375776767730713,163.71881103515625,163.77635192871094,0.0003,0.0003,0.1
,,,,,52999,2806.725,1000,,,,,,,,
,,,,,53000,,,-173.80294799804688,-1.6730408668518066,0.6788879632949829,172.24549865722656,172.30380249023438,0.0003,0.0003,0.1
,,,,,53999,2840.9512,1000,,,,,,,,
,,,,,54000,,,-175.91090393066406,-1.8769198656082153,0.7172560691833496,174.3546142578125,174.29669189453125,0.0003,0.0003,0.1
,,,,,54999,2833.5757,1000,,,,,,,,
2938.804,54.538597,3006.5156,2833.1523,1000.0,55000,,,-180.50135803222656,-1.5481693744659424,0.6220319271087646,178.89785766601562,178.91146850585938,0.0003,0.0003,0.1
,,,,,55999,2907.812,1000,,,,,,,,
,,,,,56000,,,-183.9680938720703,-2.2873711585998535,0.5926748514175415,182.53158569335938,182.51312255859375,0.0003,0.0003,0.1
,,,,,56999,2944.335,1000,,,,,,,,
,,,,,57000,,,-191.7293243408203,-1.9016408920288086,1.272706389427185,190.48928833007812,190.35189819335938,0.0003,0.0003,0.1
,,,,,57999,3058.8982,1000,,,,,,,,
,,,,,58000,,,-195.5563201904297,-1.933784008026123,0.6045527458190918,194.32937622070312,194.30889892578125,0.0003,0.0003,0.1
,,,,,58999,3043.7012,1000,,,,,,,,
,,,,,59000,,,-197.84754943847656,-1.7716047763824463,0.8258925080299377,196.53109741210938,196.49813842773438,0.0003,0.0003,0.1
,,,,,59999,3054.7598,1000,,,,,,,,
3059.8499,55.630238,3140.6084,2945.9233,1000.0,60000,,,-201.86419677734375,-1.6956207752227783,0.6952925324440002,200.71963500976562,200.5914306640625,0.0003,0.0003,0.1
,,,,,60999,3104.5574,1000,,,,,,,,
,,,,,61000,,,-201.67422485351562,-2.0406384468078613,0.6994233727455139,200.14511108398438,200.1444549560547,0.0003,0.0003,0.1
,,,,,61999,3171.3115,1000,,,,,,,,
,,,,,62000,,,-205.24270629882812,-2.0773844718933105,0.7927788496017456,203.7974853515625,203.62745666503906,0.0003,0.0003,0.1
,,,,,62999,3202.444,1000,,,,,,,,
,,,,,63000,,,-212.44656372070312,-2.4351723194122314,0.7232701778411865,211.19830322265625,211.29446411132812,0.0003,0.0003,0.1
,,,,,63999,3058.8809,1000,,,,,,,,
,,,,,64000,,,-214.9322509765625,-1.976212739944458,0.6174699068069458,213.60169982910156,213.682373046875,0.0003,0.0003,0.1
,,,,,64999,3187.9866,1000,,,,,,,,
2587.3208,1162.7275,3208.3364,-174.22281,1000.0,65000,,,-218.48731994628906,-2.147773027420044,0.5999172329902649,217.25833129882812,217.08714294433594,0.0003,0.0003,0.1
,,,,,65999,3171.749,1000,,,,,,,,
,,,,,66000,,,-224.4361572265625,-2.076667547225952,0.5646973252296448,223.10333251953125,223.07763671875,0.0003,0.0003,0.1
,,,,,66999,3265.429,1000,,,,,,,,
,,,,,67000,,,-231.25479125976562,-2.1577959060668945,0.6908957958221436,229.94642639160156,229.8549346923828,0.0003,0.0003,0.1
,,,,,67999,3223.751,1000,,,,,,,,
,,,,,68000,,,-230.33047485351562,-2.611339569091797,0.8851531744003296,228.96017456054688,228.8226318359375,0.0003,0.0003,0.1
,,,,,68999,3319.534,1000,,,,,,,,
,,,,,69000,,,-236.34738159179688,-2.0228500366210938,0.587135910987854,235.21139526367188,235.10658264160156,0.0003,0.0003,0.1
,,,,,69999,3327.0803,1000,,,,,,,,
3305.6243,33.4973,3347.2405,3245.3616,1000.0,70000,,,-240.2358856201172,-2.082719326019287,0.7365951538085938,238.87384033203125,238.93748474121094,0.0003,0.0003,0.1
,,,,,70999,3295.3008,1000,,,,,,,,
,,,,,71000,,,-238.9662628173828,-2.5540385246276855,0.7289502024650574,237.57659912109375,237.5712890625,0.0003,0.0003,0.1
,,,,,71999,3361.3328,1000,,,,,,,,
,,,,,72000,,,-246.60693359375,-2.2329864501953125,0.6520643830299377,245.20425415039062,245.38189697265625,0.0003,0.0003,0.1
,,,,,72999,3367.3728,1000,,,,,,,,
,,,,,73000,,,-252.41366577148438,-2.5549638271331787,0.7188255190849304,251.2175750732422,251.248046875,0.0003,0.0003,0.1
,,,,,73999,3150.592,1000,,,,,,,,
,,,,,74000,,,-250.05567932128906,-2.5420737266540527,0.6999636292457581,248.82363891601562,248.78323364257812,0.0003,0.0003,0.1
,,,,,74999,3450.468,1000,,,,,,,,
3196.4036,658.6793,3480.1177,1242.8453,1000.0,75000,,,-257.1717529296875,-2.4105658531188965,0.7652798295021057,256.14654541015625,256.1541748046875,0.0003,0.0003,0.1
,,,,,75999,3362.4812,1000,,,,,,,,
,,,,,76000,,,-254.19393920898438,-2.3733720779418945,0.7580926418304443,252.82510375976562,252.93368530273438,0.0003,0.0003,0.1
,,,,,76999,3477.4678,1000,,,,,,,,
,,,,,77000,,,-260.9595947265625,-2.2077887058258057,0.7160643935203552,259.71826171875,259.85076904296875,0.0003,0.0003,0.1
,,,,,77999,3428.8342,1000,,,,,,,,
,,,,,78000,,,-263.57647705078125,-2.473576545715332,0.7764700651168823,262.38385009765625,262.4296569824219,0.0003,0.0003,0.1
,,,,,78999,3436.9985,1000,,,,,,,,
,,,,,79000,,,-268.0351867675781,-2.363659620285034,0.6908081769943237,266.6936340332031,266.6949768066406,0.0003,0.0003,0.1
,,,,,79999,3435.6162,1000,,,,,,,,
3562.425,21.980745,3601.0513,3528.1814,1000.0,80000,,,-267.0306396484375,-2.510927677154541,0.718765377998352,265.7082824707031,265.55035400390625,0.0003,0.0003,0.1
,,,,,80999,3539.9385,1000,,,,,,,,
,,,,,81000,,,-271.59033203125,-2.1921236515045166,0.7226238250732422,270.43402099609375,270.4007568359375,0.0003,0.0003,0.1
,,,,,81999,3528.8557,1000,,,,,,,,
,,,,,82000,,,-273.9429931640625,-2.595752716064453,0.5828608870506287,272.71038818359375,272.6298828125,0.0003,0.0003,0.1
,,,,,82999,3563.3215,1000,,,,,,,,
,,,,,83000,,,-278.9487609863281,-2.3136823177337646,0.751496434211731,277.79150390625,277.9106750488281,0.0003,0.0003,0.1
,,,,,83999,3566.8845,1000,,,,,,,,
,,,,,84000,,,-281.0088806152344,-2.564469814300537,0.6745095252990723,279.7203369140625,279.67437744140625,0.0003,0.0003,0.1
,,,,,84999,3489.024,1000,,,,,,,,
3566.5144,28.625435,3609.2656,3508.1184,1000.0,85000,,,-281.2364196777344,-2.6240768432617188,0.8386961221694946,279.83477783203125,279.97784423828125,0.0003,0.0003,0.1
,,,,,85999,3603.5337,1000,,,,,,,,
,,,,,86000,,,-285.7481384277344,-3.134060859680176,0.6707277894020081,284.4541015625,284.345703125,0.0003,0.0003,0.1
,,,,,86999,3626.3877,1000,,,,,,,,
,,,,,87000,,,-285.92095947265625,-2.7040255069732666,0.7375928163528442,284.6681823730469,284.6720275878906,0.0003,0.0003,0.1
,,,,,87999,3672.2898,1000,,,,,,,,
,,,,,88000,,,-289.2271728515625,-1.9807486534118652,0.7210174202919006,288.04345703125,288.05474853515625,0.0003,0.0003,0.1
,,,,,88999,3586.8406,1000,,,,,,,,
,,,,,89000,,,-288.0588073730469,-2.8463664054870605,0.7351499199867249,286.7081604003906,286.7068786621094,0.0003,0.0003,0.1
,,,,,89999,3734.0652,1000,,,,,,,,
3705.7063,165.09903,3798.7236,3217.9382,1000.0,90000,,,-291.4227600097656,-2.505774974822998,0.6023725271224976,290.001708984375,290.0020446777344,0.0003,0.0003,0.1
,,,,,90999,3718.4395,1000,,,,,,,,
,,,,,91000,,,-298.359130859375,-2.172262668609619,0.7126332521438599,297.039306640625,297.10205078125,0.0003,0.0003,0.1
,,,,,91999,3770.1511,1000,,,,,,,,
,,,,,92000,,,-297.278564453125,-2.709874153137207,0.6087533235549927,295.7897033691406,295.7684020996094,0.0003,0.0003,0.1
,,,,,92999,365.80807,1000,,,,,,,,
,,,,,93000,,,-298.3627014160156,-2.3949272632598877,0.9023122191429138,297.06353759765625,296.8238220214844,0.0003,0.0003,0.1
,,,,,93999,3782.0828,1000,,,,,,,,
,,,,,94000,,,-300.8548889160156,-2.00179123878479,0.9650027751922607,299.83087158203125,299.7781677246094,0.0003,0.0003,0.1
,,,,,94999,3648.6794,1000,,,,,,,,
3840.5632,42.949238,3890.87,3741.3467,1000.0,95000,,,-302.15478515625,-2.700779914855957,0.973977267742157,300.9916076660156,301.0042724609375,0.0003,0.0003,0.1
,,,,,95999,3747.6643,1000,,,,,,,,
,,,,,96000,,,-302.1876525878906,-2.0219736099243164,0.7510708570480347,301.08380126953125,301.1778869628906,0.0003,0.0003,0.1
,,,,,96999,3805.3774,1000,,,,,,,,
,,,,,97000,,,-307.2596740722656,-1.8624104261398315,0.8458967208862305,306.2979736328125,306.4398193359375,0.0003,0.0003,0.1
,,,,,97999,3826.8752,1000,,,,,,,,
,,,,,98000,,,-310.40362548828125,-2.2692975997924805,0.9739362001419067,309.28631591796875,309.3114318847656,0.0003,0.0003,0.1
,,,,,98999,3707.0674,1000,,,,,,,,
,,,,,99000,,,-308.7383117675781,-2.5340230464935303,0.7854071855545044,307.4371643066406,307.6287841796875,0.0003,0.0003,0.1
,,,,,99999,3834.4321,1000,,,,,,,,
3763.4155,25.644962,3826.0576,3721.572,1000.0,100000,,,-314.4439697265625,-2.503169536590576,1.1294810771942139,313.458740234375,313.4781188964844,0.0003,0.0003,0.1
,,,,,100999,3876.2346,1000,,,,,,,,
,,,,,101000,,,-310.11175537109375,-2.316166400909424,1.2133445739746094,308.7421875,308.87322998046875,0.0003,0.0003,0.1
,,,,,101999,3902.0664,1000,,,,,,,,
,,,,,102000,,,-314.5136413574219,-2.8224382400512695,1.1722817420959473,313.2369079589844,313.2714538574219,0.0003,0.0003,0.1
,,,,,102999,3874.724,1000,,,,,,,,
,,,,,103000,,,-311.60662841796875,-2.9183385372161865,0.9001024961471558,310.2889404296875,310.3633117675781,0.0003,0.0003,0.1
,,,,,103999,3943.3096,1000,,,,,,,,
,,,,,104000,,,-312.09393310546875,-3.0533607006073,1.1697618961334229,310.7357177734375,310.92431640625,0.0003,0.0003,0.1
,,,,,104999,3916.5996,1000,,,,,,,,
3994.4312,30.11329,4028.8105,3913.327,1000.0,105000,,,-321.7493896484375,-3.140977382659912,0.9059202671051025,320.32281494140625,320.474853515625,0.0003,0.0003,0.1
,,,,,105999,3926.6875,1000,,,,,,,,
,,,,,106000,,,-318.4088134765625,-2.855630874633789,1.160041332244873,316.76336669921875,316.7265319824219,0.0003,0.0003,0.1
,,,,,106999,3962.6687,1000,,,,,,,,
,,,,,107000,,,-324.1176452636719,-2.732600688934326,5.871149063110352,322.7705383300781,322.900390625,0.0003,0.0003,0.1
,,,,,107999,4007.6438,1000,,,,,,,,
,,,,,108000,,,-326.43194580078125,-2.414520740509033,0.8505094051361084,325.5245666503906,325.5118408203125,0.0003,0.0003,0.1
,,,,,108999,4067.0854,1000,,,,,,,,
,,,,,109000,,,-328.25726318359375,-2.8235936164855957,0.9073185920715332,327.2683410644531,327.035400390625,0.0003,0.0003,0.1
,,,,,109999,4036.4502,1000,,,,,,,,
4002.836,15.650902,4020.127,3969.052,1000.0,110000,,,-329.07177734375,-2.3055648803710938,1.148773193359375,327.800537109375,327.7408447265625,0.0003,0.0003,0.1
,,,,,110999,4030.0676,1000,,,,,,,,
,,,,,111000,,,-333.14080810546875,-2.524026393890381,0.8015776872634888,332.03717041015625,331.96417236328125,0.0003,0.0003,0.1
,,,,,111999,4103.162,1000,,,,,,,,
,,,,,112000,,,-330.2237854003906,-2.9274649620056152,0.9961793422698975,328.71990966796875,328.78240966796875,0.0003,0.0003,0.1
,,,,,112999,4082.385,1000,,,,,,,,
,,,,,113000,,,-339.0179748535156,-2.9238853454589844,0.7795648574829102,337.99481201171875,337.9193115234375,0.0003,0.0003,0.1
,,,,,113999,2855.4326,1000,,,,,,,,
,,,,,114000,,,-338.68743896484375,-3.36053729057312,1.1169685125350952,337.3865966796875,337.330078125,0.0003,0.0003,0.1
,,,,,114999,4120.4146,1000,,,,,,,,
4147.5825,30.458738,4178.451,4070.2446,1000.0,115000,,,-342.46588134765625,-3.0948381423950195,1.5498470067977905,341.36248779296875,341.3722839355469,0.0003,0.0003,0.1
,,,,,115999,4139.6035,1000,,,,,,,,
,,,,,116000,,,-340.80865478515625,-3.1830861568450928,0.9839842915534973,339.55999755859375,339.678466796875,0.0003,0.0003,0.1
,,,,,116999,4111.512,1000,,,,,,,,
,,,,,117000,,,-345.2415466308594,-2.8941049575805664,0.9631211161613464,344.1222229003906,344.24139404296875,0.0003,0.0003,0.1
,,,,,117999,4181.751,1000,,,,,,,,
,,,,,118000,,,-346.03326416015625,-2.962151288986206,0.8906564116477966,344.8628845214844,344.9774169921875,0.0003,0.0003,0.1
,,,,,118999,4203.6885,1000,,,,,,,,
,,,,,119000,,,-343.9589538574219,-2.861990451812744,0.8789075613021851,342.60198974609375,342.57781982421875,0.0003,0.0003,0.1
,,,,,119999,4226.9785,1000,,,,,,,,
4196.672,30.079699,4243.895,4152.605,1000.0,120000,,,-346.2959289550781,-3.3199973106384277,1.1681259870529175,344.7051086425781,344.9752197265625,0.0003,0.0003,0.1
,,,,,120999,4188.3306,1000,,,,,,,,
,,,,,121000,,,-345.1884460449219,-2.7895498275756836,1.0541656017303467,343.8564758300781,343.966064453125,0.0003,0.0003,0.1
,,,,,121999,4139.7812,1000,,,,,,,,
,,,,,122000,,,-350.938720703125,-2.774198293685913,1.0646998882293701,349.774169921875,349.7850341796875,0.0003,0.0003,0.1
,,,,,122999,4177.65,1000,,,,,,,,
,,,,,123000,,,-357.5030212402344,-2.941500186920166,0.9586031436920166,356.2738037109375,356.33148193359375,0.0003,0.0003,0.1
,,,,,123999,4185.9336,1000,,,,,,,,
,,,,,124000,,,-353.6117858886719,-3.000802516937256,0.852946400642395,352.09979248046875,352.1400146484375,0.0003,0.0003,0.1
,,,,,124999,4251.286,1000,,,,,,,,
4254.275,20.378279,4290.465,4224.364,1000.0,125000,,,-352.8475646972656,-3.146265745162964,1.2142624855041504,351.40850830078125,351.5181884765625,0.0003,0.0003,0.1
,,,,,125999,4317.3066,1000,,,,,,,,
,,,,,126000,,,-357.2940673828125,-3.0991690158843994,1.2889046669006348,355.8124694824219,356.3082275390625,0.0003,0.0003,0.1
,,,,,126999,4338.0884,1000,,,,,,,,
,,,,,127000,,,-356.5374755859375,-3.024646282196045,1.286724328994751,355.27490234375,355.2108154296875,0.0003,0.0003,0.1
,,,,,127999,4273.688,1000,,,,,,,,
,,,,,128000,,,-358.68634033203125,-3.263707160949707,1.0340992212295532,357.35186767578125,357.3397521972656,0.0003,0.0003,0.1
,,,,,128999,1988.3904,1000,,,,,,,,
,,,,,129000,,,-360.64154052734375,-3.640085458755493,1.501082420349121,359.332763671875,359.275390625,0.0003,0.0003,0.1
,,,,,129999,4343.457,1000,,,,,,,,
4174.8804,359.76318,4346.8457,3111.8464,1000.0,130000,,,-367.16143798828125,-2.7358548641204834,1.007352352142334,366.0933837890625,365.9423828125,0.0003,0.0003,0.1
,,,,,130999,4304.561,1000,,,,,,,,
,,,,,131000,,,-371.2466735839844,-2.688170909881592,0.8967117071151733,370.3689880371094,370.4263916015625,0.0003,0.0003,0.1
,,,,,131999,4315.5513,1000,,,,,,,,
,,,,,132000,,,-364.5917053222656,-2.7064943313598633,1.1052119731903076,363.6127624511719,363.6859436035156,0.0003,0.0003,0.1
,,,,,132999,3594.556,1000,,,,,,,,
,,,,,133000,,,-364.88409423828125,-2.5890769958496094,1.3284404277801514,363.8280029296875,363.9300842285156,0.0003,0.0003,0.1
,,,,,133999,2932.291,1000,,,,,,,,
,,,,,134000,,,-355.888916015625,-2.6170387268066406,3.7402679920196533,354.67486572265625,354.8042907714844,0.0003,0.0003,0.1
,,,,,134999,4334.8438,1000,,,,,,,,
4340.6436,48.283916,4391.361,4253.139,1000.0,135000,,,-370.8524169921875,-2.878478527069092,1.6584486961364746,369.7162780761719,369.68438720703125,0.0003,0.0003,0.1
,,,,,135999,4379.8315,1000,,,,,,,,
,,,,,136000,,,-365.2669677734375,-3.2185254096984863,1.2686238288879395,364.0604553222656,363.7870788574219,0.0003,0.0003,0.1
,,,,,136999,4420.4,1000,,,,,,,,
,,,,,137000,,,-373.4571838378906,-3.1734018325805664,0.8872522115707397,372.55426025390625,372.70465087890625,0.0003,0.0003,0.1
,,,,,137999,4473.45,1000,,,,,,,,
,,,,,138000,,,-368.496337890625,-3.3099656105041504,1.640066146850586,367.5278625488281,367.56829833984375,0.0003,0.0003,0.1
,,,,,138999,4389.2905,1000,,,,,,,,
,,,,,139000,,,-374.3096008300781,-3.545179843902588,1.0546395778656006,373.039306640625,372.923583984375,0.0003,0.0003,0.1
,,,,,139999,4415.2915,1000,,,,,,,,
4411.8286,79.68602,4515.3276,4205.483,1000.0,140000,,,-379.47308349609375,-3.1691975593566895,1.1179561614990234,378.2161865234375,378.18988037109375,0.0003,0.0003,0.1
,,,,,140999,4369.532,1000,,,,,,,,
,,,,,141000,,,-374.9143371582031,-3.0181028842926025,1.1005795001983643,373.74481201171875,373.7178955078125,0.0003,0.0003,0.1
,,,,,141999,4381.477,1000,,,,,,,,
,,,,,142000,,,-373.9398498535156,-3.583817481994629,1.2985515594482422,372.6878356933594,372.85675048828125,0.0003,0.0003,0.1
,,,,,142999,4497.533,1000,,,,,,,,
,,,,,143000,,,-381.833251953125,-3.520143747329712,1.2577953338623047,380.4537353515625,380.5974426269531,0.0003,0.0003,0.1
,,,,,143999,4525.4424,1000,,,,,,,,
,,,,,144000,,,-375.8446044921875,-3.3660531044006348,1.8738058805465698,374.46600341796875,374.29766845703125,0.0003,0.0003,0.1
,,,,,144999,4542.697,1000,,,,,,,,
4528.0054,37.60685,4589.551,4459.676,1000.0,145000,,,-379.05517578125,-3.259000301361084,1.8249682188034058,377.9605712890625,378.0856628417969,0.0003,0.0003,0.1
,,,,,145999,4598.984,1000,,,,,,,,
,,,,,146000,,,-380.00738525390625,-3.343191623687744,1.221274733543396,378.71392822265625,378.7066345214844,0.0003,0.0003,0.1
,,,,,146999,4600.726,1000,,,,,,,,
,,,,,147000,,,-387.96807861328125,-3.4959640502929688,1.1338908672332764,386.6529541015625,386.6734313964844,0.0003,0.0003,0.1
,,,,,147999,4578.1074,1000,,,,,,,,
,,,,,148000,,,-388.3914489746094,-3.420682430267334,1.274749755859375,387.34075927734375,387.44952392578125,0.0003,0.0003,0.1
,,,,,148999,4552.236,1000,,,,,,,,
,,,,,149000,,,-395.78314208984375,-3.5017964839935303,1.0025396347045898,394.5066223144531,394.52410888671875,0.0003,0.0003,0.1
,,,,,149999,4634.431,1000,,,,,,,,
4321.431,847.1123,4650.3486,1781.5176,1000.0,150000,,,-394.4911804199219,-3.612476348876953,1.3359041213989258,393.1670837402344,393.1682434082031,0.0003,0.0003,0.1
,,,,,150999,4561.8833,1000,,,,,,,,
,,,,,151000,,,-393.2610778808594,-3.276703119277954,1.4553536176681519,391.8692932128906,391.8861083984375,0.0003,0.0003,0.1
,,,,,151999,4552.04,1000,,,,,,,,
,,,,,152000,,,-398.4010925292969,-3.318885326385498,1.2007700204849243,397.18585205078125,397.12274169921875,0.0003,0.0003,0.1
,,,,,152999,4603.0635,1000,,,,,,,,
,,,,,153000,,,-395.2005310058594,-4.0181732177734375,1.4817261695861816,393.8516845703125,393.5804443359375,0.0003,0.0003,0.1
,,,,,153999,4696.4434,1000,,,,,,,,
,,,,,154000,,,-394.6418151855469,-3.2834577560424805,1.4182707071304321,393.3729248046875,393.3489990234375,0.0003,0.0003,0.1
,,,,,154999,4522.871,1000,,,,,,,,
4462.1143,270.25967,4754.027,4039.0325,1000.0,155000,,,-396.5249328613281,-3.594430685043335,0.9790762066841125,395.1236572265625,395.17059326171875,0.0003,0.0003,0.1
,,,,,155999,4674.9307,1000,,,,,,,,
,,,,,156000,,,-398.871826171875,-3.794544219970703,2.094811201095581,397.82342529296875,397.7021484375,0.0003,0.0003,0.1
,,,,,156999,3654.1467,1000,,,,,,,,
,,,,,157000,,,-399.45098876953125,-3.941112995147705,1.914556860923767,398.12249755859375,398.196044921875,0.0003,0.0003,0.1
,,,,,157999,4583.624,1000,,,,,,,,
,,,,,158000,,,-401.15167236328125,-3.122030258178711,1.1585034132003784,400.15167236328125,400.12396240234375,0.0003,0.0003,0.1
,,,,,158999,4609.75,1000,,,,,,,,
,,,,,159000,,,-406.63720703125,-3.5989646911621094,1.2263984680175781,405.3392028808594,405.49224853515625,0.0003,0.0003,0.1
,,,,,159999,4768.365,1000,,,,,,,,
4525.891,256.27023,4778.562,4075.725,1000.0,160000,,,-403.2660827636719,-3.7601966857910156,1.6399586200714111,402.20782470703125,402.17474365234375,0.0003,0.0003,0.1
,,,,,160999,4746.875,1000,,,,,,,,
,,,,,161000,,,-404.23193359375,-3.5400562286376953,2.066849708557129,402.94744873046875,402.90386962890625,0.0003,0.0003,0.1
,,,,,161999,4759.6973,1000,,,,,,,,
,,,,,162000,,,-408.93438720703125,-3.280733346939087,1.2073296308517456,407.6241149902344,407.8935241699219,0.0003,0.0003,0.1
,,,,,162999,4758.845,1000,,,,,,,,
,,,,,163000,,,-403.0801696777344,-3.951622724533081,1.4684271812438965,401.97406005859375,401.877197265625,0.0003,0.0003,0.1
,,,,,163999,4792.0264,1000,,,,,,,,
,,,,,164000,,,-406.1312561035156,-3.643376350402832,1.7344582080841064,404.9225158691406,404.9625549316406,0.0003,0.0003,0.1
,,,,,164999,4815.6743,1000,,,,,,,,
4779.2134,70.653656,4871.0645,4658.7197,1000.0,165000,,,-407.6197509765625,-3.841547966003418,1.2189862728118896,406.06396484375,406.08154296875,0.0003,0.0003,0.1
,,,,,165999,4778.439,1000,,,,,,,,
,,,,,166000,,,-410.1579284667969,-3.6791698932647705,2.0792980194091797,408.860595703125,408.7635498046875,0.0003,0.0003,0.1
,,,,,166999,4781.436,1000,,,,,,,,
,,,,,167000,,,-412.789306640625,-3.27024245262146,1.303803563117981,411.5738830566406,411.7535095214844,0.0003,0.0003,0.1
,,,,,167999,4860.755,1000,,,,,,,,
,,,,,168000,,,-412.9500427246094,-3.879230499267578,1.1990604400634766,411.52496337890625,411.5318908691406,0.0003,0.0003,0.1
,,,,,168999,3845.547,1000,,,,,,,,
,,,,,169000,,,-419.0581359863281,-3.9607295989990234,1.4720818996429443,417.87518310546875,417.81988525390625,0.0003,0.0003,0.1
,,,,,169999,4843.8984,1000,,,,,,,,
4736.2373,216.5925,4853.3306,4098.268,1000.0,170000,,,-417.9360046386719,-3.6185073852539062,1.7273799180984497,416.43438720703125,416.43310546875,0.0003,0.0003,0.1
,,,,,170999,4232.4263,1000,,,,,,,,
,,,,,171000,,,-416.0711669921875,-4.082122802734375,3.1262176036834717,414.6297912597656,414.5399169921875,0.0003,0.0003,0.1
,,,,,171999,4750.3955,1000,,,,,,,,
,,,,,172000,,,-415.5037841796875,-3.6723647117614746,1.5797038078308105,414.04510498046875,414.0543518066406,0.0003,0.0003,0.1
,,,,,172999,4909.807,1000,,,,,,,,
,,,,,173000,,,-422.11773681640625,-3.941932201385498,1.2617835998535156,420.91607666015625,420.8946533203125,0.0003,0.0003,0.1
,,,,,173999,4843.6636,1000,,,,,,,,
,,,,,174000,,,-420.4043273925781,-3.319786548614502,2.2099058628082275,419.3713684082031,419.3172912597656,0.0003,0.0003,0.1
,,,,,174999,4614.6274,1000,,,,,,,,
4652.0645,417.12387,4881.737,3631.0227,1000.0,175000,,,-421.3936462402344,-3.6245551109313965,1.6492266654968262,420.0882568359375,420.1156921386719,0.0003,0.0003,0.1
,,,,,175999,4857.227,1000,,,,,,,,
,,,,,176000,,,-424.1918029785156,-3.618567943572998,1.5327415466308594,422.5382995605469,422.83465576171875,0.0003,0.0003,0.1
,,,,,176999,4898.574,1000,,,,,,,,
,,,,,177000,,,-425.69317626953125,-4.266077518463135,2.2248573303222656,424.2945251464844,424.19891357421875,0.0003,0.0003,0.1
,,,,,177999,4920.374,1000,,,,,,,,
,,,,,178000,,,-433.83990478515625,-4.065911769866943,1.2175419330596924,432.5505676269531,432.462890625,0.0003,0.0003,0.1
,,,,,178999,5025.621,1000,,,,,,,,
,,,,,179000,,,-432.38568115234375,-4.104949474334717,1.2829194068908691,431.01947021484375,430.9902038574219,0.0003,0.0003,0.1
,,,,,179999,4897.881,1000,,,,,,,,
4829.038,264.416,5048.799,4333.5796,1000.0,180000,,,-425.76519775390625,-4.000889778137207,1.4983634948730469,424.50677490234375,424.59710693359375,0.0003,0.0003,0.1
,,,,,180999,4987.54,1000,,,,,,,,
,,,,,181000,,,-428.0318603515625,-3.925637722015381,1.611453652381897,426.511474609375,426.62652587890625,0.0003,0.0003,0.1
,,,,,181999,4982.848,1000,,,,,,,,
,,,,,182000,,,-433.6309814453125,-4.438297271728516,1.5202034711837769,432.3436279296875,432.17755126953125,0.0003,0.0003,0.1
,,,,,182999,5059.6904,1000,,,,,,,,
,,,,,183000,,,-433.6418762207031,-3.5429091453552246,1.4046368598937988,432.5079345703125,432.40545654296875,0.0003,0.0003,0.1
,,,,,183999,4783.72,1000,,,,,,,,
,,,,,184000,,,-432.52593994140625,-3.958655595779419,1.1121164560317993,431.21099853515625,430.9600524902344,0.0003,0.0003,0.1
,,,,,184999,4918.4766,1000,,,,,,,,
4828.8687,280.04132,5092.019,4034.952,1000.0,185000,,,-438.49932861328125,-3.491978645324707,1.5027753114700317,437.2580261230469,437.17236328125,0.0003,0.0003,0.1
,,,,,185999,3761.4424,1000,,,,,,,,
,,,,,186000,,,-438.01220703125,-3.754621982574463,2.4690871238708496,436.79217529296875,436.7183837890625,0.0003,0.0003,0.1
,,,,,186999,5034.4443,1000,,,,,,,,
,,,,,187000,,,-438.2604675292969,-4.371851444244385,1.4407548904418945,436.9547119140625,436.9501647949219,0.0003,0.0003,0.1
,,,,,187999,5001.603,1000,,,,,,,,
,,,,,188000,,,-440.9825439453125,-4.009402751922607,1.8060394525527954,439.76287841796875,439.8353576660156,0.0003,0.0003,0.1
,,,,,188999,5051.8574,1000,,,,,,,,
,,,,,189000,,,-442.6771545410156,-4.192707061767578,1.5590182542800903,441.3979187011719,441.32342529296875,0.0003,0.0003,0.1
,,,,,189999,5102.9165,1000,,,,,,,,
4981.992,247.32454,5148.9224,4279.4897,1000.0,190000,,,-439.6600036621094,-4.532627105712891,1.3381201028823853,437.9271545410156,437.662353515625,0.0003,0.0003,0.1
,,,,,190999,5016.611,1000,,,,,,,,
,,,,,191000,,,-448.1834411621094,-4.1649274826049805,1.3755872249603271,447.06854248046875,447.0770263671875,0.0003,0.0003,0.1
,,,,,191999,4989.5,1000,,,,,,,,
,,,,,192000,,,-446.3778076171875,-3.9037976264953613,1.6709837913513184,445.22296142578125,445.012939453125,0.0003,0.0003,0.1
,,,,,192999,5013.3257,1000,,,,,,,,
,,,,,193000,,,-447.64691162109375,-3.9471077919006348,1.8185722827911377,446.30859375,446.3324890136719,0.0003,0.0003,0.1
,,,,,193999,4749.0835,1000,,,,,,,,
,,,,,194000,,,-447.00225830078125,-3.7535905838012695,1.3322362899780273,445.70404052734375,445.62158203125,0.0003,0.0003,0.1
,,,,,194999,5149.5093,1000,,,,,,,,
5070.129,46.053913,5127.9053,4973.953,1000.0,195000,,,-452.02008056640625,-3.5107498168945312,1.4847495555877686,450.9137268066406,450.91552734375,0.0003,0.0003,0.1
,,,,,195999,5197.767,1000,,,,,,,,
,,,,,196000,,,-450.411865234375,-3.8572163581848145,1.3429675102233887,449.09466552734375,449.18292236328125,0.0003,0.0003,0.1
,,,,,196999,5143.724,1000,,,,,,,,
,,,,,197000,,,-449.14349365234375,-4.195984840393066,2.0123987197875977,447.9991760253906,447.96221923828125,0.0003,0.0003,0.1
,,,,,197999,5168.2476,1000,,,,,,,,
,,,,,198000,,,-449.9423522949219,-3.901998996734619,1.6587330102920532,448.9981689453125,448.7979736328125,0.0003,0.0003,0.1
,,,,,198999,4952.907,1000,,,,,,,,
,,,,,199000,,,-451.95965576171875,-4.013181686401367,1.6166343688964844,450.62762451171875,450.3952331542969,0.0003,0.0003,0.1
,,,,,199999,4759.4473,1000,,,,,,,,
3240.063,945.31256,4377.5166,1213.5325,1000.0,200000,,,-452.6375732421875,-4.290785312652588,2.234172821044922,451.24212646484375,451.4471740722656,0.0003,0.0003,0.1
,,,,,200999,5121.695,1000,,,,,,,,
,,,,,201000,,,-451.9608459472656,-4.213700294494629,1.5432956218719482,450.46063232421875,450.7189636230469,0.0003,0.0003,0.1
,,,,,201999,5072.5073,1000,,,,,,,,
,,,,,202000,,,-455.38873291015625,-4.168766498565674,1.6119115352630615,454.1064453125,453.9595642089844,0.0003,0.0003,0.1
,,,,,202999,5147.227,1000,,,,,,,,
,,,,,203000,,,-456.6060791015625,-4.192007541656494,1.31508469581604,455.4393005371094,455.43756103515625,0.0003,0.0003,0.1
,,,,,203999,5243.621,1000,,,,,,,,
,,,,,204000,,,-454.337158203125,-4.056634902954102,1.7669326066970825,452.7572021484375,452.80712890625,0.0003,0.0003,0.1
,,,,,204999,5150.016,1000,,,,,,,,
5191.1934,36.703457,5267.616,5139.2114,1000.0,205000,,,-458.1450500488281,-3.72723388671875,1.5627288818359375,456.68267822265625,456.87640380859375,0.0003,0.0003,0.1
,,,,,205999,5113.054,1000,,,,,,,,
,,,,,206000,,,-457.40380859375,-4.207128524780273,1.573368787765503,456.32867431640625,456.2279052734375,0.0003,0.0003,0.1
,,,,,206999,4756.286,1000,,,,,,,,
,,,,,207000,,,-463.7942810058594,-4.038845062255859,2.0670642852783203,462.52972412109375,462.47833251953125,0.0003,0.0003,0.1
,,,,,207999,5277.7397,1000,,,,,,,,
,,,,,208000,,,-459.5889892578125,-4.240068435668945,1.8523280620574951,458.30303955078125,458.55181884765625,0.0003,0.0003,0.1
,,,,,208999,5270.8667,1000,,,,,,,,
,,,,,209000,,,-464.367431640625,-4.409771919250488,1.8784421682357788,463.01934814453125,463.0849609375,0.0003,0.0003,0.1
,,,,,209999,5293.941,1000,,,,,,,,
5247.3135,46.110313,5325.0757,5154.4014,1000.0,210000,,,-467.2893981933594,-3.6706669330596924,1.0738778114318848,466.08734130859375,465.96258544921875,0.0003,0.0003,0.1
,,,,,210999,4025.7363,1000,,,,,,,,
,,,,,211000,,,-462.7972412109375,-4.511626243591309,2.128472328186035,461.5129089355469,461.52880859375,0.0003,0.0003,0.1
,,,,,211999,5277.019,1000,,,,,,,,
,,,,,212000,,,-464.85504150390625,-4.3862690925598145,1.3215703964233398,463.31671142578125,463.21484375,0.0003,0.0003,0.1
,,,,,212999,5327.9453,1000,,,,,,,,
,,,,,213000,,,-467.0232849121094,-4.748957633972168,1.4779118299484253,465.91839599609375,465.79229736328125,0.0003,0.0003,0.1
,,,,,213999,5269.6104,1000,,,,,,,,
,,,,,214000,,,-470.7545166015625,-4.691801071166992,1.5043151378631592,469.47967529296875,469.57763671875,0.0003,0.0003,0.1
,,,,,214999,5284.3193,1000,,,,,,,,
5350.4487,32.19845,5390.5024,5282.7573,1000.0,215000,,,-464.9057312011719,-4.2268171310424805,2.0027031898498535,463.4898681640625,463.3705749511719,0.0003,0.0003,0.1
,,,,,215999,5384.4443,1000,,,,,,,,
,,,,,216000,,,-470.43096923828125,-4.108771800994873,1.8875014781951904,469.0047912597656,469.2223815917969,0.0003,0.0003,0.1
,,,,,216999,5359.5483,1000,,,,,,,,
,,,,,217000,,,-465.1294860839844,-4.164159774780273,2.05060076713562,463.8795166015625,463.62579345703125,0.0003,0.0003,0.1
,,,,,217999,5453.887,1000,,,,,,,,
,,,,,218000,,,-473.2401428222656,-3.8308346271514893,1.5642863512039185,471.87176513671875,471.8522033691406,0.0003,0.0003,0.1
,,,,,218999,5346.7236,1000,,,,,,,,
,,,,,219000,,,-473.39935302734375,-4.003478050231934,1.5811958312988281,472.2264099121094,472.1197204589844,0.0003,0.0003,0.1
,,,,,219999,4841.2725,1000,,,,,,,,
5468.126,29.229586,5497.554,5398.9526,1000.0,220000,,,-471.7496643066406,-4.493116855621338,1.8644306659698486,470.54388427734375,470.4866943359375,0.0003,0.0003,0.1
,,,,,220999,5438.27,1000,,,,,,,,
,,,,,221000,,,-474.2442626953125,-4.446040153503418,1.4967273473739624,472.759765625,472.822509765625,0.0003,0.0003,0.1
,,,,,221999,5322.467,1000,,,,,,,,
,,,,,222000,,,-479.91412353515625,-4.188068389892578,1.4875351190567017,478.5245666503906,478.4884033203125,0.0003,0.0003,0.1
,,,,,222999,5449.904,1000,,,,,,,,
,,,,,223000,,,-479.2880859375,-4.081205368041992,1.9099080562591553,477.9020080566406,477.9860534667969,0.0003,0.0003,0.1
,,,,,223999,5350.3696,1000,,,,,,,,
,,,,,224000,,,-473.81304931640625,-4.11653995513916,1.6550004482269287,472.52850341796875,472.4347839355469,0.0003,0.0003,0.1
,,,,,224999,5450.6006,1000,,,,,,,,
5452.728,51.073692,5504.1875,5356.8496,1000.0,225000,,,-476.1396179199219,-4.283753395080566,1.5913532972335815,474.6468811035156,474.9426574707031,0.0003,0.0003,0.1
,,,,,225999,5445.7646,1000,,,,,,,,
,,,,,226000,,,-480.52679443359375,-4.367633819580078,1.8152704238891602,479.3890380859375,479.61212158203125,0.0003,0.0003,0.1
,,,,,226999,5306.8955,1000,,,,,,,,
,,,,,227000,,,-479.6234130859375,-4.546616554260254,1.5021388530731201,477.9482421875,478.14544677734375,0.0003,0.0003,0.1
,,,,,227999,5511.099,1000,,,,,,,,
,,,,,228000,,,-484.3245849609375,-4.270114898681641,1.7978360652923584,483.0498352050781,482.974365234375,0.0003,0.0003,0.1
,,,,,228999,5484.7397,1000,,,,,,,,
,,,,,229000,,,-486.1012878417969,-4.289903163909912,1.9189573526382446,484.803955078125,484.52545166015625,0.0003,0.0003,0.1
,,,,,229999,4334.9224,1000,,,,,,,,
5529.1484,30.348053,5579.124,5478.157,1000.0,230000,,,-483.0066223144531,-4.418525695800781,3.4299232959747314,481.72515869140625,481.8673095703125,0.0003,0.0003,0.1
,,,,,230999,5530.8477,1000,,,,,,,,
,,,,,231000,,,-487.2339172363281,-3.73431658744812,1.6457843780517578,486.0271301269531,485.9761962890625,0.0003,0.0003,0.1
,,,,,231999,4557.8247,1000,,,,,,,,
,,,,,232000,,,-489.6395568847656,-4.733216762542725,1.9067564010620117,488.2287902832031,488.3580322265625,0.0003,0.0003,0.1
,,,,,232999,5557.12,1000,,,,,,,,
,,,,,233000,,,-489.44903564453125,-4.886428356170654,1.964205265045166,488.36566162109375,488.4176940917969,0.0003,0.0003,0.1
,,,,,233999,5464.3643,1000,,,,,,,,
,,,,,234000,,,-493.07470703125,-3.882289409637451,1.95463228225708,491.92303466796875,491.94683837890625,0.0003,0.0003,0.1
,,,,,234999,5542.476,1000,,,,,,,,
5470.7646,29.796833,5512.9756,5404.6484,1000.0,235000,,,-488.5877685546875,-3.8261547088623047,2.185453414916992,487.01470947265625,487.15997314453125,0.0003,0.0003,0.1
,,,,,235999,5577.5366,1000,,,,,,,,
,,,,,236000,,,-490.88446044921875,-4.720340251922607,2.019681453704834,489.7705078125,489.5455322265625,0.0003,0.0003,0.1
,,,,,236999,5582.598,1000,,,,,,,,
,,,,,237000,,,-494.33367919921875,-4.413799285888672,1.4518496990203857,492.988525390625,492.9859619140625,0.0003,0.0003,0.1
,,,,,237999,4877.014,1000,,,,,,,,
,,,,,238000,,,-492.88092041015625,-4.355245113372803,2.1191415786743164,491.56396484375,491.74212646484375,0.0003,0.0003,0.1
,,,,,238999,5593.2573,1000,,,,,,,,
,,,,,239000,,,-490.3538818359375,-4.4976348876953125,2.4541876316070557,489.1157531738281,488.96502685546875,0.0003,0.0003,0.1
,,,,,239999,5403.117,1000,,,,,,,,
5278.6475,345.6888,5619.036,4577.409,1000.0,240000,,,-490.9063415527344,-4.214231491088867,1.8784971237182617,489.5788269042969,489.5036315917969,0.0003,0.0003,0.1
,,,,,240999,5633.668,1000,,,,,,,,
,,,,,241000,,,-498.7472839355469,-4.2374467849731445,2.126469135284424,497.6546630859375,497.7097473144531,0.0003,0.0003,0.1
,,,,,241999,5650.511,1000,,,,,,,,
,,,,,242000,,,-494.4736022949219,-4.236940383911133,2.0067553520202637,492.8922119140625,493.003662109375,0.0003,0.0003,0.1
,,,,,242999,5646.7065,1000,,,,,,,,
,,,,,243000,,,-500.96221923828125,-4.39494514465332,2.08585262298584,499.5995788574219,499.7677917480469,0.0003,0.0003,0.1
,,,,,243999,5679.163,1000,,,,,,,,
,,,,,244000,,,-499.3283386230469,-4.9708757400512695,1.9364533424377441,497.86297607421875,497.8332214355469,0.0003,0.0003,0.1
,,,,,244999,5601.844,1000,,,,,,,,
5509.1655,236.43164,5684.2715,5032.2085,1000.0,245000,,,-497.92974853515625,-4.073014259338379,1.7484383583068848,496.54888916015625,496.5389099121094,0.0003,0.0003,0.1
,,,,,245999,5160.406,1000,,,,,,,,
,,,,,246000,,,-500.7758483886719,-4.683568000793457,2.114274024963379,499.2344970703125,499.16241455078125,0.0003,0.0003,0.1
,,,,,246999,5550.475,1000,,,,,,,,
,,,,,247000,,,-501.1281433105469,-4.336252212524414,1.638813853263855,499.9327392578125,500.0203857421875,0.0003,0.0003,0.1
,,,,,247999,5775.7856,1000,,,,,,,,
,,,,,248000,,,-500.6312255859375,-3.9897236824035645,2.1369359493255615,498.8121643066406,498.76068115234375,0.0003,0.0003,0.1
,,,,,248999,5732.0264,1000,,,,,,,,
,,,,,249000,,,-501.47021484375,-4.46109676361084,2.1921467781066895,500.2104797363281,500.40045166015625,0.0003,0.0003,0.1
,,,,,249999,4881.712,1000,,,,,,,,
5458.845,281.2383,5805.7974,5061.082,1000.0,250000,,,-504.6040344238281,-4.4626898765563965,1.7128243446350098,503.2399597167969,503.29541015625,0.0003,0.0003,0.1
,,,,,250999,5748.422,1000,,,,,,,,
,,,,,251000,,,-499.13525390625,-4.506834030151367,3.1267292499542236,497.571044921875,497.29010009765625,0.0003,0.0003,0.1
,,,,,251999,5738.129,1000,,,,,,,,
,,,,,252000,,,-505.6734924316406,-4.873769760131836,1.6926794052124023,504.4605712890625,504.087890625,0.0003,0.0003,0.1
,,,,,252999,5731.421,1000,,,,,,,,
,,,,,253000,,,-509.00335693359375,-4.590267181396484,1.921958327293396,507.72686767578125,507.5780334472656,0.0003,0.0003,0.1
,,,,,253999,5327.1167,1000,,,,,,,,
,,,,,254000,,,-508.4211730957031,-4.739675521850586,1.7200002670288086,507.0628662109375,506.8768005371094,0.0003,0.0003,0.1
,,,,,254999,5388.194,1000,,,,,,,,
5520.3,569.4743,5917.558,4150.584,1000.0,255000,,,-508.9975280761719,-4.519245147705078,1.475691556930542,507.7389221191406,507.91351318359375,0.0003,0.0003,0.1
,,,,,255999,5744.1597,1000,,,,,,,,
,,,,,256000,,,-514.5081176757812,-4.912742614746094,2.216270923614502,513.2514038085938,513.3357543945312,0.0003,0.0003,0.1
,,,,,256999,5695.8296,1000,,,,,,,,
,,,,,257000,,,-509.9138488769531,-4.372162818908691,1.8669430017471313,508.4937744140625,508.6181335449219,0.0003,0.0003,0.1
,,,,,257999,5698.1523,1000,,,,,,,,
,,,,,258000,,,-513.060546875,-4.401605606079102,2.040590286254883,511.75262451171875,511.7493591308594,0.0003,0.0003,0.1
,,,,,258999,5731.705,1000,,,,,,,,
,,,,,259000,,,-508.676025390625,-4.809290409088135,3.110328435897827,507.52215576171875,507.23736572265625,0.0003,0.0003,0.1
,,,,,259999,5199.661,1000,,,,,,,,
5810.159,56.18947,5894.371,5717.8525,1000.0,260000,,,-512.7973022460938,-4.225051403045654,1.8020048141479492,511.68206787109375,511.5211181640625,0.0003,0.0003,0.1
,,,,,260999,5837.528,1000,,,,,,,,
,,,,,261000,,,-517.7233276367188,-4.623024940490723,2.6067721843719482,516.443115234375,516.3641357421875,0.0003,0.0003,0.1
,,,,,261999,5765.4688,1000,,,,,,,,
,,,,,262000,,,-509.7181396484375,-4.588103294372559,3.066650867462158,508.21197509765625,508.1353454589844,0.0003,0.0003,0.1
,,,,,262999,5870.889,1000,,,,,,,,
,,,,,263000,,,-514.90673828125,-4.9283037185668945,2.32470965385437,513.70703125,513.51904296875,0.0003,0.0003,0.1
,,,,,263999,5879.606,1000,,,,,,,,
,,,,,264000,,,-517.9083862304688,-4.7822418212890625,2.024907112121582,516.2969970703125,516.5576171875,0.0003,0.0003,0.1
,,,,,264999,5866.288,1000,,,,,,,,
5782.4536,317.0428,6065.145,4914.809,1000.0,265000,,,-519.2190551757812,-5.248714447021484,1.7506468296051025,517.7257080078125,517.7021484375,0.0003,0.0003,0.1
,,,,,265999,5846.7866,1000,,,,,,,,
,,,,,266000,,,-515.378173828125,-4.6510162353515625,1.922918677330017,514.1991577148438,513.8097534179688,0.0003,0.0003,0.1
,,,,,266999,5867.8867,1000,,,,,,,,
,,,,,267000,,,-518.4013061523438,-4.673619270324707,1.9164516925811768,517.099853515625,517.0989379882812,0.0003,0.0003,0.1
,,,,,267999,5866.5356,1000,,,,,,,,
,,,,,268000,,,-514.4647216796875,-4.594390869140625,2.1644492149353027,512.7013549804688,512.9409790039062,0.0003,0.0003,0.1
,,,,,268999,5972.78,1000,,,,,,,,
,,,,,269000,,,-524.3145751953125,-4.724413871765137,1.5813138484954834,523.13623046875,522.8792724609375,0.0003,0.0003,0.1
,,,,,269999,4958.8457,1000,,,,,,,,
5912.553,106.02617,6022.6914,5641.6665,1000.0,270000,,,-521.6611938476562,-4.687843322753906,4.117229461669922,520.41259765625,520.1386108398438,0.0003,0.0003,0.1
,,,,,270999,5900.606,1000,,,,,,,,
,,,,,271000,,,-525.095947265625,-5.130162239074707,2.313774585723877,523.7892456054688,523.7493896484375,0.0003,0.0003,0.1
,,,,,271999,4324.6973,1000,,,,,,,,
,,,,,272000,,,-525.081787109375,-4.984014511108398,2.124791145324707,523.8021240234375,523.8903198242188,0.0003,0.0003,0.1
,,,,,272999,5958.2876,1000,,,,,,,,
,,,,,273000,,,-524.0196533203125,-4.9012041091918945,2.8837907314300537,522.3007202148438,522.31787109375,0.0003,0.0003,0.1
,,,,,273999,5831.7227,1000,,,,,,,,
,,,,,274000,,,-524.2379150390625,-4.585165977478027,3.175126314163208,522.684326171875,522.784423828125,0.0003,0.0003,0.1
,,,,,274999,5963.26,1000,,,,,,,,
5967.564,73.77488,6026.738,5775.0654,1000.0,275000,,,-526.593994140625,-5.170517921447754,2.8715431690216064,525.0399169921875,524.90234375,0.0003,0.0003,0.1
,,,,,275999,5968.308,1000,,,,,,,,
,,,,,276000,,,-525.5482788085938,-5.393825531005859,2.4737069606781006,524.0426025390625,523.9300537109375,0.0003,0.0003,0.1
,,,,,276999,286.10318,1000,,,,,,,,
,,,,,277000,,,-528.4323120117188,-4.627285957336426,2.1202261447906494,527.2916259765625,527.1478881835938,0.0003,0.0003,0.1
,,,,,277999,5966.6143,1000,,,,,,,,
,,,,,278000,,,-528.4361572265625,-4.39457368850708,2.727534294128418,527.1375732421875,526.9141845703125,0.0003,0.0003,0.1
,,,,,278999,4176.746,1000,,,,,,,,
,,,,,279000,,,-533.4708862304688,-4.42216682434082,2.154970645904541,532.188232421875,532.0257568359375,0.0003,0.0003,0.1
,,,,,279999,1747.4944,1000,,,,,,,,
5774.6694,455.6879,5992.1685,4417.563,1000.0,280000,,,-524.348876953125,-4.885440826416016,2.5194993019104004,522.878662109375,522.9566650390625,0.0003,0.0003,0.1
,,,,,280999,5294.858,1000,,,,,,,,
,,,,,281000,,,-534.0554809570312,-4.919954299926758,2.6720614433288574,532.7421875,532.661865234375,0.0003,0.0003,0.1
,,,,,281999,5922.4155,1000,,,,,,,,
,,,,,282000,,,-528.4412841796875,-5.084336757659912,2.0313563346862793,526.5889892578125,526.5557861328125,0.0003,0.0003,0.1
,,,,,282999,4657.944,1000,,,,,,,,
,,,,,283000,,,-529.6092529296875,-4.546065330505371,2.9256019592285156,528.2967529296875,528.2528076171875,0.0003,0.0003,0.1
,,,,,283999,6032.142,1000,,,,,,,,
,,,,,284000,,,-528.358642578125,-4.752494812011719,3.5062427520751953,526.7622680664062,526.7772216796875,0.0003,0.0003,0.1
,,,,,284999,6050.821,1000,,,,,,,,
6016.1777,42.871643,6111.843,5943.009,1000.0,285000,,,-530.8510131835938,-4.916586875915527,2.1676082611083984,529.454345703125,529.2744140625,0.0003,0.0003,0.1
,,,,,285999,5963.3726,1000,,,,,,,,
,,,,,286000,,,-531.7160034179688,-4.785552978515625,6.799010276794434,530.243896484375,530.1099243164062,0.0003,0.0003,0.1
,,,,,286999,6109.437,1000,,,,,,,,
,,,,,287000,,,-532.902587890625,-4.841276168823242,2.28855037689209,531.1495971679688,531.23583984375,0.0003,0.0003,0.1
,,,,,287999,6084.9014,1000,,,,,,,,
,,,,,288000,,,-535.1634521484375,-5.168663501739502,3.30645751953125,533.7913208007812,533.9090576171875,0.0003,0.0003,0.1
,,,,,288999,6000.326,1000,,,,,,,,
,,,,,289000,,,-538.8617553710938,-4.766177177429199,5.390945911407471,537.77001953125,537.70263671875,0.0003,0.0003,0.1
,,,,,289999,5892.474,1000,,,,,,,,
6044.539,58.710903,6117.841,5939.2104,1000.0,290000,,,-535.5250854492188,-4.825472831726074,3.1091761589050293,533.80615234375,533.798583984375,0.0003,0.0003,0.1
,,,,,290999,4824.7827,1000,,,,,,,,
,,,,,291000,,,-534.7044067382812,-4.618671894073486,5.53085994720459,533.4268798828125,532.8843383789062,0.0003,0.0003,0.1
,,,,,291999,5601.479,1000,,,,,,,,
,,,,,292000,,,-541.0852661132812,-4.717400550842285,3.0407707691192627,539.8597412109375,539.710693359375,0.0003,0.0003,0.1
,,,,,292999,6043.337,1000,,,,,,,,
,,,,,293000,,,-541.9281005859375,-5.003055572509766,2.694049835205078,540.3311157226562,540.2872314453125,0.0003,0.0003,0.1
,,,,,293999,5921.647,1000,,,,,,,,
,,,,,294000,,,-536.6320190429688,-5.250542640686035,2.7210097312927246,535.04931640625,535.002685546875,0.0003,0.0003,0.1
,,,,,294999,6080.192,1000,,,,,,,,
6171.706,88.42385,6286.708,5962.268,1000.0,295000,,,-537.452880859375,-5.5709123611450195,3.5110278129577637,536.07568359375,536.161376953125,0.0003,0.0003,0.1
,,,,,295999,6053.708,1000,,,,,,,,
,,,,,296000,,,-546.1636962890625,-4.871910095214844,2.855452537536621,544.9104614257812,545.184814453125,0.0003,0.0003,0.1
,,,,,296999,6091.9917,1000,,,,,,,,
,,,,,297000,,,-544.4461669921875,-5.258714199066162,2.5886898040771484,543.1774291992188,543.3049926757812,0.0003,0.0003,0.1
,,,,,297999,6145.3096,1000,,,,,,,,
,,,,,298000,,,-541.6373291015625,-4.804980278015137,2.608452558517456,540.315185546875,540.11083984375,0.0003,0.0003,0.1
,,,,,298999,6198.0835,1000,,,,,,,,
,,,,,299000,,,-549.3091430664062,-5.4058332443237305,2.4621243476867676,548.0035400390625,548.1596069335938,0.0003,0.0003,0.1
,,,,,299999,6313.0444,1000,,,,,,,,
6213.63,85.15864,6295.795,5980.6978,1000.0,300000,,,-543.3093872070312,-5.465265274047852,2.586613655090332,541.530517578125,541.468017578125,0.0003,0.0003,0.1
,,,,,300999,6135.8433,1000,,,,,,,,
,,,,,301000,,,-545.8646240234375,-4.826958656311035,2.8818140029907227,544.3095092773438,544.470458984375,0.0003,0.0003,0.1
,,,,,301999,6167.3145,1000,,,,,,,,
,,,,,302000,,,-544.7330932617188,-5.081517219543457,3.854017972946167,543.4205322265625,543.4630126953125,0.0003,0.0003,0.1
,,,,,302999,6095.881,1000,,,,,,,,
,,,,,303000,,,-552.8803100585938,-5.220048904418945,2.322174072265625,551.6614990234375,551.8731689453125,0.0003,0.0003,0.1
,,,,,303999,5984.206,1000,,,,,,,,
,,,,,304000,,,-548.77197265625,-5.083276748657227,2.3082637786865234,547.85888671875,548.0228271484375,0.0003,0.0003,0.1
,,,,,304999,5693.581,1000,,,,,,,,
6245.1147,78.517555,6360.4985,6106.8906,1000.0,305000,,,-549.2821044921875,-4.993939399719238,2.6793553829193115,547.5663452148438,548.0072021484375,0.0003,0.0003,0.1
,,,,,305999,6233.5586,1000,,,,,,,,
,,,,,306000,,,-546.5504150390625,-4.914404392242432,2.4596786499023438,545.2554931640625,545.0706176757812,0.0003,0.0003,0.1
,,,,,306999,6357.642,1000,,,,,,,,
,,,,,307000,,,-553.7955932617188,-5.515109062194824,1.9814443588256836,552.6033325195312,552.598388671875,0.0003,0.0003,0.1
,,,,,307999,5952.99,1000,,,,,,,,
,,,,,308000,,,-553.6394653320312,-5.148146629333496,3.590463876724243,552.65234375,552.5504150390625,0.0003,0.0003,0.1
,,,,,308999,5789.9263,1000,,,,,,,,
,,,,,309000,,,-561.7603759765625,-5.247453689575195,3.8990845680236816,560.405029296875,560.5629272460938,0.0003,0.0003,0.1
,,,,,309999,6155.7183,1000,,,,,,,,
5775.523,1221.4769,6373.5674,2164.7449,1000.0,310000,,,-560.6019897460938,-4.811863899230957,2.998271942138672,559.4485473632812,559.1088256835938,0.0003,0.0003,0.1
,,,,,310999,6143.6147,1000,,,,,,,,
,,,,,311000,,,-557.3992919921875,-4.8855180740356445,3.2419395446777344,556.313720703125,556.3929443359375,0.0003,0.0003,0.1
,,,,,311999,6089.6025,1000,,,,,,,,
,,,,,312000,,,-552.4038696289062,-5.514641284942627,3.271559715270996,550.9365844726562,551.0440673828125,0.0003,0.0003,0.1
,,,,,312999,6262.1357,1000,,,,,,,,
,,,,,313000,,,-560.2273559570312,-4.5499420166015625,2.4912757873535156,558.6998291015625,558.9801025390625,0.0003,0.0003,0.1
,,,,,313999,6266.9893,1000,,,,,,,,
,,,,,314000,,,-559.8123779296875,-4.915484428405762,2.4836394786834717,558.3004150390625,558.576904296875,0.0003,0.0003,0.1
,,,,,314999,6256.021,1000,,,,,,,,
6293.8154,73.80187,6397.213,6117.9727,1000.0,315000,,,-554.4989624023438,-4.977270126342773,2.881115674972534,552.8301391601562,553.0223388671875,0.0003,0.0003,0.1
,,,,,315999,6326.3965,1000,,,,,,,,
,,,,,316000,,,-555.2818603515625,-5.392214775085449,2.437847852706909,553.9473876953125,553.9241943359375,0.0003,0.0003,0.1
,,,,,316999,6072.6953,1000,,,,,,,,
,,,,,317000,,,-560.9439086914062,-5.286339282989502,2.220343589782715,559.5916748046875,559.4932250976562,0.0003,0.0003,0.1
,,,,,317999,6268.4087,1000,,,,,,,,
,,,,,318000,,,-558.4886474609375,-5.254915714263916,3.2741756439208984,556.5723266601562,556.5563354492188,0.0003,0.0003,0.1
,,,,,318999,6420.4634,1000,,,,,,,,
,,,,,319000,,,-568.4863891601562,-5.294516563415527,2.6418628692626953,566.7900390625,566.946533203125,0.0003,0.0003,0.1
,,,,,319999,6353.758,1000,,,,,,,,
6307.152,413.62955,6581.584,5085.2524,1000.0,320000,,,-560.6134033203125,-5.807126045227051,3.166759967803955,559.0811157226562,559.0137939453125,0.0003,0.0003,0.1
,,,,,320999,6474.3496,1000,,,,,,,,
,,,,,321000,,,-565.9454956054688,-5.519593238830566,2.670645236968994,564.5580444335938,564.369140625,0.0003,0.0003,0.1
,,,,,321999,6422.961,1000,,,,,,,,
,,,,,322000,,,-568.8638916015625,-4.63613224029541,2.6380553245544434,567.6732177734375,567.4912109375,0.0003,0.0003,0.1
,,,,,322999,6337.0713,1000,,,,,,,,
,,,,,323000,,,-563.7599487304688,-4.9025559425354,6.884772777557373,561.7916870117188,562.2569580078125,0.0003,0.0003,0.1
,,,,,323999,6521.2627,1000,,,,,,,,
,,,,,324000,,,-568.4169311523438,-4.7181501388549805,2.9851186275482178,566.9051513671875,567.0281372070312,0.0003,0.0003,0.1
,,,,,324999,6447.649,1000,,,,,,,,
6432.616,91.2456,6534.725,6266.664,1000.0,325000,,,-567.4425048828125,-5.268625736236572,2.6867637634277344,565.9298095703125,566.2797241210938,0.0003,0.0003,0.1
,,,,,325999,6347.1133,1000,,,,,,,,
,,,,,326000,,,-569.5794067382812,-5.644292831420898,2.2513604164123535,568.2343139648438,568.3466796875,0.0003,0.0003,0.1
,,,,,326999,5446.865,1000,,,,,,,,
,,,,,327000,,,-569.3693237304688,-5.450006484985352,2.980853796005249,567.6204223632812,567.6121826171875,0.0003,0.0003,0.1
,,,,,327999,6430.9004,1000,,,,,,,,
,,,,,328000,,,-578.7509765625,-5.189144134521484,2.841193914413452,577.5460205078125,577.4986572265625,0.0003,0.0003,0.1
,,,,,328999,6475.7397,1000,,,,,,,,
,,,,,329000,,,-571.3763427734375,-5.261104583740234,2.9512295722961426,569.8278198242188,569.8870239257812,0.0003,0.0003,0.1
,,,,,329999,6498.59,1000,,,,,,,,
6527.393,64.24763,6689.7563,6427.6895,1000.0,330000,,,-574.5819091796875,-4.767025947570801,2.106367588043213,573.2355346679688,573.081298828125,0.0003,0.0003,0.1
,,,,,330999,6409.536,1000,,,,,,,,
,,,,,331000,,,-569.159423828125,-4.896280288696289,3.7154059410095215,567.6878662109375,568.098876953125,0.0003,0.0003,0.1
,,,,,331999,6595.1367,1000,,,,,,,,
,,,,,332000,,,-573.3263549804688,-4.584559440612793,3.3242359161376953,571.39697265625,571.1107177734375,0.0003,0.0003,0.1
,,,,,332999,6420.463,1000,,,,,,,,
,,,,,333000,,,-570.7763671875,-5.243489742279053,4.059309005737305,569.0455322265625,569.042724609375,0.0003,0.0003,0.1
,,,,,333999,5561.7847,1000,,,,,,,,
,,,,,334000,,,-573.8662109375,-5.636920928955078,2.637549877166748,572.13916015625,572.2955322265625,0.0003,0.0003,0.1
,,,,,334999,6558.2676,1000,,,,,,,,
6436.4756,125.99828,6648.939,6120.941,1000.0,335000,,,-576.4141845703125,-5.3930768966674805,3.0650625228881836,574.7520751953125,575.0283813476562,0.0003,0.0003,0.1
,,,,,335999,6347.349,1000,,,,,,,,
,,,,,336000,,,-577.806884765625,-5.509644508361816,2.644979238510132,576.4681396484375,576.583984375,0.0003,0.0003,0.1
,,,,,336999,6409.6597,1000,,,,,,,,
,,,,,337000,,,-577.9620361328125,-5.460565090179443,4.405587673187256,576.5275268554688,576.2896728515625,0.0003,0.0003,0.1
,,,,,337999,6521.1396,1000,,,,,,,,
,,,,,338000,,,-572.8458862304688,-5.427690029144287,2.60390305519104,571.3720703125,571.2374267578125,0.0003,0.0003,0.1
,,,,,338999,6576.462,1000,,,,,,,,
,,,,,339000,,,-576.7904663085938,-5.172938823699951,3.9196152687072754,575.0921020507812,575.1787109375,0.0003,0.0003,0.1
,,,,,339999,6612.2886,1000,,,,,,,,
5777.2227,611.5881,6622.171,5079.272,1000.0,340000,,,-577.2305297851562,-5.541646957397461,4.071437835693359,575.7423095703125,575.4815673828125,0.0003,0.0003,0.1
,,,,,340999,6551.131,1000,,,,,,,,
,,,,,341000,,,-582.0121459960938,-5.4095611572265625,2.7939319610595703,580.2119140625,580.22265625,0.0003,0.0003,0.1
,,,,,341999,6611.5234,1000,,,,,,,,
,,,,,342000,,,-578.67138671875,-5.527174949645996,2.8835372924804688,577.2190551757812,577.1409912109375,0.0003,0.0003,0.1
,,,,,342999,6483.7866,1000,,,,,,,,
,,,,,343000,,,-588.1732788085938,-5.594661235809326,2.447425365447998,586.5850219726562,586.98876953125,0.0003,0.0003,0.1
,,,,,343999,6535.019,1000,,,,,,,,
,,,,,344000,,,-582.4802856445312,-5.074283599853516,2.632636547088623,580.989990234375,580.8729248046875,0.0003,0.0003,0.1
,,,,,344999,6699.363,1000,,,,,,,,
6666.294,78.37342,6773.669,6488.7324,1000.0,345000,,,-588.6727905273438,-5.404517650604248,2.968458890914917,587.26611328125,587.104248046875,0.0003,0.0003,0.1
,,,,,345999,6636.4556,1000,,,,,,,,
,,,,,346000,,,-586.5578002929688,-5.675536155700684,3.025249719619751,585.2867431640625,585.1781616210938,0.0003,0.0003,0.1
,,,,,346999,6694.63,1000,,,,,,,,
,,,,,347000,,,-588.6829223632812,-4.972898483276367,3.144028425216675,587.019287109375,586.9390869140625,0.0003,0.0003,0.1
,,,,,347999,6628.4307,1000,,,,,,,,
,,,,,348000,,,-590.9270629882812,-5.529197692871094,2.319031238555908,589.1802368164062,589.2222900390625,0.0003,0.0003,0.1
,,,,,348999,6712.937,1000,,,,,,,,
,,,,,349000,,,-586.2256469726562,-4.705625534057617,2.7120351791381836,584.21728515625,584.1832885742188,0.0003,0.0003,0.1
,,,,,349999,6741.1196,1000,,,,,,,,
6686.4946,246.1711,6824.4307,5956.716,1000.0,350000,,,-580.0372314453125,-5.311318397521973,4.1146135330200195,578.32177734375,578.4176025390625,0.0003,0.0003,0.1
,,,,,350999,6362.4863,1000,,,,,,,,
,,,,,351000,,,-588.4811401367188,-6.253879547119141,5.430927276611328,586.708984375,586.4793701171875,0.0003,0.0003,0.1
,,,,,351999,6730.221,1000,,,,,,,,
,,,,,352000,,,-589.3889770507812,-4.978351593017578,3.694058895111084,587.689453125,587.8125610351562,0.0003,0.0003,0.1
,,,,,352999,5400.8315,1000,,,,,,,,
,,,,,353000,,,-594.5350952148438,-5.099240303039551,3.066791534423828,593.4140014648438,593.4702758789062,0.0003,0.0003,0.1
,,,,,353999,6778.91,1000,,,,,,,,
,,,,,354000,,,-596.1864013671875,-5.647126197814941,5.31380558013916,594.813232421875,594.885009765625,0.0003,0.0003,0.1
,,,,,354999,6789.4565,1000,,,,,,,,
6765.5264,225.6703,6974.857,6308.935,1000.0,355000,,,-596.8396606445312,-5.45986795425415,3.8819518089294434,595.353271484375,595.5645751953125,0.0003,0.0003,0.1
,,,,,355999,6761.4224,1000,,,,,,,,
,,,,,356000,,,-598.3926391601562,-4.773454666137695,2.7086353302001953,596.872802734375,597.3287963867188,0.0003,0.0003,0.1
,,,,,356999,6684.2964,1000,,,,,,,,
,,,,,357000,,,-595.2526245117188,-5.449805736541748,3.0080292224884033,593.6277465820312,593.705322265625,0.0003,0.0003,0.1
,,,,,357999,6753.168,1000,,,,,,,,
,,,,,358000,,,-597.9738159179688,-5.355647087097168,3.2771427631378174,596.428466796875,596.1578369140625,0.0003,0.0003,0.1
,,,,,358999,6621.7915,1000,,,,,,,,
,,,,,359000,,,-597.2893676757812,-5.427769184112549,2.8508124351501465,596.317626953125,596.2263793945312,0.0003,0.0003,0.1
,,,,,359999,6510.077,1000,,,,,,,,
6731.462,67.71732,6839.601,6591.3774,1000.0,360000,,,-597.4827880859375,-5.291503429412842,2.3063602447509766,595.8696899414062,596.2576904296875,0.0003,0.0003,0.1
,,,,,360999,6583.725,1000,,,,,,,,
,,,,,361000,,,-601.8636474609375,-5.411914825439453,3.6948184967041016,599.9013671875,600.0140380859375,0.0003,0.0003,0.1
,,,,,361999,6379.1733,1000,,,,,,,,
,,,,,362000,,,-596.4706420898438,-5.248549938201904,3.1748619079589844,594.4833984375,594.6636962890625,0.0003,0.0003,0.1
,,,,,362999,6857.6,1000,,,,,,,,
,,,,,363000,,,-597.879638671875,-5.2485880851745605,2.9893221855163574,596.6099243164062,596.7141723632812,0.0003,0.0003,0.1
,,,,,363999,6743.9795,1000,,,,,,,,
,,,,,364000,,,-603.9475708007812,-6.172516345977783,4.433870315551758,602.6663818359375,602.405029296875,0.0003,0.0003,0.1
,,,,,364999,6782.576,1000,,,,,,,,
6730.6274,42.242428,6799.7617,6686.1943,1000.0,365000,,,-602.1900634765625,-5.57020378112793,3.731740951538086,600.9971923828125,601.066162109375,0.0003,0.0003,0.1
,,,,,365999,6915.471,1000,,,,,,,,
,,,,,366000,,,-602.6926879882812,-5.564614772796631,3.089791774749756,601.52001953125,601.1739501953125,0.0003,0.0003,0.1
,,,,,366999,6861.7227,1000,,,,,,,,
,,,,,367000,,,-602.1328125,-5.834795951843262,3.259249687194824,601.056884765625,600.5406494140625,0.0003,0.0003,0.1
,,,,,367999,6953.731,1000,,,,,,,,
,,,,,368000,,,-606.8723754882812,-5.340912342071533,2.5939321517944336,605.3050537109375,605.1607055664062,0.0003,0.0003,0.1
,,,,,368999,5958.602,1000,,,,,,,,
,,,,,369000,,,-603.2483520507812,-5.348849296569824,4.2024827003479,601.3969116210938,601.4471435546875,0.0003,0.0003,0.1
,,,,,369999,6755.4775,1000,,,,,,,,
6883.5327,80.606064,6993.9595,6663.264,1000.0,370000,,,-603.991943359375,-5.930224418640137,4.118442535400391,602.4946899414062,601.8165893554688,0.0003,0.0003,0.1
,,,,,370999,6954.397,1000,,,,,,,,
,,,,,371000,,,-607.599365234375,-5.316162109375,18.994508743286133,605.867919921875,605.871826171875,0.0003,0.0003,0.1
,,,,,371999,5821.8467,1000,,,,,,,,
,,,,,372000,,,-605.256103515625,-5.461131572723389,3.1120779514312744,603.8140869140625,603.54638671875,0.0003,0.0003,0.1
,,,,,372999,6169.8984,1000,,,,,,,,
,,,,,373000,,,-607.6568603515625,-5.368938446044922,3.654559373855591,605.9095458984375,606.3138427734375,0.0003,0.0003,0.1
,,,,,373999,6780.4424,1000,,,,,,,,
,,,,,374000,,,-613.529296875,-5.223424911499023,3.818336248397827,611.721923828125,611.9619140625,0.0003,0.0003,0.1
,,,,,374999,6737.4316,1000,,,,,,,,
6821.03,175.8597,7007.7764,6493.173,1000.0,375000,,,-615.2557373046875,-5.966094970703125,3.5273146629333496,613.7628173828125,613.5147705078125,0.0003,0.0003,0.1
,,,,,375999,3229.5454,1000,,,,,,,,
,,,,,376000,,,-610.6380004882812,-5.630982875823975,6.776400566101074,609.393798828125,609.7135009765625,0.0003,0.0003,0.1
,,,,,376999,6111.656,1000,,,,,,,,
,,,,,377000,,,-610.5758056640625,-4.867168426513672,5.0269999504089355,609.2635498046875,608.8119506835938,0.0003,0.0003,0.1
,,,,,377999,6918.8794,1000,,,,,,,,
,,,,,378000,,,-606.9347534179688,-5.795354843139648,2.624162197113037,605.352294921875,605.28076171875,0.0003,0.0003,0.1
,,,,,378999,6006.8784,1000,,,,,,,,
,,,,,379000,,,-607.1756591796875,-5.518918037414551,3.397718906402588,605.71240234375,605.75,0.0003,0.0003,0.1
,,,,,379999,6881.037,1000,,,,,,,,
6847.904,58.63279,6920.0083,6750.128,1000.0,380000,,,-615.3516235351562,-4.981316566467285,2.8670296669006348,614.162841796875,613.9456176757812,0.0003,0.0003,0.1
,,,,,380999,6881.4043,1000,,,,,,,,
,,,,,381000,,,-611.9325561523438,-5.6585235595703125,8.093767166137695,610.3055419921875,609.7962646484375,0.0003,0.0003,0.1
,,,,,381999,6954.0815,1000,,,,,,,,
,,,,,382000,,,-614.7908935546875,-5.903058052062988,4.861767768859863,612.9017333984375,612.9520263671875,0.0003,0.0003,0.1
,,,,,382999,6147.753,1000,,,,,,,,
,,,,,383000,,,-607.916259765625,-5.428764820098877,3.7635109424591064,606.197998046875,605.9462890625,0.0003,0.0003,0.1
,,,,,383999,6832.802,1000,,,,,,,,
,,,,,384000,,,-621.2748413085938,-5.615869522094727,3.9921107292175293,619.6412963867188,619.7723388671875,0.0003,0.0003,0.1
,,,,,384999,6059.8184,1000,,,,,,,,
6811.1265,146.95792,6945.567,6503.644,1000.0,385000,,,-614.6813354492188,-5.726557731628418,3.439112663269043,613.2579345703125,613.1261596679688,0.0003,0.0003,0.1
,,,,,385999,5918.155,1000,,,,,,,,
,,,,,386000,,,-619.0244750976562,-5.556661605834961,4.741111755371094,617.261962890625,617.3426513671875,0.0003,0.0003,0.1
,,,,,386999,6892.6455,1000,,,,,,,,
,,,,,387000,,,-617.39501953125,-5.450179100036621,4.240561485290527,615.9888916015625,615.734619140625,0.0003,0.0003,0.1
,,,,,387999,6845.596,1000,,,,,,,,
,,,,,388000,,,-616.192138671875,-5.606825828552246,3.780322790145874,614.4910888671875,614.3013305664062,0.0003,0.0003,0.1
,,,,,388999,6953.3496,1000,,,,,,,,
,,,,,389000,,,-620.721923828125,-5.257899284362793,3.9790866374969482,619.2412109375,619.4072875976562,0.0003,0.0003,0.1
,,,,,389999,5986.428,1000,,,,,,,,
6531.9883,515.1872,7031.434,5234.8516,1000.0,390000,,,-616.6082763671875,-6.098472595214844,3.6249430179595947,614.7615356445312,614.8927001953125,0.0003,0.0003,0.1
,,,,,390999,6883.81,1000,,,,,,,,
,,,,,391000,,,-622.2776489257812,-5.018128871917725,3.5639266967773438,620.5948486328125,620.5341796875,0.0003,0.0003,0.1
,,,,,391999,6984.294,1000,,,,,,,,
,,,,,392000,,,-622.8836059570312,-5.322351455688477,3.986543655395508,621.1676635742188,620.9234008789062,0.0003,0.0003,0.1
,,,,,392999,6984.4556,1000,,,,,,,,
,,,,,393000,,,-623.0093383789062,-5.425933837890625,3.004167079925537,621.271240234375,620.8124389648438,0.0003,0.0003,0.1
,,,,,393999,6855.3984,1000,,,,,,,,
,,,,,394000,,,-624.24609375,-5.587137699127197,4.461033821105957,622.8896484375,622.5489501953125,0.0003,0.0003,0.1
,,,,,394999,6168.9893,1000,,,,,,,,
6705.0713,251.30092,6914.772,5985.709,1000.0,395000,,,-622.7112426757812,-5.437778472900391,4.451602935791016,620.93505859375,620.99267578125,0.0003,0.0003,0.1
,,,,,395999,6141.7314,1000,,,,,,,,
,,,,,396000,,,-622.9234008789062,-5.296140670776367,4.478366374969482,621.1289672851562,621.4500122070312,0.0003,0.0003,0.1
,,,,,396999,6581.5503,1000,,,,,,,,
,,,,,397000,,,-622.2454833984375,-5.894292831420898,3.1824233531951904,620.7958984375,620.4120483398438,0.0003,0.0003,0.1
,,,,,397999,6948.0405,1000,,,,,,,,
,,,,,398000,,,-624.3173828125,-5.267281532287598,5.687826633453369,622.6396484375,622.6080322265625,0.0003,0.0003,0.1
,,,,,398999,7043.072,1000,,,,,,,,
,,,,,399000,,,-625.4013061523438,-5.454601764678955,5.178649425506592,623.638671875,623.5270385742188,0.0003,0.0003,0.1
,,,,,399999,6508.7046,1000,,,,,,,,
6702.1587,413.85532,7102.1016,6038.0474,1000.0,400000,,,-631.3494262695312,-5.515944004058838,3.7651915550231934,629.8211669921875,629.7694091796875,0.0003,0.0003,0.1
,,,,,400999,7142.927,1000,,,,,,,,
,,,,,401000,,,-628.7611694335938,-5.958650588989258,20.835613250732422,627.27978515625,626.8271484375,0.0003,0.0003,0.1
,,,,,401999,6984.5205,1000,,,,,,,,
,,,,,402000,,,-630.7445678710938,-5.5841145515441895,4.159097671508789,629.0323486328125,629.1212768554688,0.0003,0.0003,0.1
,,,,,402999,7092.979,1000,,,,,,,,
,,,,,403000,,,-628.8804321289062,-5.398492336273193,4.274794578552246,627.3739624023438,627.09716796875,0.0003,0.0003,0.1
,,,,,403999,7047.4287,1000,,,,,,,,
,,,,,404000,,,-635.8952026367188,-5.901581287384033,3.819784641265869,634.5709228515625,634.2008666992188,0.0003,0.0003,0.1
,,,,,404999,5853.8,1000,,,,,,,,
7018.5654,97.03642,7122.6045,6804.7607,1000.0,405000,,,-630.2225952148438,-5.579103946685791,3.595271110534668,628.6470947265625,629.1637573242188,0.0003,0.0003,0.1
,,,,,405999,6881.4004,1000,,,,,,,,
,,,,,406000,,,-635.6871948242188,-5.918607711791992,4.418977737426758,633.6884765625,633.7826538085938,0.0003,0.0003,0.1
,,,,,406999,7053.7285,1000,,,,,,,,
,,,,,407000,,,-629.6057739257812,-5.207089424133301,3.75484561920166,628.0262451171875,628.22314453125,0.0003,0.0003,0.1
,,,,,407999,7197.9795,1000,,,,,,,,
,,,,,408000,,,-638.3017578125,-5.139192581176758,4.046083450317383,636.471923828125,636.4603271484375,0.0003,0.0003,0.1
,,,,,408999,7095.4434,1000,,,,,,,,
,,,,,409000,,,-640.8887329101562,-5.453732013702393,6.78877592086792,639.768310546875,639.5336303710938,0.0003,0.0003,0.1
,,,,,409999,7165.286,1000,,,,,,,,
7068.276,103.556816,7204.231,6868.153,1000.0,410000,,,-630.977783203125,-5.45318603515625,5.3333306312561035,629.292236328125,629.2701416015625,0.0003,0.0003,0.1
,,,,,410999,6974.146,1000,,,,,,,,
,,,,,411000,,,-636.7611694335938,-5.214839935302734,4.723691940307617,635.2551879882812,635.0269775390625,0.0003,0.0003,0.1
,,,,,411999,6892.0645,1000,,,,,,,,
,,,,,412000,,,-633.5878295898438,-5.163871765136719,4.087188243865967,631.9851684570312,632.1739501953125,0.0003,0.0003,0.1
,,,,,412999,7072.7104,1000,,,,,,,,
,,,,,413000,,,-628.2225341796875,-5.8174285888671875,3.3708183765411377,626.2181396484375,626.39990234375,0.0003,0.0003,0.1
,,,,,413999,7205.8584,1000,,,,,,,,
,,,,,414000,,,-643.27783203125,-5.355125427246094,4.150191783905029,641.9664306640625,641.9328002929688,0.0003,0.0003,0.1
,,,,,414999,7128.146,1000,,,,,,,,
7152.208,75.43076,7287.9746,7034.734,1000.0,415000,,,-641.7327270507812,-5.792112350463867,4.812857627868652,640.3090209960938,640.0565795898438,0.0003,0.0003,0.1
,,,,,415999,7146.128,1000,,,,,,,,
,,,,,416000,,,-633.7085571289062,-5.852002143859863,4.005003929138184,632.0618896484375,632.095703125,0.0003,0.0003,0.1
,,,,,416999,7246.199,1000,,,,,,,,
,,,,,417000,,,-642.7171630859375,-5.420586109161377,3.2929067611694336,641.0364990234375,641.2237548828125,0.0003,0.0003,0.1
,,,,,417999,7254.465,1000,,,,,,,,
,,,,,418000,,,-635.9818115234375,-5.748453140258789,4.237603664398193,634.470947265625,634.450927734375,0.0003,0.0003,0.1
,,,,,418999,7193.3525,1000,,,,,,,,
,,,,,419000,,,-641.5009155273438,-5.76943826675415,3.113035202026367,640.06103515625,639.8836669921875,0.0003,0.0003,0.1
,,,,,419999,7182.293,1000,,,,,,,,
7231.7485,54.549713,7290.414,7098.318,1000.0,420000,,,-640.70263671875,-5.32827091217041,4.155453681945801,639.0259399414062,639.2103271484375,0.0003,0.0003,0.1
,,,,,420999,6330.3564,1000,,,,,,,,
,,,,,421000,,,-642.500732421875,-5.494054794311523,4.438276290893555,640.9417724609375,640.965087890625,0.0003,0.0003,0.1
,,,,,421999,6897.5215,1000,,,,,,,,
,,,,,422000,,,-647.1460571289062,-5.53488302230835,4.340910911560059,645.6737060546875,645.9129638671875,0.0003,0.0003,0.1
,,,,,422999,7073.7935,1000,,,,,,,,
,,,,,423000,,,-645.4218139648438,-5.2415056228637695,3.412468910217285,643.567138671875,643.5991821289062,0.0003,0.0003,0.1
,,,,,423999,6742.866,1000,,,,,,,,
,,,,,424000,,,-637.9100952148438,-6.162647724151611,4.231659412384033,636.102783203125,636.3935546875,0.0003,0.0003,0.1
,,,,,424999,7118.662,1000,,,,,,,,
7097.8228,358.45142,7336.8,6039.594,1000.0,425000,,,-648.179443359375,-4.979092597961426,6.76103401184082,646.4497680664062,646.0784301757812,0.0003,0.0003,0.1
,,,,,425999,6296.228,1000,,,,,,,,
,,,,,426000,,,-650.2230224609375,-5.479617118835449,3.2366976737976074,648.5904541015625,648.849609375,0.0003,0.0003,0.1
,,,,,426999,7295.179,1000,,,,,,,,
,,,,,427000,,,-646.1677856445312,-6.069601058959961,3.4969780445098877,644.7582397460938,644.9862670898438,0.0003,0.0003,0.1
,,,,,427999,7226.6104,1000,,,,,,,,
,,,,,428000,,,-651.0746459960938,-5.243757247924805,5.095559120178223,649.1665649414062,649.2022705078125,0.0003,0.0003,0.1
,,,,,428999,7211.6567,1000,,,,,,,,
,,,,,429000,,,-650.0737915039062,-5.668582916259766,3.781398057937622,648.6279907226562,648.8216552734375,0.0003,0.0003,0.1
,,,,,429999,7315.2017,1000,,,,,,,,
7205.095,272.52243,7414.6895,6440.227,1000.0,430000,,,-644.8921508789062,-5.305758953094482,4.6351165771484375,643.138671875,643.261474609375,0.0003,0.0003,0.1
,,,,,430999,7191.2256,1000,,,,,,,,
,,,,,431000,,,-648.8414306640625,-5.670198440551758,4.143871307373047,646.865478515625,646.9798583984375,0.0003,0.0003,0.1
,,,,,431999,7375.643,1000,,,,,,,,
,,,,,432000,,,-646.7716674804688,-5.65397310256958,4.111140251159668,645.1781005859375,645.487060546875,0.0003,0.0003,0.1
,,,,,432999,6651.323,1000,,,,,,,,
,,,,,433000,,,-649.7618408203125,-5.865331172943115,6.137950897216797,647.85791015625,647.877685546875,0.0003,0.0003,0.1
,,,,,433999,5338.575,1000,,,,,,,,
,,,,,434000,,,-653.7997436523438,-4.914578437805176,3.445384979248047,651.9666748046875,651.9437255859375,0.0003,0.0003,0.1
,,,,,434999,7312.799,1000,,,,,,,,
7318.758,53.72977,7392.5137,7216.641,1000.0,435000,,,-653.5059204101562,-5.226061820983887,4.073317050933838,651.738037109375,651.475830078125,0.0003,0.0003,0.1
,,,,,435999,7317.38,1000,,,,,,,,
,,,,,436000,,,-655.872802734375,-5.937615394592285,12.069316864013672,654.05419921875,653.8897705078125,0.0003,0.0003,0.1
,,,,,436999,6634.3994,1000,,,,,,,,
,,,,,437000,,,-651.2445068359375,-6.022611618041992,4.15606164932251,649.5648803710938,649.2218627929688,0.0003,0.0003,0.1
,,,,,437999,7243.191,1000,,,,,,,,
,,,,,438000,,,-654.1300048828125,-5.4115095138549805,4.764410018920898,652.433837890625,652.742431640625,0.0003,0.0003,0.1
,,,,,438999,7284.646,1000,,,,,,,,
,,,,,439000,,,-663.8372802734375,-5.25543212890625,3.9827969074249268,662.4216918945312,662.5917358398438,0.0003,0.0003,0.1
,,,,,439999,7356.8633,1000,,,,,,,,
7428.1963,52.376984,7547.554,7359.953,1000.0,440000,,,-659.1964111328125,-5.844540119171143,4.995532035827637,657.6456909179688,657.4426879882812,0.0003,0.0003,0.1
,,,,,440999,7331.7095,1000,,,,,,,,
,,,,,441000,,,-649.7437133789062,-6.061129093170166,3.644699811935425,647.8463134765625,647.9129028320312,0.0003,0.0003,0.1
,,,,,441999,7233.099,1000,,,,,,,,
,,,,,442000,,,-660.5120239257812,-5.887243270874023,3.800765037536621,658.8922119140625,659.281494140625,0.0003,0.0003,0.1
,,,,,442999,7465.014,1000,,,,,,,,
,,,,,443000,,,-658.2034301757812,-6.0379180908203125,3.5004026889801025,656.4678344726562,656.5963134765625,0.0003,0.0003,0.1
,,,,,443999,7341.6416,1000,,,,,,,,
,,,,,444000,,,-658.1614990234375,-5.740439414978027,6.294013023376465,656.4898681640625,656.5689697265625,0.0003,0.0003,0.1
,,,,,444999,7461.4385,1000,,,,,,,,
7441.1616,63.814198,7519.597,7330.916,1000.0,445000,,,-660.9329223632812,-5.604248046875,4.901249885559082,659.55908203125,658.8741455078125,0.0003,0.0003,0.1
,,,,,445999,7187.805,1000,,,,,,,,
,,,,,446000,,,-656.0023193359375,-6.084259986877441,3.8601174354553223,653.9122314453125,654.2354125976562,0.0003,0.0003,0.1
,,,,,446999,7206.4497,1000,,,,,,,,
,,,,,447000,,,-657.8536987304688,-5.265631675720215,4.301324367523193,656.20361328125,656.1525268554688,0.0003,0.0003,0.1
,,,,,447999,7490.708,1000,,,,,,,,
,,,,,448000,,,-666.4851684570312,-5.682865619659424,3.1845576763153076,664.6495361328125,664.8773803710938,0.0003,0.0003,0.1
,,,,,448999,7499.0903,1000,,,,,,,,
,,,,,449000,,,-661.1069946289062,-5.4866719245910645,5.974372386932373,659.3949584960938,659.2904663085938,0.0003,0.0003,0.1
,,,,,449999,7531.059,1000,,,,,,,,
7509.225,52.955593,7575.285,7383.738,1000.0,450000,,,-663.144287109375,-5.685569763183594,4.958827018737793,661.6976318359375,662.072021484375,0.0003,0.0003,0.1
,,,,,450999,7381.021,1000,,,,,,,,
,,,,,451000,,,-666.1121826171875,-5.8800201416015625,5.111955165863037,664.248046875,664.665283203125,0.0003,0.0003,0.1
,,,,,451999,7440.9604,1000,,,,,,,,
,,,,,452000,,,-667.4216918945312,-5.389688491821289,4.3006391525268555,665.6424560546875,665.8287353515625,0.0003,0.0003,0.1
,,,,,452999,7477.801,1000,,,,,,,,
,,,,,453000,,,-667.1865234375,-6.071666240692139,4.022884368896484,665.3380126953125,665.5790405273438,0.0003,0.0003,0.1
,,,,,453999,7511.103,1000,,,,,,,,
,,,,,454000,,,-664.2982788085938,-5.381464004516602,4.22566032409668,662.33984375,662.5450439453125,0.0003,0.0003,0.1
,,,,,454999,7432.9136,1000,,,,,,,,
7446.2266,457.89578,7732.4575,6080.7935,1000.0,455000,,,-672.183349609375,-5.90977668762207,4.870222091674805,670.512451171875,670.3863525390625,0.0003,0.0003,0.1
,,,,,455999,7545.799,1000,,,,,,,,
,,,,,456000,,,-670.4757690429688,-5.523787498474121,3.6009445190429688,668.5738525390625,668.746826171875,0.0003,0.0003,0.1
,,,,,456999,7627.32,1000,,,,,,,,
,,,,,457000,,,-664.1873168945312,-5.867086410522461,4.494875431060791,662.202392578125,661.9553833007812,0.0003,0.0003,0.1
,,,,,457999,7418.87,1000,,,,,,,,
,,,,,458000,,,-670.96044921875,-5.8732123374938965,4.031123161315918,669.121826171875,669.4808349609375,0.0003,0.0003,0.1
,,,,,458999,7544.664,1000,,,,,,,,
,,,,,459000,,,-675.4537963867188,-5.5838093757629395,3.3575539588928223,673.3857421875,673.3937377929688,0.0003,0.0003,0.1
,,,,,459999,7512.564,1000,,,,,,,,
7626.0874,38.374203,7687.1514,7549.2744,1000.0,460000,,,-669.5027465820312,-5.893895626068115,4.938503265380859,667.849853515625,667.9273681640625,0.0003,0.0003,0.1
,,,,,460999,7419.676,1000,,,,,,,,
,,,,,461000,,,-673.6451416015625,-6.001923084259033,4.526826858520508,671.9779663085938,671.783203125,0.0003,0.0003,0.1
,,,,,461999,7471.9,1000,,,,,,,,
,,,,,462000,,,-674.7979125976562,-5.309206962585449,3.5167782306671143,672.956298828125,673.09423828125,0.0003,0.0003,0.1
,,,,,462999,7625.325,1000,,,,,,,,
,,,,,463000,,,-668.7598876953125,-6.089964866638184,3.4536070823669434,666.790283203125,666.85498046875,0.0003,0.0003,0.1
,,,,,463999,7499.3726,1000,,,,,,,,
,,,,,464000,,,-681.5991821289062,-6.016894817352295,5.689932823181152,680.2113647460938,680.081298828125,0.0003,0.0003,0.1
,,,,,464999,7681.0273,1000,,,,,,,,
7176.069,575.2201,7660.432,5693.062,1000.0,465000,,,-677.1911010742188,-5.913863658905029,4.790794372558594,675.6502685546875,675.264404296875,0.0003,0.0003,0.1
,,,,,465999,7538.9424,1000,,,,,,,,
,,,,,466000,,,-672.1117553710938,-5.459849834442139,12.377174377441406,670.4198608398438,670.4370727539062,0.0003,0.0003,0.1
,,,,,466999,7644.426,1000,,,,,,,,
,,,,,467000,,,-676.455078125,-5.801945686340332,3.124643564224243,674.8948364257812,674.7782592773438,0.0003,0.0003,0.1
,,,,,467999,7628.6313,1000,,,,,,,,
,,,,,468000,,,-674.9629516601562,-6.007875442504883,3.8620455265045166,673.140869140625,672.9610595703125,0.0003,0.0003,0.1
,,,,,468999,7632.4023,1000,,,,,,,,
,,,,,469000,,,-675.3499145507812,-6.120046615600586,4.218254089355469,673.8333740234375,673.9150390625,0.0003,0.0003,0.1
,,,,,469999,7545.5376,1000,,,,,,,,
7762.376,59.207787,7865.5376,7633.554,1000.0,470000,,,-686.787841796875,-5.955986976623535,4.918656349182129,685.2611694335938,685.139404296875,0.0003,0.0003,0.1
,,,,,470999,7509.4673,1000,,,,,,,,
,,,,,471000,,,-681.01220703125,-5.867806434631348,27.510622024536133,680.122802734375,679.207275390625,0.0003,0.0003,0.1
,,,,,471999,7073.5693,1000,,,,,,,,
,,,,,472000,,,-681.203369140625,-5.4759650230407715,3.34859037399292,679.5615234375,679.8428955078125,0.0003,0.0003,0.1
,,,,,472999,7724.868,1000,,,,,,,,
,,,,,473000,,,-679.9248657226562,-6.149454116821289,4.596129894256592,678.28076171875,678.0490112304688,0.0003,0.0003,0.1
,,,,,473999,7658.1597,1000,,,,,,,,
,,,,,474000,,,-683.2354736328125,-5.929912567138672,5.153663635253906,681.9407348632812,682.1773071289062,0.0003,0.0003,0.1
,,,,,474999,7826.584,1000,,,,,,,,
7673.7705,75.39976,7834.9307,7532.4556,1000.0,475000,,,-683.7326049804688,-5.438834190368652,3.1144044399261475,681.8240966796875,681.9036865234375,0.0003,0.0003,0.1
,,,,,475999,7649.5117,1000,,,,,,,,
,,,,,476000,,,-679.1538696289062,-5.622926712036133,4.248540878295898,677.4591064453125,677.1549072265625,0.0003,0.0003,0.1
,,,,,476999,7751.7236,1000,,,,,,,,
,,,,,477000,,,-684.2987670898438,-5.864161014556885,8.355881690979004,682.6844482421875,682.3917236328125,0.0003,0.0003,0.1
,,,,,477999,7727.15,1000,,,,,,,,
,,,,,478000,,,-681.2022705078125,-6.005275726318359,3.8994200229644775,679.3468017578125,679.6092529296875,0.0003,0.0003,0.1
,,,,,478999,7750.046,1000,,,,,,,,
,,,,,479000,,,-681.8937377929688,-5.6279377937316895,5.749066352844238,680.3510131835938,680.2077026367188,0.0003,0.0003,0.1
,,,,,479999,7620.002,1000,,,,,,,,
7740.3203,93.41207,7866.746,7510.237,1000.0,480000,,,-691.041259765625,-5.592525005340576,4.725277900695801,689.488037109375,689.5533447265625,0.0003,0.0003,0.1
,,,,,480999,7537.2285,1000,,,,,,,,
,,,,,481000,,,-692.4281005859375,-6.175514221191406,3.3622725009918213,690.995361328125,691.1766357421875,0.0003,0.0003,0.1
,,,,,481999,7779.6895,1000,,,,,,,,
,,,,,482000,,,-687.3280029296875,-6.010746955871582,3.792703866958618,685.5230712890625,685.3823852539062,0.0003,0.0003,0.1
,,,,,482999,7502.0254,1000,,,,,,,,
,,,,,483000,,,-689.4166259765625,-6.017278671264648,3.393664598464966,687.396240234375,687.431640625,0.0003,0.0003,0.1
,,,,,483999,7340.672,1000,,,,,,,,
,,,,,484000,,,-691.9188842773438,-5.577116966247559,4.240483283996582,690.2791137695312,690.364013671875,0.0003,0.0003,0.1
,,,,,484999,7793.587,1000,,,,,,,,
7774.8,174.64317,7934.601,7305.556,1000.0,485000,,,-681.30908203125,-6.324726581573486,5.462523460388184,679.480712890625,679.632568359375,0.0003,0.0003,0.1
,,,,,485999,7740.559,1000,,,,,,,,
,,,,,486000,,,-698.9706420898438,-5.472582817077637,3.6119446754455566,697.1864624023438,697.137451171875,0.0003,0.0003,0.1
,,,,,486999,6492.083,1000,,,,,,,,
,,,,,487000,,,-679.2717895507812,-6.296970367431641,6.55877685546875,677.558837890625,677.509765625,0.0003,0.0003,0.1
,,,,,487999,7771.932,1000,,,,,,,,
,,,,,488000,,,-695.2109375,-5.610455513000488,3.2252702713012695,693.3096313476562,693.29296875,0.0003,0.0003,0.1
,,,,,488999,7877.326,1000,,,,,,,,
,,,,,489000,,,-691.7882080078125,-6.035374641418457,6.266454696655273,689.9063720703125,690.0670166015625,0.0003,0.0003,0.1
,,,,,489999,7820.516,1000,,,,,,,,
7935.621,48.026894,8007.545,7828.0474,1000.0,490000,,,-697.3297729492188,-6.109003067016602,5.2654571533203125,695.7979736328125,696.068603515625,0.0003,0.0003,0.1
,,,,,490999,7812.6777,1000,,,,,,,,
,,,,,491000,,,-698.1472778320312,-5.802582263946533,4.540486812591553,696.6676025390625,696.996826171875,0.0003,0.0003,0.1
,,,,,491999,7810.5938,1000,,,,,,,,
,,,,,492000,,,-696.4358520507812,-6.018429279327393,5.335577011108398,694.3377685546875,694.2373046875,0.0003,0.0003,0.1
,,,,,492999,7284.158,1000,,,,,,,,
,,,,,493000,,,-696.3208618164062,-5.877436637878418,5.102344989776611,694.6048583984375,694.8372192382812,0.0003,0.0003,0.1
,,,,,493999,6770.1255,1000,,,,,,,,
,,,,,494000,,,-696.2736206054688,-6.067264556884766,5.4764204025268555,694.552978515625,694.487548828125,0.0003,0.0003,0.1
,,,,,494999,7958.049,1000,,,,,,,,
7930.4844,143.1945,8077.8047,7530.709,1000.0,495000,,,-699.4744873046875,-6.530991554260254,5.116473197937012,698.03173828125,698.0402221679688,0.0003,0.0003,0.1
,,,,,495999,7752.1953,1000,,,,,,,,
,,,,,496000,,,-696.3961791992188,-6.026006698608398,7.206796646118164,694.6443481445312,694.7423095703125,0.0003,0.0003,0.1
,,,,,496999,7522.1733,1000,,,,,,,,
,,,,,497000,,,-701.1385498046875,-5.735504150390625,3.9480957984924316,699.4718627929688,699.4794921875,0.0003,0.0003,0.1
,,,,,497999,7697.713,1000,,,,,,,,
,,,,,498000,,,-700.54443359375,-5.535625457763672,3.6743416786193848,699.2144775390625,699.238525390625,0.0003,0.0003,0.1
,,,,,498999,7025.6787,1000,,,,,,,,
,,,,,499000,,,-701.2811889648438,-5.865910053253174,5.710524082183838,699.654541015625,699.21484375,0.0003,0.0003,0.1
,,,,,499999,7896.533,1000,,,,,,,,
7937.7705,52.58975,8004.9233,7843.0674,1000.0,500000,,,-698.9583740234375,-6.386993885040283,4.262396812438965,696.901611328125,697.0932006835938,0.0003,0.0003,0.1
,,,,,500999,7328.992,1000,,,,,,,,
,,,,,501000,,,-697.8784790039062,-5.946700572967529,6.234316825866699,695.5172119140625,695.6240844726562,0.0003,0.0003,0.1
,,,,,501999,7759.3516,1000,,,,,,,,
,,,,,502000,,,-701.6660766601562,-5.851942539215088,4.499270915985107,700.217529296875,700.2251586914062,0.0003,0.0003,0.1
,,,,,502999,7938.711,1000,,,,,,,,
,,,,,503000,,,-698.4058227539062,-5.674509048461914,5.381218910217285,696.8262939453125,696.7227783203125,0.0003,0.0003,0.1
,,,,,503999,7841.601,1000,,,,,,,,
,,,,,504000,,,-706.7615356445312,-5.7698163986206055,5.3756103515625,705.6380615234375,705.1887817382812,0.0003,0.0003,0.1
,,,,,504999,7709.501,1000,,,,,,,,
7125.0,525.0441,7931.9873,6445.174,1000.0,505000,,,-705.715576171875,-5.9253950119018555,6.242985725402832,704.0819091796875,703.8668212890625,0.0003,0.0003,0.1
,,,,,505999,7806.458,1000,,,,,,,,
,,,,,506000,,,-712.0291748046875,-6.739579677581787,5.252524375915527,709.7327880859375,709.6104736328125,0.0003,0.0003,0.1
,,,,,506999,7790.8384,1000,,,,,,,,
,,,,,507000,,,-705.326171875,-5.429032325744629,3.6550228595733643,703.5086059570312,703.5549926757812,0.0003,0.0003,0.1
,,,,,507999,7744.7153,1000,,,,,,,,
,,,,,508000,,,-699.4662475585938,-5.655983924865723,3.4289259910583496,697.3638305664062,697.2817993164062,0.0003,0.0003,0.1
,,,,,508999,7925.9126,1000,,,,,,,,
,,,,,509000,,,-710.65576171875,-6.251285552978516,4.627700328826904,709.3294677734375,709.4789428710938,0.0003,0.0003,0.1
,,,,,509999,7835.732,1000,,,,,,,,
7972.2446,67.20345,8074.0386,7857.1206,1000.0,510000,,,-709.1812133789062,-6.264403343200684,6.365476608276367,707.4684448242188,706.9656372070312,0.0003,0.0003,0.1
,,,,,510999,7628.5815,1000,,,,,,,,
,,,,,511000,,,-710.485595703125,-5.870173454284668,4.354283332824707,708.55517578125,708.385498046875,0.0003,0.0003,0.1
,,,,,511999,7871.513,1000,,,,,,,,
,,,,,512000,,,-707.5233764648438,-6.13196325302124,3.760777473449707,705.4117431640625,705.2540283203125,0.0003,0.0003,0.1
,,,,,512999,7981.2285,1000,,,,,,,,
,,,,,513000,,,-701.6796875,-6.192328453063965,6.399369239807129,699.26806640625,699.5509033203125,0.0003,0.0003,0.1
,,,,,513999,7887.063,1000,,,,,,,,
,,,,,514000,,,-714.4036865234375,-6.440813064575195,6.568412780761719,711.9813232421875,712.7279052734375,0.0003,0.0003,0.1
,,,,,514999,7892.234,1000,,,,,,,,
7974.1772,84.49825,8115.4414,7807.2207,1000.0,515000,,,-712.2468872070312,-5.930992126464844,4.969141960144043,710.244384765625,710.4512329101562,0.0003,0.0003,0.1
,,,,,515999,8036.9746,1000,,,,,,,,
,,,,,516000,,,-716.449462890625,-6.717374801635742,5.067719459533691,714.89208984375,714.5408935546875,0.0003,0.0003,0.1
,,,,,516999,8034.7075,1000,,,,,,,,
,,,,,517000,,,-707.6021118164062,-6.500571250915527,5.965500354766846,705.4658813476562,705.560791015625,0.0003,0.0003,0.1
,,,,,517999,7937.556,1000,,,,,,,,
,,,,,518000,,,-713.2891235351562,-6.25441837310791,5.294199466705322,711.9228515625,711.5770263671875,0.0003,0.0003,0.1
,,,,,518999,8049.163,1000,,,,,,,,
,,,,,519000,,,-717.9823608398438,-6.303742408752441,5.588041305541992,716.0816040039062,716.1943969726562,0.0003,0.0003,0.1
,,,,,519999,7994.7607,1000,,,,,,,,
8050.3696,49.97876,8125.346,7954.68,1000.0,520000,,,-718.4164428710938,-6.535300254821777,5.888266563415527,716.721923828125,716.1425170898438,0.0003,0.0003,0.1
,,,,,520999,8139.533,1000,,,,,,,,
,,,,,521000,,,-720.252685546875,-6.630460739135742,9.52742862701416,719.0272216796875,718.4918212890625,0.0003,0.0003,0.1
,,,,,521999,7974.227,1000,,,,,,,,
,,,,,522000,,,-724.7885131835938,-5.86568546295166,4.449354648590088,722.9452514648438,723.368896484375,0.0003,0.0003,0.1
,,,,,522999,8049.8325,1000,,,,,,,,
,,,,,523000,,,-716.7538452148438,-6.217231750488281,5.909789562225342,714.8634033203125,714.9685668945312,0.0003,0.0003,0.1
,,,,,523999,7591.602,1000,,,,,,,,
,,,,,524000,,,-715.9500122070312,-5.931563377380371,4.303828716278076,714.0833740234375,714.2387084960938,0.0003,0.0003,0.1
,,,,,524999,7143.1255,1000,,,,,,,,
7995.6846,45.724083,8066.68,7901.833,1000.0,525000,,,-722.545166015625,-5.899374485015869,5.577686309814453,720.9015502929688,720.6068725585938,0.0003,0.0003,0.1
,,,,,525999,7986.959,1000,,,,,,,,
,,,,,526000,,,-721.77197265625,-6.492839336395264,5.128668785095215,720.0042724609375,720.233642578125,0.0003,0.0003,0.1
,,,,,526999,8041.2915,1000,,,,,,,,
,,,,,527000,,,-718.21484375,-6.164395332336426,5.214818000793457,716.6968994140625,716.3660888671875,0.0003,0.0003,0.1
,,,,,527999,7970.9946,1000,,,,,,,,
,,,,,528000,,,-713.1661376953125,-6.2167649269104,4.243528366088867,711.5615234375,711.509765625,0.0003,0.0003,0.1
,,,,,528999,8143.054,1000,,,,,,,,
,,,,,529000,,,-721.0916748046875,-6.118091583251953,3.974332094192505,719.4324340820312,719.244384765625,0.0003,0.0003,0.1
,,,,,529999,7978.389,1000,,,,,,,,
6199.301,1049.8116,7328.064,3777.9436,1000.0,530000,,,-726.1378173828125,-6.854299545288086,8.261689186096191,724.6212158203125,724.2740478515625,0.0003,0.0003,0.1
,,,,,530999,8065.063,1000,,,,,,,,
,,,,,531000,,,-722.1796264648438,-6.5462446212768555,7.154082298278809,720.8583374023438,721.0641479492188,0.0003,0.0003,0.1
,,,,,531999,7988.5063,1000,,,,,,,,
,,,,,532000,,,-714.691650390625,-6.271453857421875,4.701790809631348,712.6236572265625,712.783447265625,0.0003,0.0003,0.1
,,,,,532999,8012.7695,1000,,,,,,,,
,,,,,533000,,,-731.8130493164062,-5.772284507751465,4.992788314819336,730.3795776367188,730.109375,0.0003,0.0003,0.1
,,,,,533999,8112.388,1000,,,,,,,,
,,,,,534000,,,-729.4937133789062,-6.564975738525391,4.297427177429199,728.175048828125,728.1398315429688,0.0003,0.0003,0.1
,,,,,534999,7972.544,1000,,,,,,,,
8171.5986,76.34802,8296.01,8009.509,1000.0,535000,,,-721.920166015625,-6.176471710205078,4.124744415283203,720.2294311523438,720.01904296875,0.0003,0.0003,0.1
,,,,,535999,8115.7085,1000,,,,,,,,
,,,,,536000,,,-729.3383178710938,-6.615483283996582,6.733139991760254,727.3856201171875,727.0969848632812,0.0003,0.0003,0.1
,,,,,536999,8097.307,1000,,,,,,,,
,,,,,537000,,,-729.3029174804688,-5.960640907287598,6.365921974182129,727.371826171875,727.833740234375,0.0003,0.0003,0.1
,,,,,537999,8183.8994,1000,,,,,,,,
,,,,,538000,,,-728.9461669921875,-6.166654586791992,5.139954090118408,726.95068359375,727.375,0.0003,0.0003,0.1
,,,,,538999,7964.104,1000,,,,,,,,
,,,,,539000,,,-729.4138793945312,-6.063719272613525,5.308035373687744,727.6142578125,727.8126220703125,0.0003,0.0003,0.1
,,,,,539999,8046.011,1000,,,,,,,,
8043.874,422.9566,8245.711,6788.298,1000.0,540000,,,-725.0305786132812,-6.4131293296813965,4.977479934692383,723.0428466796875,723.189208984375,0.0003,0.0003,0.1
,,,,,540999,8180.0864,1000,,,,,,,,
,,,,,541000,,,-724.8862915039062,-6.7018022537231445,4.5667643547058105,722.8992919921875,722.7518310546875,0.0003,0.0003,0.1
,,,,,541999,8102.217,1000,,,,,,,,
,,,,,542000,,,-722.6751708984375,-6.920427322387695,4.5279717445373535,720.9627685546875,720.8956298828125,0.0003,0.0003,0.1
,,,,,542999,8155.3945,1000,,,,,,,,
,,,,,543000,,,-733.456787109375,-6.178717613220215,3.40336537361145,731.2950439453125,731.2479858398438,0.0003,0.0003,0.1
,,,,,543999,7956.548,1000,,,,,,,,
,,,,,544000,,,-731.8248291015625,-6.03067684173584,7.663960933685303,729.8525390625,729.7056884765625,0.0003,0.0003,0.1
,,,,,544999,8214.456,1000,,,,,,,,
5239.505,827.286,6140.9336,3407.351,1000.0,545000,,,-732.6823120117188,-5.837975978851318,6.304670333862305,730.7117919921875,730.9017333984375,0.0003,0.0003,0.1
,,,,,545999,8186.8354,1000,,,,,,,,
,,,,,546000,,,-728.6648559570312,-6.186917304992676,8.34721565246582,727.0137329101562,726.6928100585938,0.0003,0.0003,0.1
,,,,,546999,8208.281,1000,,,,,,,,
,,,,,547000,,,-735.4908447265625,-6.184225559234619,3.875917434692383,734.3829345703125,734.291015625,0.0003,0.0003,0.1
,,,,,547999,8223.424,1000,,,,,,,,
,,,,,548000,,,-730.1483764648438,-6.537963390350342,8.094525337219238,728.153564453125,728.4810180664062,0.0003,0.0003,0.1
,,,,,548999,7945.4985,1000,,,,,,,,
,,,,,549000,,,-742.0156860351562,-5.9688005447387695,4.580951690673828,740.1947021484375,740.081298828125,0.0003,0.0003,0.1
,,,,,549999,8268.908,1000,,,,,,,,
8187.893,60.024364,8282.659,8113.83,1000.0,550000,,,-736.0680541992188,-6.040017127990723,5.945709705352783,734.228271484375,734.3150024414062,0.0003,0.0003,0.1
,,,,,550999,7979.1597,1000,,,,,,,,
,,,,,551000,,,-731.6371459960938,-6.20235538482666,4.690029621124268,729.8345947265625,729.6254272460938,0.0003,0.0003,0.1
,,,,,551999,7891.7,1000,,,,,,,,
,,,,,552000,,,-738.829345703125,-6.396550178527832,4.428350925445557,737.017333984375,737.1422119140625,0.0003,0.0003,0.1
,,,,,552999,8196.19,1000,,,,,,,,
,,,,,553000,,,-730.1669311523438,-6.263846397399902,5.0708208084106445,728.0692138671875,728.2490234375,0.0003,0.0003,0.1
,,,,,553999,8056.491,1000,,,,,,,,
,,,,,554000,,,-740.8013916015625,-6.551263809204102,5.062114715576172,739.0167236328125,739.0277099609375,0.0003,0.0003,0.1
,,,,,554999,8113.353,1000,,,,,,,,
8149.957,84.334854,8271.345,7976.71,1000.0,555000,,,-739.051513671875,-5.741480827331543,4.508910179138184,737.4904174804688,737.496826171875,0.0003,0.0003,0.1
,,,,,555999,8074.842,1000,,,,,,,,
,,,,,556000,,,-743.748779296875,-5.7526655197143555,4.61143684387207,742.4690551757812,742.2703857421875,0.0003,0.0003,0.1
,,,,,556999,8110.638,1000,,,,,,,,
,,,,,557000,,,-738.1445922851562,-6.553401947021484,5.013509273529053,736.76171875,736.7120361328125,0.0003,0.0003,0.1
,,,,,557999,8312.186,1000,,,,,,,,
,,,,,558000,,,-724.8291015625,-5.832508087158203,6.184760093688965,722.7828369140625,722.9368896484375,0.0003,0.0003,0.1
,,,,,558999,8271.156,1000,,,,,,,,
,,,,,559000,,,-731.866455078125,-6.432441234588623,3.9858264923095703,729.668212890625,729.8734741210938,0.0003,0.0003,0.1
,,,,,559999,8237.124,1000,,,,,,,,
8328.891,53.91166,8388.67,8216.0,1000.0,560000,,,-734.167724609375,-6.563442230224609,6.083914756774902,732.6026611328125,732.9034423828125,0.0003,0.0003,0.1
,,,,,560999,8141.933,1000,,,,,,,,
,,,,,561000,,,-744.8687744140625,-6.450270652770996,7.021102428436279,742.8225708007812,742.650634765625,0.0003,0.0003,0.1
,,,,,561999,8075.5264,1000,,,,,,,,
,,,,,562000,,,-731.2138061523438,-5.921220779418945,6.241225242614746,728.7685546875,728.8737182617188,0.0003,0.0003,0.1
,,,,,562999,8023.669,1000,,,,,,,,
,,,,,563000,,,-745.842529296875,-6.367225170135498,3.387968063354492,744.2890625,744.177001953125,0.0003,0.0003,0.1
,,,,,563999,8224.591,1000,,,,,,,,
,,,,,564000,,,-749.2381591796875,-5.982933044433594,5.374958038330078,747.851806640625,747.2879028320312,0.0003,0.0003,0.1
,,,,,564999,8199.39,1000,,,,,,,,
8356.615,52.956924,8432.344,8254.559,1000.0,565000,,,-745.27490234375,-6.206209182739258,6.781329154968262,743.7027587890625,743.1401977539062,0.0003,0.0003,0.1
,,,,,565999,8171.339,1000,,,,,,,,
,,,,,566000,,,-744.2899780273438,-6.367229461669922,4.640758514404297,742.3173217773438,742.6455078125,0.0003,0.0003,0.1
,,,,,566999,8242.221,1000,,,,,,,,
,,,,,567000,,,-744.2669067382812,-6.529885768890381,6.460522651672363,742.2459106445312,742.1469116210938,0.0003,0.0003,0.1
,,,,,567999,8095.2534,1000,,,,,,,,
,,,,,568000,,,-752.1321411132812,-5.89633846282959,5.885761737823486,750.4237060546875,750.5108642578125,0.0003,0.0003,0.1
,,,,,568999,8278.646,1000,,,,,,,,
,,,,,569000,,,-746.2216186523438,-5.990904331207275,5.345032691955566,744.1170654296875,744.2840576171875,0.0003,0.0003,0.1
,,,,,569999,8226.75,1000,,,,,,,,
7795.4893,419.65775,8202.595,6725.239,1000.0,570000,,,-748.8728637695312,-5.731377124786377,5.224798202514648,747.1370239257812,747.2201538085938,0.0003,0.0003,0.1
,,,,,570999,8371.236,1000,,,,,,,,
,,,,,571000,,,-750.767822265625,-5.81862211227417,5.821019172668457,749.2125244140625,749.3941040039062,0.0003,0.0003,0.1
,,,,,571999,8300.431,1000,,,,,,,,
,,,,,572000,,,-752.3995361328125,-6.336054801940918,5.375520706176758,750.5491333007812,751.0928955078125,0.0003,0.0003,0.1
,,,,,572999,8317.01,1000,,,,,,,,
,,,,,573000,,,-748.0758666992188,-6.6097307205200195,6.894225120544434,746.3983764648438,746.1212768554688,0.0003,0.0003,0.1
,,,,,573999,8189.8022,1000,,,,,,,,
,,,,,574000,,,-741.051513671875,-5.823304653167725,7.063721656799316,739.118408203125,739.489501953125,0.0003,0.0003,0.1
,,,,,574999,8184.635,1000,,,,,,,,
8418.149,36.32902,8485.805,8364.514,1000.0,575000,,,-743.967529296875,-6.047330856323242,4.645730018615723,742.0,742.3895263671875,0.0003,0.0003,0.1
,,,,,575999,8321.122,1000,,,,,,,,
,,,,,576000,,,-747.3077392578125,-6.094659805297852,5.078804969787598,745.2529296875,745.1040649414062,0.0003,0.0003,0.1
,,,,,576999,8392.562,1000,,,,,,,,
,,,,,577000,,,-748.974365234375,-6.145126819610596,5.38352108001709,746.3917236328125,746.24365234375,0.0003,0.0003,0.1
,,,,,577999,8262.333,1000,,,,,,,,
,,,,,578000,,,-754.0003051757812,-6.326864242553711,7.001523494720459,752.0266723632812,752.343994140625,0.0003,0.0003,0.1
,,,,,578999,8387.262,1000,,,,,,,,
,,,,,579000,,,-752.9757690429688,-6.083362102508545,8.217100143432617,751.610107421875,751.1991577148438,0.0003,0.0003,0.1
,,,,,579999,8422.902,1000,,,,,,,,
6992.714,964.4973,8077.615,5359.2573,1000.0,580000,,,-747.586181640625,-6.589128494262695,5.270727157592773,745.8419189453125,745.7069091796875,0.0003,0.0003,0.1
,,,,,580999,8385.868,1000,,,,,,,,
,,,,,581000,,,-762.7988891601562,-5.793067932128906,4.656833171844482,761.441162109375,761.066162109375,0.0003,0.0003,0.1
,,,,,581999,8281.375,1000,,,,,,,,
,,,,,582000,,,-759.568115234375,-6.55858039855957,4.589378356933594,757.6063842773438,757.7950439453125,0.0003,0.0003,0.1
,,,,,582999,8266.922,1000,,,,,,,,
,,,,,583000,,,-748.5399169921875,-5.9838666915893555,5.690257549285889,747.063720703125,747.1304931640625,0.0003,0.0003,0.1
,,,,,583999,8498.249,1000,,,,,,,,
,,,,,584000,,,-754.8588256835938,-6.2622833251953125,6.199235916137695,753.1632080078125,753.0792236328125,0.0003,0.0003,0.1
,,,,,584999,7571.5513,1000,,,,,,,,
8370.0625,48.44533,8479.269,8324.869,1000.0,585000,,,-753.2504272460938,-6.414329528808594,6.745038986206055,751.1373901367188,750.959716796875,0.0003,0.0003,0.1
,,,,,585999,8330.987,1000,,,,,,,,
,,,,,586000,,,-758.5604248046875,-5.654827117919922,4.3964080810546875,757.2042236328125,757.23779296875,0.0003,0.0003,0.1
,,,,,586999,8407.287,1000,,,,,,,,
,,,,,587000,,,-756.4215087890625,-6.242724895477295,8.585010528564453,754.6466674804688,754.1672973632812,0.0003,0.0003,0.1
,,,,,587999,8329.283,1000,,,,,,,,
,,,,,588000,,,-752.3026733398438,-6.178440093994141,6.536609649658203,750.2115478515625,750.3194580078125,0.0003,0.0003,0.1
,,,,,588999,8361.275,1000,,,,,,,,
,,,,,589000,,,-761.3130493164062,-6.0358405113220215,4.225827693939209,759.4315185546875,759.101318359375,0.0003,0.0003,0.1
,,,,,589999,8358.004,1000,,,,,,,,
8406.302,72.262856,8508.292,8228.364,1000.0,590000,,,-752.149658203125,-6.325849533081055,5.815858364105225,750.31689453125,750.5199584960938,0.0003,0.0003,0.1
,,,,,590999,8362.763,1000,,,,,,,,
,,,,,591000,,,-756.0311279296875,-5.680824279785156,4.88015079498291,754.24365234375,753.9925537109375,0.0003,0.0003,0.1
,,,,,591999,8457.657,1000,,,,,,,,
,,,,,592000,,,-761.8257446289062,-5.647563934326172,3.9597971439361572,760.6090087890625,760.1292724609375,0.0003,0.0003,0.1
,,,,,592999,7880.6606,1000,,,,,,,,
,,,,,593000,,,-753.0354614257812,-6.627378463745117,6.063673496246338,751.2212524414062,751.2432861328125,0.0003,0.0003,0.1
,,,,,593999,8422.675,1000,,,,,,,,
,,,,,594000,,,-759.798828125,-6.231456756591797,5.707988739013672,757.67529296875,758.1008911132812,0.0003,0.0003,0.1
,,,,,594999,8436.603,1000,,,,,,,,
8429.182,64.30699,8516.167,8307.611,1000.0,595000,,,-759.0951538085938,-6.015068054199219,8.46142578125,757.2244262695312,756.9381103515625,0.0003,0.0003,0.1
,,,,,595999,8411.501,1000,,,,,,,,
,,,,,596000,,,-760.6314697265625,-5.866428852081299,7.957462787628174,758.97314453125,758.7660522460938,0.0003,0.0003,0.1
,,,,,596999,8377.352,1000,,,,,,,,
,,,,,597000,,,-762.0416259765625,-6.1388044357299805,4.888289451599121,760.26611328125,760.3275146484375,0.0003,0.0003,0.1
,,,,,597999,8396.975,1000,,,,,,,,
,,,,,598000,,,-753.7186279296875,-6.468218803405762,6.857983589172363,752.0318603515625,752.005859375,0.0003,0.0003,0.1
,,,,,598999,8417.789,1000,,,,,,,,
,,,,,599000,,,-757.6144409179688,-6.348973751068115,5.741020202636719,755.5687255859375,755.6180419921875,0.0003,0.0003,0.1
,,,,,599999,8199.105,1000,,,,,,,,
8397.916,70.19932,8496.664,8255.806,1000.0,600000,,,-759.1980590820312,-6.23520565032959,4.825662612915039,757.4356689453125,757.4751586914062,0.0003,0.0003,0.1
,,,,,600999,8234.021,1000,,,,,,,,
,,,,,601000,,,-767.5519409179688,-6.076867580413818,4.246533393859863,766.0783081054688,766.0785522460938,0.0003,0.0003,0.1
,,,,,601999,6662.154,1000,,,,,,,,
,,,,,602000,,,-763.6185913085938,-6.714380264282227,6.720431804656982,761.890625,761.4960327148438,0.0003,0.0003,0.1
,,,,,602999,8311.453,1000,,,,,,,,
,,,,,603000,,,-768.0099487304688,-5.674339294433594,8.48440170288086,766.4601440429688,766.6458740234375,0.0003,0.0003,0.1
,,,,,603999,8489.659,1000,,,,,,,,
,,,,,604000,,,-763.97021484375,-6.499632358551025,5.339086532592773,761.9288330078125,761.39501953125,0.0003,0.0003,0.1
,,,,,604999,8567.982,1000,,,,,,,,
8507.136,46.112324,8588.65,8445.076,1000.0,605000,,,-763.243896484375,-6.162853240966797,7.177783489227295,761.1578369140625,761.539794921875,0.0003,0.0003,0.1
,,,,,605999,8605.656,1000,,,,,,,,
,,,,,606000,,,-762.4253540039062,-6.254264831542969,5.126741409301758,760.3367919921875,760.7863159179688,0.0003,0.0003,0.1
,,,,,606999,8422.767,1000,,,,,,,,
,,,,,607000,,,-764.3201904296875,-6.806621551513672,6.914076805114746,762.21240234375,762.773681640625,0.0003,0.0003,0.1
,,,,,607999,8529.325,1000,,,,,,,,
,,,,,608000,,,-770.3899536132812,-5.858864784240723,5.3049397468566895,768.6874389648438,768.806396484375,0.0003,0.0003,0.1
,,,,,608999,8411.624,1000,,,,,,,,
,,,,,609000,,,-774.0006103515625,-5.717877388000488,4.944565773010254,772.0528564453125,772.2171630859375,0.0003,0.0003,0.1
,,,,,609999,8475.45,1000,,,,,,,,
8372.6045,205.93015,8624.495,7870.117,1000.0,610000,,,-772.029052734375,-6.348508834838867,8.857284545898438,769.8707275390625,770.1165771484375,0.0003,0.0003,0.1
,,,,,610999,8372.008,1000,,,,,,,,
,,,,,611000,,,-771.7322387695312,-6.126363754272461,5.959656715393066,769.2494506835938,769.4240112304688,0.0003,0.0003,0.1
,,,,,611999,8430.848,1000,,,,,,,,
,,,,,612000,,,-776.855224609375,-6.090482711791992,4.546095848083496,774.9216918945312,775.0716552734375,0.0003,0.0003,0.1
,,,,,612999,8365.465,1000,,,,,,,,
,,,,,613000,,,-767.4732055664062,-5.540018558502197,6.000699043273926,765.6832275390625,765.6151123046875,0.0003,0.0003,0.1
,,,,,613999,7832.478,1000,,,,,,,,
,,,,,614000,,,-775.7537841796875,-6.1376237869262695,4.969087600708008,774.17333984375,773.7723388671875,0.0003,0.0003,0.1
,,,,,614999,8466.648,1000,,,,,,,,
8455.182,134.58763,8629.321,8154.7686,1000.0,615000,,,-769.80908203125,-6.094084739685059,5.461302757263184,768.2147216796875,767.8032836914062,0.0003,0.0003,0.1
,,,,,615999,8567.852,1000,,,,,,,,
,,,,,616000,,,-771.0507202148438,-6.33818244934082,6.760942459106445,769.7999267578125,769.3345336914062,0.0003,0.0003,0.1
,,,,,616999,8200.848,1000,,,,,,,,
,,,,,617000,,,-764.27197265625,-6.3848981857299805,6.051400184631348,762.5204467773438,762.1195068359375,0.0003,0.0003,0.1
,,,,,617999,8618.592,1000,,,,,,,,
,,,,,618000,,,-775.5595703125,-5.861513614654541,5.990263938903809,773.71484375,773.52734375,0.0003,0.0003,0.1
,,,,,618999,8376.522,1000,,,,,,,,
,,,,,619000,,,-773.7391357421875,-6.237818717956543,5.286883354187012,771.782470703125,771.8607177734375,0.0003,0.0003,0.1
,,,,,619999,8643.76,1000,,,,,,,,
8456.971,338.52036,8625.129,7451.741,1000.0,620000,,,-773.41845703125,-6.019121170043945,5.130151748657227,771.1870727539062,771.8275146484375,0.0003,0.0003,0.1
,,,,,620999,8547.637,1000,,,,,,,,
,,,,,621000,,,-769.6865844726562,-6.542202949523926,5.761008262634277,767.7835693359375,768.416259765625,0.0003,0.0003,0.1
,,,,,621999,8608.385,1000,,,,,,,,
,,,,,622000,,,-769.679443359375,-5.774192810058594,5.474785804748535,767.781005859375,768.2301025390625,0.0003,0.0003,0.1
,,,,,622999,8566.638,1000,,,,,,,,
,,,,,623000,,,-769.4083251953125,-6.693155765533447,4.328518867492676,767.28662109375,767.1893920898438,0.0003,0.0003,0.1
,,,,,623999,8553.885,1000,,,,,,,,
,,,,,624000,,,-772.1715087890625,-7.068548202514648,9.626893043518066,770.0562744140625,769.746826171875,0.0003,0.0003,0.1
,,,,,624999,8471.214,1000,,,,,,,,
8655.135,55.568874,8739.356,8563.8955,1000.0,625000,,,-778.4810791015625,-6.380436897277832,9.877033233642578,776.5908203125,776.3975219726562,0.0003,0.0003,0.1
,,,,,625999,8381.219,1000,,,,,,,,
,,,,,626000,,,-773.4002075195312,-5.914313316345215,7.508076190948486,771.6077880859375,771.8533935546875,0.0003,0.0003,0.1
,,,,,626999,8485.055,1000,,,,,,,,
,,,,,627000,,,-777.638671875,-6.031436920166016,6.732625961303711,775.64892578125,775.39306640625,0.0003,0.0003,0.1
,,,,,627999,8508.237,1000,,,,,,,,
,,,,,628000,,,-773.2619018554688,-6.605411529541016,8.868093490600586,771.5254516601562,771.796630859375,0.0003,0.0003,0.1
,,,,,628999,8558.884,1000,,,,,,,,
,,,,,629000,,,-779.2212524414062,-5.96097469329834,5.783753395080566,777.1572875976562,776.8355712890625,0.0003,0.0003,0.1
,,,,,629999,8627.7295,1000,,,,,,,,
8616.013,41.154057,8710.978,8558.273,1000.0,630000,,,-776.2639770507812,-6.442241191864014,6.551795482635498,774.3397216796875,774.00146484375,0.0003,0.0003,0.1
,,,,,630999,8402.683,1000,,,,,,,,
,,,,,631000,,,-778.8184204101562,-6.6654205322265625,5.254878520965576,776.8980712890625,777.4451293945312,0.0003,0.0003,0.1
,,,,,631999,8548.803,1000,,,,,,,,
,,,,,632000,,,-777.876708984375,-5.809588432312012,6.112144947052002,776.242919921875,775.99853515625,0.0003,0.0003,0.1
,,,,,632999,8394.688,1000,,,,,,,,
,,,,,633000,,,-775.3407592773438,-5.967552185058594,7.316022872924805,773.5521240234375,773.5735473632812,0.0003,0.0003,0.1
,,,,,633999,8554.371,1000,,,,,,,,
,,,,,634000,,,-780.6613159179688,-6.061820983886719,11.241951942443848,779.2120361328125,778.4835205078125,0.0003,0.0003,0.1
,,,,,634999,8328.068,1000,,,,,,,,
8666.025,70.10413,8779.562,8538.396,1000.0,635000,,,-782.4944458007812,-6.431818008422852,3.6834981441497803,780.8480224609375,781.1353759765625,0.0003,0.0003,0.1
,,,,,635999,8696.249,1000,,,,,,,,
,,,,,636000,,,-775.9794921875,-6.516814708709717,5.486748218536377,773.623046875,773.8397827148438,0.0003,0.0003,0.1
,,,,,636999,8060.0312,1000,,,,,,,,
,,,,,637000,,,-772.2817993164062,-6.101532459259033,5.288736820220947,770.6778564453125,770.8528442382812,0.0003,0.0003,0.1
,,,,,637999,8494.294,1000,,,,,,,,
,,,,,638000,,,-779.007080078125,-6.502840042114258,4.906214714050293,776.6640625,777.117919921875,0.0003,0.0003,0.1
,,,,,638999,7535.5215,1000,,,,,,,,
,,,,,639000,,,-778.4086303710938,-6.242161273956299,4.887128829956055,775.590087890625,775.9049072265625,0.0003,0.0003,0.1
,,,,,639999,8603.732,1000,,,,,,,,
8626.295,99.70766,8768.045,8370.219,1000.0,640000,,,-778.96435546875,-6.432831764221191,4.955242156982422,776.6854248046875,776.7403564453125,0.0003,0.0003,0.1
,,,,,640999,8558.05,1000,,,,,,,,
,,,,,641000,,,-774.7999267578125,-6.7619524002075195,10.762251853942871,773.0042114257812,773.0468139648438,0.0003,0.0003,0.1
,,,,,641999,8627.784,1000,,,,,,,,
,,,,,642000,,,-773.6212158203125,-6.07736349105835,5.249696254730225,771.7258911132812,771.7147216796875,0.0003,0.0003,0.1
,,,,,642999,8618.221,1000,,,,,,,,
,,,,,643000,,,-777.6342163085938,-6.411685943603516,6.6202006340026855,775.85302734375,775.3848876953125,0.0003,0.0003,0.1
,,,,,643999,8599.473,1000,,,,,,,,
,,,,,644000,,,-789.1063232421875,-6.197911262512207,6.181985855102539,787.36328125,787.60546875,0.0003,0.0003,0.1
,,,,,644999,8647.284,1000,,,,,,,,
8788.432,86.75506,8923.217,8651.7295,1000.0,645000,,,-783.7149047851562,-6.418564796447754,5.5470428466796875,781.6180419921875,781.2882690429688,0.0003,0.0003,0.1
,,,,,645999,8547.777,1000,,,,,,,,
,,,,,646000,,,-777.0747680664062,-6.021152019500732,5.084104537963867,774.8776245117188,775.4094848632812,0.0003,0.0003,0.1
,,,,,646999,8679.049,1000,,,,,,,,
,,,,,647000,,,-786.0179443359375,-6.337315559387207,4.819559097290039,784.271240234375,784.270263671875,0.0003,0.0003,0.1
,,,,,647999,8628.469,1000,,,,,,,,
,,,,,648000,,,-792.6331176757812,-6.320418834686279,5.806919097900391,790.6585083007812,790.6968383789062,0.0003,0.0003,0.1
,,,,,648999,8587.587,1000,,,,,,,,
,,,,,649000,,,-778.2734375,-6.365805149078369,6.0456743240356445,776.4483032226562,776.8435668945312,0.0003,0.0003,0.1
,,,,,649999,8761.763,1000,,,,,,,,
8642.051,84.623314,8801.211,8489.666,1000.0,650000,,,-783.462158203125,-6.157454490661621,5.472380638122559,781.7755737304688,781.9866943359375,0.0003,0.0003,0.1
,,,,,650999,8663.076,1000,,,,,,,,
,,,,,651000,,,-787.4261474609375,-6.24111795425415,6.064986228942871,785.841064453125,785.6450805664062,0.0003,0.0003,0.1
,,,,,651999,8564.539,1000,,,,,,,,
,,,,,652000,,,-785.999267578125,-5.977965354919434,4.641656875610352,784.371337890625,784.3243408203125,0.0003,0.0003,0.1
,,,,,652999,8786.215,1000,,,,,,,,
,,,,,653000,,,-782.3658447265625,-6.047208309173584,5.312672138214111,780.4663696289062,780.64892578125,0.0003,0.0003,0.1
,,,,,653999,8569.277,1000,,,,,,,,
,,,,,654000,,,-783.1829223632812,-6.343361854553223,4.965476989746094,781.19580078125,781.2838745117188,0.0003,0.0003,0.1
,,,,,654999,8735.618,1000,,,,,,,,
8597.544,334.79016,8779.967,7607.8696,1000.0,655000,,,-786.7412719726562,-6.546435356140137,4.488852024078369,784.9028930664062,785.5673828125,0.0003,0.0003,0.1
,,,,,655999,8785.829,1000,,,,,,,,
,,,,,656000,,,-776.795166015625,-6.888811111450195,9.413681030273438,774.6583251953125,774.48291015625,0.0003,0.0003,0.1
,,,,,656999,8772.5205,1000,,,,,,,,
,,,,,657000,,,-788.5985107421875,-6.54289436340332,8.577168464660645,786.72021484375,786.7573852539062,0.0003,0.0003,0.1
,,,,,657999,8046.3296,1000,,,,,,,,
,,,,,658000,,,-792.5390014648438,-6.3680243492126465,8.256965637207031,790.4609375,790.78564453125,0.0003,0.0003,0.1
,,,,,658999,8667.427,1000,,,,,,,,
,,,,,659000,,,-781.341064453125,-6.137157440185547,5.503582954406738,778.778564453125,779.2313232421875,0.0003,0.0003,0.1
,,,,,659999,8674.503,1000,,,,,,,,
8703.045,49.812935,8769.57,8615.101,1000.0,660000,,,-794.54296875,-5.972129821777344,9.704296112060547,793.1392211914062,793.3229370117188,0.0003,0.0003,0.1
,,,,,660999,8571.461,1000,,,,,,,,
,,,,,661000,,,-798.53173828125,-5.8842291831970215,6.487110137939453,797.3290405273438,797.340576171875,0.0003,0.0003,0.1
,,,,,661999,8556.802,1000,,,,,,,,
,,,,,662000,,,-792.9622802734375,-6.301567077636719,6.933837413787842,791.5418701171875,791.1575317382812,0.0003,0.0003,0.1
,,,,,662999,8784.552,1000,,,,,,,,
,,,,,663000,,,-788.412109375,-6.80410099029541,7.206603050231934,786.0767211914062,785.785888671875,0.0003,0.0003,0.1
,,,,,663999,8762.653,1000,,,,,,,,
,,,,,664000,,,-796.2867431640625,-6.350756645202637,4.9804792404174805,794.490234375,794.2723999023438,0.0003,0.0003,0.1
,,,,,664999,8460.056,1000,,,,,,,,
8745.373,71.38795,8863.138,8608.568,1000.0,665000,,,-791.9337158203125,-5.811822891235352,6.393420219421387,790.2495727539062,790.4205322265625,0.0003,0.0003,0.1
,,,,,665999,8627.784,1000,,,,,,,,
,,,,,666000,,,-796.10693359375,-6.096203804016113,7.603846549987793,794.522705078125,794.36328125,0.0003,0.0003,0.1
,,,,,666999,8866.325,1000,,,,,,,,
,,,,,667000,,,-798.8779296875,-6.723721504211426,4.697995185852051,797.54736328125,797.8096313476562,0.0003,0.0003,0.1
,,,,,667999,8523.762,1000,,,,,,,,
,,,,,668000,,,-793.4668579101562,-5.915876388549805,5.995810508728027,791.363037109375,791.6190185546875,0.0003,0.0003,0.1
,,,,,668999,8646.477,1000,,,,,,,,
,,,,,669000,,,-792.34765625,-5.758166313171387,5.4476470947265625,790.4249267578125,790.5567626953125,0.0003,0.0003,0.1
,,,,,669999,8734.832,1000,,,,,,,,
8662.295,63.277065,8757.463,8590.389,1000.0,670000,,,-802.1815795898438,-6.270648002624512,7.598088264465332,800.3995971679688,800.4000244140625,0.0003,0.0003,0.1
,,,,,670999,8693.013,1000,,,,,,,,
,,,,,671000,,,-786.069580078125,-6.537958145141602,5.182856559753418,783.9638671875,784.105224609375,0.0003,0.0003,0.1
,,,,,671999,8814.681,1000,,,,,,,,
,,,,,672000,,,-792.8995971679688,-6.7399001121521,9.475586891174316,790.9644775390625,791.1693115234375,0.0003,0.0003,0.1
,,,,,672999,8823.572,1000,,,,,,,,
,,,,,673000,,,-787.9248657226562,-6.86582612991333,6.384124755859375,786.1854858398438,786.2810668945312,0.0003,0.0003,0.1
,,,,,673999,8858.114,1000,,,,,,,,
,,,,,674000,,,-798.4100952148438,-5.9476637840271,4.927301406860352,796.75,797.0089111328125,0.0003,0.0003,0.1
,,,,,674999,8758.661,1000,,,,,,,,
8622.3955,44.85748,8680.557,8532.614,1000.0,675000,,,-804.7456665039062,-5.800149440765381,4.024750709533691,803.1689453125,802.9716796875,0.0003,0.0003,0.1
,,,,,675999,8129.5977,1000,,,,,,,,
,,,,,676000,,,-793.039794921875,-6.4210920333862305,6.196280479431152,790.9161987304688,791.1965942382812,0.0003,0.0003,0.1
,,,,,676999,8825.009,1000,,,,,,,,
,,,,,677000,,,-798.7188720703125,-6.10102653503418,5.263105392456055,797.0291748046875,797.2230224609375,0.0003,0.0003,0.1
,,,,,677999,8729.556,1000,,,,,,,,
,,,,,678000,,,-801.47265625,-5.625150680541992,5.462185859680176,799.9661254882812,800.0729370117188,0.0003,0.0003,0.1
,,,,,678999,8864.279,1000,,,,,,,,
,,,,,679000,,,-793.7764282226562,-6.182073593139648,5.618358612060547,791.9437255859375,792.103515625,0.0003,0.0003,0.1
,,,,,679999,8760.979,1000,,,,,,,,
8792.206,99.71419,8924.012,8584.855,1000.0,680000,,,-796.7620239257812,-6.633126258850098,5.36729621887207,794.8353271484375,794.7557373046875,0.0003,0.0003,0.1
,,,,,680999,8741.365,1000,,,,,,,,
,,,,,681000,,,-798.9093627929688,-5.956918239593506,8.287153244018555,796.8280639648438,797.2830200195312,0.0003,0.0003,0.1
,,,,,681999,8720.061,1000,,,,,,,,
,,,,,682000,,,-790.0457763671875,-6.5369062423706055,5.966098785400391,788.1837158203125,787.97900390625,0.0003,0.0003,0.1
,,,,,682999,8750.198,1000,,,,,,,,
,,,,,683000,,,-805.8751220703125,-5.87511682510376,3.9232349395751953,803.993408203125,804.4745483398438,0.0003,0.0003,0.1
,,,,,683999,8862.885,1000,,,,,,,,
,,,,,684000,,,-799.2449951171875,-6.403322219848633,5.19173002243042,797.2528076171875,797.1939697265625,0.0003,0.0003,0.1
,,,,,684999,8898.21,1000,,,,,,,,
8670.924,156.02429,8765.458,8213.629,1000.0,685000,,,-801.8482055664062,-6.122862339019775,5.674056529998779,800.3782958984375,800.5242919921875,0.0003,0.0003,0.1
,,,,,685999,8896.098,1000,,,,,,,,
,,,,,686000,,,-797.4442749023438,-6.29482364654541,4.815021991729736,795.58056640625,795.7459716796875,0.0003,0.0003,0.1
,,,,,686999,8887.655,1000,,,,,,,,
,,,,,687000,,,-797.73876953125,-6.579642295837402,6.203115463256836,796.04638671875,795.9589233398438,0.0003,0.0003,0.1
,,,,,687999,8679.763,1000,,,,,,,,
,,,,,688000,,,-802.77490234375,-6.7500715255737305,5.987226486206055,800.9412231445312,800.9337158203125,0.0003,0.0003,0.1
,,,,,688999,8705.467,1000,,,,,,,,
,,,,,689000,,,-802.911376953125,-5.787289142608643,6.790925025939941,801.0990600585938,801.1351318359375,0.0003,0.0003,0.1
,,,,,689999,8888.974,1000,,,,,,,,
8820.107,98.66485,8969.267,8580.74,1000.0,690000,,,-802.2316284179688,-6.375105381011963,5.574236869812012,800.096435546875,799.974609375,0.0003,0.0003,0.1
,,,,,690999,8889.422,1000,,,,,,,,
,,,,,691000,,,-804.5853881835938,-5.951810836791992,7.847257614135742,802.60595703125,802.4265747070312,0.0003,0.0003,0.1
,,,,,691999,8859.864,1000,,,,,,,,
,,,,,692000,,,-809.23046875,-5.834682464599609,6.748037338256836,806.9517822265625,807.5482177734375,0.0003,0.0003,0.1
,,,,,692999,8742.047,1000,,,,,,,,
,,,,,693000,,,-803.041259765625,-6.242262363433838,6.723351955413818,801.3561401367188,801.702392578125,0.0003,0.0003,0.1
,,,,,693999,8931.796,1000,,,,,,,,
,,,,,694000,,,-808.60986328125,-6.265892505645752,4.631015777587891,807.02197265625,806.6840209960938,0.0003,0.0003,0.1
,,,,,694999,8863.629,1000,,,,,,,,
8865.41,89.386505,9020.778,8707.831,1000.0,695000,,,-806.689697265625,-5.968364715576172,4.805057048797607,804.69873046875,804.7522583007812,0.0003,0.0003,0.1
,,,,,695999,8858.282,1000,,,,,,,,
,,,,,696000,,,-796.845947265625,-6.236615180969238,6.987261772155762,794.9793090820312,794.8546142578125,0.0003,0.0003,0.1
,,,,,696999,8750.302,1000,,,,,,,,
,,,,,697000,,,-811.73388671875,-5.688218593597412,5.88085412979126,810.3912353515625,809.8927001953125,0.0003,0.0003,0.1
,,,,,697999,8737.537,1000,,,,,,,,
,,,,,698000,,,-808.9641723632812,-6.025840759277344,7.379874229431152,807.4007568359375,807.5435791015625,0.0003,0.0003,0.1
,,,,,698999,8541.372,1000,,,,,,,,
,,,,,699000,,,-800.519287109375,-6.276999473571777,7.962726593017578,798.87890625,798.5499877929688,0.0003,0.0003,0.1
,,,,,699999,8917.613,1000,,,,,,,,
8593.4795,853.0534,8984.4795,6043.9307,1000.0,700000,,,-806.23388671875,-6.503783226013184,5.024282932281494,803.6817626953125,803.7498168945312,0.0003,0.0003,0.1
,,,,,700999,8837.809,1000,,,,,,,,
,,,,,701000,,,-803.4825439453125,-6.552252769470215,5.815071105957031,801.8414916992188,802.037109375,0.0003,0.0003,0.1
,,,,,701999,8929.478,1000,,,,,,,,
,,,,,702000,,,-807.0042114257812,-6.564059734344482,6.291269302368164,805.341552734375,805.0850830078125,0.0003,0.0003,0.1
,,,,,702999,8974.951,1000,,,,,,,,
,,,,,703000,,,-810.5872192382812,-6.507439613342285,5.6030755043029785,808.455078125,808.7725830078125,0.0003,0.0003,0.1
,,,,,703999,9032.809,1000,,,,,,,,
,,,,,704000,,,-809.6398315429688,-6.021165370941162,9.172696113586426,807.7168579101562,807.6697387695312,0.0003,0.0003,0.1
,,,,,704999,8740.421,1000,,,,,,,,
8920.614,63.83329,9057.21,8821.298,1000.0,705000,,,-811.1386108398438,-6.43995475769043,5.676074981689453,809.3827514648438,809.4180297851562,0.0003,0.0003,0.1
,,,,,705999,8722.218,1000,,,,,,,,
,,,,,706000,,,-806.2489013671875,-6.578658103942871,7.5458903312683105,804.7372436523438,804.8712158203125,0.0003,0.0003,0.1
,,,,,706999,8846.422,1000,,,,,,,,
,,,,,707000,,,-805.7213134765625,-6.184468746185303,6.506200790405273,803.9947509765625,803.96337890625,0.0003,0.0003,0.1
,,,,,707999,8948.761,1000,,,,,,,,
,,,,,708000,,,-803.7393188476562,-6.126245021820068,6.082024574279785,802.1876220703125,802.379150390625,0.0003,0.0003,0.1
,,,,,708999,8806.424,1000,,,,,,,,
,,,,,709000,,,-811.0874633789062,-6.4112396240234375,11.176372528076172,809.9820556640625,809.238037109375,0.0003,0.0003,0.1
,,,,,709999,8624.211,1000,,,,,,,,
9019.824,67.10957,9095.316,8856.29,1000.0,710000,,,-815.4251708984375,-6.7751312255859375,5.038947105407715,813.6011352539062,813.415771484375,0.0003,0.0003,0.1
,,,,,710999,9039.347,1000,,,,,,,,
,,,,,711000,,,-808.6992797851562,-6.712455749511719,5.344595909118652,806.7103271484375,806.7362670898438,0.0003,0.0003,0.1
,,,,,711999,8918.447,1000,,,,,,,,
,,,,,712000,,,-805.0166625976562,-6.357953071594238,7.370192527770996,803.25634765625,803.5425415039062,0.0003,0.0003,0.1
,,,,,712999,8876.104,1000,,,,,,,,
,,,,,713000,,,-812.9440307617188,-6.2297515869140625,5.586263656616211,810.554443359375,810.2763061523438,0.0003,0.0003,0.1
,,,,,713999,9046.172,1000,,,,,,,,
,,,,,714000,,,-813.6704711914062,-6.388311862945557,6.699175834655762,811.718505859375,811.7634887695312,0.0003,0.0003,0.1
,,,,,714999,8890.749,1000,,,,,,,,
8913.425,62.90166,9018.13,8793.846,1000.0,715000,,,-812.310791015625,-6.317074298858643,5.824765205383301,810.5343017578125,810.6083984375,0.0003,0.0003,0.1
,,,,,715999,8163.75,1000,,,,,,,,
,,,,,716000,,,-815.0151977539062,-6.384406089782715,8.816524505615234,812.996826171875,813.1983642578125,0.0003,0.0003,0.1
,,,,,716999,8961.2705,1000,,,,,,,,
,,,,,717000,,,-821.0051879882812,-6.578598976135254,8.538708686828613,819.236328125,819.3488159179688,0.0003,0.0003,0.1
,,,,,717999,8858.005,1000,,,,,,,,
,,,,,718000,,,-814.2839965820312,-6.848182678222656,7.574182510375977,812.8353881835938,812.4052734375,0.0003,0.0003,0.1
,,,,,718999,8710.6,1000,,,,,,,,
,,,,,719000,,,-819.8853149414062,-6.124807357788086,3.9410643577575684,817.8992919921875,818.094970703125,0.0003,0.0003,0.1
,,,,,719999,8203.203,1000,,,,,,,,
8875.322,316.76804,9089.515,7974.7007,1000.0,720000,,,-809.734619140625,-6.3991899490356445,6.210659027099609,808.2029418945312,807.8019409179688,0.0003,0.0003,0.1
,,,,,720999,8937.634,1000,,,,,,,,
,,,,,721000,,,-817.2265014648438,-6.329659461975098,6.179944038391113,815.8742065429688,815.8214111328125,0.0003,0.0003,0.1
,,,,,721999,8817.467,1000,,,,,,,,
,,,,,722000,,,-817.2740478515625,-6.079740524291992,7.123655796051025,815.1781005859375,814.902587890625,0.0003,0.0003,0.1
,,,,,722999,8828.716,1000,,,,,,,,
,,,,,723000,,,-816.22607421875,-7.032027244567871,4.208595275878906,814.4619750976562,814.14208984375,0.0003,0.0003,0.1
,,,,,723999,8996.037,1000,,,,,,,,
,,,,,724000,,,-817.1373901367188,-6.150799751281738,7.701129913330078,815.609375,815.740478515625,0.0003,0.0003,0.1
,,,,,724999,8976.065,1000,,,,,,,,
8867.076,36.026085,8916.427,8809.709,1000.0,725000,,,-814.2142944335938,-6.1123175621032715,8.677419662475586,812.4611206054688,812.5213623046875,0.0003,0.0003,0.1
,,,,,725999,9084.855,1000,,,,,,,,
,,,,,726000,,,-817.0428466796875,-6.386798858642578,7.190480709075928,815.0164794921875,815.03564453125,0.0003,0.0003,0.1
,,,,,726999,8812.251,1000,,,,,,,,
,,,,,727000,,,-827.0961303710938,-6.249666213989258,4.820998668670654,825.4818115234375,825.826904296875,0.0003,0.0003,0.1
,,,,,727999,9063.606,1000,,,,,,,,
,,,,,728000,,,-815.6124877929688,-6.095790386199951,6.904844284057617,813.7238159179688,813.6961669921875,0.0003,0.0003,0.1
,,,,,728999,8879.218,1000,,,,,,,,
,,,,,729000,,,-815.1903076171875,-5.865429401397705,5.486403465270996,812.937744140625,812.8981323242188,0.0003,0.0003,0.1
,,,,,729999,9026.179,1000,,,,,,,,
9020.343,91.57919,9167.051,8861.937,1000.0,730000,,,-822.3549194335938,-6.426333904266357,6.007939338684082,820.1224975585938,820.5223388671875,0.0003,0.0003,0.1
,,,,,730999,8936.674,1000,,,,,,,,
,,,,,731000,,,-822.446533203125,-5.848977088928223,6.701525688171387,820.5055541992188,819.93408203125,0.0003,0.0003,0.1
,,,,,731999,8955.672,1000,,,,,,,,
,,,,,732000,,,-821.1277465820312,-6.161989212036133,5.792427062988281,819.4003295898438,819.7079467773438,0.0003,0.0003,0.1
,,,,,732999,8988.198,1000,,,,,,,,
,,,,,733000,,,-830.8828125,-6.047513961791992,7.025028705596924,829.2379150390625,828.8942260742188,0.0003,0.0003,0.1
,,,,,733999,8984.659,1000,,,,,,,,
,,,,,734000,,,-824.8003540039062,-6.552064895629883,20.225727081298828,823.7337036132812,823.49609375,0.0003,0.0003,0.1
,,,,,734999,8987.422,1000,,,,,,,,
8928.402,402.95578,9144.394,7730.987,1000.0,735000,,,-821.734619140625,-5.648509979248047,6.0684332847595215,819.863525390625,820.2576904296875,0.0003,0.0003,0.1
,,,,,735999,8888.444,1000,,,,,,,,
,,,,,736000,,,-817.1648559570312,-6.4991044998168945,8.483128547668457,814.6962890625,814.7954711914062,0.0003,0.0003,0.1
,,,,,736999,8867.098,1000,,,,,,,,
,,,,,737000,,,-828.6715698242188,-6.8046135902404785,5.03304386138916,826.9014892578125,826.8005981445312,0.0003,0.0003,0.1
,,,,,737999,9039.256,1000,,,,,,,,
,,,,,738000,,,-822.7655639648438,-6.241039276123047,5.032907962799072,821.2188720703125,821.1094970703125,0.0003,0.0003,0.1
,,,,,738999,8812.866,1000,,,,,,,,
,,,,,739000,,,-831.595458984375,-5.794076919555664,5.172130584716797,830.1424560546875,830.287841796875,0.0003,0.0003,0.1
,,,,,739999,8912.999,1000,,,,,,,,
7875.569,2101.738,8667.814,1574.0443,1000.0,740000,,,-823.4343872070312,-5.914669513702393,7.457403182983398,821.8450927734375,821.884521484375,0.0003,0.0003,0.1
,,,,,740999,8888.185,1000,,,,,,,,
,,,,,741000,,,-819.2259521484375,-6.038361549377441,6.230307579040527,817.0388793945312,817.3408813476562,0.0003,0.0003,0.1
,,,,,741999,8990.163,1000,,,,,,,,
,,,,,742000,,,-824.514892578125,-6.3880615234375,5.655698299407959,822.6650390625,822.387451171875,0.0003,0.0003,0.1
,,,,,742999,9069.223,1000,,,,,,,,
,,,,,743000,,,-818.3338623046875,-6.8093976974487305,5.917969703674316,815.8916015625,816.39208984375,0.0003,0.0003,0.1
,,,,,743999,8912.634,1000,,,,,,,,
,,,,,744000,,,-823.2662963867188,-5.903639793395996,6.4622602462768555,821.4124755859375,821.4055786132812,0.0003,0.0003,0.1
,,,,,744999,8871.895,1000,,,,,,,,
9050.323,110.82064,9174.039,8757.546,1000.0,745000,,,-827.1277465820312,-5.959362983703613,4.979725360870361,825.5752563476562,825.3408813476562,0.0003,0.0003,0.1
,,,,,745999,8856.994,1000,,,,,,,,
,,,,,746000,,,-824.7244262695312,-6.660651206970215,5.739254474639893,822.3531494140625,822.8811645507812,0.0003,0.0003,0.1
,,,,,746999,8958.047,1000,,,,,,,,
,,,,,747000,,,-829.8296508789062,-6.408053874969482,6.90290641784668,827.7715454101562,827.9270629882812,0.0003,0.0003,0.1
,,,,,747999,8719.611,1000,,,,,,,,
,,,,,748000,,,-823.4027099609375,-6.645119667053223,5.7034735679626465,821.546142578125,821.125,0.0003,0.0003,0.1
,,,,,748999,9162.252,1000,,,,,,,,
,,,,,749000,,,-814.5731811523438,-7.061312198638916,5.960334777832031,812.6614990234375,813.252197265625,0.0003,0.0003,0.1
,,,,,749999,8959.233,1000,,,,,,,,
8946.951,418.24945,9233.211,7728.7095,1000.0,750000,,,-830.4609375,-6.166004180908203,6.520963191986084,828.4482421875,828.609130859375,0.0003,0.0003,0.1
,,,,,750999,9149.13,1000,,,,,,,,
,,,,,751000,,,-833.9796752929688,-5.836185455322266,5.394351005554199,831.943115234375,832.256103515625,0.0003,0.0003,0.1
,,,,,751999,9074.412,1000,,,,,,,,
,,,,,752000,,,-819.9458618164062,-6.476500511169434,7.075519561767578,817.9556884765625,817.4815673828125,0.0003,0.0003,0.1
,,,,,752999,8927.058,1000,,,,,,,,
,,,,,753000,,,-832.3106079101562,-6.01263952255249,7.6331658363342285,830.9478759765625,831.029296875,0.0003,0.0003,0.1
,,,,,753999,9069.687,1000,,,,,,,,
,,,,,754000,,,-831.1818237304688,-6.479118347167969,5.591710090637207,829.6533813476562,829.6856079101562,0.0003,0.0003,0.1
,,,,,754999,8860.087,1000,,,,,,,,
9061.044,60.37578,9168.783,8962.08,1000.0,755000,,,-820.874755859375,-6.175307273864746,5.563322067260742,819.1831665039062,819.0022583007812,0.0003,0.0003,0.1
,,,,,755999,9099.15,1000,,,,,,,,
,,,,,756000,,,-830.390869140625,-6.475278854370117,12.275338172912598,828.6127319335938,828.1793212890625,0.0003,0.0003,0.1
,,,,,756999,8782.396,1000,,,,,,,,
,,,,,757000,,,-837.4920654296875,-6.003140449523926,6.1687846183776855,835.7821655273438,836.2412109375,0.0003,0.0003,0.1
,,,,,757999,9070.668,1000,,,,,,,,
,,,,,758000,,,-840.2144775390625,-5.971941947937012,6.8666300773620605,838.7413330078125,838.303955078125,0.0003,0.0003,0.1
,,,,,758999,8915.99,1000,,,,,,,,
,,,,,759000,,,-833.8822631835938,-6.664078235626221,4.084094047546387,831.999755859375,832.3770751953125,0.0003,0.0003,0.1
,,,,,759999,8934.669,1000,,,,,,,,
8226.334,2652.596,9235.875,271.29355,1000.0,760000,,,-832.333740234375,-6.279195785522461,4.75628662109375,830.3934326171875,830.49853515625,0.0003,0.0003,0.1
,,,,,760999,8983.453,1000,,,,,,,,
,,,,,761000,,,-826.302734375,-6.414704322814941,5.857173919677734,824.842529296875,824.628173828125,0.0003,0.0003,0.1
,,,,,761999,9079.133,1000,,,,,,,,
,,,,,762000,,,-834.334228515625,-6.616194248199463,5.931903839111328,832.663818359375,832.5528564453125,0.0003,0.0003,0.1
,,,,,762999,9162.322,1000,,,,,,,,
,,,,,763000,,,-832.4706420898438,-6.951351165771484,6.261482238769531,830.5140380859375,830.5841064453125,0.0003,0.0003,0.1
,,,,,763999,9063.837,1000,,,,,,,,
,,,,,764000,,,-840.3350830078125,-5.600762367248535,4.534043312072754,838.3489990234375,838.475830078125,0.0003,0.0003,0.1
,,,,,764999,8718.355,1000,,,,,,,,
8948.056,343.5038,9242.54,8026.888,1000.0,765000,,,-824.638427734375,-6.889782905578613,7.547724723815918,822.523193359375,821.9163208007812,0.0003,0.0003,0.1
,,,,,765999,9167.594,1000,,,,,,,,
,,,,,766000,,,-835.8228149414062,-5.9722208976745605,4.998592376708984,833.9144287109375,833.8433227539062,0.0003,0.0003,0.1
,,,,,766999,9141.121,1000,,,,,,,,
,,,,,767000,,,-830.4500122070312,-6.746417045593262,6.41463041305542,828.4793090820312,828.3118896484375,0.0003,0.0003,0.1
,,,,,767999,9128.49,1000,,,,,,,,
,,,,,768000,,,-827.4927368164062,-6.355800628662109,5.825540542602539,825.9359130859375,826.01123046875,0.0003,0.0003,0.1
,,,,,768999,9047.109,1000,,,,,,,,
,,,,,769000,,,-837.6029052734375,-6.2768449783325195,11.209739685058594,836.0669555664062,835.2252197265625,0.0003,0.0003,0.1
,,,,,769999,9096.007,1000,,,,,,,,
9154.472,57.47364,9246.128,9020.13,1000.0,770000,,,-838.9646606445312,-6.112438201904297,4.360345840454102,836.90576171875,837.1025390625,0.0003,0.0003,0.1
,,,,,770999,8924.863,1000,,,,,,,,
,,,,,771000,,,-830.554931640625,-6.395936012268066,6.012682914733887,828.3268432617188,828.573486328125,0.0003,0.0003,0.1
,,,,,771999,9056.693,1000,,,,,,,,
,,,,,772000,,,-843.3511962890625,-5.9018168449401855,5.557560443878174,841.2744140625,841.3243408203125,0.0003,0.0003,0.1
,,,,,772999,3784.953,1000,,,,,,,,
,,,,,773000,,,-834.4425048828125,-6.58945369720459,5.537537097930908,833.1077880859375,833.2581787109375,0.0003,0.0003,0.1
,,,,,773999,9004.426,1000,,,,,,,,
,,,,,774000,,,-841.73046875,-6.171835422515869,6.4632954597473145,840.667724609375,840.0648193359375,0.0003,0.0003,0.1
,,,,,774999,9077.684,1000,,,,,,,,
9213.904,85.615654,9308.667,9036.018,1000.0,775000,,,-832.078369140625,-6.765958786010742,6.822166442871094,830.489501953125,830.38427734375,0.0003,0.0003,0.1
,,,,,775999,9121.593,1000,,,,,,,,
,,,,,776000,,,-845.5817260742188,-6.177366256713867,9.179886817932129,844.15283203125,844.3302612304688,0.0003,0.0003,0.1
,,,,,776999,9094.594,1000,,,,,,,,
,,,,,777000,,,-833.6271362304688,-5.93051815032959,5.070258140563965,831.9083862304688,831.78076171875,0.0003,0.0003,0.1
,,,,,777999,9079.147,1000,,,,,,,,
,,,,,778000,,,-843.9833374023438,-6.551669120788574,5.7123003005981445,842.806640625,842.2485961914062,0.0003,0.0003,0.1
,,,,,778999,8869.527,1000,,,,,,,,
,,,,,779000,,,-837.0630493164062,-6.117025375366211,5.884430885314941,835.0736083984375,835.2811279296875,0.0003,0.0003,0.1
,,,,,779999,9077.835,1000,,,,,,,,
9224.674,76.40619,9362.01,9127.089,1000.0,780000,,,-837.4468383789062,-6.828171253204346,7.800705432891846,835.4029541015625,835.33203125,0.0003,0.0003,0.1
,,,,,780999,9161.602,1000,,,,,,,,
,,,,,781000,,,-837.0632934570312,-6.530375003814697,6.1575188636779785,835.926025390625,835.8231201171875,0.0003,0.0003,0.1
,,,,,781999,9222.968,1000,,,,,,,,
,,,,,782000,,,-839.7241821289062,-7.050097465515137,6.2837419509887695,837.8657836914062,838.6630859375,0.0003,0.0003,0.1
,,,,,782999,9089.165,1000,,,,,,,,
,,,,,783000,,,-839.3794555664062,-6.264281749725342,6.4879655838012695,838.171630859375,837.53955078125,0.0003,0.0003,0.1
,,,,,783999,9199.307,1000,,,,,,,,
,,,,,784000,,,-826.8280029296875,-6.088883399963379,6.1725006103515625,824.8914794921875,824.93310546875,0.0003,0.0003,0.1
,,,,,784999,9215.718,1000,,,,,,,,
9161.835,50.018913,9269.089,9069.341,1000.0,785000,,,-841.29736328125,-6.008166313171387,5.7311625480651855,839.1356201171875,839.53857421875,0.0003,0.0003,0.1
,,,,,785999,9209.321,1000,,,,,,,,
,,,,,786000,,,-841.4685668945312,-5.890602111816406,3.8870363235473633,840.1339111328125,840.294921875,0.0003,0.0003,0.1
,,,,,786999,9219.757,1000,,,,,,,,
,,,,,787000,,,-841.694580078125,-6.635544776916504,7.801251411437988,839.8231201171875,839.9099731445312,0.0003,0.0003,0.1
,,,,,787999,9092.196,1000,,,,,,,,
,,,,,788000,,,-839.77392578125,-6.273165225982666,6.057499885559082,837.9387817382812,837.9452514648438,0.0003,0.0003,0.1
,,,,,788999,9157.1045,1000,,,,,,,,
,,,,,789000,,,-832.3587646484375,-5.8616838455200195,4.713141441345215,830.9619140625,830.6483154296875,0.0003,0.0003,0.1
,,,,,789999,9091.129,1000,,,,,,,,
9244.939,61.26605,9318.341,9096.895,1000.0,790000,,,-835.4652099609375,-6.521762371063232,6.194164276123047,833.0614013671875,832.9150390625,0.0003,0.0003,0.1
,,,,,790999,9298.174,1000,,,,,,,,
,,,,,791000,,,-838.5902709960938,-5.946057319641113,6.684453964233398,836.4430541992188,836.5167846679688,0.0003,0.0003,0.1
,,,,,791999,9099.32,1000,,,,,,,,
,,,,,792000,,,-842.1491088867188,-6.072691917419434,8.134593963623047,840.248291015625,840.70849609375,0.0003,0.0003,0.1
,,,,,792999,8997.93,1000,,,,,,,,
,,,,,793000,,,-840.9411010742188,-6.24722146987915,11.245710372924805,839.016357421875,839.268310546875,0.0003,0.0003,0.1
,,,,,793999,8604.203,1000,,,,,,,,
,,,,,794000,,,-837.0736694335938,-6.588715553283691,5.991338729858398,834.570068359375,834.9301147460938,0.0003,0.0003,0.1
,,,,,794999,9217.946,1000,,,,,,,,
9151.486,346.95303,9332.665,8117.126,1000.0,795000,,,-831.0239868164062,-7.015977382659912,6.3958539962768555,828.7110595703125,828.8092651367188,0.0003,0.0003,0.1
,,,,,795999,9063.514,1000,,,,,,,,
,,,,,796000,,,-845.2288818359375,-6.926912307739258,5.641100883483887,843.7070922851562,843.932861328125,0.0003,0.0003,0.1
,,,,,796999,9230.281,1000,,,,,,,,
,,,,,797000,,,-848.07666015625,-6.2000532150268555,5.866426467895508,845.91162109375,846.5013427734375,0.0003,0.0003,0.1
,,,,,797999,9016.089,1000,,,,,,,,
,,,,,798000,,,-832.9798583984375,-6.718463897705078,5.286196708679199,831.2698974609375,831.1370239257812,0.0003,0.0003,0.1
,,,,,798999,9137.795,1000,,,,,,,,
,,,,,799000,,,-845.8304443359375,-5.877486228942871,6.686197757720947,844.3707885742188,843.9722900390625,0.0003,0.0003,0.1
,,,,,799999,9031.272,1000,,,,,,,,
9269.429,52.20972,9379.766,9189.034,1000.0,800000,,,-845.2387084960938,-6.352853298187256,6.393159866333008,843.346923828125,843.5875244140625,0.0003,0.0003,0.1
,,,,,800999,9195.967,1000,,,,,,,,
,,,,,801000,,,-842.2296142578125,-6.296607971191406,5.738367080688477,840.6199951171875,840.4067993164062,0.0003,0.0003,0.1
,,,,,801999,9242.132,1000,,,,,,,,
,,,,,802000,,,-844.194091796875,-6.400299072265625,4.447892665863037,842.1597900390625,842.495361328125,0.0003,0.0003,0.1
,,,,,802999,9005.343,1000,,,,,,,,
,,,,,803000,,,-841.9774169921875,-6.103638648986816,6.166360855102539,840.2302856445312,840.1796875,0.0003,0.0003,0.1
,,,,,803999,9123.847,1000,,,,,,,,
,,,,,804000,,,-845.6953125,-6.537086486816406,7.416942119598389,843.8464965820312,843.9456176757812,0.0003,0.0003,0.1
,,,,,804999,8980.213,1000,,,,,,,,
9180.381,56.54224,9257.475,9082.247,1000.0,805000,,,-856.7782592773438,-6.346888542175293,4.346012115478516,855.2012939453125,854.92138671875,0.0003,0.0003,0.1
,,,,,805999,9151.171,1000,,,,,,,,
,,,,,806000,,,-841.9987182617188,-5.969980239868164,6.528433322906494,840.1048583984375,840.1129760742188,0.0003,0.0003,0.1
,,,,,806999,9311.156,1000,,,,,,,,
,,,,,807000,,,-841.5358276367188,-6.625245094299316,10.079389572143555,840.0664672851562,839.7630615234375,0.0003,0.0003,0.1
,,,,,807999,9346.099,1000,,,,,,,,
,,,,,808000,,,-843.2810668945312,-6.665258407592773,7.367375373840332,841.2291259765625,841.78515625,0.0003,0.0003,0.1
,,,,,808999,9257.861,1000,,,,,,,,
,,,,,809000,,,-850.2716674804688,-6.420086860656738,5.869183540344238,848.58984375,848.441162109375,0.0003,0.0003,0.1
,,,,,809999,9235.444,1000,,,,,,,,
8706.373,1557.3527,9353.153,4038.647,1000.0,810000,,,-851.6575927734375,-6.7689080238342285,5.322596073150635,849.8585205078125,850.103759765625,0.0003,0.0003,0.1
,,,,,810999,9287.066,1000,,,,,,,,
,,,,,811000,,,-841.1594848632812,-6.78656005859375,7.071724891662598,839.3741455078125,839.599853515625,0.0003,0.0003,0.1
,,,,,811999,9297.864,1000,,,,,,,,
,,,,,812000,,,-844.9749145507812,-6.02853536605835,5.388591289520264,842.9683227539062,842.9979248046875,0.0003,0.0003,0.1
,,,,,812999,9052.009,1000,,,,,,,,
,,,,,813000,,,-847.4146728515625,-5.923551559448242,7.368842124938965,845.671875,845.839111328125,0.0003,0.0003,0.1
,,,,,813999,9245.111,1000,,,,,,,,
,,,,,814000,,,-848.9512939453125,-6.167978286743164,6.14816427230835,847.6607055664062,847.11083984375,0.0003,0.0003,0.1
,,,,,814999,9177.338,1000,,,,,,,,
9203.24,70.259384,9325.637,9128.672,1000.0,815000,,,-854.9027099609375,-6.388668060302734,4.964141368865967,853.0023193359375,853.2678833007812,0.0003,0.0003,0.1
,,,,,815999,9281.267,1000,,,,,,,,
,,,,,816000,,,-847.8506469726562,-6.791361331939697,5.4838080406188965,845.8177490234375,845.8790283203125,0.0003,0.0003,0.1
,,,,,816999,9233.905,1000,,,,,,,,
,,,,,817000,,,-848.5772705078125,-6.460511207580566,5.168452262878418,847.4166259765625,847.0516357421875,0.0003,0.0003,0.1
,,,,,817999,9224.5625,1000,,,,,,,,
,,,,,818000,,,-853.6063842773438,-6.2271318435668945,5.897843360900879,852.2028198242188,852.3157348632812,0.0003,0.0003,0.1
,,,,,818999,9163.571,1000,,,,,,,,
,,,,,819000,,,-853.4638061523438,-6.30933141708374,5.097873687744141,851.4219970703125,851.7005615234375,0.0003,0.0003,0.1
,,,,,819999,9440.978,1000,,,,,,,,
9322.724,69.64311,9439.981,9200.368,1000.0,820000,,,-855.1030883789062,-6.423031806945801,6.828007698059082,853.435791015625,853.3582153320312,0.0003,0.0003,0.1
,,,,,820999,9188.898,1000,,,,,,,,
,,,,,821000,,,-843.2742309570312,-6.512033462524414,7.182400703430176,841.1951904296875,841.087646484375,0.0003,0.0003,0.1
,,,,,821999,9335.939,1000,,,,,,,,
,,,,,822000,,,-840.8453979492188,-6.559722900390625,6.465888023376465,839.131103515625,839.3431396484375,0.0003,0.0003,0.1
,,,,,822999,9361.478,1000,,,,,,,,
,,,,,823000,,,-846.2791137695312,-6.638032913208008,5.975746154785156,844.43212890625,844.4517822265625,0.0003,0.0003,0.1
,,,,,823999,9353.657,1000,,,,,,,,
,,,,,824000,,,-856.7699584960938,-6.038153171539307,5.522744178771973,855.3783569335938,854.638671875,0.0003,0.0003,0.1
,,,,,824999,9340.279,1000,,,,,,,,
9153.424,52.939514,9250.563,9072.6045,1000.0,825000,,,-856.37060546875,-6.851783275604248,6.473817825317383,854.4843139648438,854.3497314453125,0.0003,0.0003,0.1
,,,,,825999,9247.658,1000,,,,,,,,
,,,,,826000,,,-856.9451904296875,-6.363046169281006,5.497000217437744,855.2992553710938,855.7440185546875,0.0003,0.0003,0.1
,,,,,826999,9061.735,1000,,,,,,,,
,,,,,827000,,,-854.9475708007812,-6.199591636657715,9.243199348449707,853.060302734375,853.2261962890625,0.0003,0.0003,0.1
,,,,,827999,9212.345,1000,,,,,,,,
,,,,,828000,,,-854.9178466796875,-6.22653341293335,5.28597354888916,853.3160400390625,853.68505859375,0.0003,0.0003,0.1
,,,,,828999,9321.484,1000,,,,,,,,
,,,,,829000,,,-855.2708129882812,-6.289773941040039,7.071963310241699,853.0147705078125,853.4865112304688,0.0003,0.0003,0.1
,,,,,829999,9333.08,1000,,,,,,,,
9371.68,69.030334,9473.305,9212.648,1000.0,830000,,,-862.600830078125,-6.34950065612793,7.472903728485107,860.9764404296875,860.89306640625,0.0003,0.0003,0.1
,,,,,830999,9424.364,1000,,,,,,,,
,,,,,831000,,,-856.546142578125,-5.907089710235596,4.251023292541504,854.27197265625,854.7147216796875,0.0003,0.0003,0.1
,,,,,831999,9255.551,1000,,,,,,,,
,,,,,832000,,,-856.685302734375,-6.143825531005859,6.081712245941162,855.01904296875,855.6112060546875,0.0003,0.0003,0.1
,,,,,832999,9368.659,1000,,,,,,,,
,,,,,833000,,,-846.758544921875,-6.582080364227295,8.658454895019531,844.9728393554688,844.9012451171875,0.0003,0.0003,0.1
,,,,,833999,8942.348,1000,,,,,,,,
,,,,,834000,,,-856.266357421875,-5.848885536193848,6.605025291442871,854.7174072265625,854.7455444335938,0.0003,0.0003,0.1
,,,,,834999,9147.569,1000,,,,,,,,
9238.7295,76.23285,9352.239,9076.833,1000.0,835000,,,-858.9633178710938,-5.967151165008545,5.266587257385254,857.1910400390625,857.1021118164062,0.0003,0.0003,0.1
,,,,,835999,9356.75,1000,,,,,,,,
,,,,,836000,,,-856.5145263671875,-6.456299304962158,6.495436668395996,854.9664916992188,854.8209838867188,0.0003,0.0003,0.1
,,,,,836999,9308.987,1000,,,,,,,,
,,,,,837000,,,-858.1275024414062,-6.3575544357299805,5.93173360824585,856.3525390625,856.4338989257812,0.0003,0.0003,0.1
,,,,,837999,9394.566,1000,,,,,,,,
,,,,,838000,,,-856.6013793945312,-5.845258712768555,4.094345569610596,855.51806640625,855.4033203125,0.0003,0.0003,0.1
,,,,,838999,9263.345,1000,,,,,,,,
,,,,,839000,,,-863.4625244140625,-5.82900333404541,9.060900688171387,861.46630859375,861.6869506835938,0.0003,0.0003,0.1
,,,,,839999,9262.969,1000,,,,,,,,
9384.772,45.622128,9432.724,9300.674,1000.0,840000,,,-858.3696899414062,-6.041881561279297,7.558902263641357,857.0697021484375,856.9885864257812,0.0003,0.0003,0.1
,,,,,840999,9298.749,1000,,,,,,,,
,,,,,841000,,,-856.9425659179688,-6.467924118041992,6.4929704666137695,854.9508056640625,855.0730590820312,0.0003,0.0003,0.1
,,,,,841999,9312.072,1000,,,,,,,,
,,,,,842000,,,-854.4974365234375,-6.18532133102417,4.985722541809082,852.9190673828125,852.960205078125,0.0003,0.0003,0.1
,,,,,842999,9403.452,1000,,,,,,,,
,,,,,843000,,,-852.03955078125,-6.48896598815918,5.502757549285889,849.8738403320312,849.91357421875,0.0003,0.0003,0.1
,,,,,843999,9324.623,1000,,,,,,,,
,,,,,844000,,,-866.2650756835938,-5.824173450469971,6.005388259887695,864.6782836914062,864.392578125,0.0003,0.0003,0.1
,,,,,844999,9274.972,1000,,,,,,,,
8890.713,1272.1826,9497.308,5118.4185,1000.0,845000,,,-858.0646362304688,-6.503486156463623,7.231389045715332,856.474365234375,856.462890625,0.0003,0.0003,0.1
,,,,,845999,9155.216,1000,,,,,,,,
,,,,,846000,,,-858.945556640625,-6.334249496459961,6.378798484802246,857.0723266601562,857.4002685546875,0.0003,0.0003,0.1
,,,,,846999,9393.986,1000,,,,,,,,
,,,,,847000,,,-864.4365844726562,-6.34106969833374,6.478377342224121,862.4037475585938,862.2562255859375,0.0003,0.0003,0.1
,,,,,847999,9248.0625,1000,,,,,,,,
,,,,,848000,,,-867.293212890625,-5.5675506591796875,6.006036758422852,865.9985961914062,865.749267578125,0.0003,0.0003,0.1
,,,,,848999,9435.132,1000,,,,,,,,
,,,,,849000,,,-870.25,-6.00950813293457,4.647798538208008,868.7288818359375,868.507568359375,0.0003,0.0003,0.1
,,,,,849999,9267.443,1000,,,,,,,,
9071.359,661.292,9400.307,7109.218,1000.0,850000,,,-864.4896850585938,-6.0639495849609375,5.542268753051758,862.9060668945312,862.7014770507812,0.0003,0.0003,0.1
,,,,,850999,9338.161,1000,,,,,,,,
,,,,,851000,,,-865.9114990234375,-5.942063808441162,8.960658073425293,864.0199584960938,864.1216430664062,0.0003,0.0003,0.1
,,,,,851999,9194.169,1000,,,,,,,,
,,,,,852000,,,-857.9501953125,-6.524734973907471,5.7282819747924805,855.9432983398438,856.1041259765625,0.0003,0.0003,0.1
,,,,,852999,9178.363,1000,,,,,,,,
,,,,,853000,,,-864.2095336914062,-7.134115219116211,7.027359962463379,862.552490234375,862.3170166015625,0.0003,0.0003,0.1
,,,,,853999,7699.3564,1000,,,,,,,,
,,,,,854000,,,-854.7528076171875,-6.227126121520996,4.778927803039551,852.8987426757812,853.5618896484375,0.0003,0.0003,0.1
,,,,,854999,5798.3784,1000,,,,,,,,
9070.989,67.34469,9159.408,8941.114,1000.0,855000,,,-866.7465209960938,-6.115145683288574,8.044727325439453,865.045654296875,864.9671630859375,0.0003,0.0003,0.1
,,,,,855999,9267.334,1000,,,,,,,,
,,,,,856000,,,-861.4844360351562,-6.774335861206055,6.576136112213135,860.024169921875,859.7467041015625,0.0003,0.0003,0.1
,,,,,856999,9164.208,1000,,,,,,,,
,,,,,857000,,,-862.6477661132812,-6.2887773513793945,6.346761703491211,860.71044921875,860.774658203125,0.0003,0.0003,0.1
,,,,,857999,9394.888,1000,,,,,,,,
,,,,,858000,,,-858.1913452148438,-5.550787925720215,6.760252475738525,856.3153076171875,856.2966918945312,0.0003,0.0003,0.1
,,,,,858999,9306.521,1000,,,,,,,,
,,,,,859000,,,-859.5440063476562,-6.408118724822998,7.05415153503418,857.997314453125,857.66259765625,0.0003,0.0003,0.1
,,,,,859999,9308.006,1000,,,,,,,,
9405.828,70.928085,9554.517,9320.535,1000.0,860000,,,-865.3275146484375,-5.970457077026367,5.751449108123779,863.9676513671875,863.8277587890625,0.0003,0.0003,0.1
,,,,,860999,9422.841,1000,,,,,,,,
,,,,,861000,,,-861.9164428710938,-6.363867282867432,11.194353103637695,860.3758544921875,860.110595703125,0.0003,0.0003,0.1
,,,,,861999,9428.218,1000,,,,,,,,
,,,,,862000,,,-864.408447265625,-6.37611198425293,5.733969688415527,862.8333129882812,862.8795776367188,0.0003,0.0003,0.1
,,,,,862999,9298.923,1000,,,,,,,,
,,,,,863000,,,-859.7638549804688,-6.066244125366211,4.777353286743164,858.9192504882812,858.8018798828125,0.0003,0.0003,0.1
,,,,,863999,9087.673,1000,,,,,,,,
,,,,,864000,,,-867.7100830078125,-6.432818412780762,6.4151105880737305,865.8269653320312,865.6299438476562,0.0003,0.0003,0.1
,,,,,864999,9366.974,1000,,,,,,,,
9336.641,140.19843,9477.056,9055.907,1000.0,865000,,,-869.4022827148438,-6.589601039886475,11.038326263427734,867.7205200195312,868.0645141601562,0.0003,0.0003,0.1
,,,,,865999,9298.898,1000,,,,,,,,
,,,,,866000,,,-868.5558471679688,-6.6177897453308105,7.826066970825195,866.5682373046875,866.4901733398438,0.0003,0.0003,0.1
,,,,,866999,9351.707,1000,,,,,,,,
,,,,,867000,,,-860.9105834960938,-6.284873962402344,4.9375433921813965,859.0963745117188,858.5067138671875,0.0003,0.0003,0.1
,,,,,867999,9214.795,1000,,,,,,,,
,,,,,868000,,,-862.8992309570312,-6.55153751373291,8.312689781188965,860.349365234375,860.0291748046875,0.0003,0.0003,0.1
,,,,,868999,9478.123,1000,,,,,,,,
,,,,,869000,,,-863.3880615234375,-6.86068868637085,8.320047378540039,862.0638427734375,862.0736694335938,0.0003,0.0003,0.1
,,,,,869999,9319.235,1000,,,,,,,,
9423.877,79.96629,9546.023,9307.999,1000.0,870000,,,-863.2374267578125,-5.793564319610596,5.270942687988281,861.831298828125,861.6622314453125,0.0003,0.0003,0.1
,,,,,870999,9261.569,1000,,,,,,,,
,,,,,871000,,,-865.4360961914062,-6.1176629066467285,6.639231204986572,863.4691162109375,863.8095703125,0.0003,0.0003,0.1
,,,,,871999,5421.683,1000,,,,,,,,
,,,,,872000,,,-857.469482421875,-6.545331001281738,8.319421768188477,855.6079711914062,856.1326904296875,0.0003,0.0003,0.1
,,,,,872999,9312.399,1000,,,,,,,,
,,,,,873000,,,-855.6849975585938,-6.353119373321533,9.529244422912598,853.3885498046875,853.6646728515625,0.0003,0.0003,0.1
,,,,,873999,9410.429,1000,,,,,,,,
,,,,,874000,,,-866.479736328125,-6.646906852722168,7.431300163269043,864.5397338867188,864.2489013671875,0.0003,0.0003,0.1
,,,,,874999,9451.351,1000,,,,,,,,
9355.918,103.742195,9468.614,9082.865,1000.0,875000,,,-865.9610595703125,-5.7427263259887695,7.2599310874938965,864.0740356445312,863.9384765625,0.0003,0.0003,0.1
,,,,,875999,9359.779,1000,,,,,,,,
,,,,,876000,,,-878.3207397460938,-6.457183837890625,6.620796203613281,876.6992797851562,876.5778198242188,0.0003,0.0003,0.1
,,,,,876999,9365.182,1000,,,,,,,,
,,,,,877000,,,-865.523193359375,-6.385372638702393,8.14078426361084,863.7021484375,863.3342895507812,0.0003,0.0003,0.1
,,,,,877999,9309.406,1000,,,,,,,,
,,,,,878000,,,-860.6937866210938,-6.059059143066406,7.094123840332031,859.095947265625,858.7861938476562,0.0003,0.0003,0.1
,,,,,878999,9361.829,1000,,,,,,,,
,,,,,879000,,,-872.5654907226562,-6.619081020355225,16.79907989501953,871.1344604492188,870.7037353515625,0.0003,0.0003,0.1
,,,,,879999,9367.892,1000,,,,,,,,
9417.416,58.363377,9488.937,9331.993,1000.0,880000,,,-870.1668090820312,-6.346927165985107,6.083056449890137,868.108154296875,868.2610473632812,0.0003,0.0003,0.1
,,,,,880999,9367.062,1000,,,,,,,,
,,,,,881000,,,-862.5747680664062,-6.355595588684082,10.74848747253418,860.0355834960938,861.0298461914062,0.0003,0.0003,0.1
,,,,,881999,9471.67,1000,,,,,,,,
,,,,,882000,,,-869.6571044921875,-6.900763511657715,7.446146011352539,867.684814453125,867.9329223632812,0.0003,0.0003,0.1
,,,,,882999,9382.273,1000,,,,,,,,
,,,,,883000,,,-863.593505859375,-6.595406532287598,5.910240650177002,861.8110961914062,861.58251953125,0.0003,0.0003,0.1
,,,,,883999,9435.081,1000,,,,,,,,
,,,,,884000,,,-869.0108032226562,-6.1458635330200195,4.831489086151123,867.2767333984375,867.415771484375,0.0003,0.0003,0.1
,,,,,884999,9372.097,1000,,,,,,,,
9115.207,826.8913,9625.313,7291.192,1000.0,885000,,,-873.18896484375,-6.541574478149414,5.142958641052246,871.60791015625,871.8430786132812,0.0003,0.0003,0.1
,,,,,885999,9452.789,1000,,,,,,,,
,,,,,886000,,,-873.276123046875,-5.620284080505371,6.95747709274292,871.337158203125,871.21240234375,0.0003,0.0003,0.1
,,,,,886999,9381.494,1000,,,,,,,,
,,,,,887000,,,-863.1259765625,-6.321812629699707,8.689323425292969,861.4552001953125,860.8736572265625,0.0003,0.0003,0.1
,,,,,887999,9481.878,1000,,,,,,,,
,,,,,888000,,,-868.5370483398438,-6.495965003967285,4.645020484924316,866.7652587890625,866.7689208984375,0.0003,0.0003,0.1
,,,,,888999,9515.869,1000,,,,,,,,
,,,,,889000,,,-864.6245727539062,-6.088374137878418,5.7409162521362305,862.8013305664062,862.9901123046875,0.0003,0.0003,0.1
,,,,,889999,9439.495,1000,,,,,,,,
9432.307,232.72386,9622.354,8775.953,1000.0,890000,,,-862.5932006835938,-6.447277545928955,9.773571014404297,860.8326416015625,860.65771484375,0.0003,0.0003,0.1
,,,,,890999,9400.048,1000,,,,,,,,
,,,,,891000,,,-864.955078125,-6.054382801055908,6.795805931091309,863.0562744140625,863.2630615234375,0.0003,0.0003,0.1
,,,,,891999,9499.275,1000,,,,,,,,
,,,,,892000,,,-869.2737426757812,-6.635341644287109,6.641500473022461,867.3201904296875,867.61083984375,0.0003,0.0003,0.1
,,,,,892999,9407.082,1000,,,,,,,,
,,,,,893000,,,-858.306884765625,-6.508632183074951,5.600728988647461,856.00146484375,856.7532958984375,0.0003,0.0003,0.1
,,,,,893999,9654.76,1000,,,,,,,,
,,,,,894000,,,-876.6525268554688,-5.802335739135742,5.221311569213867,875.0825805664062,875.05224609375,0.0003,0.0003,0.1
,,,,,894999,9281.351,1000,,,,,,,,
9342.943,86.00988,9429.322,9118.941,1000.0,895000,,,-867.168701171875,-6.645443916320801,4.681899070739746,865.468505859375,865.196044921875,0.0003,0.0003,0.1
,,,,,895999,9229.429,1000,,,,,,,,
,,,,,896000,,,-872.199951171875,-5.989133834838867,6.114553451538086,870.359619140625,870.4940185546875,0.0003,0.0003,0.1
,,,,,896999,9438.967,1000,,,,,,,,
,,,,,897000,,,-872.2106323242188,-5.951840877532959,5.443058013916016,870.22998046875,870.81787109375,0.0003,0.0003,0.1
,,,,,897999,9421.218,1000,,,,,,,,
,,,,,898000,,,-867.1475830078125,-6.6535444259643555,4.9794230461120605,865.218994140625,865.1688232421875,0.0003,0.0003,0.1
,,,,,898999,9342.181,1000,,,,,,,,
,,,,,899000,,,-863.7279663085938,-6.16623592376709,6.86035680770874,862.0941162109375,862.156005859375,0.0003,0.0003,0.1
,,,,,899999,9437.923,1000,,,,,,,,
9515.174,60.552685,9614.567,9424.234,1000.0,900000,,,-871.087158203125,-6.47830867767334,7.534498691558838,869.536376953125,869.67626953125,0.0003,0.0003,0.1
,,,,,900999,9420.277,1000,,,,,,,,
,,,,,901000,,,-876.1231689453125,-6.152459621429443,9.180746078491211,874.1966552734375,874.310546875,0.0003,0.0003,0.1
,,,,,901999,9306.556,1000,,,,,,,,
,,,,,902000,,,-869.021728515625,-6.015985488891602,5.731161117553711,867.17724609375,867.3787841796875,0.0003,0.0003,0.1
,,,,,902999,9399.665,1000,,,,,,,,
,,,,,903000,,,-865.3945922851562,-6.593437194824219,5.6770453453063965,863.6803588867188,864.475830078125,0.0003,0.0003,0.1
,,,,,903999,9430.376,1000,,,,,,,,
,,,,,904000,,,-880.363037109375,-6.607936859130859,5.205303192138672,878.91455078125,878.931396484375,0.0003,0.0003,0.1
,,,,,904999,9490.258,1000,,,,,,,,
9429.399,43.5694,9482.318,9348.911,1000.0,905000,,,-872.8800048828125,-6.41579008102417,8.251078605651855,871.3651123046875,871.0546875,0.0003,0.0003,0.1
,,,,,905999,9519.441,1000,,,,,,,,
,,,,,906000,,,-880.0661010742188,-6.767937660217285,6.735732555389404,878.52001953125,878.4765625,0.0003,0.0003,0.1
,,,,,906999,8956.268,1000,,,,,,,,
,,,,,907000,,,-880.93798828125,-6.114466190338135,6.5704450607299805,879.0597534179688,879.0082397460938,0.0003,0.0003,0.1
,,,,,907999,9450.795,1000,,,,,,,,
,,,,,908000,,,-870.9025268554688,-6.377077102661133,7.191656112670898,868.8682861328125,868.7853393554688,0.0003,0.0003,0.1
,,,,,908999,9246.98,1000,,,,,,,,
,,,,,909000,,,-871.7006225585938,-6.575427055358887,9.296871185302734,869.6393432617188,869.80810546875,0.0003,0.0003,0.1
,,,,,909999,9498.152,1000,,,,,,,,
9582.255,64.25156,9689.343,9457.453,1000.0,910000,,,-881.5054321289062,-6.582193851470947,7.8454999923706055,879.65673828125,879.3307495117188,0.0003,0.0003,0.1
,,,,,910999,9197.088,1000,,,,,,,,
,,,,,911000,,,-879.4010620117188,-6.352714538574219,6.449109077453613,877.623046875,877.0914306640625,0.0003,0.0003,0.1
,,,,,911999,9503.739,1000,,,,,,,,
,,,,,912000,,,-878.4081420898438,-6.3473405838012695,13.187248229980469,877.1493530273438,876.8804931640625,0.0003,0.0003,0.1
,,,,,912999,9501.353,1000,,,,,,,,
,,,,,913000,,,-873.413330078125,-6.46468448638916,9.07099723815918,871.8377685546875,871.4974365234375,0.0003,0.0003,0.1
,,,,,913999,9200.05,1000,,,,,,,,
,,,,,914000,,,-873.9198608398438,-7.091500759124756,4.017425060272217,872.2532958984375,872.173583984375,0.0003,0.0003,0.1
,,,,,914999,9489.149,1000,,,,,,,,
9576.909,73.60617,9665.01,9378.768,1000.0,915000,,,-864.2520751953125,-6.524611473083496,12.237710952758789,862.1854858398438,861.9261474609375,0.0003,0.0003,0.1
,,,,,915999,9450.5625,1000,,,,,,,,
,,,,,916000,,,-883.420166015625,-6.2108869552612305,4.772947788238525,881.7366943359375,881.86767578125,0.0003,0.0003,0.1
,,,,,916999,9401.524,1000,,,,,,,,
,,,,,917000,,,-878.6993408203125,-6.648219108581543,7.619817733764648,877.1934814453125,876.759765625,0.0003,0.0003,0.1
,,,,,917999,9418.575,1000,,,,,,,,
,,,,,918000,,,-881.205322265625,-6.2703328132629395,4.88267707824707,879.6328125,879.4906616210938,0.0003,0.0003,0.1
,,,,,918999,9522.334,1000,,,,,,,,
,,,,,919000,,,-880.451904296875,-6.316628456115723,6.592738628387451,878.3016357421875,878.7034301757812,0.0003,0.0003,0.1
,,,,,919999,9431.345,1000,,,,,,,,
9484.188,366.0657,9736.695,8400.767,1000.0,920000,,,-889.513916015625,-6.174462795257568,6.659631252288818,888.3369750976562,887.981201171875,0.0003,0.0003,0.1
,,,,,920999,9578.536,1000,,,,,,,,
,,,,,921000,,,-874.0332641601562,-6.7001190185546875,8.923831939697266,872.0059204101562,871.45703125,0.0003,0.0003,0.1
,,,,,921999,9512.573,1000,,,,,,,,
,,,,,922000,,,-874.2735595703125,-6.253442764282227,5.203895568847656,872.5203857421875,872.9927978515625,0.0003,0.0003,0.1
,,,,,922999,9580.261,1000,,,,,,,,
,,,,,923000,,,-882.4707641601562,-6.471595764160156,10.336629867553711,880.7760620117188,880.8059692382812,0.0003,0.0003,0.1
,,,,,923999,9379.564,1000,,,,,,,,
,,,,,924000,,,-875.17333984375,-6.842494964599609,6.893553733825684,873.5722045898438,874.098388671875,0.0003,0.0003,0.1
,,,,,924999,9294.478,1000,,,,,,,,
9437.738,58.49081,9527.224,9320.817,1000.0,925000,,,-875.594482421875,-5.925835609436035,6.01049280166626,873.5689697265625,874.2906494140625,0.0003,0.0003,0.1
,,,,,925999,9315.34,1000,,,,,,,,
,,,,,926000,,,-877.5263671875,-6.430428504943848,5.962355613708496,875.5823974609375,875.6932983398438,0.0003,0.0003,0.1
,,,,,926999,9601.678,1000,,,,,,,,
,,,,,927000,,,-886.4879760742188,-6.217334747314453,7.620961666107178,884.6813354492188,884.3572998046875,0.0003,0.0003,0.1
,,,,,927999,9514.993,1000,,,,,,,,
,,,,,928000,,,-886.4678955078125,-5.976495265960693,8.356392860412598,885.1251831054688,884.8125,0.0003,0.0003,0.1
,,,,,928999,9549.961,1000,,,,,,,,
,,,,,929000,,,-875.6520385742188,-6.518862247467041,6.56832218170166,873.4570922851562,873.8079833984375,0.0003,0.0003,0.1
,,,,,929999,9501.293,1000,,,,,,,,
9446.166,362.32477,9624.408,8373.656,1000.0,930000,,,-879.7320556640625,-6.728759288787842,5.350419998168945,877.946044921875,877.8033447265625,0.0003,0.0003,0.1
,,,,,930999,9449.074,1000,,,,,,,,
,,,,,931000,,,-885.7838134765625,-5.970625400543213,5.879590034484863,883.8192138671875,884.2056884765625,0.0003,0.0003,0.1
,,,,,931999,9285.621,1000,,,,,,,,
,,,,,932000,,,-886.2067260742188,-6.14408016204834,7.891093730926514,884.7669067382812,884.777099609375,0.0003,0.0003,0.1
,,,,,932999,9630.165,1000,,,,,,,,
,,,,,933000,,,-875.8427734375,-6.569060802459717,4.967574596405029,874.4693603515625,874.3134765625,0.0003,0.0003,0.1
,,,,,933999,9379.197,1000,,,,,,,,
,,,,,934000,,,-883.7432861328125,-6.420682907104492,7.280332565307617,882.1454467773438,881.835205078125,0.0003,0.0003,0.1
,,,,,934999,9529.799,1000,,,,,,,,
9335.898,147.00038,9556.722,9143.671,1000.0,935000,,,-880.1546020507812,-6.606512546539307,6.705876350402832,877.9451904296875,878.6852416992188,0.0003,0.0003,0.1
,,,,,935999,9474.572,1000,,,,,,,,
,,,,,936000,,,-881.6160278320312,-6.220613956451416,7.7818169593811035,879.890869140625,880.2105102539062,0.0003,0.0003,0.1
,,,,,936999,9569.279,1000,,,,,,,,
,,,,,937000,,,-883.2125854492188,-6.195717811584473,5.89012336730957,881.3214111328125,881.3657836914062,0.0003,0.0003,0.1
,,,,,937999,9433.787,1000,,,,,,,,
,,,,,938000,,,-881.66015625,-6.560511112213135,6.950677871704102,879.6795654296875,879.934326171875,0.0003,0.0003,0.1
,,,,,938999,9561.209,1000,,,,,,,,
,,,,,939000,,,-890.1675415039062,-6.260134220123291,3.9236879348754883,888.4525146484375,888.702392578125,0.0003,0.0003,0.1
,,,,,939999,9549.704,1000,,,,,,,,
9454.423,339.2315,9711.333,8462.649,1000.0,940000,,,-887.7741088867188,-5.799283981323242,7.082322597503662,885.9141845703125,885.8757934570312,0.0003,0.0003,0.1
,,,,,940999,9608.213,1000,,,,,,,,
,,,,,941000,,,-889.3294677734375,-6.576883316040039,6.090278625488281,887.29052734375,887.9951171875,0.0003,0.0003,0.1
,,,,,941999,9461.187,1000,,,,,,,,
,,,,,942000,,,-891.4566040039062,-5.836813926696777,5.7988104820251465,889.8826904296875,889.9655151367188,0.0003,0.0003,0.1
,,,,,942999,9658.417,1000,,,,,,,,
,,,,,943000,,,-879.350830078125,-6.894347190856934,7.0026702880859375,877.343017578125,877.6517333984375,0.0003,0.0003,0.1
,,,,,943999,9597.15,1000,,,,,,,,
,,,,,944000,,,-872.3953857421875,-6.384360313415527,13.21075439453125,870.54296875,870.59619140625,0.0003,0.0003,0.1
,,,,,944999,9415.633,1000,,,,,,,,
9646.258,56.590805,9747.4,9533.088,1000.0,945000,,,-879.7194213867188,-6.30703067779541,6.581184387207031,877.8409423828125,878.2530517578125,0.0003,0.0003,0.1
,,,,,945999,9595.291,1000,,,,,,,,
,,,,,946000,,,-886.5062255859375,-5.958345890045166,5.978216171264648,884.6568603515625,884.9846801757812,0.0003,0.0003,0.1
,,,,,946999,9467.907,1000,,,,,,,,
,,,,,947000,,,-887.94921875,-6.018847465515137,6.314260482788086,886.4830322265625,886.378662109375,0.0003,0.0003,0.1
,,,,,947999,9628.789,1000,,,,,,,,
,,,,,948000,,,-890.4244384765625,-6.430388450622559,4.441281795501709,889.2567138671875,889.1783447265625,0.0003,0.0003,0.1
,,,,,948999,9444.322,1000,,,,,,,,
,,,,,949000,,,-880.9085083007812,-6.417170524597168,6.671440124511719,879.5704345703125,879.3887329101562,0.0003,0.0003,0.1
,,,,,949999,9688.454,1000,,,,,,,,
9353.883,42.375225,9424.302,9289.975,1000.0,950000,,,-875.7344970703125,-6.243441581726074,9.071979522705078,874.4248657226562,873.6365966796875,0.0003,0.0003,0.1
,,,,,950999,9638.893,1000,,,,,,,,
,,,,,951000,,,-892.7176513671875,-6.050968647003174,9.051416397094727,891.3124389648438,891.16015625,0.0003,0.0003,0.1
,,,,,951999,9325.851,1000,,,,,,,,
,,,,,952000,,,-890.460693359375,-6.23394775390625,4.350262641906738,888.9900512695312,888.8461303710938,0.0003,0.0003,0.1
,,,,,952999,9258.654,1000,,,,,,,,
,,,,,953000,,,-884.496337890625,-6.235470771789551,6.96586275100708,882.693603515625,882.6450805664062,0.0003,0.0003,0.1
,,,,,953999,9680.429,1000,,,,,,,,
,,,,,954000,,,-889.2456665039062,-6.431616306304932,5.138119220733643,886.9652099609375,887.1602172851562,0.0003,0.0003,0.1
,,,,,954999,9544.54,1000,,,,,,,,
9513.268,325.87857,9766.721,8620.523,1000.0,955000,,,-880.1978759765625,-6.721200466156006,7.036747455596924,878.4332275390625,878.232666015625,0.0003,0.0003,0.1
,,,,,955999,9560.113,1000,,,,,,,,
,,,,,956000,,,-891.384765625,-5.776147842407227,7.423486232757568,889.2628173828125,889.71337890625,0.0003,0.0003,0.1
,,,,,956999,9689.697,1000,,,,,,,,
,,,,,957000,,,-887.4758911132812,-6.305233478546143,5.707796573638916,885.2303466796875,885.3306274414062,0.0003,0.0003,0.1
,,,,,957999,9208.388,1000,,,,,,,,
,,,,,958000,,,-884.2191772460938,-6.612643241882324,5.936631202697754,882.328125,882.4881591796875,0.0003,0.0003,0.1
,,,,,958999,9434.427,1000,,,,,,,,
,,,,,959000,,,-887.5747680664062,-6.284641265869141,5.963255882263184,885.7418212890625,885.5706176757812,0.0003,0.0003,0.1
,,,,,959999,9510.805,1000,,,,,,,,
9457.607,67.65867,9557.773,9346.785,1000.0,960000,,,-894.6053466796875,-6.641663551330566,5.243773460388184,892.9078369140625,892.9755859375,0.0003,0.0003,0.1
,,,,,960999,9720.345,1000,,,,,,,,
,,,,,961000,,,-875.858642578125,-6.176948547363281,8.06874942779541,874.2367553710938,874.41015625,0.0003,0.0003,0.1
,,,,,961999,9518.25,1000,,,,,,,,
,,,,,962000,,,-882.0625610351562,-6.411952495574951,7.727823257446289,880.6531982421875,880.63671875,0.0003,0.0003,0.1
,,,,,962999,3425.8342,1000,,,,,,,,
,,,,,963000,,,-888.9488525390625,-6.106498718261719,6.29203987121582,887.1224975585938,887.5084228515625,0.0003,0.0003,0.1
,,,,,963999,9557.451,1000,,,,,,,,
,,,,,964000,,,-892.3033447265625,-6.681169033050537,7.497274875640869,890.4564819335938,890.9293823242188,0.0003,0.0003,0.1
,,,,,964999,9639.407,1000,,,,,,,,
9603.565,77.21186,9692.868,9395.49,1000.0,965000,,,-881.4681396484375,-5.796815872192383,5.938326358795166,879.303955078125,879.4446411132812,0.0003,0.0003,0.1
,,,,,965999,9510.861,1000,,,,,,,,
,,,,,966000,,,-898.2171630859375,-6.126565456390381,6.155655860900879,896.2318725585938,896.967041015625,0.0003,0.0003,0.1
,,,,,966999,9651.542,1000,,,,,,,,
,,,,,967000,,,-894.5243530273438,-6.304601669311523,6.7833099365234375,892.8180541992188,892.6161499023438,0.0003,0.0003,0.1
,,,,,967999,9386.98,1000,,,,,,,,
,,,,,968000,,,-888.784423828125,-6.231350898742676,5.351811408996582,887.1365356445312,887.151611328125,0.0003,0.0003,0.1
,,,,,968999,9540.553,1000,,,,,,,,
,,,,,969000,,,-882.4722900390625,-6.219771385192871,10.857276916503906,881.0437622070312,880.2319946289062,0.0003,0.0003,0.1
,,,,,969999,9349.45,1000,,,,,,,,
9506.806,372.78125,9801.922,8562.662,1000.0,970000,,,-894.9887084960938,-6.273582458496094,5.500293731689453,893.6157836914062,893.4338989257812,0.0003,0.0003,0.1
,,,,,970999,9523.122,1000,,,,,,,,
,,,,,971000,,,-897.0469970703125,-6.783015251159668,5.566102981567383,895.413330078125,895.44677734375,0.0003,0.0003,0.1
,,,,,971999,9570.723,1000,,,,,,,,
,,,,,972000,,,-891.7217407226562,-6.038473129272461,7.45206880569458,890.2958984375,889.7625732421875,0.0003,0.0003,0.1
,,,,,972999,9518.838,1000,,,,,,,,
,,,,,973000,,,-888.92041015625,-6.38546085357666,5.789010047912598,887.0841674804688,886.7786865234375,0.0003,0.0003,0.1
,,,,,973999,9715.21,1000,,,,,,,,
,,,,,974000,,,-893.354248046875,-5.998342037200928,6.742158889770508,891.632568359375,891.9808349609375,0.0003,0.0003,0.1
,,,,,974999,9619.088,1000,,,,,,,,
9595.167,62.845284,9666.043,9456.172,1000.0,975000,,,-898.1820068359375,-5.925385475158691,6.580182075500488,896.4931030273438,896.4700927734375,0.0003,0.0003,0.1
,,,,,975999,9595.323,1000,,,,,,,,
,,,,,976000,,,-894.3128051757812,-6.27612829208374,7.359679698944092,892.521240234375,892.1689453125,0.0003,0.0003,0.1
,,,,,976999,9628.664,1000,,,,,,,,
,,,,,977000,,,-888.553466796875,-6.703602313995361,6.108789443969727,886.8300170898438,886.3565063476562,0.0003,0.0003,0.1
,,,,,977999,9703.266,1000,,,,,,,,
,,,,,978000,,,-898.2611694335938,-5.697450637817383,6.480848789215088,896.812255859375,897.3895874023438,0.0003,0.0003,0.1
,,,,,978999,9640.914,1000,,,,,,,,
,,,,,979000,,,-881.178955078125,-6.6142988204956055,8.296464920043945,879.2303466796875,878.9976196289062,0.0003,0.0003,0.1
,,,,,979999,9583.378,1000,,,,,,,,
9624.364,69.768295,9723.961,9472.2295,1000.0,980000,,,-895.3192749023438,-6.292288780212402,4.9795989990234375,893.3919677734375,893.76220703125,0.0003,0.0003,0.1
,,,,,980999,9604.916,1000,,,,,,,,
,,,,,981000,,,-890.9995727539062,-5.9416913986206055,9.00137710571289,888.9708862304688,889.384521484375,0.0003,0.0003,0.1
,,,,,981999,9583.092,1000,,,,,,,,
,,,,,982000,,,-880.3333129882812,-6.868564605712891,11.611211776733398,878.6906127929688,878.6943359375,0.0003,0.0003,0.1
,,,,,982999,9692.742,1000,,,,,,,,
,,,,,983000,,,-891.4983520507812,-5.962895393371582,7.785044193267822,889.9238891601562,889.94482421875,0.0003,0.0003,0.1
,,,,,983999,9297.869,1000,,,,,,,,
,,,,,984000,,,-890.8941650390625,-6.620134353637695,6.1329498291015625,889.2301025390625,889.0626220703125,0.0003,0.0003,0.1
,,,,,984999,9535.776,1000,,,,,,,,
9635.938,89.89358,9768.381,9502.611,1000.0,985000,,,-890.9581909179688,-6.397651195526123,5.9925994873046875,889.495361328125,889.14208984375,0.0003,0.0003,0.1
,,,,,985999,9716.237,1000,,,,,,,,
,,,,,986000,,,-894.987060546875,-6.568891525268555,6.344920635223389,893.5035400390625,893.3837890625,0.0003,0.0003,0.1
,,,,,986999,9467.705,1000,,,,,,,,
,,,,,987000,,,-894.0341796875,-6.706439018249512,6.0513715744018555,892.18017578125,892.3320922851562,0.0003,0.0003,0.1
,,,,,987999,9533.152,1000,,,,,,,,
,,,,,988000,,,-887.6096801757812,-6.556832313537598,6.22526741027832,885.9310302734375,885.9891357421875,0.0003,0.0003,0.1
,,,,,988999,9453.483,1000,,,,,,,,
,,,,,989000,,,-886.2474365234375,-5.98630952835083,8.758548736572266,884.2425537109375,884.2987060546875,0.0003,0.0003,0.1
,,,,,989999,9720.327,1000,,,,,,,,
9638.394,205.91208,9793.946,9035.1045,1000.0,990000,,,-894.1898803710938,-6.60658597946167,8.340614318847656,892.718017578125,892.75439453125,0.0003,0.0003,0.1
,,,,,990999,9651.729,1000,,,,,,,,
,,,,,991000,,,-898.5709228515625,-6.274380683898926,10.099075317382812,896.9169921875,896.8449096679688,0.0003,0.0003,0.1
,,,,,991999,9743.498,1000,,,,,,,,
,,,,,992000,,,-895.266357421875,-6.033658981323242,5.6560468673706055,893.3348999023438,893.8485107421875,0.0003,0.0003,0.1
,,,,,992999,9658.122,1000,,,,,,,,
,,,,,993000,,,-891.5372924804688,-6.057578086853027,5.020939350128174,890.059326171875,889.7661743164062,0.0003,0.0003,0.1
,,,,,993999,9860.769,1000,,,,,,,,
,,,,,994000,,,-899.6714477539062,-6.611567497253418,6.933494567871094,898.0870971679688,898.4052734375,0.0003,0.0003,0.1
,,,,,994999,9824.888,1000,,,,,,,,
9633.742,80.284,9784.652,9463.146,1000.0,995000,,,-902.0259399414062,-5.705246925354004,5.773176670074463,900.5860595703125,900.4127807617188,0.0003,0.0003,0.1
,,,,,995999,9617.233,1000,,,,,,,,
,,,,,996000,,,-888.2391357421875,-6.269138336181641,6.165963172912598,886.2759399414062,885.8609619140625,0.0003,0.0003,0.1
,,,,,996999,9734.329,1000,,,,,,,,
,,,,,997000,,,-897.6962890625,-6.421523094177246,5.532121658325195,896.1314086914062,895.978759765625,0.0003,0.0003,0.1
,,,,,997999,9812.42,1000,,,,,,,,
,,,,,998000,,,-900.5357055664062,-6.230498313903809,5.325483798980713,899.2994384765625,899.3760986328125,0.0003,0.0003,0.1
,,,,,998999,9670.547,1000,,,,,,,,
,,,,,999000,,,-898.6995849609375,-5.896152496337891,8.137333869934082,896.83056640625,896.8623046875,0.0003,0.0003,0.1
,,,,,999999,9792.566,1000,,,,,,,,
