Eval_AverageReturn,Eval_StdReturn,Eval_MaxReturn,Eval_MinReturn,Eval_AverageEpLen,step,Train_EpisodeReturn,Train_EpisodeLen,critic_loss,q_values,target_values,grad_norm,epsilon,lr
-851.8895,488.17807,-416.16544,-2027.443,107.3,0,,,,,,,,
,,,,,85,-124.93713,86,,,,,,
,,,,,203,-146.80035,118,,,,,,
,,,,,304,-151.73764,101,,,,,,
,,,,,384,-88.22236,80,,,,,,
,,,,,489,-128.4683,105,,,,,,
,,,,,551,-62.474693,62,,,,,,
,,,,,650,-275.05438,99,,,,,,
,,,,,783,-199.05334,133,,,,,,
,,,,,879,-225.11371,96,,,,,,
,,,,,954,-231.41171,75,,,,,,
,,,,,1060,-366.39966,106,,,,,,
,,,,,1148,-99.079575,88,,,,,,
,,,,,1213,-63.953796,65,,,,,,
,,,,,1285,-67.674545,72,,,,,,
,,,,,1400,-94.36912,115,,,,,,
,,,,,1482,-143.01248,82,,,,,,
,,,,,1554,-72.16072,72,,,,,,
,,,,,1639,-275.2784,85,,,,,,
,,,,,1733,-79.18483,94,,,,,,
,,,,,1830,-144.98123,97,,,,,,
,,,,,1924,-227.48984,94,,,,,,
,,,,,2039,-378.52704,115,,,,,,
,,,,,2129,-241.41856,90,,,,,,
,,,,,2196,-92.55692,67,,,,,,
,,,,,2304,-123.08432,108,,,,,,
,,,,,2409,-146.1507,105,,,,,,
,,,,,2469,-64.15526,60,,,,,,
,,,,,2556,-108.055504,87,,,,,,
,,,,,2685,-327.08347,129,,,,,,
,,,,,2754,-166.19028,69,,,,,,
,,,,,2853,-378.34317,99,,,,,,
,,,,,2931,-181.38431,78,,,,,,
,,,,,3015,-96.78559,84,,,,,,
,,,,,3082,-101.87415,67,,,,,,
,,,,,3179,-16.424911,97,,,,,,
,,,,,3274,-93.6877,95,,,,,,
,,,,,3426,-370.2629,152,,,,,,
,,,,,3509,-557.3928,83,,,,,,
,,,,,3610,-112.553696,101,,,,,,
,,,,,3717,-401.82135,107,,,,,,
,,,,,3828,-224.7284,111,,,,,,
,,,,,3940,-104.37048,112,,,,,,
,,,,,4088,-102.81632,148,,,,,,
,,,,,4208,-413.06314,120,,,,,,
,,,,,4336,0.43191528,128,,,,,,
,,,,,4417,-178.78842,81,,,,,,
,,,,,4508,-267.67236,91,,,,,,
,,,,,4606,-101.026245,98,,,,,,
,,,,,4672,-95.41652,66,,,,,,
,,,,,4776,-143.81702,104,,,,,,
,,,,,4863,-41.523766,87,,,,,,
,,,,,4943,-90.0885,80,,,,,,
,,,,,5047,-272.5932,104,,,,,,
,,,,,5170,-3.5831451,123,,,,,,
,,,,,5263,-206.09416,93,,,,,,
,,,,,5326,-65.72139,63,,,,,,
,,,,,5426,-175.21294,100,,,,,,
,,,,,5492,-123.85181,66,,,,,,
,,,,,5591,-382.11362,99,,,,,,
,,,,,5682,-99.47112,91,,,,,,
,,,,,5743,-45.658176,61,,,,,,
,,,,,5826,-400.7219,83,,,,,,
,,,,,5899,-224.99258,73,,,,,,
,,,,,5968,-109.55538,69,,,,,,
,,,,,6094,-186.24857,126,,,,,,
,,,,,6187,-101.45968,93,,,,,,
,,,,,6275,-118.375916,88,,,,,,
,,,,,6336,-183.51727,61,,,,,,
,,,,,6404,-250.3741,68,,,,,,
,,,,,6489,-81.293335,85,,,,,,
,,,,,6570,-128.91437,81,,,,,,
,,,,,6671,-333.67798,101,,,,,,
,,,,,6754,-65.73447,83,,,,,,
,,,,,6833,-148.23315,79,,,,,,
,,,,,6906,-323.38763,73,,,,,,
,,,,,6971,-156.3971,65,,,,,,
,,,,,7040,-54.615192,69,,,,,,
,,,,,7153,-196.72275,113,,,,,,
,,,,,7235,-110.23579,82,,,,,,
,,,,,7370,-70.739296,135,,,,,,
,,,,,7459,-285.18793,89,,,,,,
,,,,,7540,-284.9544,81,,,,,,
,,,,,7656,-146.9357,116,,,,,,
,,,,,7735,-198.90616,79,,,,,,
,,,,,7810,-165.29506,75,,,,,,
,,,,,7888,-131.01183,78,,,,,,
,,,,,8004,-121.43675,116,,,,,,
,,,,,8072,-218.42459,68,,,,,,
,,,,,8139,-204.52628,67,,,,,,
,,,,,8204,-157.5181,65,,,,,,
,,,,,8281,-128.75555,77,,,,,,
,,,,,8422,-126.3575,141,,,,,,
,,,,,8544,3.565033,122,,,,,,
,,,,,8638,-361.72232,94,,,,,,
,,,,,8765,-186.64691,127,,,,,,
,,,,,8877,-338.8642,112,,,,,,
,,,,,8961,-112.66455,84,,,,,,
,,,,,9032,-350.0252,71,,,,,,
,,,,,9090,-100.95801,58,,,,,,
,,,,,9155,-81.59048,65,,,,,,
,,,,,9229,-43.28158,74,,,,,,
,,,,,9295,-81.60283,66,,,,,,
,,,,,9375,-347.94495,80,,,,,,
,,,,,9502,-76.82098,127,,,,,,
,,,,,9593,-214.1991,91,,,,,,
,,,,,9719,-428.95044,126,,,,,,
,,,,,9795,-124.077866,76,,,,,,
,,,,,9872,-202.03503,77,,,,,,
,,,,,9961,-88.484634,89,,,,,,
-592.0646,184.19815,-417.46204,-997.0393,92.7,10000,,,,,,,,
,,,,,10053,-123.69895,92,,,,,,
,,,,,10116,-84.986176,63,,,,,,
,,,,,10216,-476.069,100,,,,,,
,,,,,10315,-167.17966,99,,,,,,
,,,,,10398,-193.47032,83,,,,,,
,,,,,10472,-215.15717,74,,,,,,
,,,,,10571,-379.1547,99,,,,,,
,,,,,10683,-140.47195,112,,,,,,
,,,,,10793,-276.9212,110,,,,,,
,,,,,10869,-169.72372,76,,,,,,
,,,,,10947,-72.203094,78,,,,,,
,,,,,11029,-112.43343,82,,,,,,
,,,,,11146,-157.86981,117,,,,,,
,,,,,11229,-163.74007,83,,,,,,
,,,,,11351,-204.97156,122,,,,,,
,,,,,11428,-141.98999,77,,,,,,
,,,,,11567,-148.5892,139,,,,,,
,,,,,11631,-119.878395,64,,,,,,
,,,,,11731,-457.63312,100,,,,,,
,,,,,11818,-238.54938,87,,,,,,
,,,,,11920,-366.2897,102,,,,,,
,,,,,11989,-173.36978,69,,,,,,
,,,,,12069,-115.22423,80,,,,,,
,,,,,12160,-256.1404,91,,,,,,
,,,,,12252,-181.92377,92,,,,,,
,,,,,12360,-94.52369,108,,,,,,
,,,,,12519,-106.911896,159,,,,,,
,,,,,12597,-247.19228,78,,,,,,
,,,,,12706,-461.65176,109,,,,,,
,,,,,12769,-23.37262,63,,,,,,
,,,,,12897,-165.15028,128,,,,,,
,,,,,13006,-203.31235,109,,,,,,
,,,,,13101,-374.94104,95,,,,,,
,,,,,13174,-115.5961,73,,,,,,
,,,,,13241,-159.06393,67,,,,,,
,,,,,13351,-392.63278,110,,,,,,
,,,,,13413,-90.74814,62,,,,,,
,,,,,13507,-268.9832,94,,,,,,
,,,,,13584,-84.77759,77,,,,,,
,,,,,13668,-120.18096,84,,,,,,
,,,,,13734,-62.242325,66,,,,,,
,,,,,13839,-295.05872,105,,,,,,
,,,,,13942,-212.17795,103,,,,,,
,,,,,14064,-100.38092,122,,,,,,
,,,,,14168,-131.55997,104,,,,,,
,,,,,14262,-374.4682,94,,,,,,
,,,,,14366,-124.699905,104,,,,,,
,,,,,14438,-206.14813,72,,,,,,
,,,,,14513,-177.50026,75,,,,,,
,,,,,14588,-157.36281,75,,,,,,
,,,,,14705,-343.87408,117,,,,,,
,,,,,14814,-299.84485,109,,,,,,
,,,,,14902,-287.36304,88,,,,,,
,,,,,14984,-314.2882,82,,,,,,
,,,,,15084,-155.77579,100,,,,,,
,,,,,15190,-128.28537,106,,,,,,
,,,,,15324,-126.49417,134,,,,,,
,,,,,15410,-45.101715,86,,,,,,
,,,,,15479,-345.7587,69,,,,,,
,,,,,15589,-233.94708,110,,,,,,
,,,,,15667,-127.091835,78,,,,,,
,,,,,15745,-115.4447,78,,,,,,
,,,,,15835,-131.56204,90,,,,,,
,,,,,15921,-196.05206,86,,,,,,
,,,,,15987,-54.41848,66,,,,,,
,,,,,16101,-360.84772,114,,,,,,
,,,,,16194,-232.75882,93,,,,,,
,,,,,16272,-105.368484,78,,,,,,
,,,,,16396,-151.44157,124,,,,,,
,,,,,16455,-165.72522,59,,,,,,
,,,,,16540,-201.30031,85,,,,,,
,,,,,16649,-101.553085,109,,,,,,
,,,,,16717,-63.93702,68,,,,,,
,,,,,16827,-457.5782,110,,,,,,
,,,,,16920,-94.18862,93,,,,,,
,,,,,16993,-134.17035,73,,,,,,
,,,,,17069,-80.613174,76,,,,,,
,,,,,17135,-78.730316,66,,,,,,
,,,,,17237,-272.01062,102,,,,,,
,,,,,17328,-376.54004,91,,,,,,
,,,,,17415,-330.54218,87,,,,,,
,,,,,17496,-413.748,81,,,,,,
,,,,,17593,-191.87473,97,,,,,,
,,,,,17657,-143.84935,64,,,,,,
,,,,,17742,-140.23804,85,,,,,,
,,,,,17806,-121.14461,64,,,,,,
,,,,,17873,-101.80022,67,,,,,,
,,,,,17947,-103.12657,74,,,,,,
,,,,,18022,-132.74634,75,,,,,,
,,,,,18097,-134.90211,75,,,,,,
,,,,,18219,-270.43042,122,,,,,,
,,,,,18289,-122.315216,70,,,,,,
,,,,,18389,-247.66335,100,,,,,,
,,,,,18500,-100.10459,111,,,,,,
,,,,,18597,-201.25911,97,,,,,,
,,,,,18672,-213.88791,75,,,,,,
,,,,,18776,-361.1329,104,,,,,,
,,,,,18880,-131.85246,104,,,,,,
,,,,,18955,-189.96075,75,,,,,,
,,,,,19068,-310.03995,113,,,,,,
,,,,,19207,-247.82564,139,,,,,,
,,,,,19300,-142.69598,93,,,,,,
,,,,,19425,-231.01442,125,,,,,,
,,,,,19505,-119.64057,80,,,,,,
,,,,,19583,-287.678,78,,,,,,
,,,,,19716,-222.23099,133,,,,,,
,,,,,19818,-291.33606,102,,,,,,
,,,,,19880,-114.17764,62,,,,,,
,,,,,19969,-404.3092,89,,,,,,
-1148.6554,1023.92896,-406.52933,-3599.3052,145.9,20000,,,475.4532470703125,-0.03653183579444885,-5.362344264984131,33.67142105102539,0.88,0.001
,,,,,20064,-122.660194,95,,,,,,
,,,,,20175,-341.5373,111,,,,,,
,,,,,20258,-431.9936,83,,,,,,
,,,,,20343,-192.10013,85,,,,,,
,,,,,20443,-301.03094,100,,,,,,
,,,,,20565,-112.86876,122,,,,,,
,,,,,20686,-133.15791,121,,,,,,
,,,,,20807,-362.39954,121,,,,,,
,,,,,20871,-168.81557,64,,,,,,
,,,,,20929,-79.52251,58,,,,,,
,,,,,21000,,,41.921573638916016,-2.2683427333831787,-0.9050917625427246,31.203794479370117,0.874,0.001
,,,,,21010,-26.365501,81,,,,,,
,,,,,21126,-374.24384,116,,,,,,
,,,,,21207,-140.25607,81,,,,,,
,,,,,21297,-98.07381,90,,,,,,
,,,,,21417,-233.3432,120,,,,,,
,,,,,21513,-291.23688,96,,,,,,
,,,,,21581,-158.32896,68,,,,,,
,,,,,21657,-135.38503,76,,,,,,
,,,,,21755,-134.60953,98,,,,,,
,,,,,21835,-140.435,80,,,,,,
,,,,,21914,-117.67073,79,,,,,,
,,,,,22000,,,82.5902099609375,-2.7854604721069336,-3.9908668994903564,65.04010772705078,0.868,0.001
,,,,,22013,-339.2266,99,,,,,,
,,,,,22106,-120.86313,93,,,,,,
,,,,,22192,-204.62881,86,,,,,,
,,,,,22269,-105.19044,77,,,,,,
,,,,,22364,-303.34833,95,,,,,,
,,,,,22439,-305.0556,75,,,,,,
,,,,,22536,-16.282448,97,,,,,,
,,,,,22628,-48.174816,92,,,,,,
,,,,,22723,-198.19717,95,,,,,,
,,,,,22839,-301.101,116,,,,,,
,,,,,22907,-131.18869,68,,,,,,
,,,,,22989,-149.26851,82,,,,,,
,,,,,23000,,,260.34521484375,-2.2422726154327393,0.7263743877410889,132.20704650878906,0.862,0.001
,,,,,23073,-107.6229,84,,,,,,
,,,,,23162,-303.56802,89,,,,,,
,,,,,23277,-100.28969,115,,,,,,
,,,,,23376,-422.2706,99,,,,,,
,,,,,23448,-192.78992,72,,,,,,
,,,,,23576,-225.69681,128,,,,,,
,,,,,23686,-113.24473,110,,,,,,
,,,,,23797,-185.45152,111,,,,,,
,,,,,23863,-22.94345,66,,,,,,
,,,,,23973,-63.022423,110,,,,,,
,,,,,24000,,,159.45567321777344,-1.1315410137176514,-1.6537914276123047,110.91007232666016,0.856,0.001
,,,,,24082,-133.8967,109,,,,,,
,,,,,24170,-348.88513,88,,,,,,
,,,,,24305,-236.95859,135,,,,,,
,,,,,24411,-227.77432,106,,,,,,
,,,,,24497,-78.148636,86,,,,,,
,,,,,24618,-144.08205,121,,,,,,
,,,,,24739,-75.92671,121,,,,,,
,,,,,24830,-286.19254,91,,,,,,
,,,,,24898,-211.61514,68,,,,,,
,,,,,24961,-149.82089,63,,,,,,
,,,,,25000,,,6.461161136627197,-1.0561976432800293,-0.7822681665420532,32.81059646606445,0.85,0.001
,,,,,25019,-153.91919,58,,,,,,
,,,,,25108,-404.21875,89,,,,,,
,,,,,25188,-181.7542,80,,,,,,
,,,,,25252,-77.781876,64,,,,,,
,,,,,25336,-118.820786,84,,,,,,
,,,,,25470,-232.88705,134,,,,,,
,,,,,25536,-144.79213,66,,,,,,
,,,,,25647,-365.16904,111,,,,,,
,,,,,25774,-503.1794,127,,,,,,
,,,,,25873,-66.91986,99,,,,,,
,,,,,25980,-186.1304,107,,,,,,
,,,,,26000,,,4.198321342468262,-2.4104323387145996,-1.5333338975906372,57.017311096191406,0.844,0.001
,,,,,26101,-272.71808,121,,,,,,
,,,,,26165,-127.50597,64,,,,,,
,,,,,26261,-489.85434,96,,,,,,
,,,,,26383,-305.90613,122,,,,,,
,,,,,26467,-115.850266,84,,,,,,
,,,,,26532,-144.40007,65,,,,,,
,,,,,26612,-124.07469,80,,,,,,
,,,,,26715,-93.943825,103,,,,,,
,,,,,26807,-293.2339,92,,,,,,
,,,,,26895,-102.35216,88,,,,,,
,,,,,26973,-185.9703,78,,,,,,
,,,,,27000,,,7.29475212097168,-4.062228679656982,-3.4698328971862793,52.0601692199707,0.838,0.001
,,,,,27089,-431.32086,116,,,,,,
,,,,,27197,-333.58936,108,,,,,,
,,,,,27258,-132.55513,61,,,,,,
,,,,,27312,-81.76344,54,,,,,,
,,,,,27430,-75.74118,118,,,,,,
,,,,,27534,-234.7226,104,,,,,,
,,,,,27624,-165.96729,90,,,,,,
,,,,,27718,-233.17464,94,,,,,,
,,,,,27792,-216.76517,74,,,,,,
,,,,,27866,-117.10181,74,,,,,,
,,,,,27938,-211.59337,72,,,,,,
,,,,,28000,,,151.71810913085938,-4.658443927764893,-2.7505366802215576,178.111572265625,0.832,0.001
,,,,,28008,-106.49593,70,,,,,,
,,,,,28135,-102.582726,127,,,,,,
,,,,,28235,-123.61919,100,,,,,,
,,,,,28300,-90.25475,65,,,,,,
,,,,,28387,-182.84744,87,,,,,,
,,,,,28477,-397.2659,90,,,,,,
,,,,,28588,-132.77835,111,,,,,,
,,,,,28671,-123.4628,83,,,,,,
,,,,,28787,-529.3203,116,,,,,,
,,,,,28848,-89.86561,61,,,,,,
,,,,,28946,-66.52559,98,,,,,,
,,,,,29000,,,1.1134169101715088,0.6517758369445801,1.0106066465377808,25.80223274230957,0.8260000000000001,0.001
,,,,,29028,-149.94075,82,,,,,,
,,,,,29115,-89.50098,87,,,,,,
,,,,,29180,-93.98735,65,,,,,,
,,,,,29269,-315.5488,89,,,,,,
,,,,,29366,-334.41113,97,,,,,,
,,,,,29443,-109.09354,77,,,,,,
,,,,,29561,-391.6156,118,,,,,,
,,,,,29644,-113.150925,83,,,,,,
,,,,,29706,-60.50894,62,,,,,,
,,,,,29771,-212.2406,65,,,,,,
,,,,,29871,-290.65283,100,,,,,,
,,,,,29969,-101.29721,98,,,,,,
-331.32645,127.87151,-112.57031,-529.28766,486.5,30000,,,98.2247543334961,1.1934959888458252,2.8674182891845703,199.30349731445312,0.82,0.001
,,,,,30120,-140.65938,151,,,,,,
,,,,,30193,-57.08174,73,,,,,,
,,,,,30260,-76.91442,67,,,,,,
,,,,,30383,-81.91956,123,,,,,,
,,,,,30491,-190.91862,108,,,,,,
,,,,,30566,-69.79194,75,,,,,,
,,,,,30634,-57.519276,68,,,,,,
,,,,,30697,-124.82125,63,,,,,,
,,,,,30785,-22.44912,88,,,,,,
,,,,,30899,-351.48325,114,,,,,,
,,,,,30978,-114.97896,79,,,,,,
,,,,,31000,,,2.6197454929351807,-1.419140338897705,-1.3584976196289062,32.10340881347656,0.8140000000000001,0.001
,,,,,31083,-197.43747,105,,,,,,
,,,,,31192,-553.50684,109,,,,,,
,,,,,31279,-197.56723,87,,,,,,
,,,,,31387,-129.19006,108,,,,,,
,,,,,31467,-100.6679,80,,,,,,
,,,,,31578,-305.6809,111,,,,,,
,,,,,31641,-223.51587,63,,,,,,
,,,,,31701,-115.143814,60,,,,,,
,,,,,31781,-107.717186,80,,,,,,
,,,,,31851,-126.244354,70,,,,,,
,,,,,31979,-537.0892,128,,,,,,
,,,,,32000,,,2.064075469970703,-4.3702712059021,-4.455183982849121,23.074798583984375,0.808,0.001
,,,,,32104,31.35144,125,,,,,,
,,,,,32190,-79.71442,86,,,,,,
,,,,,32275,-336.51254,85,,,,,,
,,,,,32362,-148.96486,87,,,,,,
,,,,,32465,-147.89682,103,,,,,,
,,,,,32596,-246.44531,131,,,,,,
,,,,,32676,-366.42865,80,,,,,,
,,,,,32760,-311.86166,84,,,,,,
,,,,,32852,-189.84662,92,,,,,,
,,,,,32957,-134.34659,105,,,,,,
,,,,,33000,,,9.986949920654297,-4.999807357788086,-5.4642767906188965,63.276878356933594,0.802,0.001
,,,,,33028,-25.39022,71,,,,,,
,,,,,33124,-182.5281,96,,,,,,
,,,,,33237,-182.7706,113,,,,,,
,,,,,33335,-257.03644,98,,,,,,
,,,,,33401,-61.900528,66,,,,,,
,,,,,33534,-20.893097,133,,,,,,
,,,,,33641,-114.22086,107,,,,,,
,,,,,33757,-223.9238,116,,,,,,
,,,,,33849,-69.513855,92,,,,,,
,,,,,33941,-342.47888,92,,,,,,
,,,,,34000,,,1.9104069471359253,1.1303117275238037,1.5191529989242554,29.731355667114258,0.796,0.001
,,,,,34010,-119.30108,69,,,,,,
,,,,,34139,-14.703873,129,,,,,,
,,,,,34222,-129.02693,83,,,,,,
,,,,,34318,-342.5852,96,,,,,,
,,,,,34430,-302.5643,112,,,,,,
,,,,,34515,-337.9271,85,,,,,,
,,,,,34598,-107.89298,83,,,,,,
,,,,,34693,-437.0356,95,,,,,,
,,,,,34780,-91.547424,87,,,,,,
,,,,,34863,-221.29321,83,,,,,,
,,,,,34999,-98.08661,136,,,,,,
,,,,,35000,,,5.680161952972412,4.549559593200684,4.730542182922363,38.63322830200195,0.79,0.001
,,,,,35082,-128.7412,83,,,,,,
,,,,,35166,-232.75931,84,,,,,,
,,,,,35245,-7.5887833,79,,,,,,
,,,,,35355,-239.37523,110,,,,,,
,,,,,35433,-129.18315,78,,,,,,
,,,,,35546,-128.07407,113,,,,,,
,,,,,35618,-125.89143,72,,,,,,
,,,,,35722,-100.52767,104,,,,,,
,,,,,35793,-83.994804,71,,,,,,
,,,,,35894,-135.66862,101,,,,,,
,,,,,35977,-237.35332,83,,,,,,
,,,,,36000,,,4.238746643066406,-5.6042375564575195,-5.381861686706543,52.64753341674805,0.784,0.001
,,,,,36069,-113.00748,92,,,,,,
,,,,,36179,-358.41458,110,,,,,,
,,,,,36306,-166.04755,127,,,,,,
,,,,,36373,-232.72838,67,,,,,,
,,,,,36489,-248.45087,116,,,,,,
,,,,,36591,-273.677,102,,,,,,
,,,,,36693,-312.38367,102,,,,,,
,,,,,36760,-87.86047,67,,,,,,
,,,,,36894,-139.90428,134,,,,,,
,,,,,36965,-95.44231,71,,,,,,
,,,,,37000,,,8.224299430847168,-4.287431716918945,-3.635603427886963,50.29542541503906,0.778,0.001
,,,,,37071,-144.452,106,,,,,,
,,,,,37190,-88.83098,119,,,,,,
,,,,,37285,-85.10014,95,,,,,,
,,,,,37359,-87.16372,74,,,,,,
,,,,,37451,-127.79474,92,,,,,,
,,,,,37578,-95.5995,127,,,,,,
,,,,,37691,-155.78894,113,,,,,,
,,,,,37806,-263.22067,115,,,,,,
,,,,,37909,-474.3593,103,,,,,,
,,,,,38000,,,0.6216867566108704,1.3647595643997192,1.1597065925598145,17.410032272338867,0.772,0.001
,,,,,38021,-408.32355,112,,,,,,
,,,,,38087,-167.22105,66,,,,,,
,,,,,38150,-101.728035,63,,,,,,
,,,,,38246,-81.01085,96,,,,,,
,,,,,38318,-97.79552,72,,,,,,
,,,,,38385,-83.630035,67,,,,,,
,,,,,38445,-166.21556,60,,,,,,
,,,,,38536,-182.04816,91,,,,,,
,,,,,38638,-96.7272,102,,,,,,
,,,,,38729,-259.16113,91,,,,,,
,,,,,38837,-258.2892,108,,,,,,
,,,,,38935,-155.44019,98,,,,,,
,,,,,39000,,,6.324151039123535,-1.808668851852417,-1.3601500988006592,45.48836135864258,0.766,0.001
,,,,,39015,-296.90567,80,,,,,,
,,,,,39102,-7.4043427,87,,,,,,
,,,,,39196,-266.706,94,,,,,,
,,,,,39268,-96.328476,72,,,,,,
,,,,,39347,-343.9162,79,,,,,,
,,,,,39468,-393.25836,121,,,,,,
,,,,,39565,-289.95877,97,,,,,,
,,,,,39685,-81.12268,120,,,,,,
,,,,,39790,-182.48206,105,,,,,,
,,,,,39887,-112.24293,97,,,,,,
,,,,,39992,-247.54005,105,,,,,,
-212.23409,36.072353,-159.77844,-264.2566,543.2,40000,,,3.539952278137207,2.876147747039795,2.6484296321868896,43.45637893676758,0.76,0.001
,,,,,40109,-446.68958,117,,,,,,
,,,,,40218,-440.4454,109,,,,,,
,,,,,40293,-92.58865,75,,,,,,
,,,,,40388,-174.25478,95,,,,,,
,,,,,40471,-72.670395,83,,,,,,
,,,,,40551,-127.40376,80,,,,,,
,,,,,40617,-120.55546,66,,,,,,
,,,,,40681,-68.25101,64,,,,,,
,,,,,40746,-93.80893,65,,,,,,
,,,,,40848,-360.81964,102,,,,,,
,,,,,40934,-344.40826,86,,,,,,
,,,,,41000,,,1.997825026512146,7.375169277191162,7.021408557891846,29.69063377380371,0.754,0.001
,,,,,41035,-254.18472,101,,,,,,
,,,,,41104,-48.054077,69,,,,,,
,,,,,41213,-111.80714,109,,,,,,
,,,,,41305,-245.02055,92,,,,,,
,,,,,41380,-205.10324,75,,,,,,
,,,,,41472,-97.208916,92,,,,,,
,,,,,41539,-93.89508,67,,,,,,
,,,,,41630,8.267677,91,,,,,,
,,,,,41713,-240.54352,83,,,,,,
,,,,,41802,-161.84006,89,,,,,,
,,,,,41915,-141.805,113,,,,,,
,,,,,42000,,,1.8721493482589722,8.503968238830566,7.901196479797363,48.26572036743164,0.748,0.001
,,,,,42026,-231.62112,111,,,,,,
,,,,,42100,-218.5542,74,,,,,,
,,,,,42171,-85.76355,71,,,,,,
,,,,,42269,-299.5357,98,,,,,,
,,,,,42370,-412.6523,101,,,,,,
,,,,,42493,-201.58743,123,,,,,,
,,,,,42607,-313.12442,114,,,,,,
,,,,,42690,-263.75958,83,,,,,,
,,,,,42778,-378.30624,88,,,,,,
,,,,,42866,-108.15838,88,,,,,,
,,,,,42982,-474.52026,116,,,,,,
,,,,,43000,,,4.105293273925781,4.903458595275879,4.580520153045654,45.968021392822266,0.742,0.001
,,,,,43052,-113.52434,70,,,,,,
,,,,,43122,-111.8492,70,,,,,,
,,,,,43222,-162.70616,100,,,,,,
,,,,,43294,-170.53049,72,,,,,,
,,,,,43372,-96.89578,78,,,,,,
,,,,,43440,-74.79184,68,,,,,,
,,,,,43517,-85.229385,77,,,,,,
,,,,,43613,-104.59744,96,,,,,,
,,,,,43676,-42.952957,63,,,,,,
,,,,,43780,-171.82394,104,,,,,,
,,,,,43870,-74.130516,90,,,,,,
,,,,,43974,-72.02124,104,,,,,,
,,,,,44000,,,66.66792297363281,-2.4820401668548584,-1.643397569656372,178.75892639160156,0.736,0.001
,,,,,44068,-81.737366,94,,,,,,
,,,,,44171,-406.29938,103,,,,,,
,,,,,44277,-115.60422,106,,,,,,
,,,,,44369,-157.10078,92,,,,,,
,,,,,44473,-204.7868,104,,,,,,
,,,,,44588,-184.85303,115,,,,,,
,,,,,44681,-109.82711,93,,,,,,
,,,,,44818,-227.75842,137,,,,,,
,,,,,44900,-95.89055,82,,,,,,
,,,,,45000,,,3.601247549057007,4.050368785858154,3.943936824798584,31.93183708190918,0.73,0.001
,,,,,45021,-265.4616,121,,,,,,
,,,,,45145,-449.103,124,,,,,,
,,,,,45236,-387.12112,91,,,,,,
,,,,,45308,-128.65378,72,,,,,,
,,,,,45401,-109.4728,93,,,,,,
,,,,,45494,-36.4855,93,,,,,,
,,,,,45608,-474.94223,114,,,,,,
,,,,,45703,-336.2572,95,,,,,,
,,,,,45820,-207.39154,117,,,,,,
,,,,,45905,-116.683685,85,,,,,,
,,,,,45978,-138.29552,73,,,,,,
,,,,,46000,,,6.244617938995361,-8.459650993347168,-8.015336036682129,52.39488983154297,0.724,0.001
,,,,,46070,-71.54739,92,,,,,,
,,,,,46167,-222.155,97,,,,,,
,,,,,46248,-141.94026,81,,,,,,
,,,,,46370,-81.75402,122,,,,,,
,,,,,46490,-234.67902,120,,,,,,
,,,,,46633,-141.60048,143,,,,,,
,,,,,46725,-118.28434,92,,,,,,
,,,,,46793,-82.089386,68,,,,,,
,,,,,46886,-192.63145,93,,,,,,
,,,,,47000,,,129.69834899902344,-1.5522338151931763,-1.341398000717163,185.29710388183594,0.718,0.001
,,,,,47043,-439.12375,157,,,,,,
,,,,,47139,-103.3809,96,,,,,,
,,,,,47223,-96.18368,84,,,,,,
,,,,,47298,-88.52331,75,,,,,,
,,,,,47443,-407.61227,145,,,,,,
,,,,,47517,-154.2168,74,,,,,,
,,,,,47601,-86.25119,84,,,,,,
,,,,,47666,-123.91887,65,,,,,,
,,,,,47761,-104.84998,95,,,,,,
,,,,,47850,-152.83348,89,,,,,,
,,,,,47910,-79.55838,60,,,,,,
,,,,,47982,-130.42117,72,,,,,,
,,,,,48000,,,14.587453842163086,7.159101486206055,7.347457408905029,54.338050842285156,0.712,0.001
,,,,,48101,-307.22363,119,,,,,,
,,,,,48209,-88.238434,108,,,,,,
,,,,,48293,-111.43135,84,,,,,,
,,,,,48423,-157.54907,130,,,,,,
,,,,,48491,-115.05275,68,,,,,,
,,,,,48601,-109.9762,110,,,,,,
,,,,,48670,-120.71793,69,,,,,,
,,,,,48764,-138.97128,94,,,,,,
,,,,,48856,-269.60596,92,,,,,,
,,,,,48923,-85.621315,67,,,,,,
,,,,,48992,-83.3512,69,,,,,,
,,,,,49000,,,7.136800289154053,-1.0357286930084229,-1.7257051467895508,71.26628112792969,0.706,0.001
,,,,,49055,-64.97854,63,,,,,,
,,,,,49131,-87.55796,76,,,,,,
,,,,,49221,-158.49872,90,,,,,,
,,,,,49277,-158.10934,56,,,,,,
,,,,,49348,-141.66516,71,,,,,,
,,,,,49429,-151.23497,81,,,,,,
,,,,,49548,-186.44315,119,,,,,,
,,,,,49626,-221.25165,78,,,,,,
,,,,,49685,-81.69889,59,,,,,,
,,,,,49751,-150.62009,66,,,,,,
,,,,,49827,-103.98231,76,,,,,,
,,,,,49961,-345.67267,134,,,,,,
-95.466194,126.123825,201.21927,-274.19684,233.5,50000,,,27.447961807250977,5.827750205993652,5.328234672546387,139.0518798828125,0.7,0.001
,,,,,50106,-178.06696,145,,,,,,
,,,,,50210,-122.05699,104,,,,,,
,,,,,50276,-100.604645,66,,,,,,
,,,,,50343,-55.0142,67,,,,,,
,,,,,50411,-60.02046,68,,,,,,
,,,,,50483,-96.69982,72,,,,,,
,,,,,50566,-213.16156,83,,,,,,
,,,,,50634,-147.45543,68,,,,,,
,,,,,50718,-92.01112,84,,,,,,
,,,,,50810,-190.65025,92,,,,,,
,,,,,50870,-80.40907,60,,,,,,
,,,,,50975,-105.84439,105,,,,,,
,,,,,51000,,,11.074749946594238,5.218690395355225,5.622087478637695,58.38872146606445,0.694,0.001
,,,,,51097,-324.43646,122,,,,,,
,,,,,51225,-54.263836,128,,,,,,
,,,,,51294,-87.67052,69,,,,,,
,,,,,51357,-62.464348,63,,,,,,
,,,,,51438,-119.971794,81,,,,,,
,,,,,51508,-179.22464,70,,,,,,
,,,,,51610,-112.995705,102,,,,,,
,,,,,51678,-93.44612,68,,,,,,
,,,,,51755,44.183212,77,,,,,,
,,,,,51853,-217.99625,98,,,,,,
,,,,,51915,-49.599136,62,,,,,,
,,,,,51997,-223.95746,82,,,,,,
,,,,,52000,,,22.76134490966797,3.4591386318206787,3.3714144229888916,79.48626708984375,0.688,0.001
,,,,,52068,-102.504364,71,,,,,,
,,,,,52146,-73.46567,78,,,,,,
,,,,,52247,-104.43072,101,,,,,,
,,,,,52335,-312.7755,88,,,,,,
,,,,,52400,-173.83353,65,,,,,,
,,,,,52500,-203.35385,100,,,,,,
,,,,,52609,-140.2589,109,,,,,,
,,,,,52750,-92.615555,141,,,,,,
,,,,,52834,-76.42262,84,,,,,,
,,,,,52938,-1.5962753,104,,,,,,
,,,,,53000,,,11.868309020996094,4.997138023376465,5.520791053771973,63.251338958740234,0.6819999999999999,0.001
,,,,,53067,-39.782574,129,,,,,,
,,,,,53162,-103.78269,95,,,,,,
,,,,,53253,-78.912674,91,,,,,,
,,,,,53369,-91.06408,116,,,,,,
,,,,,53451,-109.08635,82,,,,,,
,,,,,53536,-80.7767,85,,,,,,
,,,,,53642,-194.14969,106,,,,,,
,,,,,53735,-131.39328,93,,,,,,
,,,,,53832,-96.8406,97,,,,,,
,,,,,53927,-91.069496,95,,,,,,
,,,,,54000,,,6.158855438232422,7.171465873718262,6.682924270629883,63.453041076660156,0.6759999999999999,0.001
,,,,,54031,-96.64582,104,,,,,,
,,,,,54141,-19.30326,110,,,,,,
,,,,,54202,-153.07562,61,,,,,,
,,,,,54293,-140.01819,91,,,,,,
,,,,,54381,-63.2638,88,,,,,,
,,,,,54455,-109.07998,74,,,,,,
,,,,,54553,-147.41129,98,,,,,,
,,,,,54626,-93.55077,73,,,,,,
,,,,,54714,-134.77856,88,,,,,,
,,,,,54807,-117.626755,93,,,,,,
,,,,,54873,-54.744743,66,,,,,,
,,,,,54970,-123.39457,97,,,,,,
,,,,,55000,,,3.689877986907959,9.214338302612305,8.25722599029541,73.54391479492188,0.67,0.001
,,,,,55045,-159.94125,75,,,,,,
,,,,,55113,-107.34212,68,,,,,,
,,,,,55209,-165.85056,96,,,,,,
,,,,,55293,-49.385567,84,,,,,,
,,,,,55392,-77.95418,99,,,,,,
,,,,,55506,-123.19339,114,,,,,,
,,,,,55599,-119.07667,93,,,,,,
,,,,,55671,-166.41876,72,,,,,,
,,,,,55760,-131.9444,89,,,,,,
,,,,,55857,-134.11755,97,,,,,,
,,,,,55920,-68.3607,63,,,,,,
,,,,,56000,,,6.8384881019592285,7.694982528686523,7.679953575134277,40.197532653808594,0.6639999999999999,0.001
,,,,,56027,-110.25695,107,,,,,,
,,,,,56128,-122.92409,101,,,,,,
,,,,,56220,-106.54843,92,,,,,,
,,,,,56315,-129.56754,95,,,,,,
,,,,,56410,-99.08255,95,,,,,,
,,,,,56513,-118.51838,103,,,,,,
,,,,,56583,-99.43834,70,,,,,,
,,,,,56674,-112.59596,91,,,,,,
,,,,,56771,-144.0668,97,,,,,,
,,,,,56875,-196.62051,104,,,,,,
,,,,,56981,-145.99237,106,,,,,,
,,,,,57000,,,48.87025451660156,2.816537857055664,3.3066344261169434,224.62376403808594,0.6579999999999999,0.001
,,,,,57085,-83.4944,104,,,,,,
,,,,,57194,-113.38454,109,,,,,,
,,,,,57257,-65.64831,63,,,,,,
,,,,,57399,-153.50626,142,,,,,,
,,,,,57480,-86.830475,81,,,,,,
,,,,,57580,-93.33825,100,,,,,,
,,,,,57654,-114.26686,74,,,,,,
,,,,,57778,-134.3505,124,,,,,,
,,,,,57860,-85.73375,82,,,,,,
,,,,,57937,-139.9253,77,,,,,,
,,,,,58000,,,5.400143623352051,18.234512329101562,18.01654052734375,37.28315734863281,0.652,0.001
,,,,,58023,-108.397675,86,,,,,,
,,,,,58104,-67.95923,81,,,,,,
,,,,,58221,-79.48078,117,,,,,,
,,,,,58330,-126.11217,109,,,,,,
,,,,,58417,-64.50693,87,,,,,,
,,,,,58529,-165.99817,112,,,,,,
,,,,,58667,-62.87407,138,,,,,,
,,,,,58744,-133.98438,77,,,,,,
,,,,,58877,-127.257614,133,,,,,,
,,,,,58968,-111.50286,91,,,,,,
,,,,,59000,,,25.159181594848633,20.994604110717773,20.514190673828125,82.81659698486328,0.646,0.001
,,,,,59028,-169.99448,60,,,,,,
,,,,,59111,-140.1329,83,,,,,,
,,,,,59205,-155.98793,94,,,,,,
,,,,,59269,-106.09567,64,,,,,,
,,,,,59395,-76.016594,126,,,,,,
,,,,,59510,-144.91049,115,,,,,,
,,,,,59609,-119.984055,99,,,,,,
,,,,,59697,-109.92716,88,,,,,,
,,,,,59802,-94.13141,105,,,,,,
,,,,,59902,-158.58311,100,,,,,,
-146.25005,29.884232,-110.526405,-204.10248,248.8,60000,,,2.723613977432251,9.489849090576172,9.019307136535645,37.401451110839844,0.6399999999999999,0.001
,,,,,60027,-218.71964,125,,,,,,
,,,,,60138,-113.56593,111,,,,,,
,,,,,60227,-76.4944,89,,,,,,
,,,,,60329,-113.87336,102,,,,,,
,,,,,60409,-110.14246,80,,,,,,
,,,,,60497,-140.03665,88,,,,,,
,,,,,60581,-197.66234,84,,,,,,
,,,,,60667,-100.233765,86,,,,,,
,,,,,60780,-119.321976,113,,,,,,
,,,,,60874,-84.51194,94,,,,,,
,,,,,61000,,,22.066770553588867,17.235431671142578,16.597640991210938,123.51529693603516,0.634,0.001
,,,,,61003,-83.15938,129,,,,,,
,,,,,61105,-177.75989,102,,,,,,
,,,,,61178,-78.99279,73,,,,,,
,,,,,61255,-37.587357,77,,,,,,
,,,,,61320,-67.571365,65,,,,,,
,,,,,61424,-134.99966,104,,,,,,
,,,,,61497,-39.639717,73,,,,,,
,,,,,61587,-70.49465,90,,,,,,
,,,,,61696,-126.42013,109,,,,,,
,,,,,61778,-101.40029,82,,,,,,
,,,,,61862,-118.63099,84,,,,,,
,,,,,61976,-87.36799,114,,,,,,
,,,,,62000,,,3.6184399127960205,17.241798400878906,17.612619400024414,52.39235305786133,0.628,0.001
,,,,,62074,-109.95414,98,,,,,,
,,,,,62148,-74.76865,74,,,,,,
,,,,,62239,-119.15532,91,,,,,,
,,,,,62299,-94.97387,60,,,,,,
,,,,,62378,-103.42839,79,,,,,,
,,,,,62470,-57.38638,92,,,,,,
,,,,,62532,-94.93388,62,,,,,,
,,,,,62615,-53.276543,83,,,,,,
,,,,,62712,-90.29019,97,,,,,,
,,,,,62806,-111.69879,94,,,,,,
,,,,,62909,-99.44959,103,,,,,,
,,,,,63000,,,4.282995223999023,-3.909553050994873,-4.404368877410889,53.175418853759766,0.622,0.001
,,,,,63001,-136.89365,92,,,,,,
,,,,,63124,-171.74307,123,,,,,,
,,,,,63223,-111.282104,99,,,,,,
,,,,,63308,-127.22052,85,,,,,,
,,,,,63406,-199.73288,98,,,,,,
,,,,,63493,-69.76496,87,,,,,,
,,,,,63559,-85.84006,66,,,,,,
,,,,,63630,-15.511375,71,,,,,,
,,,,,63758,-124.31505,128,,,,,,
,,,,,63832,-108.77288,74,,,,,,
,,,,,63940,-105.2901,108,,,,,,
,,,,,64000,,,9.802117347717285,16.00454330444336,16.037004470825195,44.433834075927734,0.616,0.001
,,,,,64019,-76.59741,79,,,,,,
,,,,,64109,-100.809425,90,,,,,,
,,,,,64171,-128.66656,62,,,,,,
,,,,,64269,-143.05005,98,,,,,,
,,,,,64356,-104.641884,87,,,,,,
,,,,,64443,-90.2394,87,,,,,,
,,,,,64554,-98.62233,111,,,,,,
,,,,,64619,-60.33633,65,,,,,,
,,,,,64712,-6.235733,93,,,,,,
,,,,,64809,-91.399994,97,,,,,,
,,,,,64915,-75.396996,106,,,,,,
,,,,,65000,,,14.450723648071289,10.997770309448242,11.177884101867676,56.030609130859375,0.61,0.001
,,,,,65007,-127.99385,92,,,,,,
,,,,,65081,-155.27486,74,,,,,,
,,,,,65167,-61.75302,86,,,,,,
,,,,,65266,-94.43917,99,,,,,,
,,,,,65381,-161.62048,115,,,,,,
,,,,,65487,-98.40086,106,,,,,,
,,,,,65584,-97.60676,97,,,,,,
,,,,,65687,-87.0524,103,,,,,,
,,,,,65773,-108.03123,86,,,,,,
,,,,,65868,-88.73358,95,,,,,,
,,,,,65999,-55.19524,131,,,,,,
,,,,,66000,,,4.464739799499512,7.946385383605957,8.30406379699707,45.82222366333008,0.604,0.001
,,,,,66114,-114.16809,115,,,,,,
,,,,,66219,-123.67925,105,,,,,,
,,,,,66350,-147.55484,131,,,,,,
,,,,,66415,-78.505844,65,,,,,,
,,,,,66536,-113.10823,121,,,,,,
,,,,,66608,-54.061462,72,,,,,,
,,,,,66725,-67.85753,117,,,,,,
,,,,,66801,-64.61534,76,,,,,,
,,,,,66931,-18.908272,130,,,,,,
,,,,,67000,,,3.3711585998535156,24.91307830810547,25.893272399902344,87.87580108642578,0.598,0.001
,,,,,67030,-94.61147,99,,,,,,
,,,,,67125,-81.43336,95,,,,,,
,,,,,67204,-63.404953,79,,,,,,
,,,,,67282,-77.97998,78,,,,,,
,,,,,67351,-44.353508,69,,,,,,
,,,,,67438,-79.058495,87,,,,,,
,,,,,67545,-130.03732,107,,,,,,
,,,,,67670,-103.28883,125,,,,,,
,,,,,67756,-97.19099,86,,,,,,
,,,,,67841,-94.76693,85,,,,,,
,,,,,67952,-68.551865,111,,,,,,
,,,,,68000,,,1.988108515739441,8.735944747924805,9.141490936279297,36.99895095825195,0.5920000000000001,0.001
,,,,,68018,-37.354813,66,,,,,,
,,,,,68119,-83.64496,101,,,,,,
,,,,,68218,-41.624683,99,,,,,,
,,,,,68301,-83.779755,83,,,,,,
,,,,,68415,-193.2849,114,,,,,,
,,,,,68507,-66.96295,92,,,,,,
,,,,,68571,-99.02975,64,,,,,,
,,,,,68651,-116.48544,80,,,,,,
,,,,,68737,-72.34179,86,,,,,,
,,,,,68843,-62.43047,106,,,,,,
,,,,,68921,-58.97655,78,,,,,,
,,,,,69000,,,10.295880317687988,15.627985000610352,16.191349029541016,68.0618667602539,0.586,0.001
,,,,,69001,-93.51043,80,,,,,,
,,,,,69083,-83.28471,82,,,,,,
,,,,,69169,-48.016144,86,,,,,,
,,,,,69255,-131.30951,86,,,,,,
,,,,,69360,-107.78767,105,,,,,,
,,,,,69461,-87.55656,101,,,,,,
,,,,,69551,-98.64531,90,,,,,,
,,,,,69620,-71.3418,69,,,,,,
,,,,,69704,-92.44688,84,,,,,,
,,,,,69789,-69.109726,85,,,,,,
,,,,,69896,-69.07771,107,,,,,,
,,,,,69978,-25.403534,82,,,,,,
-158.18565,54.26419,-27.00271,-219.444,354.9,70000,,,16.236963272094727,12.866729736328125,13.805292129516602,94.60995483398438,0.58,0.001
,,,,,70080,-172.03256,102,,,,,,
,,,,,70191,-55.697342,111,,,,,,
,,,,,70274,-73.56363,83,,,,,,
,,,,,70334,-82.01259,60,,,,,,
,,,,,70445,-107.50513,111,,,,,,
,,,,,70524,-96.0936,79,,,,,,
,,,,,70607,-7.1018143,83,,,,,,
,,,,,70730,-230.82007,123,,,,,,
,,,,,70852,-77.78382,122,,,,,,
,,,,,70937,-6.56971,85,,,,,,
,,,,,71000,,,7.699473857879639,16.934545516967773,17.367717742919922,69.09605407714844,0.5740000000000001,0.001
,,,,,71054,-108.16215,117,,,,,,
,,,,,71178,-88.96037,124,,,,,,
,,,,,71295,-89.30772,117,,,,,,
,,,,,71382,-74.25663,87,,,,,,
,,,,,71494,-142.33362,112,,,,,,
,,,,,71557,-53.31566,63,,,,,,
,,,,,71635,-45.84815,78,,,,,,
,,,,,71712,-99.76875,77,,,,,,
,,,,,71779,-67.68599,67,,,,,,
,,,,,71863,-53.130333,84,,,,,,
,,,,,71980,-73.45825,117,,,,,,
,,,,,72000,,,40.09708023071289,10.608881950378418,11.527047157287598,207.28271484375,0.5680000000000001,0.001
,,,,,72049,-99.26037,69,,,,,,
,,,,,72126,-54.845856,77,,,,,,
,,,,,72204,-122.631226,78,,,,,,
,,,,,72285,-124.82368,81,,,,,,
,,,,,72407,-106.84324,122,,,,,,
,,,,,72488,-87.170364,81,,,,,,
,,,,,72613,-46.99952,125,,,,,,
,,,,,72723,-52.30921,110,,,,,,
,,,,,72820,-111.323944,97,,,,,,
,,,,,72928,-77.01029,108,,,,,,
,,,,,73000,,,2.912396192550659,10.911876678466797,11.01499080657959,34.14392852783203,0.5619999999999999,0.001
,,,,,73016,-72.73324,88,,,,,,
,,,,,73125,-63.903866,109,,,,,,
,,,,,73213,-96.812706,88,,,,,,
,,,,,73315,-110.921555,102,,,,,,
,,,,,73413,-91.64038,98,,,,,,
,,,,,73509,-122.00128,96,,,,,,
,,,,,73573,-62.009216,64,,,,,,
,,,,,73698,-53.19561,125,,,,,,
,,,,,73776,-89.56684,78,,,,,,
,,,,,73894,-73.15625,118,,,,,,
,,,,,74000,,,25.203521728515625,21.57215690612793,21.572507858276367,96.02070617675781,0.556,0.001
,,,,,74003,-36.31221,109,,,,,,
,,,,,74082,-46.073963,79,,,,,,
,,,,,74190,-99.55856,108,,,,,,
,,,,,74299,-55.991512,109,,,,,,
,,,,,74388,-65.56833,89,,,,,,
,,,,,74487,-81.20273,99,,,,,,
,,,,,74567,-57.08215,80,,,,,,
,,,,,74666,-89.027336,99,,,,,,
,,,,,74749,-87.7761,83,,,,,,
,,,,,74854,-91.64401,105,,,,,,
,,,,,74926,-78.21307,72,,,,,,
,,,,,75000,,,11.350485801696777,21.541656494140625,22.909170150756836,116.93946838378906,0.55,0.001
,,,,,75016,-49.789692,90,,,,,,
,,,,,75115,-40.467155,99,,,,,,
,,,,,75201,-30.953636,86,,,,,,
,,,,,75297,-72.863434,96,,,,,,
,,,,,75396,-12.331467,99,,,,,,
,,,,,75491,-90.27721,95,,,,,,
,,,,,75564,-4.8889313,73,,,,,,
,,,,,75681,-153.13089,117,,,,,,
,,,,,75760,-46.10074,79,,,,,,
,,,,,75847,-132.49663,87,,,,,,
,,,,,75953,-78.869415,106,,,,,,
,,,,,76000,,,32.17490768432617,9.620254516601562,9.76179313659668,88.42886352539062,0.5439999999999999,0.001
,,,,,76050,-46.49807,97,,,,,,
,,,,,76121,-47.763447,71,,,,,,
,,,,,76240,-70.05996,119,,,,,,
,,,,,76359,-139.3539,119,,,,,,
,,,,,76434,-50.581722,75,,,,,,
,,,,,76585,-297.4762,151,,,,,,
,,,,,76678,-97.24308,93,,,,,,
,,,,,76782,-66.94603,104,,,,,,
,,,,,76867,-82.47662,85,,,,,,
,,,,,76966,-61.180187,99,,,,,,
,,,,,77000,,,4.061488628387451,18.88203239440918,19.53811264038086,68.00228118896484,0.538,0.001
,,,,,77056,-108.17258,90,,,,,,
,,,,,77147,-29.155922,91,,,,,,
,,,,,77273,-32.737366,126,,,,,,
,,,,,77372,-105.61569,99,,,,,,
,,,,,77474,-114.22398,102,,,,,,
,,,,,77576,-120.31973,102,,,,,,
,,,,,77661,-40.887207,85,,,,,,
,,,,,77769,-204.83781,108,,,,,,
,,,,,77855,-71.29336,86,,,,,,
,,,,,77944,-70.515625,89,,,,,,
,,,,,78000,,,2.5248217582702637,29.904598236083984,29.805316925048828,27.35399627685547,0.532,0.001
,,,,,78044,-34.051506,100,,,,,,
,,,,,78156,-69.12545,112,,,,,,
,,,,,78239,-63.79023,83,,,,,,
,,,,,78379,-17.454605,140,,,,,,
,,,,,78489,-102.66829,110,,,,,,
,,,,,78545,-82.1911,56,,,,,,
,,,,,78641,-34.81231,96,,,,,,
,,,,,78749,-76.78233,108,,,,,,
,,,,,78831,-61.480057,82,,,,,,
,,,,,78955,-77.01274,124,,,,,,
,,,,,79000,,,3.445742130279541,20.256864547729492,20.140682220458984,30.906246185302734,0.526,0.001
,,,,,79017,-62.59877,62,,,,,,
,,,,,79110,-84.534164,93,,,,,,
,,,,,79818,-17.540314,708,,,,,,
,,,,,79925,-97.097176,107,,,,,,
-169.99454,62.73552,-72.94527,-275.40424,515.5,80000,,,2.03098201751709,29.046985626220703,29.529186248779297,54.63867950439453,0.52,0.001
,,,,,80023,-58.416485,98,,,,,,
,,,,,80118,-75.61186,95,,,,,,
,,,,,80213,-95.36711,95,,,,,,
,,,,,80332,-129.07825,119,,,,,,
,,,,,80444,-98.12317,112,,,,,,
,,,,,80546,-91.371994,102,,,,,,
,,,,,80644,-108.90346,98,,,,,,
,,,,,80762,-96.03322,118,,,,,,
,,,,,80865,-96.98898,103,,,,,,
,,,,,80962,-46.565563,97,,,,,,
,,,,,81000,,,15.916756629943848,14.187562942504883,13.981782913208008,86.76018524169922,0.514,0.001
,,,,,81072,-71.374664,110,,,,,,
,,,,,81155,-67.08617,83,,,,,,
,,,,,81314,-123.03767,159,,,,,,
,,,,,81391,-67.45093,77,,,,,,
,,,,,81469,-94.42643,78,,,,,,
,,,,,81561,-87.7892,92,,,,,,
,,,,,81661,-82.80779,100,,,,,,
,,,,,81729,-58.701614,68,,,,,,
,,,,,81857,-107.01138,128,,,,,,
,,,,,81958,-78.3691,101,,,,,,
,,,,,82000,,,4.0132598876953125,13.088127136230469,13.540661811828613,50.783905029296875,0.508,0.001
,,,,,82065,-72.9788,107,,,,,,
,,,,,82160,-22.773804,95,,,,,,
,,,,,82231,-73.06551,71,,,,,,
,,,,,82326,-104.724,95,,,,,,
,,,,,82426,-105.36165,100,,,,,,
,,,,,82499,-29.21257,73,,,,,,
,,,,,82608,-103.49166,109,,,,,,
,,,,,82675,-85.63759,67,,,,,,
,,,,,82794,-23.979584,119,,,,,,
,,,,,82860,-94.44287,66,,,,,,
,,,,,82973,-159.16258,113,,,,,,
,,,,,83000,,,5.041725158691406,13.443587303161621,14.648305892944336,105.15226745605469,0.502,0.001
,,,,,83060,-37.07391,87,,,,,,
,,,,,83167,-110.15691,107,,,,,,
,,,,,83268,-24.876457,101,,,,,,
,,,,,83346,-73.95365,78,,,,,,
,,,,,83460,-83.720856,114,,,,,,
,,,,,83548,-35.17193,88,,,,,,
,,,,,83642,-106.281685,94,,,,,,
,,,,,83765,-42.996044,123,,,,,,
,,,,,83888,-0.16194153,123,,,,,,
,,,,,83953,-80.87406,65,,,,,,
,,,,,84000,,,9.789192199707031,2.0498127937316895,1.5805962085723877,50.81627655029297,0.4959999999999999,0.001
,,,,,84066,-71.71466,113,,,,,,
,,,,,84177,-104.80062,111,,,,,,
,,,,,84275,-73.05588,98,,,,,,
,,,,,84352,-48.916954,77,,,,,,
,,,,,84470,-85.965965,118,,,,,,
,,,,,84559,-88.638626,89,,,,,,
,,,,,84662,-50.81299,103,,,,,,
,,,,,84756,-34.947937,94,,,,,,
,,,,,84837,-49.627033,81,,,,,,
,,,,,84916,-93.73872,79,,,,,,
,,,,,85000,,,4.051557540893555,34.462127685546875,35.18648147583008,72.90481567382812,0.49,0.001
,,,,,85020,-60.27379,104,,,,,,
,,,,,85144,-77.12888,124,,,,,,
,,,,,85228,-84.00897,84,,,,,,
,,,,,85314,-141.46484,86,,,,,,
,,,,,85443,-101.20865,129,,,,,,
,,,,,85525,-97.369644,82,,,,,,
,,,,,85634,-76.57326,109,,,,,,
,,,,,85744,-133.90187,110,,,,,,
,,,,,85815,-41.947475,71,,,,,,
,,,,,85923,-69.91871,108,,,,,,
,,,,,85996,-44.01866,73,,,,,,
,,,,,86000,,,8.731682777404785,24.729276657104492,25.515321731567383,77.24009704589844,0.484,0.001
,,,,,86119,-107.16476,123,,,,,,
,,,,,86202,-28.238617,83,,,,,,
,,,,,86324,-56.786438,122,,,,,,
,,,,,86417,-40.108505,93,,,,,,
,,,,,86530,-27.72078,113,,,,,,
,,,,,86610,-92.508835,80,,,,,,
,,,,,86667,-59.421463,57,,,,,,
,,,,,86765,-45.536987,98,,,,,,
,,,,,86859,-3.034195,94,,,,,,
,,,,,86945,-28.941193,86,,,,,,
,,,,,87000,,,3.8798668384552,8.807147979736328,8.817852020263672,41.210662841796875,0.478,0.001
,,,,,87049,-45.865936,104,,,,,,
,,,,,87167,-87.39574,118,,,,,,
,,,,,87244,-82.96127,77,,,,,,
,,,,,87335,-1.5292511,91,,,,,,
,,,,,87460,-65.86834,125,,,,,,
,,,,,87566,-49.86116,106,,,,,,
,,,,,87672,-85.43793,106,,,,,,
,,,,,87782,-90.60059,110,,,,,,
,,,,,87866,-58.332752,84,,,,,,
,,,,,88000,,,2.9282455444335938,33.13643264770508,32.990447998046875,30.002443313598633,0.472,0.001
,,,,,88013,-222.3978,147,,,,,,
,,,,,88101,-61.961555,88,,,,,,
,,,,,88209,-48.005264,108,,,,,,
,,,,,88290,-46.033405,81,,,,,,
,,,,,88362,-93.44097,72,,,,,,
,,,,,88453,-53.46371,91,,,,,,
,,,,,88541,-22.620697,88,,,,,,
,,,,,88616,-67.189926,75,,,,,,
,,,,,88692,-36.822365,76,,,,,,
,,,,,88788,-99.34376,96,,,,,,
,,,,,88895,-86.37125,107,,,,,,
,,,,,89000,,,11.637312889099121,16.41727066040039,16.028125762939453,110.31341552734375,0.46599999999999997,0.001
,,,,,89021,-58.315567,126,,,,,,
,,,,,89081,-56.15724,60,,,,,,
,,,,,89239,-21.807045,158,,,,,,
-132.91339,66.13587,-63.979362,-288.11182,458.1,90000,,,50.49055099487305,15.453498840332031,17.0831241607666,200.6029052734375,0.45999999999999996,0.001
,,,,,90239,8.532863,1000,,,,,,
,,,,,90302,-70.299255,63,,,,,,
,,,,,90427,-118.668686,125,,,,,,
,,,,,90560,-45.261898,133,,,,,,
,,,,,90633,-64.08818,73,,,,,,
,,,,,90744,-44.86501,111,,,,,,
,,,,,90850,-66.683075,106,,,,,,
,,,,,90948,-93.20742,98,,,,,,
,,,,,91000,,,3.1536316871643066,11.403051376342773,11.420143127441406,33.47492980957031,0.45399999999999996,0.001
,,,,,91029,-59.719456,81,,,,,,
,,,,,91110,-90.37683,81,,,,,,
,,,,,91220,-35.731888,110,,,,,,
,,,,,91301,-53.4813,81,,,,,,
,,,,,91411,-91.564575,110,,,,,,
,,,,,91536,-13.728859,125,,,,,,
,,,,,91660,-33.826714,124,,,,,,
,,,,,91768,-192.623,108,,,,,,
,,,,,91867,-41.91774,99,,,,,,
,,,,,91950,-49.123363,83,,,,,,
,,,,,92000,,,6.309847354888916,26.459489822387695,26.48682403564453,60.23772048950195,0.44800000000000006,0.001
,,,,,92044,-25.01654,94,,,,,,
,,,,,92167,-82.20171,123,,,,,,
,,,,,92283,-196.04536,116,,,,,,
,,,,,92373,-122.01193,90,,,,,,
,,,,,92486,-50.334686,113,,,,,,
,,,,,92577,-46.847572,91,,,,,,
,,,,,92692,-21.654434,115,,,,,,
,,,,,92793,0.5404129,101,,,,,,
,,,,,92905,-5.9036255,112,,,,,,
,,,,,93000,,,10.031330108642578,18.704742431640625,17.875778198242188,63.04387664794922,0.44199999999999995,0.001
,,,,,93037,-47.223194,132,,,,,,
,,,,,93317,-228.26662,280,,,,,,
,,,,,93436,-56.794407,119,,,,,,
,,,,,93560,-51.425056,124,,,,,,
,,,,,93681,-9.077263,121,,,,,,
,,,,,93840,10.897133,159,,,,,,
,,,,,93950,-25.749603,110,,,,,,
,,,,,94000,,,16.652034759521484,15.656103134155273,15.440001487731934,108.12388610839844,0.43599999999999994,0.001
,,,,,94033,-55.736427,83,,,,,,
,,,,,94161,-42.25775,128,,,,,,
,,,,,94240,-56.111774,79,,,,,,
,,,,,94362,-88.65277,122,,,,,,
,,,,,94468,-67.5946,106,,,,,,
,,,,,94550,-61.638878,82,,,,,,
,,,,,94635,-71.439606,85,,,,,,
,,,,,94713,-68.74704,78,,,,,,
,,,,,94818,-103.038185,105,,,,,,
,,,,,94916,-117.25438,98,,,,,,
,,,,,95000,,,10.220902442932129,12.379149436950684,12.168533325195312,57.43209457397461,0.43000000000000005,0.001
,,,,,95035,-35.85942,119,,,,,,
,,,,,95804,-139.57646,769,,,,,,
,,,,,95877,-30.499184,73,,,,,,
,,,,,95974,-54.266872,97,,,,,,
,,,,,96000,,,12.406594276428223,16.990924835205078,16.259296417236328,88.76858520507812,0.42399999999999993,0.001
,,,,,96088,-58.073494,114,,,,,,
,,,,,96192,-76.26606,104,,,,,,
,,,,,96307,-69.83409,115,,,,,,
,,,,,96405,9.630875,98,,,,,,
,,,,,96495,-24.589272,90,,,,,,
,,,,,96580,-1.2809219,85,,,,,,
,,,,,96720,-108.479485,140,,,,,,
,,,,,96871,-25.88733,151,,,,,,
,,,,,96978,-105.76626,107,,,,,,
,,,,,97000,,,9.304634094238281,25.383642196655273,24.900951385498047,79.42717742919922,0.41800000000000004,0.001
,,,,,97094,-38.04751,116,,,,,,
,,,,,97193,-72.30472,99,,,,,,
,,,,,97267,-25.514969,74,,,,,,
,,,,,97418,-68.123886,151,,,,,,
,,,,,97524,-17.38578,106,,,,,,
,,,,,97618,-1.1928558,94,,,,,,
,,,,,97745,-10.762375,127,,,,,,
,,,,,97880,-80.14173,135,,,,,,
,,,,,97984,-17.22683,104,,,,,,
,,,,,98000,,,6.057793617248535,31.575124740600586,31.1324520111084,67.53834533691406,0.41200000000000003,0.001
,,,,,98085,-38.442955,101,,,,,,
,,,,,98200,-182.58127,115,,,,,,
,,,,,98326,13.867592,126,,,,,,
,,,,,98423,-56.819916,97,,,,,,
,,,,,98517,-22.053986,94,,,,,,
,,,,,98621,-79.31406,104,,,,,,
,,,,,98713,-91.789345,92,,,,,,
,,,,,98828,-58.367943,115,,,,,,
,,,,,98936,-42.625248,108,,,,,,
,,,,,99000,,,47.52959442138672,8.585716247558594,8.556251525878906,159.8492889404297,0.4059999999999999,0.001
,,,,,99048,-113.01805,112,,,,,,
,,,,,99217,-133.13416,169,,,,,,
,,,,,99341,-35.925964,124,,,,,,
,,,,,99439,-0.7630844,98,,,,,,
,,,,,99546,4.023491,107,,,,,,
,,,,,99622,-45.416683,76,,,,,,
,,,,,99797,-17.73816,175,,,,,,
,,,,,99879,-31.680527,82,,,,,,
-125.2368,49.146152,-62.778446,-227.43335,254.9,100000,,,7.728732109069824,31.822938919067383,31.18854522705078,78.38328552246094,0.4,0.001
,,,,,100030,25.882355,151,,,,,,
,,,,,100159,-80.26098,129,,,,,,
,,,,,101000,,,16.724834442138672,22.993228912353516,23.462862014770508,97.90595245361328,0.394,0.001
,,,,,101159,-7.1932793,1000,,,,,,
,,,,,101247,-78.857086,88,,,,,,
,,,,,101339,-24.40615,92,,,,,,
,,,,,101483,-168.56133,144,,,,,,
,,,,,101579,-46.875534,96,,,,,,
,,,,,101662,-35.985924,83,,,,,,
,,,,,101760,-85.24082,98,,,,,,
,,,,,101861,-48.249153,101,,,,,,
,,,,,101977,-21.631187,116,,,,,,
,,,,,102000,,,11.272247314453125,21.372089385986328,21.878856658935547,78.04661560058594,0.3879999999999999,0.001
,,,,,102102,-69.29309,125,,,,,,
,,,,,102251,-66.78153,149,,,,,,
,,,,,102349,-49.386063,98,,,,,,
,,,,,102439,-10.375626,90,,,,,,
,,,,,102550,-106.301285,111,,,,,,
,,,,,102648,-21.426819,98,,,,,,
,,,,,102736,-35.424393,88,,,,,,
,,,,,102822,-49.6032,86,,,,,,
,,,,,102981,10.7716675,159,,,,,,
,,,,,103000,,,37.15597915649414,19.58264923095703,18.987548828125,158.13485717773438,0.382,0.001
,,,,,103114,4.764679,133,,,,,,
,,,,,103195,-25.548042,81,,,,,,
,,,,,103287,-51.556477,92,,,,,,
,,,,,103415,-37.14588,128,,,,,,
,,,,,103550,-63.222656,135,,,,,,
,,,,,103755,-193.75949,205,,,,,,
,,,,,103858,-38.512794,103,,,,,,
,,,,,103988,-66.062935,130,,,,,,
,,,,,104000,,,9.693984985351562,22.3056583404541,21.556507110595703,81.18083953857422,0.376,0.001
,,,,,104097,-55.991943,109,,,,,,
,,,,,104202,-66.84744,105,,,,,,
,,,,,105000,,,11.623955726623535,14.906899452209473,14.564900398254395,71.86299133300781,0.37,0.001
,,,,,105202,136.26163,1000,,,,,,
,,,,,105359,26.696259,157,,,,,,
,,,,,105588,-71.4916,229,,,,,,
,,,,,106000,,,2.7298004627227783,34.80552291870117,34.80495071411133,25.681249618530273,0.364,0.001
,,,,,106588,81.273865,1000,,,,,,
,,,,,106742,-88.64176,154,,,,,,
,,,,,106850,-64.22284,108,,,,,,
,,,,,106936,-68.61815,86,,,,,,
,,,,,107000,,,8.602542877197266,22.143356323242188,21.56328582763672,51.88423156738281,0.358,0.001
,,,,,107574,-253.193,638,,,,,,
,,,,,107679,-104.11662,105,,,,,,
,,,,,107826,-36.267197,147,,,,,,
,,,,,107914,-46.12391,88,,,,,,
,,,,,108000,,,126.448486328125,26.09682273864746,26.88654899597168,254.4106903076172,0.352,0.001
,,,,,108026,-28.405548,112,,,,,,
,,,,,108204,-103.60662,178,,,,,,
,,,,,108290,-8.415504,86,,,,,,
,,,,,108435,-27.93309,145,,,,,,
,,,,,108573,-118.740005,138,,,,,,
,,,,,108710,6.770088,137,,,,,,
,,,,,108842,-37.010155,132,,,,,,
,,,,,109000,,,11.7740478515625,36.936058044433594,37.30158615112305,90.95068359375,0.346,0.001
,,,,,109842,74.04256,1000,,,,,,
,,,,,109936,-41.306908,94,,,,,,
-88.411156,130.65262,176.63406,-342.27155,294.8,110000,,,11.892118453979492,33.096920013427734,33.51827621459961,54.23680114746094,0.3400000000000001,0.001
,,,,,110061,-81.60116,125,,,,,,
,,,,,111000,,,5.303586959838867,25.043502807617188,24.694852828979492,39.312171936035156,0.33399999999999996,0.001
,,,,,111061,46.516808,1000,,,,,,
,,,,,111173,-55.789677,112,,,,,,
,,,,,111280,5.203827,107,,,,,,
,,,,,111437,-7.133789,157,,,,,,
,,,,,112000,,,3.7119011878967285,35.7034797668457,36.2299919128418,58.39419937133789,0.32799999999999996,0.001
,,,,,112437,66.29932,1000,,,,,,
,,,,,113000,,,9.838114738464355,16.00322723388672,16.110897064208984,54.188636779785156,0.32200000000000006,0.001
,,,,,113437,53.314293,1000,,,,,,
,,,,,113630,-40.904118,193,,,,,,
,,,,,113747,5.3156967,117,,,,,,
,,,,,113855,-13.857834,108,,,,,,
,,,,,113952,-26.76455,97,,,,,,
,,,,,114000,,,20.256591796875,23.566890716552734,22.26553726196289,116.37809753417969,0.31599999999999995,0.001
,,,,,114952,13.453311,1000,,,,,,
,,,,,115000,,,5.997381687164307,42.333740234375,42.633934020996094,47.72161102294922,0.30999999999999994,0.001
,,,,,115122,-28.593414,170,,,,,,
,,,,,115231,-49.08569,109,,,,,,
,,,,,115384,-79.280624,153,,,,,,
,,,,,115513,-44.87396,129,,,,,,
,,,,,115636,-206.35336,123,,,,,,
,,,,,116000,,,8.749662399291992,29.243980407714844,28.71200942993164,49.25625228881836,0.30400000000000005,0.001
,,,,,116636,-2.771583,1000,,,,,,
,,,,,116716,-12.893639,80,,,,,,
,,,,,116872,-150.29088,156,,,,,,
,,,,,117000,,,7.354632377624512,23.539011001586914,23.135560989379883,66.0564956665039,0.29799999999999993,0.001
,,,,,117059,-97.94658,187,,,,,,
,,,,,118000,,,11.776619911193848,24.759063720703125,24.096940994262695,70.98743438720703,0.29200000000000004,0.001
,,,,,118059,81.38294,1000,,,,,,
,,,,,119000,,,157.6852569580078,28.206035614013672,26.923480987548828,159.49118041992188,0.28600000000000003,0.001
,,,,,119059,-24.455576,1000,,,,,,
,,,,,119300,-15.186722,241,,,,,,
,,,,,119418,-15.01181,118,,,,,,
,,,,,119614,-215.62614,196,,,,,,
,,,,,119981,-114.70714,367,,,,,,
-14.58713,155.23964,226.4611,-244.35976,444.9,120000,,,7.103867053985596,42.96257400512695,42.53878402709961,58.582481384277344,0.2799999999999999,0.001
,,,,,120193,-149.48221,212,,,,,,
,,,,,120325,-215.37427,132,,,,,,
,,,,,120495,20.222572,170,,,,,,
,,,,,120687,-72.47948,192,,,,,,
,,,,,120872,-87.82484,185,,,,,,
,,,,,121000,,,7.361984729766846,24.26983642578125,24.386070251464844,59.34455108642578,0.274,0.001
,,,,,121059,44.817795,187,,,,,,
,,,,,121819,-44.95501,760,,,,,,
,,,,,122000,,,5.708095550537109,34.69120407104492,34.63705825805664,50.388458251953125,0.268,0.001
,,,,,122096,-166.21709,277,,,,,,
,,,,,122235,-166.77826,139,,,,,,
,,,,,122400,-31.761597,165,,,,,,
,,,,,123000,,,13.29759407043457,39.54624557495117,38.903507232666016,97.13225555419922,0.262,0.001
,,,,,123400,-21.15565,1000,,,,,,
,,,,,123676,-71.5768,276,,,,,,
,,,,,123974,-229.45914,298,,,,,,
,,,,,124000,,,6.238466739654541,37.071876525878906,37.86510467529297,80.90015411376953,0.256,0.001
,,,,,124974,-36.313793,1000,,,,,,
,,,,,125000,,,15.632651329040527,23.31787872314453,23.847938537597656,198.65330505371094,0.25,0.001
,,,,,125501,-153.09598,527,,,,,,
,,,,,126000,,,5.764257431030273,35.15874481201172,35.306060791015625,54.295928955078125,0.244,0.001
,,,,,126501,41.340008,1000,,,,,,
,,,,,126584,-17.863174,83,,,,,,
,,,,,126709,18.366188,125,,,,,,
,,,,,126887,-153.13458,178,,,,,,
,,,,,127000,,,19.063312530517578,36.42808532714844,36.54288864135742,70.78890991210938,0.238,0.001
,,,,,127010,7.732498,123,,,,,,
,,,,,127237,-42.04594,227,,,,,,
,,,,,128000,,,5.0122857093811035,28.679168701171875,29.23183250427246,71.69894409179688,0.23199999999999998,0.001
,,,,,128237,64.02468,1000,,,,,,
,,,,,128337,-19.015533,100,,,,,,
,,,,,129000,,,24.024513244628906,27.027341842651367,26.93271255493164,104.70460510253906,0.22599999999999998,0.001
,,,,,129337,36.3085,1000,,,,,,
,,,,,129469,-62.889297,132,,,,,,
-112.18679,123.247314,113.24881,-252.02866,509.9,130000,,,10.690750122070312,31.906028747558594,31.54146957397461,71.73961639404297,0.21999999999999997,0.001
,,,,,130148,-156.84685,679,,,,,,
,,,,,130504,-58.562946,356,,,,,,
,,,,,131000,,,8.878674507141113,33.37839126586914,33.2240104675293,58.92499542236328,0.21399999999999997,0.001
,,,,,131504,57.65262,1000,,,,,,
,,,,,131630,-219.43254,126,,,,,,
,,,,,132000,,,5.92828369140625,26.96287727355957,27.56599235534668,61.92389678955078,0.20799999999999996,0.001
,,,,,132137,-55.843353,507,,,,,,
,,,,,132276,-153.90906,139,,,,,,
,,,,,132466,-82.75658,190,,,,,,
,,,,,132830,-171.80759,364,,,,,,
,,,,,133000,,,50.99941635131836,29.644105911254883,27.8925724029541,182.92001342773438,0.20199999999999996,0.001
,,,,,133383,-58.437885,553,,,,,,
,,,,,133542,-79.070465,159,,,,,,
,,,,,133711,-275.38693,169,,,,,,
,,,,,133915,-130.4453,204,,,,,,
,,,,,134000,,,9.878315925598145,37.34559631347656,37.149105072021484,42.110198974609375,0.19599999999999995,0.001
,,,,,134678,211.49683,763,,,,,,
,,,,,135000,,,7.803092002868652,38.66939163208008,38.027198791503906,81.8394775390625,0.18999999999999995,0.001
,,,,,135029,-96.62936,351,,,,,,
,,,,,135977,-222.9628,948,,,,,,
,,,,,136000,,,3.4692299365997314,39.717140197753906,39.63837814331055,31.262290954589844,0.18400000000000005,0.001
,,,,,136880,152.19446,903,,,,,,
,,,,,137000,,,8.522541999816895,30.296863555908203,29.500343322753906,72.7763442993164,0.17799999999999994,0.001
,,,,,137236,-203.70892,356,,,,,,
,,,,,138000,,,6.684929370880127,38.244163513183594,37.59562301635742,77.56346130371094,0.17199999999999993,0.001
,,,,,138236,51.746017,1000,,,,,,
,,,,,138458,-111.60905,222,,,,,,
,,,,,139000,,,5.141653060913086,30.838253021240234,31.131397247314453,34.814552307128906,0.16600000000000004,0.001
,,,,,139458,89.16679,1000,,,,,,
23.99706,188.58102,242.6273,-268.67023,553.5,140000,,,18.7509822845459,27.08050537109375,27.182466506958008,106.74494934082031,0.15999999999999992,0.001
,,,,,140423,165.42181,965,,,,,,
,,,,,141000,,,8.168718338012695,23.59967613220215,23.225238800048828,69.34188842773438,0.15400000000000003,0.001
,,,,,141423,47.9966,1000,,,,,,
,,,,,141892,205.83292,469,,,,,,
,,,,,142000,,,7.044753551483154,29.51115608215332,29.867170333862305,79.49718475341797,0.14800000000000002,0.001
,,,,,142087,-189.3416,195,,,,,,
,,,,,142543,243.66005,456,,,,,,
,,,,,142788,-175.12833,245,,,,,,
,,,,,143000,,,82.5147933959961,35.31467056274414,36.92771530151367,247.50062561035156,0.1419999999999999,0.001
,,,,,143788,44.103676,1000,,,,,,
,,,,,144000,,,10.59714126586914,37.53150939941406,38.312469482421875,126.74407196044922,0.136,0.001
,,,,,144788,52.61913,1000,,,,,,
,,,,,145000,,,21.952119827270508,37.356441497802734,38.148929595947266,132.67529296875,0.13,0.001
,,,,,145192,-112.949875,404,,,,,,
,,,,,146000,,,5.900546550750732,26.76838493347168,26.26763343811035,62.78012466430664,0.12399999999999989,0.001
,,,,,146192,108.506874,1000,,,,,,
,,,,,147000,,,21.99437141418457,26.755319595336914,26.60938262939453,83.20771026611328,0.118,0.001
,,,,,147192,30.58011,1000,,,,,,
,,,,,148000,,,11.068575859069824,36.34217071533203,36.26857376098633,77.80542755126953,0.11199999999999999,0.001
,,,,,148070,77.37378,878,,,,,,
,,,,,149000,,,8.199371337890625,46.505615234375,46.22523880004883,64.02281188964844,0.10599999999999998,0.001
,,,,,149070,-6.9544125,1000,,,,,,
,,,,,149374,-226.10484,304,,,,,,
-147.17305,106.33702,71.68941,-363.029,818.4,150000,,,34.72453689575195,46.26223373413086,45.18150329589844,181.19937133789062,0.1,0.001
,,,,,150036,200.36205,662,,,,,,
,,,,,150969,-374.69272,933,,,,,,
,,,,,151000,,,38.59107208251953,31.60459327697754,30.37936019897461,174.22654724121094,0.09946666666666668,0.001
,,,,,151522,-337.9363,553,,,,,,
,,,,,152000,,,10.630821228027344,36.89952850341797,37.254127502441406,59.57893371582031,0.09893333333333335,0.001
,,,,,152369,-179.4596,847,,,,,,
,,,,,153000,,,5.71901798248291,43.72407531738281,43.867332458496094,47.03297424316406,0.0984,0.001
,,,,,153022,-206.4487,653,,,,,,
,,,,,153377,-50.91463,355,,,,,,
,,,,,153847,-100.92144,470,,,,,,
,,,,,154000,,,14.153651237487793,39.47576141357422,38.30393600463867,106.75640869140625,0.09786666666666667,0.001
,,,,,154847,-4.0571704,1000,,,,,,
,,,,,155000,,,14.970931053161621,41.95863342285156,41.53809356689453,113.08323669433594,0.09733333333333334,0.001
,,,,,155775,157.77292,928,,,,,,
,,,,,156000,,,6.208834648132324,41.55809783935547,41.07267761230469,73.29737854003906,0.09680000000000001,0.001
,,,,,156113,-81.577965,338,,,,,,
,,,,,156600,-128.98865,487,,,,,,
,,,,,157000,,,7.903326034545898,43.41974639892578,43.2796516418457,83.2274169921875,0.09626666666666667,0.001
,,,,,157245,209.9725,645,,,,,,
,,,,,157843,180.7721,598,,,,,,
,,,,,158000,,,58.48342514038086,24.681358337402344,25.05462646484375,161.46505737304688,0.09573333333333334,0.001
,,,,,158843,112.160934,1000,,,,,,
,,,,,159000,,,15.19540023803711,44.531463623046875,44.82944869995117,77.26797485351562,0.0952,0.001
,,,,,159843,-48.015644,1000,,,,,,
-53.300037,111.30494,196.10876,-248.61769,957.1,160000,,,6.441572189331055,37.90183639526367,37.9964599609375,56.2239875793457,0.09466666666666668,0.001
,,,,,160469,218.8468,626,,,,,,
,,,,,161000,,,22.68765640258789,32.05180740356445,31.957427978515625,135.11224365234375,0.09413333333333333,0.001
,,,,,161257,-227.13281,788,,,,,,
,,,,,162000,,,11.11483097076416,40.53441619873047,40.74491882324219,74.10625457763672,0.0936,0.001
,,,,,162257,-118.739685,1000,,,,,,
,,,,,162892,142.46306,635,,,,,,
,,,,,163000,,,11.40744686126709,52.37094497680664,53.83431625366211,176.84657287597656,0.09306666666666667,0.001
,,,,,163842,-245.16275,950,,,,,,
,,,,,164000,,,10.398193359375,52.36341094970703,51.603782653808594,96.6161117553711,0.09253333333333334,0.001
,,,,,164431,224.87708,589,,,,,,
,,,,,165000,,,19.579505920410156,44.892539978027344,43.94141387939453,116.40798950195312,0.092,0.001
,,,,,165431,-22.698717,1000,,,,,,
,,,,,166000,,,7.439948081970215,45.29554748535156,44.505943298339844,54.50251007080078,0.09146666666666667,0.001
,,,,,166431,40.78531,1000,,,,,,
,,,,,167000,,,8.283231735229492,45.479305267333984,44.871360778808594,109.59172821044922,0.09093333333333334,0.001
,,,,,167431,-114.53459,1000,,,,,,
,,,,,168000,,,15.149351119995117,37.56612777709961,36.97781753540039,89.24413299560547,0.09040000000000001,0.001
,,,,,168116,-197.39397,685,,,,,,
,,,,,168647,263.30554,531,,,,,,
,,,,,169000,,,111.51819610595703,35.630130767822266,35.243919372558594,313.6047058105469,0.08986666666666668,0.001
,,,,,169490,159.84932,843,,,,,,
-114.83888,192.6529,193.59633,-316.56775,623.9,170000,,,20.074613571166992,35.50444412231445,35.97889709472656,85.564697265625,0.08933333333333333,0.001
,,,,,170490,27.059265,1000,,,,,,
,,,,,171000,,,17.787776947021484,34.94050598144531,35.50025177001953,110.95552825927734,0.0888,0.001
,,,,,171064,-116.74318,574,,,,,,
,,,,,172000,,,7.09358549118042,51.818599700927734,52.306095123291016,61.31279373168945,0.08826666666666667,0.001
,,,,,172064,-108.44698,1000,,,,,,
,,,,,172793,200.59393,729,,,,,,
,,,,,173000,,,10.593025207519531,52.06615447998047,51.83626174926758,85.96358489990234,0.08773333333333334,0.001
,,,,,173361,255.77788,568,,,,,,
,,,,,174000,,,159.13401794433594,43.45083236694336,41.50770568847656,381.276611328125,0.0872,0.001
,,,,,174048,228.12581,687,,,,,,
,,,,,174792,159.23607,744,,,,,,
,,,,,175000,,,13.746042251586914,50.265647888183594,50.56833267211914,81.9068374633789,0.08666666666666667,0.001
,,,,,175370,-362.0215,578,,,,,,
,,,,,176000,,,13.439637184143066,38.71766662597656,39.644554138183594,70.08333587646484,0.08613333333333334,0.001
,,,,,176149,138.76895,779,,,,,,
,,,,,176494,193.65077,345,,,,,,
,,,,,177000,,,5.193702220916748,48.72212600708008,49.29386901855469,57.43240737915039,0.08560000000000001,0.001
,,,,,177494,-98.91376,1000,,,,,,
,,,,,177785,212.23236,291,,,,,,
,,,,,178000,,,8.140867233276367,49.228790283203125,49.4091682434082,69.38790893554688,0.08506666666666667,0.001
,,,,,178494,97.85136,709,,,,,,
,,,,,179000,,,16.315216064453125,45.12110900878906,45.51416015625,84.9308853149414,0.08453333333333334,0.001
,,,,,179494,-45.45973,1000,,,,,,
61.83661,126.33211,223.16272,-118.71472,721.5,180000,,,8.669583320617676,51.33475112915039,50.779319763183594,60.432579040527344,0.084,0.001
,,,,,180494,24.343395,1000,,,,,,
,,,,,181000,,,23.20960235595703,46.33245849609375,45.83716583251953,86.29653930664062,0.08346666666666668,0.001
,,,,,181494,-33.012947,1000,,,,,,
,,,,,181887,-105.668015,393,,,,,,
,,,,,182000,,,6.1607160568237305,57.685462951660156,58.40487289428711,86.03587341308594,0.08293333333333333,0.001
,,,,,182534,222.56136,647,,,,,,
,,,,,183000,,,8.041097640991211,52.31023025512695,51.7899169921875,70.3786392211914,0.0824,0.001
,,,,,183534,-72.766685,1000,,,,,,
,,,,,183666,-4.4891586,132,,,,,,
,,,,,184000,,,8.212158203125,44.45420837402344,45.32033157348633,81.84567260742188,0.08186666666666667,0.001
,,,,,184666,-81.071976,1000,,,,,,
,,,,,185000,,,23.462383270263672,61.42021942138672,62.031761169433594,141.98594665527344,0.08133333333333334,0.001
,,,,,185666,-165.43408,1000,,,,,,
,,,,,186000,,,12.034514427185059,47.09717559814453,46.99651336669922,68.9121322631836,0.08080000000000001,0.001
,,,,,186099,227.98569,433,,,,,,
,,,,,186472,230.99934,373,,,,,,
,,,,,186933,158.10918,461,,,,,,
,,,,,187000,,,5.042513370513916,48.454437255859375,47.789127349853516,85.15372467041016,0.08026666666666667,0.001
,,,,,187933,-56.927486,1000,,,,,,
,,,,,188000,,,24.023521423339844,49.35462188720703,51.4119758605957,178.46250915527344,0.07973333333333334,0.001
,,,,,188261,241.25177,328,,,,,,
,,,,,188570,301.24387,309,,,,,,
,,,,,189000,,,6.394724369049072,44.42190170288086,44.429351806640625,67.0819320678711,0.0792,0.001
,,,,,189452,142.80452,882,,,,,,
,,,,,189942,254.02248,490,,,,,,
108.99634,139.31116,264.27124,-74.63342,692.0,190000,,,27.969507217407227,57.858726501464844,57.54326248168945,113.26004791259766,0.07866666666666668,0.001
,,,,,190680,157.43222,738,,,,,,
,,,,,191000,,,16.091400146484375,49.00141906738281,49.46571350097656,107.1813735961914,0.07813333333333333,0.001
,,,,,191113,213.0317,433,,,,,,
,,,,,191761,113.63324,648,,,,,,
,,,,,192000,,,6.505772113800049,66.04943084716797,66.66101837158203,70.05827331542969,0.0776,0.001
,,,,,192761,112.83626,1000,,,,,,
,,,,,193000,,,4.128622055053711,52.92842483520508,52.78749465942383,41.593135833740234,0.07706666666666667,0.001
,,,,,193761,-207.99062,1000,,,,,,
,,,,,194000,,,6.217974662780762,65.01818084716797,65.25111389160156,50.15312957763672,0.07653333333333334,0.001
,,,,,194269,227.47575,508,,,,,,
,,,,,194980,155.48042,711,,,,,,
,,,,,195000,,,5.890073299407959,45.21124267578125,44.740745544433594,74.65380096435547,0.07600000000000001,0.001
,,,,,195845,130.56866,865,,,,,,
,,,,,196000,,,7.903927326202393,62.7216911315918,63.0632438659668,89.3380126953125,0.07546666666666668,0.001
,,,,,196408,227.98268,563,,,,,,
,,,,,197000,,,5.204921245574951,51.04349136352539,51.42342758178711,45.35063171386719,0.07493333333333334,0.001
,,,,,197408,98.150826,1000,,,,,,
,,,,,198000,,,13.5012845993042,60.56037902832031,60.02381896972656,88.37025451660156,0.07440000000000001,0.001
,,,,,198190,176.7158,782,,,,,,
,,,,,199000,,,7.0203752517700195,50.21388626098633,50.66691589355469,106.27498626708984,0.07386666666666666,0.001
,,,,,199190,-36.58178,1000,,,,,,
,,,,,199643,231.75443,453,,,,,,
139.69171,133.06836,253.40843,-177.71272,572.5,200000,,,6.900273323059082,67.6087417602539,68.23541259765625,96.53487396240234,0.07333333333333333,0.001
,,,,,200643,131.68787,1000,,,,,,
,,,,,201000,,,11.452193260192871,66.03789520263672,64.83069610595703,125.18836212158203,0.0728,0.001
,,,,,201195,170.51971,552,,,,,,
,,,,,201741,188.41824,546,,,,,,
,,,,,202000,,,3.7846226692199707,46.217041015625,46.41314697265625,41.16284942626953,0.07226666666666667,0.001
,,,,,202725,178.58194,984,,,,,,
,,,,,203000,,,7.595428943634033,53.312564849853516,53.60234069824219,58.97785568237305,0.07173333333333334,0.001
,,,,,203003,242.01822,278,,,,,,
,,,,,203503,225.12024,500,,,,,,
,,,,,204000,,,71.97323608398438,59.41314697265625,61.206825256347656,111.0064468383789,0.07120000000000001,0.001
,,,,,204503,105.47304,1000,,,,,,
,,,,,205000,,,106.44397735595703,55.06357192993164,54.35986328125,351.9704895019531,0.07066666666666667,0.001
,,,,,205368,154.76703,865,,,,,,
,,,,,205907,218.21884,539,,,,,,
,,,,,206000,,,15.106563568115234,45.16252899169922,44.290008544921875,151.60675048828125,0.07013333333333334,0.001
,,,,,206429,230.67932,522,,,,,,
,,,,,206878,216.19418,449,,,,,,
,,,,,207000,,,26.547033309936523,64.0826416015625,63.779842376708984,97.0030517578125,0.06960000000000001,0.001
,,,,,207234,-100.37831,356,,,,,,
,,,,,207790,251.73885,556,,,,,,
,,,,,208000,,,12.684130668640137,35.86163330078125,37.75177001953125,181.13662719726562,0.06906666666666667,0.001
,,,,,208790,125.60282,1000,,,,,,
,,,,,209000,,,5.385990619659424,74.2464599609375,74.21568298339844,55.1824836730957,0.06853333333333333,0.001
,,,,,209660,251.09343,870,,,,,,
99.44583,79.23458,172.72113,-121.94626,892.9,210000,,,3.583277463912964,67.15165710449219,67.37621307373047,42.69821548461914,0.068,0.001
,,,,,210660,41.374237,1000,,,,,,
,,,,,211000,,,7.943448066711426,57.789955139160156,57.89762496948242,86.78411865234375,0.06746666666666667,0.001
,,,,,211308,204.59656,648,,,,,,
,,,,,211692,209.52438,384,,,,,,
,,,,,211919,196.61844,227,,,,,,
,,,,,212000,,,9.767178535461426,60.112335205078125,59.208675384521484,98.21239471435547,0.06693333333333334,0.001
,,,,,212400,227.70532,481,,,,,,
,,,,,213000,,,420.0525817871094,58.49518966674805,55.32529830932617,422.83746337890625,0.06640000000000001,0.001
,,,,,213392,152.08492,992,,,,,,
,,,,,213708,188.64296,316,,,,,,
,,,,,214000,,,7.877898693084717,63.1341552734375,62.94468688964844,61.674461364746094,0.06586666666666667,0.001
,,,,,214708,84.8173,1000,,,,,,
,,,,,215000,,,7.3143205642700195,59.12608337402344,59.336090087890625,55.67108917236328,0.06533333333333333,0.001
,,,,,215391,163.52814,683,,,,,,
,,,,,215991,231.27011,600,,,,,,
,,,,,216000,,,8.007786750793457,67.8966293334961,68.29718017578125,77.75001525878906,0.0648,0.001
,,,,,216258,-284.1361,267,,,,,,
,,,,,216695,225.14725,437,,,,,,
,,,,,217000,,,17.459583282470703,70.12664794921875,69.2511215209961,66.92280578613281,0.06426666666666667,0.001
,,,,,217347,212.95056,652,,,,,,
,,,,,218000,,,9.600377082824707,77.39663696289062,76.5414810180664,94.29856872558594,0.06373333333333334,0.001
,,,,,218126,92.44667,779,,,,,,
,,,,,218753,234.85817,627,,,,,,
,,,,,219000,,,45.17336654663086,65.28227233886719,66.68429565429688,99.47405242919922,0.0632,0.001
,,,,,219197,257.9875,444,,,,,,
,,,,,219610,258.7707,413,,,,,,
127.38255,121.39512,247.04355,-95.30544,503.6,220000,,,15.02890396118164,63.368473052978516,63.32996368408203,73.55115509033203,0.06266666666666668,0.001
,,,,,220291,248.64781,681,,,,,,
,,,,,220972,201.58156,681,,,,,,
,,,,,221000,,,17.574050903320312,69.63069915771484,70.2746353149414,104.08316802978516,0.06213333333333334,0.001
,,,,,221373,276.53357,401,,,,,,
,,,,,221697,246.62505,324,,,,,,
,,,,,222000,,,10.286966323852539,63.736061096191406,63.29462432861328,89.73976135253906,0.06160000000000001,0.001
,,,,,222673,220.70782,976,,,,,,
,,,,,223000,,,165.95654296875,66.9926528930664,68.46931457519531,331.550537109375,0.06106666666666667,0.001
,,,,,223179,239.98053,506,,,,,,
,,,,,223996,210.04391,817,,,,,,
,,,,,224000,,,22.391883850097656,84.34461975097656,83.81365203857422,157.0321807861328,0.060533333333333335,0.001
,,,,,224289,236.2048,293,,,,,,
,,,,,224472,238.96124,183,,,,,,
,,,,,224920,270.5848,448,,,,,,
,,,,,225000,,,23.956708908081055,69.03007507324219,68.94782257080078,93.50012969970703,0.060000000000000005,0.001
,,,,,225241,253.48463,321,,,,,,
,,,,,225770,218.25671,529,,,,,,
,,,,,226000,,,6.505636215209961,71.26898193359375,71.2791519165039,55.121517181396484,0.05946666666666667,0.001
,,,,,226483,224.43492,713,,,,,,
,,,,,227000,,,8.941030502319336,68.79414367675781,68.70513153076172,54.75251770019531,0.05893333333333334,0.001
,,,,,227100,270.3969,617,,,,,,
,,,,,228000,,,6.257242679595947,69.85726165771484,69.71383666992188,59.41345977783203,0.0584,0.001
,,,,,228028,182.7651,928,,,,,,
,,,,,228499,204.17567,471,,,,,,
,,,,,228819,251.06313,320,,,,,,
,,,,,229000,,,9.981572151184082,73.03072357177734,72.75061798095703,76.12557983398438,0.05786666666666668,0.001
,,,,,229186,252.29892,367,,,,,,
,,,,,229719,258.24652,533,,,,,,
257.91864,12.774929,270.5797,223.80768,318.1,230000,,,30.70803451538086,76.53728485107422,75.48890686035156,165.3734893798828,0.05733333333333334,0.001
,,,,,230153,268.70038,434,,,,,,
,,,,,230753,226.95149,600,,,,,,
,,,,,231000,,,26.28403091430664,58.415130615234375,57.92095184326172,198.84152221679688,0.0568,0.001
,,,,,231069,230.26236,316,,,,,,
,,,,,231324,224.15112,255,,,,,,
,,,,,231668,248.0136,344,,,,,,
,,,,,232000,,,10.316803932189941,68.60334014892578,69.30975341796875,88.2792739868164,0.05626666666666667,0.001
,,,,,232164,249.65947,496,,,,,,
,,,,,232760,230.34181,596,,,,,,
,,,,,233000,,,16.26270294189453,76.86783599853516,76.751953125,95.80123901367188,0.055733333333333336,0.001
,,,,,233760,35.761593,1000,,,,,,
,,,,,234000,,,105.40380096435547,57.84083557128906,56.59260177612305,451.9274597167969,0.0552,0.001
,,,,,234274,238.43033,514,,,,,,
,,,,,235000,,,11.720002174377441,68.53433227539062,68.23721313476562,82.9698715209961,0.054666666666666676,0.001
,,,,,235072,183.53973,798,,,,,,
,,,,,235336,262.43628,264,,,,,,
,,,,,235687,290.9419,351,,,,,,
,,,,,235923,227.14554,236,,,,,,
,,,,,236000,,,7.117205619812012,57.10464859008789,57.86821746826172,81.35721588134766,0.05413333333333334,0.001
,,,,,236172,282.5216,249,,,,,,
,,,,,236526,267.91248,354,,,,,,
,,,,,236821,265.87506,295,,,,,,
,,,,,237000,,,21.38636589050293,67.51891326904297,67.24979400634766,100.48334503173828,0.05360000000000001,0.001
,,,,,237410,210.43979,589,,,,,,
,,,,,237934,273.07916,524,,,,,,
,,,,,238000,,,5.385658264160156,64.65432739257812,64.75145721435547,46.34968185424805,0.05306666666666667,0.001
,,,,,238740,185.21474,806,,,,,,
,,,,,239000,,,8.66834831237793,56.86846160888672,56.90739440917969,60.23391342163086,0.052533333333333335,0.001
,,,,,239063,251.06845,323,,,,,,
,,,,,239437,227.35184,374,,,,,,
,,,,,239714,240.2727,277,,,,,,
170.86986,89.50706,252.54813,0.112671554,586.1,240000,,,22.25091552734375,78.15047454833984,77.53245544433594,111.15160369873047,0.052000000000000005,0.001
,,,,,240092,236.45117,378,,,,,,
,,,,,240716,230.23738,624,,,,,,
,,,,,240921,262.6831,205,,,,,,
,,,,,241000,,,11.719568252563477,77.33399200439453,77.98280334472656,79.20664978027344,0.05146666666666667,0.001
,,,,,241921,54.50709,1000,,,,,,
,,,,,242000,,,6.742579936981201,64.56869506835938,64.03169250488281,67.93553161621094,0.050933333333333344,0.001
,,,,,242790,218.22714,869,,,,,,
,,,,,243000,,,6.895694732666016,71.2431411743164,71.67982482910156,58.91256332397461,0.05040000000000001,0.001
,,,,,243304,240.30075,514,,,,,,
,,,,,243730,264.08102,426,,,,,,
,,,,,244000,,,7.562419891357422,54.962039947509766,54.798744201660156,51.65708541870117,0.04986666666666667,0.001
,,,,,244114,270.862,384,,,,,,
,,,,,245000,,,6.604506492614746,73.19892883300781,72.93368530273438,51.550445556640625,0.04933333333333334,0.001
,,,,,245114,115.330696,1000,,,,,,
,,,,,245460,240.26265,346,,,,,,
,,,,,245883,292.4613,423,,,,,,
,,,,,246000,,,9.396424293518066,68.21833038330078,67.88031768798828,77.119140625,0.0488,0.001
,,,,,246354,232.83807,471,,,,,,
,,,,,246835,276.01178,481,,,,,,
,,,,,247000,,,9.568921089172363,78.64115142822266,78.53335571289062,58.612701416015625,0.04826666666666667,0.001
,,,,,247230,275.37646,395,,,,,,
,,,,,247463,14.646301,233,,,,,,
,,,,,247880,247.8314,417,,,,,,
,,,,,248000,,,14.135679244995117,78.0675048828125,78.05892944335938,61.8504638671875,0.047733333333333336,0.001
,,,,,248312,218.59052,432,,,,,,
,,,,,248734,199.6906,422,,,,,,
,,,,,249000,,,5.55336332321167,75.73807525634766,75.71202087402344,57.690704345703125,0.0472,0.001
,,,,,249266,237.27023,532,,,,,,
,,,,,249563,292.98502,297,,,,,,
240.79102,30.67044,304.73703,199.62947,340.5,250000,,,24.81026268005371,71.478515625,70.32942199707031,138.1534881591797,0.046666666666666676,0.001
,,,,,250377,213.01767,814,,,,,,
,,,,,250542,266.7207,165,,,,,,
,,,,,250790,-127.67419,248,,,,,,
,,,,,251000,,,23.69547462463379,52.407291412353516,52.58074951171875,98.0484390258789,0.04613333333333334,0.001
,,,,,251205,231.71605,415,,,,,,
,,,,,251435,252.36142,230,,,,,,
,,,,,251725,262.95703,290,,,,,,
,,,,,252000,,,9.347763061523438,63.47298049926758,63.45602035522461,90.16028594970703,0.0456,0.001
,,,,,252039,262.4139,314,,,,,,
,,,,,252497,174.73035,458,,,,,,
,,,,,252952,266.93256,455,,,,,,
,,,,,253000,,,14.894264221191406,82.19168853759766,82.34646606445312,111.17049407958984,0.04506666666666667,0.001
,,,,,253167,229.00082,215,,,,,,
,,,,,253791,226.89833,624,,,,,,
,,,,,254000,,,12.543416023254395,74.40478515625,74.68380737304688,115.51248931884766,0.044533333333333334,0.001
,,,,,254039,241.01509,248,,,,,,
,,,,,254233,276.0258,194,,,,,,
,,,,,254542,267.3013,309,,,,,,
,,,,,254780,284.77216,238,,,,,,
,,,,,255000,,,16.651641845703125,69.79088592529297,69.48495483398438,132.99742126464844,0.04400000000000001,0.001
,,,,,255031,267.8562,251,,,,,,
,,,,,255469,266.4205,438,,,,,,
,,,,,255955,183.01706,486,,,,,,
,,,,,256000,,,15.686450958251953,75.02299499511719,74.81927490234375,89.11559295654297,0.043466666666666674,0.001
,,,,,256268,283.50833,313,,,,,,
,,,,,256573,244.35036,305,,,,,,
,,,,,256865,240.96303,292,,,,,,
,,,,,257000,,,13.01608943939209,79.60089111328125,80.09415435791016,94.87350463867188,0.04293333333333334,0.001
,,,,,257164,258.64587,299,,,,,,
,,,,,257452,187.45859,288,,,,,,
,,,,,257718,259.25995,266,,,,,,
,,,,,257954,220.11307,236,,,,,,
,,,,,258000,,,13.1065673828125,73.14918518066406,72.91387939453125,76.1712417602539,0.04240000000000001,0.001
,,,,,258671,220.15643,717,,,,,,
,,,,,259000,,,8.31151008605957,80.79627227783203,80.9092025756836,62.86888885498047,0.04186666666666667,0.001
,,,,,259361,265.12082,690,,,,,,
,,,,,259776,252.43909,415,,,,,,
234.07114,49.97699,269.414,100.526596,337.4,260000,,,32.5965576171875,89.42454528808594,89.32884216308594,125.07144165039062,0.04133333333333334,0.001
,,,,,260321,245.7933,545,,,,,,
,,,,,260702,257.82156,381,,,,,,
,,,,,261000,,,3.518554449081421,83.76782989501953,83.84935760498047,45.12405014038086,0.0408,0.001
,,,,,261142,246.89879,440,,,,,,
,,,,,261822,271.3319,680,,,,,,
,,,,,262000,,,12.815323829650879,71.15951538085938,71.36697387695312,111.95246124267578,0.040266666666666666,0.001
,,,,,262450,244.54468,628,,,,,,
,,,,,262687,253.58542,237,,,,,,
,,,,,263000,,,10.927552223205566,79.92890930175781,80.09416961669922,57.395660400390625,0.03973333333333334,0.001
,,,,,263140,247.16281,453,,,,,,
,,,,,263527,252.98506,387,,,,,,
,,,,,263932,239.18915,405,,,,,,
,,,,,264000,,,7.502274513244629,75.37334442138672,76.11986541748047,100.85858154296875,0.039200000000000006,0.001
,,,,,264699,175.80588,767,,,,,,
,,,,,265000,,,38.845359802246094,72.74950408935547,73.16911315917969,166.62034606933594,0.03866666666666667,0.001
,,,,,265016,249.98262,317,,,,,,
,,,,,265439,306.25952,423,,,,,,
,,,,,265636,283.63666,197,,,,,,
,,,,,266000,,,10.39113998413086,67.13782501220703,67.58354949951172,65.93656158447266,0.03813333333333334,0.001
,,,,,266162,245.761,526,,,,,,
,,,,,266509,276.61264,347,,,,,,
,,,,,266830,291.4349,321,,,,,,
,,,,,267000,,,11.228130340576172,82.47460174560547,83.1185073852539,77.44649505615234,0.0376,0.001
,,,,,267503,139.20293,673,,,,,,
,,,,,267969,294.58347,466,,,,,,
,,,,,268000,,,33.376827239990234,76.67877197265625,76.33937072753906,163.8102569580078,0.03706666666666668,0.001
,,,,,268282,286.57538,313,,,,,,
,,,,,268647,-96.74744,365,,,,,,
,,,,,269000,,,12.451899528503418,65.78223419189453,65.71897888183594,87.37236022949219,0.036533333333333334,0.001
,,,,,269302,193.93158,655,,,,,,
,,,,,269608,248.9969,306,,,,,,
,,,,,269889,259.81494,281,,,,,,
231.41776,32.51271,295.28787,188.30716,363.4,270000,,,17.9672908782959,61.92092514038086,62.62373352050781,101.13125610351562,0.036000000000000004,0.001
,,,,,270071,255.8332,182,,,,,,
,,,,,270385,275.82117,314,,,,,,
,,,,,270784,267.50922,399,,,,,,
,,,,,271000,,,346.9176330566406,75.66632080078125,74.51795196533203,320.0204772949219,0.035466666666666674,0.001
,,,,,271151,171.77347,367,,,,,,
,,,,,271587,257.12823,436,,,,,,
,,,,,271866,254.88016,279,,,,,,
,,,,,272000,,,50.15232849121094,79.00016021728516,78.40230560302734,139.82907104492188,0.03493333333333333,0.001
,,,,,272430,223.7954,564,,,,,,
,,,,,272801,296.6059,371,,,,,,
,,,,,273000,,,11.772583961486816,72.85344696044922,72.84423828125,77.88507080078125,0.034400000000000014,0.001
,,,,,273101,251.37848,300,,,,,,
,,,,,273443,257.35144,342,,,,,,
,,,,,273736,208.61029,293,,,,,,
,,,,,274000,,,5.255526065826416,64.33052062988281,64.65017700195312,60.13035583496094,0.03386666666666667,0.001
,,,,,274060,244.20473,324,,,,,,
,,,,,274311,238.06245,251,,,,,,
,,,,,274790,266.071,479,,,,,,
,,,,,275000,,,4.967273235321045,79.86048889160156,79.93040466308594,50.58824157714844,0.03333333333333334,0.001
,,,,,275162,241.78621,372,,,,,,
,,,,,275413,-160.27173,251,,,,,,
,,,,,275640,232.70587,227,,,,,,
,,,,,275862,-2.8223724,222,,,,,,
,,,,,276000,,,10.212449073791504,78.00922393798828,78.12273406982422,76.91383361816406,0.03280000000000001,0.001
,,,,,276085,266.06866,223,,,,,,
,,,,,276349,294.03052,264,,,,,,
,,,,,276713,215.1315,364,,,,,,
,,,,,276916,236.07574,203,,,,,,
,,,,,277000,,,21.403432846069336,79.61515808105469,79.46942138671875,124.99662780761719,0.032266666666666666,0.001
,,,,,277292,242.46658,376,,,,,,
,,,,,277644,289.1731,352,,,,,,
,,,,,278000,,,9.84008502960205,74.3081283569336,75.30927276611328,73.91280364990234,0.031733333333333336,0.001
,,,,,278034,245.50407,390,,,,,,
,,,,,278433,253.85614,399,,,,,,
,,,,,278694,248.38817,261,,,,,,
,,,,,278892,253.29909,198,,,,,,
,,,,,279000,,,16.659250259399414,76.81866455078125,76.64189910888672,117.80769348144531,0.031200000000000006,0.001
,,,,,279165,304.68048,273,,,,,,
,,,,,279430,191.82932,265,,,,,,
,,,,,279688,203.51949,258,,,,,,
213.90286,92.26593,293.85272,-50.35845,292.3,280000,,,7.294353485107422,78.35931396484375,78.20692443847656,50.59138870239258,0.03066666666666666,0.001
,,,,,280075,256.08563,387,,,,,,
,,,,,280629,228.8842,554,,,,,,
,,,,,281000,,,12.570361137390137,86.60293579101562,87.20101928710938,106.70860290527344,0.030133333333333345,0.001
,,,,,281003,241.59033,374,,,,,,
,,,,,281519,267.35147,516,,,,,,
,,,,,281796,261.27924,277,,,,,,
,,,,,282000,,,11.815699577331543,74.47976684570312,74.79407501220703,64.89684295654297,0.0296,0.001
,,,,,282082,262.62875,286,,,,,,
,,,,,282346,251.87608,264,,,,,,
,,,,,282682,227.80832,336,,,,,,
,,,,,282966,293.0611,284,,,,,,
,,,,,283000,,,8.859216690063477,70.65681457519531,70.93997955322266,56.341529846191406,0.02906666666666667,0.001
,,,,,283275,295.90393,309,,,,,,
,,,,,283557,251.2229,282,,,,,,
,,,,,283790,270.65198,233,,,,,,
,,,,,284000,,,5.535093784332275,83.46319580078125,83.28201293945312,48.3487663269043,0.02853333333333334,0.001
,,,,,284168,268.70087,378,,,,,,
,,,,,284404,254.64294,236,,,,,,
,,,,,284748,276.02408,344,,,,,,
,,,,,284982,289.01437,234,,,,,,
,,,,,285000,,,4.381661415100098,86.10591888427734,86.29562377929688,46.091365814208984,0.027999999999999997,0.001
,,,,,285313,249.48291,331,,,,,,
,,,,,285468,-7.078148,155,,,,,,
,,,,,285823,248.27159,355,,,,,,
,,,,,286000,,,23.366811752319336,80.7660903930664,81.44888305664062,104.4404067993164,0.02746666666666668,0.001
,,,,,286185,281.57355,362,,,,,,
,,,,,286495,265.29916,310,,,,,,
,,,,,286879,290.8576,384,,,,,,
,,,,,287000,,,7.324953556060791,77.27658081054688,76.84934997558594,100.9319839477539,0.026933333333333337,0.001
,,,,,287215,209.5514,336,,,,,,
,,,,,287782,138.24393,567,,,,,,
,,,,,288000,,,4.825678825378418,69.45445251464844,69.11502838134766,50.033992767333984,0.026400000000000007,0.001
,,,,,288197,262.86914,415,,,,,,
,,,,,288985,170.21875,788,,,,,,
,,,,,289000,,,9.085237503051758,79.48014831542969,79.60211944580078,94.96266174316406,0.025866666666666677,0.001
,,,,,289230,-76.44612,245,,,,,,
,,,,,289524,272.63135,294,,,,,,
,,,,,289913,270.24298,389,,,,,,
232.06592,55.751286,283.40735,93.78755,504.0,290000,,,26.442922592163086,71.56180572509766,70.44776916503906,127.01960754394531,0.025333333333333333,0.001
,,,,,290236,-261.63828,323,,,,,,
,,,,,290610,233.74295,374,,,,,,
,,,,,290935,243.40208,325,,,,,,
,,,,,291000,,,10.03592300415039,77.84188079833984,77.6838607788086,101.7216796875,0.024800000000000003,0.001
,,,,,291387,246.70512,452,,,,,,
,,,,,291560,-48.457314,173,,,,,,
,,,,,292000,,,20.790069580078125,69.01770782470703,69.76959228515625,111.45066833496094,0.024266666666666672,0.001
,,,,,292006,267.7876,446,,,,,,
,,,,,292172,-31.576492,166,,,,,,
,,,,,292445,226.70285,273,,,,,,
,,,,,292721,271.09717,276,,,,,,
,,,,,293000,,,6.985448837280273,88.49530029296875,88.68042755126953,59.11874771118164,0.02373333333333333,0.001
,,,,,293366,149.77693,645,,,,,,
,,,,,293642,264.4496,276,,,,,,
,,,,,293877,275.5279,235,,,,,,
,,,,,294000,,,17.52250862121582,82.99490356445312,81.3653564453125,173.4675750732422,0.023200000000000012,0.001
,,,,,294451,116.79613,574,,,,,,
,,,,,295000,,,15.607034683227539,78.86625671386719,78.55810546875,153.01522827148438,0.02266666666666667,0.001
,,,,,295007,-71.46854,556,,,,,,
,,,,,295461,181.06458,454,,,,,,
,,,,,295952,234.86603,491,,,,,,
,,,,,296000,,,36.41037368774414,84.5448226928711,84.68943786621094,86.06039428710938,0.022133333333333338,0.001
,,,,,296150,-128.42609,198,,,,,,
,,,,,296513,296.14444,363,,,,,,
,,,,,297000,,,17.12544822692871,84.79381561279297,84.60968017578125,87.92131042480469,0.021600000000000008,0.001
,,,,,297113,183.41605,600,,,,,,
,,,,,297723,158.33324,610,,,,,,
,,,,,297956,-9.829506,233,,,,,,
,,,,,298000,,,5.863666534423828,91.21829223632812,90.95658874511719,58.35261535644531,0.021066666666666664,0.001
,,,,,298384,259.2987,428,,,,,,
,,,,,299000,,,6.547712802886963,90.61434936523438,90.5291519165039,54.72081756591797,0.020533333333333334,0.001
,,,,,299002,174.81241,618,,,,,,
,,,,,299418,220.78061,416,,,,,,
,,,,,299721,253.32527,303,,,,,,
210.12424,122.462105,292.8913,-132.81589,358.4,300000,,,32.83523178100586,92.36424255371094,92.9129638671875,49.71503829956055,0.02,0.001
,,,,,300118,206.79224,397,,,,,,
,,,,,300659,280.74033,541,,,,,,
,,,,,301000,,,10.52721881866455,91.75054931640625,90.36908721923828,115.18984985351562,0.02,0.001
,,,,,301087,258.94672,428,,,,,,
,,,,,301346,287.53265,259,,,,,,
,,,,,301568,236.76085,222,,,,,,
,,,,,301793,269.98718,225,,,,,,
,,,,,302000,,,8.512065887451172,76.88117980957031,76.63846588134766,74.17589569091797,0.02,0.001
,,,,,302172,228.90718,379,,,,,,
,,,,,302370,257.89856,198,,,,,,
,,,,,302587,225.31564,217,,,,,,
,,,,,303000,,,4.9121198654174805,85.74486541748047,85.82124328613281,45.128055572509766,0.02,0.001
,,,,,303238,-87.91673,651,,,,,,
,,,,,303490,265.70224,252,,,,,,
,,,,,303727,273.52063,237,,,,,,
,,,,,304000,,,23.38058853149414,83.43099975585938,83.26626586914062,117.58807373046875,0.02,0.001
,,,,,304061,191.57529,334,,,,,,
,,,,,304503,151.34186,442,,,,,,
,,,,,304748,276.41754,245,,,,,,
,,,,,305000,,,5.800402641296387,84.92479705810547,84.9482650756836,82.03984832763672,0.02,0.001
,,,,,305029,272.1576,281,,,,,,
,,,,,305560,259.367,531,,,,,,
,,,,,305862,-44.769825,302,,,,,,
,,,,,306000,,,32.6279296875,79.94808197021484,78.59709930419922,171.31394958496094,0.02,0.001
,,,,,306082,245.30206,220,,,,,,
,,,,,306542,180.8093,460,,,,,,
,,,,,306926,239.728,384,,,,,,
,,,,,307000,,,18.430776596069336,86.50889587402344,86.2959213256836,69.75004577636719,0.02,0.001
,,,,,307325,201.43094,399,,,,,,
,,,,,307787,226.4631,462,,,,,,
,,,,,308000,,,13.355650901794434,75.61473083496094,75.24835205078125,103.74658203125,0.02,0.001
,,,,,308420,228.43301,633,,,,,,
,,,,,308581,7.093796,161,,,,,,
,,,,,309000,,,11.989051818847656,72.42302703857422,73.14008331298828,96.52372741699219,0.02,0.001
,,,,,309081,263.0218,500,,,,,,
,,,,,309389,266.35696,308,,,,,,
,,,,,309728,162.14186,339,,,,,,
187.78589,86.473206,278.43842,-32.88185,519.1,310000,,,5.283044815063477,91.09796905517578,90.74810028076172,66.99359130859375,0.02,0.001
,,,,,310190,199.58577,462,,,,,,
,,,,,310359,20.99833,169,,,,,,
,,,,,310788,225.72397,429,,,,,,
,,,,,311000,,,13.645414352416992,86.85116577148438,86.83348083496094,96.79883575439453,0.02,0.001
,,,,,311005,252.59647,217,,,,,,
,,,,,311271,244.37378,266,,,,,,
,,,,,311611,279.86594,340,,,,,,
,,,,,311992,285.96027,381,,,,,,
,,,,,312000,,,10.269227981567383,77.9461898803711,77.5372085571289,90.47940063476562,0.02,0.001
,,,,,312224,274.3919,232,,,,,,
,,,,,312727,192.78508,503,,,,,,
,,,,,313000,,,8.665567398071289,79.61988830566406,79.57386779785156,67.7536392211914,0.02,0.001
,,,,,313200,215.41017,473,,,,,,
,,,,,313580,203.62051,380,,,,,,
,,,,,313814,271.54672,234,,,,,,
,,,,,314000,,,18.278152465820312,88.666259765625,89.7002182006836,84.0238265991211,0.02,0.001
,,,,,314009,276.4168,195,,,,,,
,,,,,314437,173.89084,428,,,,,,
,,,,,314917,260.38727,480,,,,,,
,,,,,315000,,,8.468661308288574,76.08536529541016,75.96121215820312,60.328121185302734,0.02,0.001
,,,,,315088,291.25806,171,,,,,,
,,,,,315549,278.1394,461,,,,,,
,,,,,315714,288.6109,165,,,,,,
,,,,,316000,,,16.934123992919922,79.22222900390625,79.37135314941406,80.3924331665039,0.02,0.001
,,,,,316464,127.661285,750,,,,,,
,,,,,316769,250.33229,305,,,,,,
,,,,,316943,282.72382,174,,,,,,
,,,,,317000,,,15.221317291259766,82.5237808227539,82.34181213378906,94.12651062011719,0.02,0.001
,,,,,317141,16.44551,198,,,,,,
,,,,,317414,266.34232,273,,,,,,
,,,,,318000,,,35.632850646972656,90.69577026367188,91.24378204345703,69.42503356933594,0.02,0.001
,,,,,318027,185.63347,613,,,,,,
,,,,,318226,271.58887,199,,,,,,
,,,,,318632,183.03581,406,,,,,,
,,,,,319000,,,15.725452423095703,86.95642852783203,86.70359802246094,103.00296783447266,0.02,0.001
,,,,,319078,259.10614,446,,,,,,
,,,,,319536,277.6253,458,,,,,,
,,,,,319750,296.06195,214,,,,,,
220.29094,72.53792,286.82043,18.524727,240.9,320000,,,14.703853607177734,77.83148193359375,77.42068481445312,90.77457427978516,0.02,0.001
,,,,,320108,269.61993,358,,,,,,
,,,,,320435,245.45726,327,,,,,,
,,,,,320747,-231.254,312,,,,,,
,,,,,321000,,,17.395357131958008,82.48461151123047,82.55486297607422,98.70128631591797,0.02,0.001
,,,,,321114,249.51593,367,,,,,,
,,,,,321353,262.47562,239,,,,,,
,,,,,322000,,,238.68202209472656,90.93408203125,88.83921813964844,1028.5562744140625,0.02,0.001
,,,,,322353,60.75743,1000,,,,,,
,,,,,322802,-164.13394,449,,,,,,
,,,,,323000,,,59.07442855834961,84.68980407714844,83.77481842041016,309.3736267089844,0.02,0.001
,,,,,323563,116.96296,761,,,,,,
,,,,,323910,261.4037,347,,,,,,
,,,,,324000,,,36.07511901855469,75.43161010742188,76.35659790039062,78.30632781982422,0.02,0.001
,,,,,324119,261.41974,209,,,,,,
,,,,,324481,276.6964,362,,,,,,
,,,,,325000,,,7.611590385437012,87.2354507446289,87.32038116455078,51.086273193359375,0.02,0.001
,,,,,325097,206.71889,616,,,,,,
,,,,,325475,232.23842,378,,,,,,
,,,,,325781,-110.358894,306,,,,,,
,,,,,326000,,,21.118799209594727,83.8911361694336,83.78002166748047,139.9481201171875,0.02,0.001
,,,,,326075,267.98077,294,,,,,,
,,,,,326303,247.01868,228,,,,,,
,,,,,326548,269.55017,245,,,,,,
,,,,,326805,242.1748,257,,,,,,
,,,,,327000,,,7.0026984214782715,79.04271697998047,79.08386993408203,51.93766403198242,0.02,0.001
,,,,,327363,237.3944,558,,,,,,
,,,,,327749,253.65233,386,,,,,,
,,,,,327967,271.2264,218,,,,,,
,,,,,328000,,,20.079465866088867,78.21873474121094,79.0519790649414,80.98693084716797,0.02,0.001
,,,,,328203,264.72412,236,,,,,,
,,,,,328466,265.7291,263,,,,,,
,,,,,328838,221.73323,372,,,,,,
,,,,,329000,,,8.039512634277344,88.95623779296875,89.20765686035156,77.665283203125,0.02,0.001
,,,,,329322,220.83228,484,,,,,,
,,,,,329527,-190.22058,205,,,,,,
,,,,,329736,265.52762,209,,,,,,
243.59111,60.493828,301.10925,117.809814,398.1,330000,,,5.498047351837158,86.16553497314453,86.56774139404297,67.04313659667969,0.02,0.001
,,,,,330044,247.11427,308,,,,,,
,,,,,330343,274.71216,299,,,,,,
,,,,,330883,149.94264,540,,,,,,
,,,,,331000,,,104.56492614746094,81.0201644897461,80.89547729492188,300.8230285644531,0.02,0.001
,,,,,331054,258.19672,171,,,,,,
,,,,,331376,288.04303,322,,,,,,
,,,,,331866,292.49774,490,,,,,,
,,,,,332000,,,21.782386779785156,89.32426452636719,88.82532501220703,93.3401870727539,0.02,0.001
,,,,,332420,-317.02014,554,,,,,,
,,,,,333000,,,37.922306060791016,84.41797637939453,84.89275360107422,78.35589599609375,0.02,0.001
,,,,,333103,215.68976,683,,,,,,
,,,,,333365,278.63055,262,,,,,,
,,,,,333763,210.42018,398,,,,,,
,,,,,334000,,,7.514967918395996,84.8558349609375,84.79035949707031,86.33273315429688,0.02,0.001
,,,,,334033,279.85034,270,,,,,,
,,,,,334461,-108.16963,428,,,,,,
,,,,,334682,263.8695,221,,,,,,
,,,,,334850,266.58136,168,,,,,,
,,,,,335000,,,21.806774139404297,72.01692962646484,71.62767028808594,144.45237731933594,0.02,0.001
,,,,,335177,243.61093,327,,,,,,
,,,,,335493,189.9279,316,,,,,,
,,,,,335720,283.15466,227,,,,,,
,,,,,336000,,,5.359372138977051,85.18745422363281,84.71129608154297,73.8474349975586,0.02,0.001
,,,,,336331,207.02084,611,,,,,,
,,,,,336632,257.43552,301,,,,,,
,,,,,336886,281.7273,254,,,,,,
,,,,,337000,,,42.216129302978516,77.05726623535156,76.49209594726562,148.48875427246094,0.02,0.001
,,,,,337361,274.3747,475,,,,,,
,,,,,338000,,,11.023704528808594,88.31663513183594,87.88832092285156,103.91822052001953,0.02,0.001
,,,,,338173,258.88138,812,,,,,,
,,,,,338691,200.38089,518,,,,,,
,,,,,339000,,,7.724889278411865,81.791259765625,81.6377944946289,73.90734100341797,0.02,0.001
,,,,,339009,173.91656,318,,,,,,
,,,,,339194,-61.352177,185,,,,,,
,,,,,339463,225.29645,269,,,,,,
,,,,,339895,-137.08803,432,,,,,,
160.20537,153.12572,267.37985,-216.32733,488.5,340000,,,4.00946044921875,97.60127258300781,97.81536865234375,43.436336517333984,0.02,0.001
,,,,,340313,208.75641,418,,,,,,
,,,,,340820,251.73206,507,,,,,,
,,,,,341000,,,28.01013946533203,89.8745346069336,90.5113525390625,297.0665588378906,0.02,0.001
,,,,,341235,226.98486,415,,,,,,
,,,,,341689,170.50545,454,,,,,,
,,,,,341998,263.7513,309,,,,,,
,,,,,342000,,,8.746414184570312,96.49646759033203,96.5093765258789,79.10652160644531,0.02,0.001
,,,,,342320,291.65295,322,,,,,,
,,,,,342597,256.04144,277,,,,,,
,,,,,343000,,,38.52090072631836,83.64700317382812,84.01769256591797,159.56898498535156,0.02,0.001
,,,,,343084,261.96478,487,,,,,,
,,,,,343293,-170.38669,209,,,,,,
,,,,,343825,140.61407,532,,,,,,
,,,,,344000,,,12.81881332397461,89.36766815185547,88.58344268798828,99.25321960449219,0.02,0.001
,,,,,344199,240.50269,374,,,,,,
,,,,,344524,236.60129,325,,,,,,
,,,,,344807,291.58594,283,,,,,,
,,,,,345000,,,34.5222053527832,94.22515869140625,94.71614074707031,58.1837043762207,0.02,0.001
,,,,,345021,284.00223,214,,,,,,
,,,,,345251,252.05862,230,,,,,,
,,,,,345849,197.62823,598,,,,,,
,,,,,346000,,,20.978818893432617,85.29989624023438,85.31001281738281,177.4979248046875,0.02,0.001
,,,,,346277,203.33542,428,,,,,,
,,,,,346740,205.5781,463,,,,,,
,,,,,347000,,,11.384000778198242,83.82589721679688,83.21174621582031,101.62273406982422,0.02,0.001
,,,,,347036,268.57733,296,,,,,,
,,,,,347213,269.3449,177,,,,,,
,,,,,347490,252.00499,277,,,,,,
,,,,,347773,214.93158,283,,,,,,
,,,,,348000,,,11.88514232635498,93.79637145996094,92.72783660888672,183.66046142578125,0.02,0.001
,,,,,348139,281.5641,366,,,,,,
,,,,,348406,220.6105,267,,,,,,
,,,,,348672,263.32568,266,,,,,,
,,,,,348910,302.44788,238,,,,,,
,,,,,349000,,,20.85963249206543,93.76146697998047,93.7497787475586,108.56262969970703,0.02,0.001
,,,,,349391,243.46967,481,,,,,,
,,,,,349593,238.74417,202,,,,,,
,,,,,349867,221.95856,274,,,,,,
214.59607,146.1225,298.0086,-219.49664,347.5,350000,,,4.4417266845703125,90.43204498291016,90.35554504394531,53.93174362182617,0.02,0.001
,,,,,350180,283.4668,313,,,,,,
,,,,,350672,281.88144,492,,,,,,
,,,,,350906,269.84842,234,,,,,,
,,,,,351000,,,4.8055100440979,82.7105484008789,82.46363830566406,55.9752197265625,0.02,0.001
,,,,,351458,215.28964,552,,,,,,
,,,,,351923,211.39188,465,,,,,,
,,,,,352000,,,5.180992603302002,86.81137084960938,87.13147735595703,57.43602752685547,0.02,0.001
,,,,,352507,174.79501,584,,,,,,
,,,,,352656,-55.687454,149,,,,,,
,,,,,353000,,,21.002971649169922,79.14617919921875,79.12183380126953,115.70574188232422,0.02,0.001
,,,,,353240,227.96693,584,,,,,,
,,,,,353578,233.91083,338,,,,,,
,,,,,354000,,,10.269218444824219,79.7831039428711,80.4474868774414,76.47303009033203,0.02,0.001
,,,,,354004,267.35077,426,,,,,,
,,,,,354868,240.44113,864,,,,,,
,,,,,355000,,,15.288662910461426,81.83790588378906,82.37122344970703,101.77721405029297,0.02,0.001
,,,,,355252,270.17273,384,,,,,,
,,,,,355980,114.52867,728,,,,,,
,,,,,356000,,,13.838156700134277,91.61962127685547,91.2725830078125,93.48124694824219,0.02,0.001
,,,,,356298,299.93253,318,,,,,,
,,,,,356811,238.8582,513,,,,,,
,,,,,357000,,,6.681416034698486,89.29642486572266,88.73278045654297,61.46733474731445,0.02,0.001
,,,,,357084,265.51514,273,,,,,,
,,,,,357392,282.4876,308,,,,,,
,,,,,357793,-137.00732,401,,,,,,
,,,,,358000,,,31.53376007080078,89.10454559326172,88.39041900634766,184.90602111816406,0.02,0.001
,,,,,358194,231.6634,401,,,,,,
,,,,,358924,226.37054,730,,,,,,
,,,,,359000,,,14.816797256469727,85.82492065429688,85.37134552001953,76.01568603515625,0.02,0.001
,,,,,359134,-25.959427,210,,,,,,
,,,,,359408,241.32608,274,,,,,,
,,,,,359814,273.83792,406,,,,,,
165.01242,132.03786,297.177,-205.39673,497.4,360000,,,8.91491985321045,89.38227081298828,89.58560180664062,62.15258026123047,0.02,0.001
,,,,,360109,270.16498,295,,,,,,
,,,,,360348,267.0995,239,,,,,,
,,,,,360602,272.85187,254,,,,,,
,,,,,360837,279.10226,235,,,,,,
,,,,,361000,,,11.077224731445312,80.90434265136719,80.59910583496094,81.822021484375,0.02,0.001
,,,,,361042,250.04817,205,,,,,,
,,,,,361477,302.8507,435,,,,,,
,,,,,361908,268.44266,431,,,,,,
,,,,,362000,,,6.86560583114624,94.42657470703125,94.6427230834961,76.73619079589844,0.02,0.001
,,,,,362265,300.50494,357,,,,,,
,,,,,362804,219.21255,539,,,,,,
,,,,,363000,,,186.65773010253906,89.7562026977539,87.44286346435547,531.0826416015625,0.02,0.001
,,,,,363168,270.78442,364,,,,,,
,,,,,363829,253.66742,661,,,,,,
,,,,,364000,,,11.756505966186523,91.32501220703125,91.02950286865234,82.13848114013672,0.02,0.001
,,,,,364053,202.42407,224,,,,,,
,,,,,364567,261.1206,514,,,,,,
,,,,,364755,31.082825,188,,,,,,
,,,,,365000,,,7.814050197601318,93.10647583007812,92.70403289794922,80.0243911743164,0.02,0.001
,,,,,365366,251.72745,611,,,,,,
,,,,,365956,204.73282,590,,,,,,
,,,,,366000,,,476.4165344238281,95.20479583740234,91.92990112304688,255.19203186035156,0.02,0.001
,,,,,366224,-148.55145,268,,,,,,
,,,,,366510,263.187,286,,,,,,
,,,,,366892,247.7088,382,,,,,,
,,,,,367000,,,13.597031593322754,67.4483642578125,66.55924987792969,94.0395736694336,0.02,0.001
,,,,,367167,295.27362,275,,,,,,
,,,,,367538,277.4743,371,,,,,,
,,,,,367655,3.179718,117,,,,,,
,,,,,367812,-0.529274,157,,,,,,
,,,,,368000,,,10.346242904663086,94.43965148925781,93.91450500488281,76.96646881103516,0.02,0.001
,,,,,368129,-71.972,317,,,,,,
,,,,,368453,231.75145,324,,,,,,
,,,,,368614,294.4977,161,,,,,,
,,,,,368827,245.94409,213,,,,,,
,,,,,369000,,,12.51557731628418,103.45817565917969,103.5552749633789,80.23399353027344,0.02,0.001
,,,,,369157,242.82072,330,,,,,,
,,,,,369491,-174.29178,334,,,,,,
,,,,,369854,220.70845,363,,,,,,
217.32797,60.46055,294.8172,93.10099,426.1,370000,,,9.586893081665039,98.31945037841797,97.8172836303711,89.80412292480469,0.02,0.001
,,,,,370120,245.99155,266,,,,,,
,,,,,370375,274.31445,255,,,,,,
,,,,,370619,275.05994,244,,,,,,
,,,,,371000,,,17.120813369750977,82.2662124633789,81.07247924804688,115.6094741821289,0.02,0.001
,,,,,371199,305.37915,580,,,,,,
,,,,,371565,269.06024,366,,,,,,
,,,,,371933,266.39594,368,,,,,,
,,,,,372000,,,21.480199813842773,93.4205093383789,94.24222564697266,90.78247833251953,0.02,0.001
,,,,,372258,272.30518,325,,,,,,
,,,,,373000,,,14.567370414733887,95.85420989990234,95.90373992919922,122.1357192993164,0.02,0.001
,,,,,373196,107.02219,938,,,,,,
,,,,,373472,193.19849,276,,,,,,
,,,,,374000,,,6.645578861236572,90.09278869628906,89.90525817871094,63.600154876708984,0.02,0.001
,,,,,374092,214.22272,620,,,,,,
,,,,,374402,281.0879,310,,,,,,
,,,,,374960,195.07042,558,,,,,,
,,,,,375000,,,5.4178547859191895,83.05216217041016,82.83307647705078,53.572959899902344,0.02,0.001
,,,,,375288,-72.963715,328,,,,,,
,,,,,375654,225.75797,366,,,,,,
,,,,,375908,282.73972,254,,,,,,
,,,,,376000,,,32.238555908203125,76.91594696044922,77.22603607177734,244.22361755371094,0.02,0.001
,,,,,376167,263.1859,259,,,,,,
,,,,,376538,247.90286,371,,,,,,
,,,,,376695,-45.557274,157,,,,,,
,,,,,376796,42.687363,101,,,,,,
,,,,,377000,,,8.536646842956543,74.5631332397461,74.47569274902344,87.218994140625,0.02,0.001
,,,,,377253,233.29164,457,,,,,,
,,,,,377453,215.64214,200,,,,,,
,,,,,378000,,,2.759636878967285,103.30224609375,102.85758972167969,43.67686080932617,0.02,0.001
,,,,,378453,132.77461,1000,,,,,,
,,,,,379000,,,33.12591552734375,83.65538024902344,84.35016632080078,103.17333984375,0.02,0.001
,,,,,379453,71.07072,1000,,,,,,
,,,,,379811,280.74103,358,,,,,,
176.04788,101.751305,289.49426,-20.45793,511.5,380000,,,7.145844459533691,93.24866485595703,92.60353088378906,63.574771881103516,0.02,0.001
,,,,,380016,272.27264,205,,,,,,
,,,,,380353,274.67075,337,,,,,,
,,,,,380543,288.9554,190,,,,,,
,,,,,380916,239.77496,373,,,,,,
,,,,,381000,,,27.297822952270508,90.6803207397461,90.71444702148438,128.58206176757812,0.02,0.001
,,,,,381168,221.11578,252,,,,,,
,,,,,382000,,,244.21583557128906,82.49984741210938,84.75517272949219,500.70501708984375,0.02,0.001
,,,,,382018,68.46447,850,,,,,,
,,,,,382316,264.65173,298,,,,,,
,,,,,383000,,,6.042905330657959,96.43836975097656,96.4726333618164,50.79864501953125,0.02,0.001
,,,,,383271,122.537384,955,,,,,,
,,,,,383559,258.60898,288,,,,,,
,,,,,383842,255.78879,283,,,,,,
,,,,,384000,,,13.431794166564941,87.55371856689453,87.74079895019531,76.01781463623047,0.02,0.001
,,,,,384842,125.211044,1000,,,,,,
,,,,,385000,,,5.1202898025512695,100.5880126953125,100.49175262451172,47.41973876953125,0.02,0.001
,,,,,385124,259.72015,282,,,,,,
,,,,,385440,305.12677,316,,,,,,
,,,,,385909,251.00713,469,,,,,,
,,,,,386000,,,30.943897247314453,90.20012664794922,91.34306335449219,90.09024810791016,0.02,0.001
,,,,,386092,267.99225,183,,,,,,
,,,,,386345,269.87885,253,,,,,,
,,,,,387000,,,3.953639268875122,86.17854309082031,86.07003021240234,48.84150314331055,0.02,0.001
,,,,,387103,203.67407,758,,,,,,
,,,,,387316,275.53476,213,,,,,,
,,,,,387584,267.1026,268,,,,,,
,,,,,388000,,,8.047024726867676,84.10566711425781,83.77505493164062,72.17341613769531,0.02,0.001
,,,,,388011,239.64345,427,,,,,,
,,,,,388436,224.43085,425,,,,,,
,,,,,388736,203.88919,300,,,,,,
,,,,,389000,,,6.280365943908691,90.5864028930664,90.60627746582031,69.70206451416016,0.02,0.001
,,,,,389047,239.34726,311,,,,,,
,,,,,389353,270.89478,306,,,,,,
,,,,,389540,269.54663,187,,,,,,
,,,,,389852,275.98224,312,,,,,,
209.05742,66.16274,292.52036,74.404564,473.1,390000,,,545.0988159179688,94.40843963623047,90.83769989013672,283.4659729003906,0.02,0.001
,,,,,390079,235.28767,227,,,,,,
,,,,,391000,,,8.23306941986084,88.8844223022461,88.91331481933594,88.88009643554688,0.02,0.001
,,,,,391079,122.94449,1000,,,,,,
,,,,,391414,298.72598,335,,,,,,
,,,,,391678,215.73668,264,,,,,,
,,,,,392000,,,118.0027084350586,83.82441711425781,82.6731185913086,413.7715759277344,0.02,0.001
,,,,,392674,125.24745,996,,,,,,
,,,,,393000,,,9.173799514770508,88.96910095214844,88.43993377685547,62.667633056640625,0.02,0.001
,,,,,393187,213.42673,513,,,,,,
,,,,,393466,253.59451,279,,,,,,
,,,,,393795,243.18091,329,,,,,,
,,,,,394000,,,8.848267555236816,80.94577026367188,81.34992218017578,90.25688171386719,0.02,0.001
,,,,,394590,155.56287,795,,,,,,
,,,,,395000,,,5.060084819793701,93.41349029541016,93.38013458251953,43.89981460571289,0.02,0.001
,,,,,395211,230.09639,621,,,,,,
,,,,,395534,245.41765,323,,,,,,
,,,,,395849,304.3833,315,,,,,,
,,,,,396000,,,22.093196868896484,76.21257019042969,76.98020935058594,116.93240356445312,0.02,0.001
,,,,,396251,268.3783,402,,,,,,
,,,,,396523,293.45325,272,,,,,,
,,,,,396883,252.94737,360,,,,,,
,,,,,397000,,,8.31369400024414,87.06924438476562,86.97783660888672,81.46444702148438,0.02,0.001
,,,,,397231,267.00473,348,,,,,,
,,,,,397583,219.07104,352,,,,,,
,,,,,397876,249.86345,293,,,,,,
,,,,,398000,,,34.986122131347656,91.58285522460938,92.74118041992188,97.70687866210938,0.02,0.001
,,,,,398225,196.53593,349,,,,,,
,,,,,398553,260.866,328,,,,,,
,,,,,398945,265.51483,392,,,,,,
,,,,,399000,,,11.389738082885742,89.372802734375,89.34599304199219,104.95318603515625,0.02,0.001
,,,,,399222,231.6122,277,,,,,,
,,,,,399522,269.02274,300,,,,,,
,,,,,399932,278.44006,410,,,,,,
171.76073,145.58153,285.38715,-232.53304,415.1,400000,,,29.541210174560547,83.90686798095703,85.88505554199219,165.315673828125,0.02,0.001
,,,,,400524,226.46094,592,,,,,,
,,,,,400806,296.258,282,,,,,,
,,,,,401000,,,9.291322708129883,97.14385986328125,97.23087310791016,107.88433837890625,0.02,0.001
,,,,,401155,265.24554,349,,,,,,
,,,,,401449,292.5057,294,,,,,,
,,,,,401707,243.96884,258,,,,,,
,,,,,402000,,,7.988133907318115,79.89877319335938,80.16857147216797,66.36792755126953,0.02,0.001
,,,,,402449,241.8915,742,,,,,,
,,,,,402768,247.61,319,,,,,,
,,,,,403000,,,10.97287368774414,79.18366241455078,78.8845443725586,109.4216537475586,0.02,0.001
,,,,,403128,236.30608,360,,,,,,
,,,,,403491,277.37994,363,,,,,,
,,,,,403694,261.16144,203,,,,,,
,,,,,404000,,,14.237109184265137,85.48751068115234,85.74346923828125,79.80937194824219,0.02,0.001
,,,,,404110,266.74728,416,,,,,,
,,,,,404360,256.71237,250,,,,,,
,,,,,404629,239.1075,269,,,,,,
,,,,,404985,294.67502,356,,,,,,
,,,,,405000,,,10.592447280883789,80.12158203125,80.11421203613281,75.53177642822266,0.02,0.001
,,,,,405434,234.14078,449,,,,,,
,,,,,405763,256.24564,329,,,,,,
,,,,,405957,282.80246,194,,,,,,
,,,,,406000,,,24.783674240112305,80.02411651611328,79.43739318847656,89.13264465332031,0.02,0.001
,,,,,406135,253.65749,178,,,,,,
,,,,,406336,265.73523,201,,,,,,
,,,,,406577,286.73602,241,,,,,,
,,,,,406797,216.14072,220,,,,,,
,,,,,407000,,,6.556783199310303,82.58882904052734,83.48664855957031,95.61095428466797,0.02,0.001
,,,,,407080,273.29453,283,,,,,,
,,,,,407353,286.09857,273,,,,,,
,,,,,407643,284.1691,290,,,,,,
,,,,,407933,275.39972,290,,,,,,
,,,,,408000,,,12.965985298156738,82.36858367919922,81.75923919677734,59.90394973754883,0.02,0.001
,,,,,408415,288.4551,482,,,,,,
,,,,,408709,278.22687,294,,,,,,
,,,,,408912,12.803329,203,,,,,,
,,,,,409000,,,6.046103000640869,83.26997375488281,83.36268615722656,61.52985382080078,0.02,0.001
,,,,,409147,291.47327,235,,,,,,
,,,,,409326,278.58704,179,,,,,,
,,,,,409532,280.63867,206,,,,,,
,,,,,409688,256.38495,156,,,,,,
248.45483,32.60567,298.802,190.78821,249.1,410000,,,315.1892395019531,80.80412292480469,78.96078491210938,531.1159057617188,0.02,0.001
,,,,,410013,239.25232,325,,,,,,
,,,,,410329,275.91046,316,,,,,,
,,,,,410576,249.87396,247,,,,,,
,,,,,410808,253.27208,232,,,,,,
,,,,,411000,,,14.684479713439941,91.7835464477539,92.2979507446289,105.9762954711914,0.02,0.001
,,,,,411079,304.5929,271,,,,,,
,,,,,411289,290.12305,210,,,,,,
,,,,,411537,285.2612,248,,,,,,
,,,,,411701,292.2261,164,,,,,,
,,,,,411900,266.00085,199,,,,,,
,,,,,412000,,,28.00852394104004,83.26221466064453,83.30884552001953,90.9329605102539,0.02,0.001
,,,,,412115,280.34583,215,,,,,,
,,,,,412398,273.24548,283,,,,,,
,,,,,412602,286.67703,204,,,,,,
,,,,,412815,271.38577,213,,,,,,
,,,,,412993,252.14926,178,,,,,,
,,,,,413000,,,11.829747200012207,89.30776977539062,89.04375457763672,68.54296875,0.02,0.001
,,,,,413168,-87.453545,175,,,,,,
,,,,,413510,263.97345,342,,,,,,
,,,,,413733,-92.40129,223,,,,,,
,,,,,413967,285.14465,234,,,,,,
,,,,,414000,,,10.211894989013672,82.01441955566406,81.38377380371094,64.40637969970703,0.02,0.001
,,,,,414140,235.0244,173,,,,,,
,,,,,414366,292.97443,226,,,,,,
,,,,,414809,278.0052,443,,,,,,
,,,,,415000,,,11.235905647277832,74.43560028076172,74.90226745605469,129.3488006591797,0.02,0.001
,,,,,415200,177.33801,391,,,,,,
,,,,,415618,248.18544,418,,,,,,
,,,,,415966,261.04858,348,,,,,,
,,,,,416000,,,8.460916519165039,87.89443969726562,87.55641174316406,52.81957244873047,0.02,0.001
,,,,,416344,270.3136,378,,,,,,
,,,,,416764,252.98099,420,,,,,,
,,,,,417000,,,6.968502521514893,90.24464416503906,89.95848846435547,72.32542419433594,0.02,0.001
,,,,,417537,249.10904,773,,,,,,
,,,,,417848,239.54892,311,,,,,,
,,,,,418000,,,35.24941635131836,91.37091064453125,92.29511260986328,82.64918518066406,0.02,0.001
,,,,,418438,229.3727,590,,,,,,
,,,,,418926,249.37195,488,,,,,,
,,,,,419000,,,25.683130264282227,83.72918701171875,84.03608703613281,118.16899871826172,0.02,0.001
,,,,,419159,266.21564,233,,,,,,
,,,,,419390,246.83878,231,,,,,,
,,,,,419630,271.89346,240,,,,,,
,,,,,419887,266.24377,257,,,,,,
162.37086,125.97827,284.34186,-98.54723,529.4,420000,,,32.10195541381836,86.00852966308594,87.04440307617188,136.16372680664062,0.02,0.001
,,,,,420341,199.51028,454,,,,,,
,,,,,420668,277.3701,327,,,,,,
,,,,,421000,,,8.328475952148438,84.81298065185547,84.53155517578125,58.81150817871094,0.02,0.001
,,,,,421043,276.79196,375,,,,,,
,,,,,421229,-35.30931,186,,,,,,
,,,,,421584,243.88786,355,,,,,,
,,,,,421932,266.02173,348,,,,,,
,,,,,422000,,,7.793424129486084,91.33769226074219,91.81404113769531,99.61720275878906,0.02,0.001
,,,,,422179,240.6504,247,,,,,,
,,,,,422471,300.38812,292,,,,,,
,,,,,422787,262.51633,316,,,,,,
,,,,,423000,,,6.02411413192749,86.05988311767578,85.97039031982422,63.305450439453125,0.02,0.001
,,,,,423083,237.44618,296,,,,,,
,,,,,423516,201.66722,433,,,,,,
,,,,,423774,285.87073,258,,,,,,
,,,,,423985,282.51132,211,,,,,,
,,,,,424000,,,6.5642194747924805,83.58164978027344,83.77510833740234,56.39131546020508,0.02,0.001
,,,,,424194,243.86852,209,,,,,,
,,,,,424389,243.95444,195,,,,,,
,,,,,424510,-55.993748,121,,,,,,
,,,,,425000,,,10.219801902770996,82.36155700683594,81.89583587646484,88.96804809570312,0.02,0.001
,,,,,425193,244.8844,683,,,,,,
,,,,,425360,245.0235,167,,,,,,
,,,,,426000,,,10.429544448852539,86.15153503417969,85.84632110595703,86.77510070800781,0.02,0.001
,,,,,426360,131.76678,1000,,,,,,
,,,,,426953,243.18993,593,,,,,,
,,,,,427000,,,8.209711074829102,88.11695861816406,88.39596557617188,88.78236389160156,0.02,0.001
,,,,,427461,188.37802,508,,,,,,
,,,,,427635,254.48965,174,,,,,,
,,,,,428000,,,13.910117149353027,94.8777084350586,95.82476043701172,117.75074005126953,0.02,0.001
,,,,,428407,193.72382,772,,,,,,
,,,,,428981,199.53976,574,,,,,,
,,,,,429000,,,21.111957550048828,84.48382568359375,84.64251708984375,118.01136016845703,0.02,0.001
,,,,,429290,226.2297,309,,,,,,
,,,,,429653,242.34198,363,,,,,,
184.61185,111.65671,264.24448,-136.26181,395.9,430000,,,13.5091552734375,81.4300537109375,81.86119842529297,83.46890258789062,0.02,0.001
,,,,,430653,114.21737,1000,,,,,,
,,,,,430913,202.46259,260,,,,,,
,,,,,431000,,,8.284698486328125,102.3307113647461,102.24099731445312,58.52241897583008,0.02,0.001
,,,,,431130,257.7137,217,,,,,,
,,,,,431636,240.73717,506,,,,,,
,,,,,431920,255.66885,284,,,,,,
,,,,,432000,,,4.539689064025879,86.63818359375,86.43980407714844,53.14360046386719,0.02,0.001
,,,,,432157,320.44748,237,,,,,,
,,,,,432487,267.12793,330,,,,,,
,,,,,432666,204.97629,179,,,,,,
,,,,,432804,-134.18054,138,,,,,,
,,,,,432929,-132.676,125,,,,,,
,,,,,433000,,,12.275785446166992,84.00697326660156,84.58003234863281,105.09849548339844,0.02,0.001
,,,,,433188,228.14363,259,,,,,,
,,,,,433568,151.78276,380,,,,,,
,,,,,433808,240.92769,240,,,,,,
,,,,,434000,,,6.395692348480225,92.45294952392578,91.83524322509766,112.71514892578125,0.02,0.001
,,,,,434036,272.03522,228,,,,,,
,,,,,434230,251.40305,194,,,,,,
,,,,,434501,246.26181,271,,,,,,
,,,,,434749,271.1272,248,,,,,,
,,,,,435000,,,10.4422025680542,86.31798553466797,85.34480285644531,94.81072998046875,0.02,0.001
,,,,,435008,214.39902,259,,,,,,
,,,,,435198,-11.450066,190,,,,,,
,,,,,435443,259.78802,245,,,,,,
,,,,,435568,-116.692375,125,,,,,,
,,,,,435803,246.34962,235,,,,,,
,,,,,436000,,,9.93226432800293,83.73759460449219,84.17701721191406,170.43124389648438,0.02,0.001
,,,,,436010,284.0394,207,,,,,,
,,,,,436333,235.59076,323,,,,,,
,,,,,436851,262.0258,518,,,,,,
,,,,,437000,,,10.620755195617676,81.88458251953125,81.66205596923828,54.02943801879883,0.02,0.001
,,,,,437232,189.30827,381,,,,,,
,,,,,437337,-58.20302,105,,,,,,
,,,,,437684,224.60971,347,,,,,,
,,,,,438000,,,10.930550575256348,80.29795837402344,80.91192626953125,68.15909576416016,0.02,0.001
,,,,,438060,287.64832,376,,,,,,
,,,,,438261,235.35258,201,,,,,,
,,,,,438461,257.27777,200,,,,,,
,,,,,438651,-21.737503,190,,,,,,
,,,,,438944,-28.694786,293,,,,,,
,,,,,439000,,,16.405973434448242,89.67372131347656,90.07266235351562,104.89810180664062,0.02,0.001
,,,,,439232,278.78458,288,,,,,,
,,,,,439459,227.9177,227,,,,,,
,,,,,439826,291.46844,367,,,,,,
,,,,,439961,226.96436,135,,,,,,
188.84175,80.26906,289.81116,-0.38113403,347.6,440000,,,9.333617210388184,91.94048309326172,91.4993667602539,74.87683868408203,0.02,0.001
,,,,,440207,287.1233,246,,,,,,
,,,,,440589,254.101,382,,,,,,
,,,,,440693,26.797676,104,,,,,,
,,,,,441000,,,7.139402389526367,89.04731750488281,88.92701721191406,49.953060150146484,0.02,0.001
,,,,,441007,265.90463,314,,,,,,
,,,,,441112,-61.242123,105,,,,,,
,,,,,441723,246.08339,611,,,,,,
,,,,,441906,248.26227,183,,,,,,
,,,,,442000,,,23.677093505859375,82.78086853027344,83.80754852294922,77.95964813232422,0.02,0.001
,,,,,442206,303.6409,300,,,,,,
,,,,,442421,207.13132,215,,,,,,
,,,,,443000,,,20.892431259155273,81.48236846923828,81.45931243896484,89.91349792480469,0.02,0.001
,,,,,443030,274.31964,609,,,,,,
,,,,,443424,170.15814,394,,,,,,
,,,,,443790,273.2721,366,,,,,,
,,,,,444000,,,6.575676918029785,89.06027221679688,89.23445892333984,55.77864456176758,0.02,0.001
,,,,,444077,259.87473,287,,,,,,
,,,,,444593,242.9201,516,,,,,,
,,,,,445000,,,36.41581726074219,85.1307601928711,85.84928894042969,107.40574645996094,0.02,0.001
,,,,,445593,41.908096,1000,,,,,,
,,,,,446000,,,17.84730339050293,94.21589660644531,94.8827896118164,77.04269409179688,0.02,0.001
,,,,,446593,57.086853,1000,,,,,,
,,,,,446921,263.6665,328,,,,,,
,,,,,447000,,,16.18130111694336,90.36996459960938,89.73128509521484,77.04071807861328,0.02,0.001
,,,,,447209,254.21698,288,,,,,,
,,,,,447612,270.59802,403,,,,,,
,,,,,447892,249.86124,280,,,,,,
,,,,,448000,,,3.204497814178467,82.96000671386719,83.48210906982422,48.70972442626953,0.02,0.001
,,,,,448778,254.53261,886,,,,,,
,,,,,449000,,,7.466837406158447,99.14794921875,98.6391372680664,56.12102508544922,0.02,0.001
,,,,,449032,250.393,254,,,,,,
,,,,,449590,212.21677,558,,,,,,
,,,,,449864,227.57803,274,,,,,,
215.85379,62.9724,282.8577,113.902115,580.3,450000,,,12.417196273803711,87.76695251464844,87.31253814697266,105.88876342773438,0.02,0.001
,,,,,450185,265.86014,321,,,,,,
,,,,,450892,212.59424,707,,,,,,
,,,,,451000,,,5.436512470245361,92.23099517822266,92.55968475341797,68.07262420654297,0.02,0.001
,,,,,451073,232.508,181,,,,,,
,,,,,451352,287.00348,279,,,,,,
,,,,,451597,259.06744,245,,,,,,
,,,,,452000,,,7.679409027099609,88.48570251464844,89.05451202392578,75.38375091552734,0.02,0.001
,,,,,452383,171.34425,786,,,,,,
,,,,,452637,285.6551,254,,,,,,
,,,,,452910,301.26282,273,,,,,,
,,,,,453000,,,4.582280158996582,98.1671142578125,98.41862487792969,50.30508804321289,0.02,0.001
,,,,,453136,206.14209,226,,,,,,
,,,,,453430,236.32042,294,,,,,,
,,,,,453691,245.87122,261,,,,,,
,,,,,454000,,,28.358444213867188,91.18743896484375,91.40757751464844,102.09854125976562,0.02,0.001
,,,,,454240,235.18698,549,,,,,,
,,,,,454544,273.5033,304,,,,,,
,,,,,454749,297.06158,205,,,,,,
,,,,,455000,,,22.831859588623047,76.44232177734375,76.1216812133789,108.87600708007812,0.02,0.001
,,,,,455451,211.0885,702,,,,,,
,,,,,455641,-4.2782135,190,,,,,,
,,,,,456000,,,7.912722587585449,85.41515350341797,85.81439208984375,77.48304748535156,0.02,0.001
,,,,,456276,167.5694,635,,,,,,
,,,,,456514,215.85611,238,,,,,,
,,,,,456899,242.69939,385,,,,,,
,,,,,457000,,,38.45998764038086,87.35292053222656,88.42912292480469,145.79559326171875,0.02,0.001
,,,,,457210,241.52763,311,,,,,,
,,,,,457556,271.78967,346,,,,,,
,,,,,457802,264.50793,246,,,,,,
,,,,,458000,,,28.390174865722656,85.56655883789062,86.58161926269531,81.27155303955078,0.02,0.001
,,,,,458045,272.0518,243,,,,,,
,,,,,458334,290.37042,289,,,,,,
,,,,,458629,280.47095,295,,,,,,
,,,,,458809,261.9235,180,,,,,,
,,,,,458992,264.55392,183,,,,,,
,,,,,459000,,,3.0887699127197266,90.12834167480469,89.93431091308594,33.938411712646484,0.02,0.001
,,,,,459280,-204.97035,288,,,,,,
,,,,,459488,308.11218,208,,,,,,
,,,,,459759,246.5864,271,,,,,,
212.14323,66.02227,295.27887,110.05509,505.4,460000,,,366.27862548828125,85.23733520507812,82.12017059326172,541.9572143554688,0.02,0.001
,,,,,460314,262.94977,555,,,,,,
,,,,,460522,259.97687,208,,,,,,
,,,,,460701,27.021095,179,,,,,,
,,,,,460931,271.9768,230,,,,,,
,,,,,461000,,,6.546838760375977,85.63819885253906,85.25702667236328,74.94786071777344,0.02,0.001
,,,,,461162,297.08276,231,,,,,,
,,,,,461376,230.623,214,,,,,,
,,,,,461534,252.91415,158,,,,,,
,,,,,461752,259.7887,218,,,,,,
,,,,,462000,,,8.003026962280273,83.63819885253906,84.13043212890625,70.53704833984375,0.02,0.001
,,,,,462220,240.6603,468,,,,,,
,,,,,462529,280.60754,309,,,,,,
,,,,,463000,,,14.2885103225708,83.37708282470703,83.6343994140625,95.32943725585938,0.02,0.001
,,,,,463241,205.52118,712,,,,,,
,,,,,463987,184.05847,746,,,,,,
,,,,,464000,,,6.822622776031494,81.03439331054688,80.7255630493164,71.01510620117188,0.02,0.001
,,,,,464288,240.23305,301,,,,,,
,,,,,464476,288.9571,188,,,,,,
,,,,,464691,305.20416,215,,,,,,
,,,,,464950,312.00275,259,,,,,,
,,,,,465000,,,10.711673736572266,87.97271728515625,87.79625701904297,81.90277862548828,0.02,0.001
,,,,,465950,137.65717,1000,,,,,,
,,,,,466000,,,5.142613410949707,86.03973388671875,86.54475402832031,49.316375732421875,0.02,0.001
,,,,,466077,48.03006,127,,,,,,
,,,,,466358,253.69954,281,,,,,,
,,,,,466629,198.91081,271,,,,,,
,,,,,466923,245.59831,294,,,,,,
,,,,,467000,,,142.96084594726562,81.32756805419922,80.65189361572266,547.7830200195312,0.02,0.001
,,,,,467093,275.16022,170,,,,,,
,,,,,467269,251.59721,176,,,,,,
,,,,,467475,255.56294,206,,,,,,
,,,,,467665,287.25128,190,,,,,,
,,,,,467940,241.11215,275,,,,,,
,,,,,468000,,,99.35057067871094,85.03528594970703,84.12469482421875,267.1748352050781,0.02,0.001
,,,,,468285,243.11662,345,,,,,,
,,,,,468716,289.50433,431,,,,,,
,,,,,468975,246.58922,259,,,,,,
,,,,,469000,,,8.231712341308594,88.27665710449219,88.00276184082031,104.59891510009766,0.02,0.001
,,,,,469299,279.54205,324,,,,,,
,,,,,469502,303.0023,203,,,,,,
,,,,,469877,240.95802,375,,,,,,
253.30191,36.64614,292.95105,163.61517,259.2,470000,,,8.453801155090332,78.91859436035156,78.2842788696289,71.23634338378906,0.02,0.001
,,,,,470061,279.98718,184,,,,,,
,,,,,470305,266.0476,244,,,,,,
,,,,,470936,236.65309,631,,,,,,
,,,,,471000,,,55.133663177490234,87.68853759765625,86.96695709228516,167.14134216308594,0.02,0.001
,,,,,471196,259.89615,260,,,,,,
,,,,,471427,207.88582,231,,,,,,
,,,,,471652,226.37599,225,,,,,,
,,,,,471758,-241.1373,106,,,,,,
,,,,,472000,,,9.003297805786133,86.97515869140625,87.73394775390625,98.26309204101562,0.02,0.001
,,,,,472036,301.83002,278,,,,,,
,,,,,472231,289.87195,195,,,,,,
,,,,,472384,279.2423,153,,,,,,
,,,,,472503,37.904358,119,,,,,,
,,,,,472733,264.22028,230,,,,,,
,,,,,472868,33.008545,135,,,,,,
,,,,,473000,,,4.943489074707031,85.25212097167969,84.99331665039062,50.453758239746094,0.02,0.001
,,,,,473241,263.99475,373,,,,,,
,,,,,473450,281.19165,209,,,,,,
,,,,,473655,261.3684,205,,,,,,
,,,,,473806,274.2901,151,,,,,,
,,,,,474000,,,5.004810333251953,95.84355163574219,96.50312042236328,57.325679779052734,0.02,0.001
,,,,,474061,231.95668,255,,,,,,
,,,,,474444,264.63965,383,,,,,,
,,,,,475000,,,11.78475284576416,78.5768814086914,78.3673324584961,87.39340209960938,0.02,0.001
,,,,,475032,214.90196,588,,,,,,
,,,,,475327,-276.08136,295,,,,,,
,,,,,475720,259.1062,393,,,,,,
,,,,,475899,281.627,179,,,,,,
,,,,,476000,,,24.05166244506836,89.27770233154297,90.2092514038086,163.2567596435547,0.02,0.001
,,,,,476176,251.5564,277,,,,,,
,,,,,476359,279.7074,183,,,,,,
,,,,,476584,273.64496,225,,,,,,
,,,,,476756,244.10762,172,,,,,,
,,,,,476952,250.30272,196,,,,,,
,,,,,477000,,,6.898776054382324,77.4615707397461,77.60999298095703,56.59983825683594,0.02,0.001
,,,,,477575,283.0063,623,,,,,,
,,,,,477768,242.76714,193,,,,,,
,,,,,477987,269.43762,219,,,,,,
,,,,,478000,,,4.95222282409668,78.72529602050781,79.17218780517578,60.267486572265625,0.02,0.001
,,,,,478315,258.61746,328,,,,,,
,,,,,478514,249.30359,199,,,,,,
,,,,,478880,295.47952,366,,,,,,
,,,,,479000,,,18.69926643371582,80.97566223144531,81.00495147705078,68.9420166015625,0.02,0.001
,,,,,479086,278.5539,206,,,,,,
,,,,,479279,309.48367,193,,,,,,
,,,,,479878,-103.3488,599,,,,,,
261.86307,20.80744,286.823,207.50214,205.5,480000,,,9.272625923156738,85.65882873535156,85.90018463134766,116.5203857421875,0.02,0.001
,,,,,480167,248.65158,289,,,,,,
,,,,,480651,266.95483,484,,,,,,
,,,,,480955,-190.25073,304,,,,,,
,,,,,481000,,,40.481414794921875,82.90797424316406,83.63088989257812,57.710025787353516,0.02,0.001
,,,,,481155,262.53107,200,,,,,,
,,,,,481336,255.14337,181,,,,,,
,,,,,481615,252.5745,279,,,,,,
,,,,,481891,250.17972,276,,,,,,
,,,,,482000,,,14.767599105834961,84.93647766113281,85.1208267211914,98.42440795898438,0.02,0.001
,,,,,482335,264.71277,444,,,,,,
,,,,,482599,196.93661,264,,,,,,
,,,,,483000,,,14.970538139343262,87.50347900390625,88.00443267822266,105.67156982421875,0.02,0.001
,,,,,483072,280.26495,473,,,,,,
,,,,,483293,242.28673,221,,,,,,
,,,,,483529,274.10583,236,,,,,,
,,,,,483821,242.89249,292,,,,,,
,,,,,484000,,,4.740145206451416,86.97636413574219,86.75001525878906,45.740333557128906,0.02,0.001
,,,,,484025,288.69348,204,,,,,,
,,,,,484207,264.66452,182,,,,,,
,,,,,484503,271.3432,296,,,,,,
,,,,,484801,279.99536,298,,,,,,
,,,,,485000,,,25.01280975341797,86.62782287597656,85.04132843017578,127.13702392578125,0.02,0.001
,,,,,485059,294.68585,258,,,,,,
,,,,,485319,271.12067,260,,,,,,
,,,,,485578,236.5476,259,,,,,,
,,,,,485817,290.32922,239,,,,,,
,,,,,486000,,,8.121137619018555,86.09700012207031,86.22081756591797,68.27959442138672,0.02,0.001
,,,,,486019,279.72278,202,,,,,,
,,,,,486237,247.51648,218,,,,,,
,,,,,486468,245.75467,231,,,,,,
,,,,,486702,268.68478,234,,,,,,
,,,,,487000,,,5.209534645080566,83.60233306884766,83.18201446533203,66.7984619140625,0.02,0.001
,,,,,487328,244.03711,626,,,,,,
,,,,,488000,,,5.706740379333496,86.39033508300781,86.15817260742188,52.24768829345703,0.02,0.001
,,,,,488105,235.03168,777,,,,,,
,,,,,488766,244.43044,661,,,,,,
,,,,,488960,294.90002,194,,,,,,
,,,,,489000,,,31.828371047973633,86.71578979492188,87.39015197753906,68.78402709960938,0.02,0.001
,,,,,489125,278.26425,165,,,,,,
,,,,,489352,282.15225,227,,,,,,
,,,,,489564,254.56758,212,,,,,,
,,,,,489859,213.2623,295,,,,,,
268.85602,13.198462,285.69458,242.38751,231.1,490000,,,6.846156597137451,81.06859588623047,80.754638671875,58.08794021606445,0.02,0.001
,,,,,490152,287.41522,293,,,,,,
,,,,,490665,263.07095,513,,,,,,
,,,,,490911,284.97522,246,,,,,,
,,,,,491000,,,5.863163471221924,84.67445373535156,84.92346954345703,48.595523834228516,0.02,0.001
,,,,,491180,281.3058,269,,,,,,
,,,,,491517,277.6858,337,,,,,,
,,,,,491744,279.7274,227,,,,,,
,,,,,492000,,,6.346486568450928,89.33235168457031,89.23189544677734,68.85368347167969,0.02,0.001
,,,,,492086,304.14847,342,,,,,,
,,,,,492291,277.33633,205,,,,,,
,,,,,492514,262.66528,223,,,,,,
,,,,,492769,259.0925,255,,,,,,
,,,,,493000,,,13.114954948425293,87.06122589111328,87.20196533203125,83.26649475097656,0.02,0.001
,,,,,493007,278.61182,238,,,,,,
,,,,,493199,264.26178,192,,,,,,
,,,,,493337,61.061188,138,,,,,,
,,,,,493642,290.39847,305,,,,,,
,,,,,494000,,,13.595366477966309,83.6474838256836,83.77073669433594,98.82203674316406,0.02,0.001
,,,,,494001,287.6678,359,,,,,,
,,,,,494253,250.60538,252,,,,,,
,,,,,494458,268.8704,205,,,,,,
,,,,,494640,257.74,182,,,,,,
,,,,,494894,276.78418,254,,,,,,
,,,,,495000,,,7.079293251037598,93.68744659423828,94.31448364257812,85.4913558959961,0.02,0.001
,,,,,495232,222.11432,338,,,,,,
,,,,,495436,227.51772,204,,,,,,
,,,,,495679,224.08134,243,,,,,,
,,,,,495894,248.97885,215,,,,,,
,,,,,496000,,,18.41880989074707,89.72020721435547,89.85783386230469,93.15357208251953,0.02,0.001
,,,,,496231,282.74426,337,,,,,,
,,,,,496512,267.34314,281,,,,,,
,,,,,496812,227.77917,300,,,,,,
,,,,,497000,,,6.985263347625732,82.47249603271484,82.65384674072266,50.790557861328125,0.02,0.001
,,,,,497051,260.33063,239,,,,,,
,,,,,497233,270.23453,182,,,,,,
,,,,,497435,276.51416,202,,,,,,
,,,,,497639,274.69916,204,,,,,,
,,,,,497896,275.25537,257,,,,,,
,,,,,498000,,,932.8628540039062,84.71430969238281,88.4295883178711,808.6954345703125,0.02,0.001
,,,,,498270,263.39954,374,,,,,,
,,,,,498533,293.8169,263,,,,,,
,,,,,498756,301.98706,223,,,,,,
,,,,,499000,,,4.823144435882568,89.99046325683594,89.6042709350586,45.92055130004883,0.02,0.001
,,,,,499049,282.4864,293,,,,,,
,,,,,499273,262.54468,224,,,,,,
,,,,,499598,265.6979,325,,,,,,
,,,,,499845,284.77264,247,,,,,,
