Eval_AverageReturn,Eval_StdReturn,Eval_MaxReturn,Eval_MinReturn,Eval_AverageEpLen,step,Train_EpisodeReturn,Train_EpisodeLen,critic_loss,q_values,target_values,actor_lr,critic_lr,temperature
6.8,4.0199504,15.0,3.0,6.8,0,,,,,,,,
,,,,,5,6.0,6,,,,,,
,,,,,9,4.0,4,,,,,,
,,,,,13,4.0,4,,,,,,
,,,,,16,3.0,3,,,,,,
,,,,,22,6.0,6,,,,,,
,,,,,27,5.0,5,,,,,,
,,,,,37,10.0,10,,,,,,
,,,,,41,4.0,4,,,,,,
,,,,,55,14.0,14,,,,,,
,,,,,59,4.0,4,,,,,,
,,,,,63,4.0,4,,,,,,
,,,,,74,11.0,11,,,,,,
,,,,,80,6.0,6,,,,,,
,,,,,87,7.0,7,,,,,,
,,,,,96,9.0,9,,,,,,
,,,,,102,6.0,6,,,,,,
,,,,,105,3.0,3,,,,,,
,,,,,108,3.0,3,,,,,,
,,,,,115,7.0,7,,,,,,
,,,,,119,4.0,4,,,,,,
,,,,,123,4.0,4,,,,,,
,,,,,127,4.0,4,,,,,,
,,,,,147,20.0,20,,,,,,
,,,,,150,3.0,3,,,,,,
,,,,,155,5.0,5,,,,,,
,,,,,163,8.0,8,,,,,,
,,,,,168,5.0,5,,,,,,
,,,,,175,7.0,7,,,,,,
,,,,,182,7.0,7,,,,,,
,,,,,185,3.0,3,,,,,,
,,,,,200,15.0,15,,,,,,
,,,,,203,3.0,3,,,,,,
,,,,,210,7.0,7,,,,,,
,,,,,218,8.0,8,,,,,,
,,,,,224,6.0,6,,,,,,
,,,,,228,4.0,4,,,,,,
,,,,,232,4.0,4,,,,,,
,,,,,235,3.0,3,,,,,,
,,,,,240,5.0,5,,,,,,
,,,,,248,8.0,8,,,,,,
,,,,,252,4.0,4,,,,,,
,,,,,263,11.0,11,,,,,,
,,,,,271,8.0,8,,,,,,
,,,,,276,5.0,5,,,,,,
,,,,,290,14.0,14,,,,,,
,,,,,294,4.0,4,,,,,,
,,,,,302,8.0,8,,,,,,
,,,,,305,3.0,3,,,,,,
,,,,,308,3.0,3,,,,,,
,,,,,312,4.0,4,,,,,,
,,,,,317,5.0,5,,,,,,
,,,,,322,5.0,5,,,,,,
,,,,,329,7.0,7,,,,,,
,,,,,336,7.0,7,,,,,,
,,,,,350,14.0,14,,,,,,
,,,,,361,11.0,11,,,,,,
,,,,,365,4.0,4,,,,,,
,,,,,374,9.0,9,,,,,,
,,,,,379,5.0,5,,,,,,
,,,,,383,4.0,4,,,,,,
,,,,,387,4.0,4,,,,,,
,,,,,396,9.0,9,,,,,,
,,,,,403,7.0,7,,,,,,
,,,,,408,5.0,5,,,,,,
,,,,,411,3.0,3,,,,,,
,,,,,414,3.0,3,,,,,,
,,,,,418,4.0,4,,,,,,
,,,,,427,9.0,9,,,,,,
,,,,,432,5.0,5,,,,,,
,,,,,435,3.0,3,,,,,,
,,,,,438,3.0,3,,,,,,
,,,,,443,5.0,5,,,,,,
,,,,,446,3.0,3,,,,,,
,,,,,458,12.0,12,,,,,,
,,,,,463,5.0,5,,,,,,
,,,,,472,9.0,9,,,,,,
,,,,,477,5.0,5,,,,,,
,,,,,480,3.0,3,,,,,,
,,,,,484,4.0,4,,,,,,
,,,,,489,5.0,5,,,,,,
,,,,,495,6.0,6,,,,,,
,,,,,500,5.0,5,,,,,,
,,,,,509,9.0,9,,,,,,
,,,,,514,5.0,5,,,,,,
,,,,,519,5.0,5,,,,,,
,,,,,539,20.0,20,,,,,,
,,,,,545,6.0,6,,,,,,
,,,,,548,3.0,3,,,,,,
,,,,,556,8.0,8,,,,,,
,,,,,561,5.0,5,,,,,,
,,,,,566,5.0,5,,,,,,
,,,,,571,5.0,5,,,,,,
,,,,,585,14.0,14,,,,,,
,,,,,591,6.0,6,,,,,,
,,,,,594,3.0,3,,,,,,
,,,,,600,6.0,6,,,,,,
,,,,,607,7.0,7,,,,,,
,,,,,626,19.0,19,,,,,,
,,,,,632,6.0,6,,,,,,
,,,,,637,5.0,5,,,,,,
,,,,,641,4.0,4,,,,,,
,,,,,647,6.0,6,,,,,,
,,,,,654,7.0,7,,,,,,
,,,,,659,5.0,5,,,,,,
,,,,,664,5.0,5,,,,,,
,,,,,669,5.0,5,,,,,,
,,,,,676,7.0,7,,,,,,
,,,,,682,6.0,6,,,,,,
,,,,,687,5.0,5,,,,,,
,,,,,691,4.0,4,,,,,,
,,,,,697,6.0,6,,,,,,
,,,,,706,9.0,9,,,,,,
,,,,,714,8.0,8,,,,,,
,,,,,719,5.0,5,,,,,,
,,,,,725,6.0,6,,,,,,
,,,,,729,4.0,4,,,,,,
,,,,,736,7.0,7,,,,,,
,,,,,742,6.0,6,,,,,,
,,,,,746,4.0,4,,,,,,
,,,,,750,4.0,4,,,,,,
,,,,,760,10.0,10,,,,,,
,,,,,765,5.0,5,,,,,,
,,,,,768,3.0,3,,,,,,
,,,,,776,8.0,8,,,,,,
,,,,,779,3.0,3,,,,,,
,,,,,785,6.0,6,,,,,,
,,,,,795,10.0,10,,,,,,
,,,,,798,3.0,3,,,,,,
,,,,,801,3.0,3,,,,,,
,,,,,805,4.0,4,,,,,,
,,,,,814,9.0,9,,,,,,
,,,,,818,4.0,4,,,,,,
,,,,,834,16.0,16,,,,,,
,,,,,838,4.0,4,,,,,,
,,,,,846,8.0,8,,,,,,
,,,,,856,10.0,10,,,,,,
,,,,,864,8.0,8,,,,,,
,,,,,873,9.0,9,,,,,,
,,,,,879,6.0,6,,,,,,
,,,,,884,5.0,5,,,,,,
,,,,,888,4.0,4,,,,,,
,,,,,898,10.0,10,,,,,,
,,,,,902,4.0,4,,,,,,
,,,,,905,3.0,3,,,,,,
,,,,,912,7.0,7,,,,,,
,,,,,917,5.0,5,,,,,,
,,,,,923,6.0,6,,,,,,
,,,,,936,13.0,13,,,,,,
,,,,,939,3.0,3,,,,,,
,,,,,943,4.0,4,,,,,,
,,,,,947,4.0,4,,,,,,
,,,,,951,4.0,4,,,,,,
,,,,,954,3.0,3,,,,,,
,,,,,965,11.0,11,,,,,,
,,,,,972,7.0,7,,,,,,
,,,,,975,3.0,3,,,,,,
,,,,,979,4.0,4,,,,,,
,,,,,982,3.0,3,,,,,,
,,,,,987,5.0,5,,,,,,
,,,,,996,9.0,9,,,,,,
,,,,,1009,13.0,13,,,,,,
,,,,,1013,4.0,4,,,,,,
,,,,,1025,12.0,12,,,,,,
,,,,,1030,5.0,5,,,,,,
,,,,,1035,5.0,5,,,,,,
,,,,,1038,3.0,3,,,,,,
,,,,,1042,4.0,4,,,,,,
,,,,,1045,3.0,3,,,,,,
,,,,,1062,17.0,17,,,,,,
,,,,,1066,4.0,4,,,,,,
,,,,,1069,3.0,3,,,,,,
,,,,,1073,4.0,4,,,,,,
,,,,,1077,4.0,4,,,,,,
,,,,,1083,6.0,6,,,,,,
,,,,,1087,4.0,4,,,,,,
,,,,,1090,3.0,3,,,,,,
,,,,,1093,3.0,3,,,,,,
,,,,,1105,12.0,12,,,,,,
,,,,,1128,23.0,23,,,,,,
,,,,,1132,4.0,4,,,,,,
,,,,,1138,6.0,6,,,,,,
,,,,,1149,11.0,11,,,,,,
,,,,,1152,3.0,3,,,,,,
,,,,,1155,3.0,3,,,,,,
,,,,,1158,3.0,3,,,,,,
,,,,,1165,7.0,7,,,,,,
,,,,,1168,3.0,3,,,,,,
,,,,,1171,3.0,3,,,,,,
,,,,,1175,4.0,4,,,,,,
,,,,,1180,5.0,5,,,,,,
,,,,,1183,3.0,3,,,,,,
,,,,,1187,4.0,4,,,,,,
,,,,,1190,3.0,3,,,,,,
,,,,,1198,8.0,8,,,,,,
,,,,,1202,4.0,4,,,,,,
,,,,,1205,3.0,3,,,,,,
,,,,,1208,3.0,3,,,,,,
,,,,,1218,10.0,10,,,,,,
,,,,,1229,11.0,11,,,,,,
,,,,,1242,13.0,13,,,,,,
,,,,,1251,9.0,9,,,,,,
,,,,,1260,9.0,9,,,,,,
,,,,,1265,5.0,5,,,,,,
,,,,,1271,6.0,6,,,,,,
,,,,,1274,3.0,3,,,,,,
,,,,,1279,5.0,5,,,,,,
,,,,,1291,12.0,12,,,,,,
,,,,,1295,4.0,4,,,,,,
,,,,,1300,5.0,5,,,,,,
,,,,,1305,5.0,5,,,,,,
,,,,,1309,4.0,4,,,,,,
,,,,,1317,8.0,8,,,,,,
,,,,,1321,4.0,4,,,,,,
,,,,,1330,9.0,9,,,,,,
,,,,,1335,5.0,5,,,,,,
,,,,,1338,3.0,3,,,,,,
,,,,,1343,5.0,5,,,,,,
,,,,,1351,8.0,8,,,,,,
,,,,,1358,7.0,7,,,,,,
,,,,,1369,11.0,11,,,,,,
,,,,,1372,3.0,3,,,,,,
,,,,,1377,5.0,5,,,,,,
,,,,,1386,9.0,9,,,,,,
,,,,,1404,18.0,18,,,,,,
,,,,,1416,12.0,12,,,,,,
,,,,,1423,7.0,7,,,,,,
,,,,,1431,8.0,8,,,,,,
,,,,,1434,3.0,3,,,,,,
,,,,,1440,6.0,6,,,,,,
,,,,,1444,4.0,4,,,,,,
,,,,,1451,7.0,7,,,,,,
,,,,,1456,5.0,5,,,,,,
,,,,,1460,4.0,4,,,,,,
,,,,,1466,6.0,6,,,,,,
,,,,,1469,3.0,3,,,,,,
,,,,,1472,3.0,3,,,,,,
,,,,,1480,8.0,8,,,,,,
,,,,,1483,3.0,3,,,,,,
,,,,,1488,5.0,5,,,,,,
,,,,,1504,16.0,16,,,,,,
,,,,,1524,20.0,20,,,,,,
,,,,,1528,4.0,4,,,,,,
,,,,,1539,11.0,11,,,,,,
,,,,,1542,3.0,3,,,,,,
,,,,,1558,16.0,16,,,,,,
,,,,,1561,3.0,3,,,,,,
,,,,,1567,6.0,6,,,,,,
,,,,,1572,5.0,5,,,,,,
,,,,,1575,3.0,3,,,,,,
,,,,,1580,5.0,5,,,,,,
,,,,,1585,5.0,5,,,,,,
,,,,,1589,4.0,4,,,,,,
,,,,,1596,7.0,7,,,,,,
,,,,,1601,5.0,5,,,,,,
,,,,,1605,4.0,4,,,,,,
,,,,,1608,3.0,3,,,,,,
,,,,,1614,6.0,6,,,,,,
,,,,,1619,5.0,5,,,,,,
,,,,,1623,4.0,4,,,,,,
,,,,,1637,14.0,14,,,,,,
,,,,,1653,16.0,16,,,,,,
,,,,,1661,8.0,8,,,,,,
,,,,,1665,4.0,4,,,,,,
,,,,,1668,3.0,3,,,,,,
,,,,,1673,5.0,5,,,,,,
,,,,,1684,11.0,11,,,,,,
,,,,,1690,6.0,6,,,,,,
,,,,,1699,9.0,9,,,,,,
,,,,,1703,4.0,4,,,,,,
,,,,,1708,5.0,5,,,,,,
,,,,,1717,9.0,9,,,,,,
,,,,,1722,5.0,5,,,,,,
,,,,,1730,8.0,8,,,,,,
,,,,,1742,12.0,12,,,,,,
,,,,,1757,15.0,15,,,,,,
,,,,,1762,5.0,5,,,,,,
,,,,,1766,4.0,4,,,,,,
,,,,,1771,5.0,5,,,,,,
,,,,,1774,3.0,3,,,,,,
,,,,,1779,5.0,5,,,,,,
,,,,,1799,20.0,20,,,,,,
,,,,,1803,4.0,4,,,,,,
,,,,,1807,4.0,4,,,,,,
,,,,,1811,4.0,4,,,,,,
,,,,,1819,8.0,8,,,,,,
,,,,,1823,4.0,4,,,,,,
,,,,,1826,3.0,3,,,,,,
,,,,,1833,7.0,7,,,,,,
,,,,,1838,5.0,5,,,,,,
,,,,,1852,14.0,14,,,,,,
,,,,,1860,8.0,8,,,,,,
,,,,,1864,4.0,4,,,,,,
,,,,,1868,4.0,4,,,,,,
,,,,,1882,14.0,14,,,,,,
,,,,,1895,13.0,13,,,,,,
,,,,,1907,12.0,12,,,,,,
,,,,,1910,3.0,3,,,,,,
,,,,,1915,5.0,5,,,,,,
,,,,,1930,15.0,15,,,,,,
,,,,,1939,9.0,9,,,,,,
,,,,,1949,10.0,10,,,,,,
,,,,,1957,8.0,8,,,,,,
,,,,,1962,5.0,5,,,,,,
,,,,,1973,11.0,11,,,,,,
,,,,,1996,23.0,23,,,,,,
,,,,,2003,7.0,7,,,,,,
,,,,,2009,6.0,6,,,,,,
,,,,,2013,4.0,4,,,,,,
,,,,,2017,4.0,4,,,,,,
,,,,,2026,9.0,9,,,,,,
,,,,,2043,17.0,17,,,,,,
,,,,,2051,8.0,8,,,,,,
,,,,,2076,25.0,25,,,,,,
,,,,,2081,5.0,5,,,,,,
,,,,,2085,4.0,4,,,,,,
,,,,,2100,15.0,15,,,,,,
,,,,,2108,8.0,8,,,,,,
,,,,,2114,6.0,6,,,,,,
,,,,,2120,6.0,6,,,,,,
,,,,,2129,9.0,9,,,,,,
,,,,,2136,7.0,7,,,,,,
,,,,,2152,16.0,16,,,,,,
,,,,,2156,4.0,4,,,,,,
,,,,,2163,7.0,7,,,,,,
,,,,,2172,9.0,9,,,,,,
,,,,,2178,6.0,6,,,,,,
,,,,,2182,4.0,4,,,,,,
,,,,,2185,3.0,3,,,,,,
,,,,,2200,15.0,15,,,,,,
,,,,,2209,9.0,9,,,,,,
,,,,,2215,6.0,6,,,,,,
,,,,,2222,7.0,7,,,,,,
,,,,,2231,9.0,9,,,,,,
,,,,,2235,4.0,4,,,,,,
,,,,,2256,21.0,21,,,,,,
,,,,,2259,3.0,3,,,,,,
,,,,,2266,7.0,7,,,,,,
,,,,,2270,4.0,4,,,,,,
,,,,,2295,25.0,25,,,,,,
,,,,,2298,3.0,3,,,,,,
,,,,,2303,5.0,5,,,,,,
,,,,,2308,5.0,5,,,,,,
,,,,,2312,4.0,4,,,,,,
,,,,,2322,10.0,10,,,,,,
,,,,,2330,8.0,8,,,,,,
,,,,,2341,11.0,11,,,,,,
,,,,,2352,11.0,11,,,,,,
,,,,,2358,6.0,6,,,,,,
,,,,,2363,5.0,5,,,,,,
,,,,,2367,4.0,4,,,,,,
,,,,,2380,13.0,13,,,,,,
,,,,,2388,8.0,8,,,,,,
,,,,,2425,37.0,37,,,,,,
,,,,,2428,3.0,3,,,,,,
,,,,,2432,4.0,4,,,,,,
,,,,,2436,4.0,4,,,,,,
,,,,,2443,7.0,7,,,,,,
,,,,,2454,11.0,11,,,,,,
,,,,,2457,3.0,3,,,,,,
,,,,,2467,10.0,10,,,,,,
,,,,,2470,3.0,3,,,,,,
,,,,,2478,8.0,8,,,,,,
,,,,,2482,4.0,4,,,,,,
,,,,,2487,5.0,5,,,,,,
,,,,,2490,3.0,3,,,,,,
,,,,,2507,17.0,17,,,,,,
,,,,,2510,3.0,3,,,,,,
,,,,,2519,9.0,9,,,,,,
,,,,,2523,4.0,4,,,,,,
,,,,,2528,5.0,5,,,,,,
,,,,,2541,13.0,13,,,,,,
,,,,,2555,14.0,14,,,,,,
,,,,,2562,7.0,7,,,,,,
,,,,,2572,10.0,10,,,,,,
,,,,,2577,5.0,5,,,,,,
,,,,,2591,14.0,14,,,,,,
,,,,,2594,3.0,3,,,,,,
,,,,,2597,3.0,3,,,,,,
,,,,,2613,16.0,16,,,,,,
,,,,,2617,4.0,4,,,,,,
,,,,,2625,8.0,8,,,,,,
,,,,,2633,8.0,8,,,,,,
,,,,,2646,13.0,13,,,,,,
,,,,,2664,18.0,18,,,,,,
,,,,,2667,3.0,3,,,,,,
,,,,,2670,3.0,3,,,,,,
,,,,,2673,3.0,3,,,,,,
,,,,,2682,9.0,9,,,,,,
,,,,,2686,4.0,4,,,,,,
,,,,,2694,8.0,8,,,,,,
,,,,,2702,8.0,8,,,,,,
,,,,,2707,5.0,5,,,,,,
,,,,,2711,4.0,4,,,,,,
,,,,,2715,4.0,4,,,,,,
,,,,,2726,11.0,11,,,,,,
,,,,,2740,14.0,14,,,,,,
,,,,,2750,10.0,10,,,,,,
,,,,,2760,10.0,10,,,,,,
,,,,,2765,5.0,5,,,,,,
,,,,,2775,10.0,10,,,,,,
,,,,,2781,6.0,6,,,,,,
,,,,,2785,4.0,4,,,,,,
,,,,,2792,7.0,7,,,,,,
,,,,,2796,4.0,4,,,,,,
,,,,,2802,6.0,6,,,,,,
,,,,,2807,5.0,5,,,,,,
,,,,,2831,24.0,24,,,,,,
,,,,,2837,6.0,6,,,,,,
,,,,,2841,4.0,4,,,,,,
,,,,,2845,4.0,4,,,,,,
,,,,,2852,7.0,7,,,,,,
,,,,,2866,14.0,14,,,,,,
,,,,,2877,11.0,11,,,,,,
,,,,,2882,5.0,5,,,,,,
,,,,,2888,6.0,6,,,,,,
,,,,,2892,4.0,4,,,,,,
,,,,,2895,3.0,3,,,,,,
,,,,,2909,14.0,14,,,,,,
,,,,,2916,7.0,7,,,,,,
,,,,,2929,13.0,13,,,,,,
,,,,,2936,7.0,7,,,,,,
,,,,,2942,6.0,6,,,,,,
,,,,,2951,9.0,9,,,,,,
,,,,,2956,5.0,5,,,,,,
,,,,,2964,8.0,8,,,,,,
,,,,,2976,12.0,12,,,,,,
,,,,,2984,8.0,8,,,,,,
,,,,,2988,4.0,4,,,,,,
,,,,,2995,7.0,7,,,,,,
,,,,,3001,6.0,6,,,,,,
,,,,,3008,7.0,7,,,,,,
,,,,,3016,8.0,8,,,,,,
,,,,,3020,4.0,4,,,,,,
,,,,,3042,22.0,22,,,,,,
,,,,,3046,4.0,4,,,,,,
,,,,,3050,4.0,4,,,,,,
,,,,,3055,5.0,5,,,,,,
,,,,,3062,7.0,7,,,,,,
,,,,,3071,9.0,9,,,,,,
,,,,,3075,4.0,4,,,,,,
,,,,,3080,5.0,5,,,,,,
,,,,,3089,9.0,9,,,,,,
,,,,,3097,8.0,8,,,,,,
,,,,,3103,6.0,6,,,,,,
,,,,,3107,4.0,4,,,,,,
,,,,,3110,3.0,3,,,,,,
,,,,,3124,14.0,14,,,,,,
,,,,,3127,3.0,3,,,,,,
,,,,,3131,4.0,4,,,,,,
,,,,,3134,3.0,3,,,,,,
,,,,,3139,5.0,5,,,,,,
,,,,,3152,13.0,13,,,,,,
,,,,,3159,7.0,7,,,,,,
,,,,,3168,9.0,9,,,,,,
,,,,,3172,4.0,4,,,,,,
,,,,,3190,18.0,18,,,,,,
,,,,,3198,8.0,8,,,,,,
,,,,,3202,4.0,4,,,,,,
,,,,,3207,5.0,5,,,,,,
,,,,,3211,4.0,4,,,,,,
,,,,,3214,3.0,3,,,,,,
,,,,,3218,4.0,4,,,,,,
,,,,,3227,9.0,9,,,,,,
,,,,,3233,6.0,6,,,,,,
,,,,,3239,6.0,6,,,,,,
,,,,,3242,3.0,3,,,,,,
,,,,,3247,5.0,5,,,,,,
,,,,,3254,7.0,7,,,,,,
,,,,,3265,11.0,11,,,,,,
,,,,,3271,6.0,6,,,,,,
,,,,,3280,9.0,9,,,,,,
,,,,,3285,5.0,5,,,,,,
,,,,,3308,23.0,23,,,,,,
,,,,,3312,4.0,4,,,,,,
,,,,,3315,3.0,3,,,,,,
,,,,,3321,6.0,6,,,,,,
,,,,,3325,4.0,4,,,,,,
,,,,,3338,13.0,13,,,,,,
,,,,,3347,9.0,9,,,,,,
,,,,,3355,8.0,8,,,,,,
,,,,,3365,10.0,10,,,,,,
,,,,,3373,8.0,8,,,,,,
,,,,,3380,7.0,7,,,,,,
,,,,,3384,4.0,4,,,,,,
,,,,,3389,5.0,5,,,,,,
,,,,,3393,4.0,4,,,,,,
,,,,,3397,4.0,4,,,,,,
,,,,,3410,13.0,13,,,,,,
,,,,,3420,10.0,10,,,,,,
,,,,,3432,12.0,12,,,,,,
,,,,,3440,8.0,8,,,,,,
,,,,,3448,8.0,8,,,,,,
,,,,,3461,13.0,13,,,,,,
,,,,,3470,9.0,9,,,,,,
,,,,,3478,8.0,8,,,,,,
,,,,,3482,4.0,4,,,,,,
,,,,,3487,5.0,5,,,,,,
,,,,,3493,6.0,6,,,,,,
,,,,,3505,12.0,12,,,,,,
,,,,,3509,4.0,4,,,,,,
,,,,,3515,6.0,6,,,,,,
,,,,,3531,16.0,16,,,,,,
,,,,,3534,3.0,3,,,,,,
,,,,,3544,10.0,10,,,,,,
,,,,,3548,4.0,4,,,,,,
,,,,,3555,7.0,7,,,,,,
,,,,,3565,10.0,10,,,,,,
,,,,,3569,4.0,4,,,,,,
,,,,,3579,10.0,10,,,,,,
,,,,,3594,15.0,15,,,,,,
,,,,,3599,5.0,5,,,,,,
,,,,,3613,14.0,14,,,,,,
,,,,,3617,4.0,4,,,,,,
,,,,,3621,4.0,4,,,,,,
,,,,,3629,8.0,8,,,,,,
,,,,,3635,6.0,6,,,,,,
,,,,,3638,3.0,3,,,,,,
,,,,,3641,3.0,3,,,,,,
,,,,,3648,7.0,7,,,,,,
,,,,,3655,7.0,7,,,,,,
,,,,,3663,8.0,8,,,,,,
,,,,,3670,7.0,7,,,,,,
,,,,,3674,4.0,4,,,,,,
,,,,,3679,5.0,5,,,,,,
,,,,,3683,4.0,4,,,,,,
,,,,,3690,7.0,7,,,,,,
,,,,,3699,9.0,9,,,,,,
,,,,,3707,8.0,8,,,,,,
,,,,,3713,6.0,6,,,,,,
,,,,,3717,4.0,4,,,,,,
,,,,,3725,8.0,8,,,,,,
,,,,,3729,4.0,4,,,,,,
,,,,,3737,8.0,8,,,,,,
,,,,,3744,7.0,7,,,,,,
,,,,,3764,20.0,20,,,,,,
,,,,,3769,5.0,5,,,,,,
,,,,,3774,5.0,5,,,,,,
,,,,,3780,6.0,6,,,,,,
,,,,,3786,6.0,6,,,,,,
,,,,,3792,6.0,6,,,,,,
,,,,,3795,3.0,3,,,,,,
,,,,,3805,10.0,10,,,,,,
,,,,,3824,19.0,19,,,,,,
,,,,,3836,12.0,12,,,,,,
,,,,,3841,5.0,5,,,,,,
,,,,,3844,3.0,3,,,,,,
,,,,,3850,6.0,6,,,,,,
,,,,,3855,5.0,5,,,,,,
,,,,,3858,3.0,3,,,,,,
,,,,,3871,13.0,13,,,,,,
,,,,,3876,5.0,5,,,,,,
,,,,,3887,11.0,11,,,,,,
,,,,,3890,3.0,3,,,,,,
,,,,,3895,5.0,5,,,,,,
,,,,,3899,4.0,4,,,,,,
,,,,,3914,15.0,15,,,,,,
,,,,,3923,9.0,9,,,,,,
,,,,,3928,5.0,5,,,,,,
,,,,,3937,9.0,9,,,,,,
,,,,,3945,8.0,8,,,,,,
,,,,,3954,9.0,9,,,,,,
,,,,,3959,5.0,5,,,,,,
,,,,,3971,12.0,12,,,,,,
,,,,,3986,15.0,15,,,,,,
,,,,,3992,6.0,6,,,,,,
,,,,,3996,4.0,4,,,,,,
,,,,,4001,5.0,5,,,,,,
,,,,,4007,6.0,6,,,,,,
,,,,,4012,5.0,5,,,,,,
,,,,,4016,4.0,4,,,,,,
,,,,,4021,5.0,5,,,,,,
,,,,,4034,13.0,13,,,,,,
,,,,,4042,8.0,8,,,,,,
,,,,,4045,3.0,3,,,,,,
,,,,,4060,15.0,15,,,,,,
,,,,,4066,6.0,6,,,,,,
,,,,,4074,8.0,8,,,,,,
,,,,,4081,7.0,7,,,,,,
,,,,,4085,4.0,4,,,,,,
,,,,,4089,4.0,4,,,,,,
,,,,,4095,6.0,6,,,,,,
,,,,,4099,4.0,4,,,,,,
,,,,,4116,17.0,17,,,,,,
,,,,,4121,5.0,5,,,,,,
,,,,,4132,11.0,11,,,,,,
,,,,,4136,4.0,4,,,,,,
,,,,,4147,11.0,11,,,,,,
,,,,,4152,5.0,5,,,,,,
,,,,,4161,9.0,9,,,,,,
,,,,,4170,9.0,9,,,,,,
,,,,,4175,5.0,5,,,,,,
,,,,,4181,6.0,6,,,,,,
,,,,,4184,3.0,3,,,,,,
,,,,,4188,4.0,4,,,,,,
,,,,,4203,15.0,15,,,,,,
,,,,,4220,17.0,17,,,,,,
,,,,,4230,10.0,10,,,,,,
,,,,,4235,5.0,5,,,,,,
,,,,,4242,7.0,7,,,,,,
,,,,,4246,4.0,4,,,,,,
,,,,,4251,5.0,5,,,,,,
,,,,,4259,8.0,8,,,,,,
,,,,,4267,8.0,8,,,,,,
,,,,,4280,13.0,13,,,,,,
,,,,,4284,4.0,4,,,,,,
,,,,,4287,3.0,3,,,,,,
,,,,,4293,6.0,6,,,,,,
,,,,,4307,14.0,14,,,,,,
,,,,,4315,8.0,8,,,,,,
,,,,,4324,9.0,9,,,,,,
,,,,,4331,7.0,7,,,,,,
,,,,,4336,5.0,5,,,,,,
,,,,,4339,3.0,3,,,,,,
,,,,,4358,19.0,19,,,,,,
,,,,,4364,6.0,6,,,,,,
,,,,,4368,4.0,4,,,,,,
,,,,,4372,4.0,4,,,,,,
,,,,,4376,4.0,4,,,,,,
,,,,,4394,18.0,18,,,,,,
,,,,,4398,4.0,4,,,,,,
,,,,,4406,8.0,8,,,,,,
,,,,,4410,4.0,4,,,,,,
,,,,,4415,5.0,5,,,,,,
,,,,,4419,4.0,4,,,,,,
,,,,,4430,11.0,11,,,,,,
,,,,,4435,5.0,5,,,,,,
,,,,,4443,8.0,8,,,,,,
,,,,,4447,4.0,4,,,,,,
,,,,,4451,4.0,4,,,,,,
,,,,,4454,3.0,3,,,,,,
,,,,,4460,6.0,6,,,,,,
,,,,,4466,6.0,6,,,,,,
,,,,,4471,5.0,5,,,,,,
,,,,,4475,4.0,4,,,,,,
,,,,,4479,4.0,4,,,,,,
,,,,,4488,9.0,9,,,,,,
,,,,,4494,6.0,6,,,,,,
,,,,,4502,8.0,8,,,,,,
,,,,,4506,4.0,4,,,,,,
,,,,,4511,5.0,5,,,,,,
,,,,,4521,10.0,10,,,,,,
,,,,,4524,3.0,3,,,,,,
,,,,,4529,5.0,5,,,,,,
,,,,,4537,8.0,8,,,,,,
,,,,,4540,3.0,3,,,,,,
,,,,,4544,4.0,4,,,,,,
,,,,,4548,4.0,4,,,,,,
,,,,,4553,5.0,5,,,,,,
,,,,,4563,10.0,10,,,,,,
,,,,,4567,4.0,4,,,,,,
,,,,,4570,3.0,3,,,,,,
,,,,,4573,3.0,3,,,,,,
,,,,,4579,6.0,6,,,,,,
,,,,,4583,4.0,4,,,,,,
,,,,,4587,4.0,4,,,,,,
,,,,,4591,4.0,4,,,,,,
,,,,,4599,8.0,8,,,,,,
,,,,,4603,4.0,4,,,,,,
,,,,,4608,5.0,5,,,,,,
,,,,,4613,5.0,5,,,,,,
,,,,,4618,5.0,5,,,,,,
,,,,,4622,4.0,4,,,,,,
,,,,,4628,6.0,6,,,,,,
,,,,,4632,4.0,4,,,,,,
,,,,,4640,8.0,8,,,,,,
,,,,,4646,6.0,6,,,,,,
,,,,,4651,5.0,5,,,,,,
,,,,,4656,5.0,5,,,,,,
,,,,,4665,9.0,9,,,,,,
,,,,,4670,5.0,5,,,,,,
,,,,,4679,9.0,9,,,,,,
,,,,,4684,5.0,5,,,,,,
,,,,,4688,4.0,4,,,,,,
,,,,,4693,5.0,5,,,,,,
,,,,,4696,3.0,3,,,,,,
,,,,,4700,4.0,4,,,,,,
,,,,,4704,4.0,4,,,,,,
,,,,,4712,8.0,8,,,,,,
,,,,,4717,5.0,5,,,,,,
,,,,,4720,3.0,3,,,,,,
,,,,,4728,8.0,8,,,,,,
,,,,,4737,9.0,9,,,,,,
,,,,,4743,6.0,6,,,,,,
,,,,,4753,10.0,10,,,,,,
,,,,,4761,8.0,8,,,,,,
,,,,,4765,4.0,4,,,,,,
,,,,,4776,11.0,11,,,,,,
,,,,,4785,9.0,9,,,,,,
,,,,,4792,7.0,7,,,,,,
,,,,,4798,6.0,6,,,,,,
,,,,,4805,7.0,7,,,,,,
,,,,,4815,10.0,10,,,,,,
,,,,,4820,5.0,5,,,,,,
,,,,,4827,7.0,7,,,,,,
,,,,,4835,8.0,8,,,,,,
,,,,,4853,18.0,18,,,,,,
,,,,,4857,4.0,4,,,,,,
,,,,,4869,12.0,12,,,,,,
,,,,,4873,4.0,4,,,,,,
,,,,,4886,13.0,13,,,,,,
,,,,,4892,6.0,6,,,,,,
,,,,,4899,7.0,7,,,,,,
,,,,,4904,5.0,5,,,,,,
,,,,,4913,9.0,9,,,,,,
,,,,,4917,4.0,4,,,,,,
,,,,,4924,7.0,7,,,,,,
,,,,,4930,6.0,6,,,,,,
,,,,,4933,3.0,3,,,,,,
,,,,,4937,4.0,4,,,,,,
,,,,,4942,5.0,5,,,,,,
,,,,,4945,3.0,3,,,,,,
,,,,,4952,7.0,7,,,,,,
,,,,,4957,5.0,5,,,,,,
,,,,,4960,3.0,3,,,,,,
,,,,,4971,11.0,11,,,,,,
,,,,,4985,14.0,14,,,,,,
,,,,,4994,9.0,9,,,,,,
,,,,,4998,4.0,4,,,,,,
6.0,2.236068,10.0,3.0,6.0,5000,,,0.97451251745224,0.058924030512571335,1.0452972650527954,0.0003,0.0003,0.1
,,,,,5002,4.0,4,,,,,,
,,,,,5017,15.0,15,,,,,,
,,,,,5035,18.0,18,,,,,,
,,,,,5049,14.0,14,,,,,,
,,,,,5055,6.0,6,,,,,,
,,,,,5060,5.0,5,,,,,,
,,,,,5063,3.0,3,,,,,,
,,,,,5071,8.0,8,,,,,,
,,,,,5075,4.0,4,,,,,,
,,,,,5085,10.0,10,,,,,,
,,,,,5089,4.0,4,,,,,,
,,,,,5093,4.0,4,,,,,,
,,,,,5097,4.0,4,,,,,,
,,,,,5104,7.0,7,,,,,,
,,,,,5109,5.0,5,,,,,,
,,,,,5114,5.0,5,,,,,,
,,,,,5122,8.0,8,,,,,,
,,,,,5145,23.0,23,,,,,,
,,,,,5150,5.0,5,,,,,,
,,,,,5156,6.0,6,,,,,,
,,,,,5164,8.0,8,,,,,,
,,,,,5169,5.0,5,,,,,,
,,,,,5172,3.0,3,,,,,,
,,,,,5177,5.0,5,,,,,,
,,,,,5184,7.0,7,,,,,,
,,,,,5191,7.0,7,,,,,,
,,,,,5194,3.0,3,,,,,,
,,,,,5202,8.0,8,,,,,,
,,,,,5205,3.0,3,,,,,,
,,,,,5208,3.0,3,,,,,,
,,,,,5215,7.0,7,,,,,,
,,,,,5221,6.0,6,,,,,,
,,,,,5228,7.0,7,,,,,,
,,,,,5231,3.0,3,,,,,,
,,,,,5234,3.0,3,,,,,,
,,,,,5240,6.0,6,,,,,,
,,,,,5255,15.0,15,,,,,,
,,,,,5272,17.0,17,,,,,,
,,,,,5278,6.0,6,,,,,,
,,,,,5282,4.0,4,,,,,,
,,,,,5287,5.0,5,,,,,,
,,,,,5290,3.0,3,,,,,,
,,,,,5297,7.0,7,,,,,,
,,,,,5304,7.0,7,,,,,,
,,,,,5308,4.0,4,,,,,,
,,,,,5314,6.0,6,,,,,,
,,,,,5318,4.0,4,,,,,,
,,,,,5321,3.0,3,,,,,,
,,,,,5327,6.0,6,,,,,,
,,,,,5334,7.0,7,,,,,,
,,,,,5337,3.0,3,,,,,,
,,,,,5342,5.0,5,,,,,,
,,,,,5350,8.0,8,,,,,,
,,,,,5355,5.0,5,,,,,,
,,,,,5364,9.0,9,,,,,,
,,,,,5369,5.0,5,,,,,,
,,,,,5375,6.0,6,,,,,,
,,,,,5382,7.0,7,,,,,,
,,,,,5390,8.0,8,,,,,,
,,,,,5394,4.0,4,,,,,,
,,,,,5401,7.0,7,,,,,,
,,,,,5407,6.0,6,,,,,,
,,,,,5410,3.0,3,,,,,,
,,,,,5423,13.0,13,,,,,,
,,,,,5431,8.0,8,,,,,,
,,,,,5444,13.0,13,,,,,,
,,,,,5447,3.0,3,,,,,,
,,,,,5454,7.0,7,,,,,,
,,,,,5461,7.0,7,,,,,,
,,,,,5466,5.0,5,,,,,,
,,,,,5471,5.0,5,,,,,,
,,,,,5478,7.0,7,,,,,,
,,,,,5481,3.0,3,,,,,,
,,,,,5484,3.0,3,,,,,,
,,,,,5487,3.0,3,,,,,,
,,,,,5494,7.0,7,,,,,,
,,,,,5503,9.0,9,,,,,,
,,,,,5515,12.0,12,,,,,,
,,,,,5522,7.0,7,,,,,,
,,,,,5526,4.0,4,,,,,,
,,,,,5529,3.0,3,,,,,,
,,,,,5534,5.0,5,,,,,,
,,,,,5543,9.0,9,,,,,,
,,,,,5553,10.0,10,,,,,,
,,,,,5558,5.0,5,,,,,,
,,,,,5564,6.0,6,,,,,,
,,,,,5570,6.0,6,,,,,,
,,,,,5574,4.0,4,,,,,,
,,,,,5580,6.0,6,,,,,,
,,,,,5583,3.0,3,,,,,,
,,,,,5587,4.0,4,,,,,,
,,,,,5599,12.0,12,,,,,,
,,,,,5612,13.0,13,,,,,,
,,,,,5619,7.0,7,,,,,,
,,,,,5627,8.0,8,,,,,,
,,,,,5633,6.0,6,,,,,,
,,,,,5636,3.0,3,,,,,,
,,,,,5639,3.0,3,,,,,,
,,,,,5643,4.0,4,,,,,,
,,,,,5648,5.0,5,,,,,,
,,,,,5672,24.0,24,,,,,,
,,,,,5680,8.0,8,,,,,,
,,,,,5685,5.0,5,,,,,,
,,,,,5693,8.0,8,,,,,,
,,,,,5696,3.0,3,,,,,,
,,,,,5699,3.0,3,,,,,,
,,,,,5705,6.0,6,,,,,,
,,,,,5715,10.0,10,,,,,,
,,,,,5738,23.0,23,,,,,,
,,,,,5758,20.0,20,,,,,,
,,,,,5764,6.0,6,,,,,,
,,,,,5767,3.0,3,,,,,,
,,,,,5772,5.0,5,,,,,,
,,,,,5778,6.0,6,,,,,,
,,,,,5791,13.0,13,,,,,,
,,,,,5800,9.0,9,,,,,,
,,,,,5808,8.0,8,,,,,,
,,,,,5815,7.0,7,,,,,,
,,,,,5820,5.0,5,,,,,,
,,,,,5829,9.0,9,,,,,,
,,,,,5833,4.0,4,,,,,,
,,,,,5838,5.0,5,,,,,,
,,,,,5851,13.0,13,,,,,,
,,,,,5854,3.0,3,,,,,,
,,,,,5864,10.0,10,,,,,,
,,,,,5867,3.0,3,,,,,,
,,,,,5880,13.0,13,,,,,,
,,,,,5885,5.0,5,,,,,,
,,,,,5891,6.0,6,,,,,,
,,,,,5894,3.0,3,,,,,,
,,,,,5901,7.0,7,,,,,,
,,,,,5909,8.0,8,,,,,,
,,,,,5914,5.0,5,,,,,,
,,,,,5918,4.0,4,,,,,,
,,,,,5939,21.0,21,,,,,,
,,,,,5946,7.0,7,,,,,,
,,,,,5950,4.0,4,,,,,,
,,,,,5959,9.0,9,,,,,,
,,,,,5972,13.0,13,,,,,,
,,,,,5982,10.0,10,,,,,,
,,,,,5989,7.0,7,,,,,,
,,,,,6000,,,0.7306531667709351,3.8411738872528076,3.779909133911133,0.0003,0.0003,0.1
,,,,,6005,16.0,16,,,,,,
,,,,,6011,6.0,6,,,,,,
,,,,,6020,9.0,9,,,,,,
,,,,,6024,4.0,4,,,,,,
,,,,,6033,9.0,9,,,,,,
,,,,,6043,10.0,10,,,,,,
,,,,,6046,3.0,3,,,,,,
,,,,,6054,8.0,8,,,,,,
,,,,,6062,8.0,8,,,,,,
,,,,,6070,8.0,8,,,,,,
,,,,,6075,5.0,5,,,,,,
,,,,,6081,6.0,6,,,,,,
,,,,,6085,4.0,4,,,,,,
,,,,,6091,6.0,6,,,,,,
,,,,,6108,17.0,17,,,,,,
,,,,,6112,4.0,4,,,,,,
,,,,,6116,4.0,4,,,,,,
,,,,,6128,12.0,12,,,,,,
,,,,,6135,7.0,7,,,,,,
,,,,,6143,8.0,8,,,,,,
,,,,,6150,7.0,7,,,,,,
,,,,,6153,3.0,3,,,,,,
,,,,,6161,8.0,8,,,,,,
,,,,,6164,3.0,3,,,,,,
,,,,,6170,6.0,6,,,,,,
,,,,,6177,7.0,7,,,,,,
,,,,,6182,5.0,5,,,,,,
,,,,,6187,5.0,5,,,,,,
,,,,,6195,8.0,8,,,,,,
,,,,,6202,7.0,7,,,,,,
,,,,,6211,9.0,9,,,,,,
,,,,,6215,4.0,4,,,,,,
,,,,,6224,9.0,9,,,,,,
,,,,,6230,6.0,6,,,,,,
,,,,,6237,7.0,7,,,,,,
,,,,,6243,6.0,6,,,,,,
,,,,,6257,14.0,14,,,,,,
,,,,,6262,5.0,5,,,,,,
,,,,,6266,4.0,4,,,,,,
,,,,,6269,3.0,3,,,,,,
,,,,,6278,9.0,9,,,,,,
,,,,,6283,5.0,5,,,,,,
,,,,,6289,6.0,6,,,,,,
,,,,,6298,9.0,9,,,,,,
,,,,,6301,3.0,3,,,,,,
,,,,,6305,4.0,4,,,,,,
,,,,,6320,15.0,15,,,,,,
,,,,,6338,18.0,18,,,,,,
,,,,,6345,7.0,7,,,,,,
,,,,,6350,5.0,5,,,,,,
,,,,,6355,5.0,5,,,,,,
,,,,,6364,9.0,9,,,,,,
,,,,,6368,4.0,4,,,,,,
,,,,,6374,6.0,6,,,,,,
,,,,,6387,13.0,13,,,,,,
,,,,,6396,9.0,9,,,,,,
,,,,,6405,9.0,9,,,,,,
,,,,,6412,7.0,7,,,,,,
,,,,,6423,11.0,11,,,,,,
,,,,,6432,9.0,9,,,,,,
,,,,,6441,9.0,9,,,,,,
,,,,,6447,6.0,6,,,,,,
,,,,,6459,12.0,12,,,,,,
,,,,,6469,10.0,10,,,,,,
,,,,,6474,5.0,5,,,,,,
,,,,,6481,7.0,7,,,,,,
,,,,,6490,9.0,9,,,,,,
,,,,,6500,10.0,10,,,,,,
,,,,,6513,13.0,13,,,,,,
,,,,,6517,4.0,4,,,,,,
,,,,,6522,5.0,5,,,,,,
,,,,,6534,12.0,12,,,,,,
,,,,,6540,6.0,6,,,,,,
,,,,,6546,6.0,6,,,,,,
,,,,,6555,9.0,9,,,,,,
,,,,,6577,22.0,22,,,,,,
,,,,,6588,11.0,11,,,,,,
,,,,,6591,3.0,3,,,,,,
,,,,,6597,6.0,6,,,,,,
,,,,,6601,4.0,4,,,,,,
,,,,,6606,5.0,5,,,,,,
,,,,,6612,6.0,6,,,,,,
,,,,,6631,19.0,19,,,,,,
,,,,,6637,6.0,6,,,,,,
,,,,,6645,8.0,8,,,,,,
,,,,,6662,17.0,17,,,,,,
,,,,,6666,4.0,4,,,,,,
,,,,,6672,6.0,6,,,,,,
,,,,,6680,8.0,8,,,,,,
,,,,,6687,7.0,7,,,,,,
,,,,,6691,4.0,4,,,,,,
,,,,,6700,9.0,9,,,,,,
,,,,,6704,4.0,4,,,,,,
,,,,,6711,7.0,7,,,,,,
,,,,,6714,3.0,3,,,,,,
,,,,,6723,9.0,9,,,,,,
,,,,,6729,6.0,6,,,,,,
,,,,,6733,4.0,4,,,,,,
,,,,,6736,3.0,3,,,,,,
,,,,,6745,9.0,9,,,,,,
,,,,,6750,5.0,5,,,,,,
,,,,,6755,5.0,5,,,,,,
,,,,,6770,15.0,15,,,,,,
,,,,,6774,4.0,4,,,,,,
,,,,,6778,4.0,4,,,,,,
,,,,,6783,5.0,5,,,,,,
,,,,,6786,3.0,3,,,,,,
,,,,,6811,25.0,25,,,,,,
,,,,,6818,7.0,7,,,,,,
,,,,,6823,5.0,5,,,,,,
,,,,,6827,4.0,4,,,,,,
,,,,,6837,10.0,10,,,,,,
,,,,,6848,11.0,11,,,,,,
,,,,,6854,6.0,6,,,,,,
,,,,,6858,4.0,4,,,,,,
,,,,,6866,8.0,8,,,,,,
,,,,,6873,7.0,7,,,,,,
,,,,,6878,5.0,5,,,,,,
,,,,,6884,6.0,6,,,,,,
,,,,,6887,3.0,3,,,,,,
,,,,,6890,3.0,3,,,,,,
,,,,,6898,8.0,8,,,,,,
,,,,,6911,13.0,13,,,,,,
,,,,,6918,7.0,7,,,,,,
,,,,,6923,5.0,5,,,,,,
,,,,,6927,4.0,4,,,,,,
,,,,,6932,5.0,5,,,,,,
,,,,,6937,5.0,5,,,,,,
,,,,,6940,3.0,3,,,,,,
,,,,,6948,8.0,8,,,,,,
,,,,,6960,12.0,12,,,,,,
,,,,,6965,5.0,5,,,,,,
,,,,,6970,5.0,5,,,,,,
,,,,,6973,3.0,3,,,,,,
,,,,,6977,4.0,4,,,,,,
,,,,,6987,10.0,10,,,,,,
,,,,,6990,3.0,3,,,,,,
,,,,,6996,6.0,6,,,,,,
,,,,,7000,4.0,4,,,,,,
,,,,,7000,,,1.1596739292144775,4.998053550720215,5.068840026855469,0.0003,0.0003,0.1
,,,,,7009,9.0,9,,,,,,
,,,,,7020,11.0,11,,,,,,
,,,,,7031,11.0,11,,,,,,
,,,,,7035,4.0,4,,,,,,
,,,,,7039,4.0,4,,,,,,
,,,,,7043,4.0,4,,,,,,
,,,,,7046,3.0,3,,,,,,
,,,,,7049,3.0,3,,,,,,
,,,,,7060,11.0,11,,,,,,
,,,,,7069,9.0,9,,,,,,
,,,,,7084,15.0,15,,,,,,
,,,,,7087,3.0,3,,,,,,
,,,,,7101,14.0,14,,,,,,
,,,,,7112,11.0,11,,,,,,
,,,,,7115,3.0,3,,,,,,
,,,,,7122,7.0,7,,,,,,
,,,,,7125,3.0,3,,,,,,
,,,,,7128,3.0,3,,,,,,
,,,,,7138,10.0,10,,,,,,
,,,,,7141,3.0,3,,,,,,
,,,,,7151,10.0,10,,,,,,
,,,,,7155,4.0,4,,,,,,
,,,,,7159,4.0,4,,,,,,
,,,,,7162,3.0,3,,,,,,
,,,,,7166,4.0,4,,,,,,
,,,,,7174,8.0,8,,,,,,
,,,,,7185,11.0,11,,,,,,
,,,,,7194,9.0,9,,,,,,
,,,,,7198,4.0,4,,,,,,
,,,,,7210,12.0,12,,,,,,
,,,,,7216,6.0,6,,,,,,
,,,,,7221,5.0,5,,,,,,
,,,,,7224,3.0,3,,,,,,
,,,,,7248,24.0,24,,,,,,
,,,,,7256,8.0,8,,,,,,
,,,,,7260,4.0,4,,,,,,
,,,,,7263,3.0,3,,,,,,
,,,,,7269,6.0,6,,,,,,
,,,,,7274,5.0,5,,,,,,
,,,,,7289,15.0,15,,,,,,
,,,,,7295,6.0,6,,,,,,
,,,,,7301,6.0,6,,,,,,
,,,,,7304,3.0,3,,,,,,
,,,,,7307,3.0,3,,,,,,
,,,,,7312,5.0,5,,,,,,
,,,,,7321,9.0,9,,,,,,
,,,,,7326,5.0,5,,,,,,
,,,,,7332,6.0,6,,,,,,
,,,,,7340,8.0,8,,,,,,
,,,,,7343,3.0,3,,,,,,
,,,,,7349,6.0,6,,,,,,
,,,,,7358,9.0,9,,,,,,
,,,,,7367,9.0,9,,,,,,
,,,,,7375,8.0,8,,,,,,
,,,,,7380,5.0,5,,,,,,
,,,,,7385,5.0,5,,,,,,
,,,,,7401,16.0,16,,,,,,
,,,,,7411,10.0,10,,,,,,
,,,,,7419,8.0,8,,,,,,
,,,,,7423,4.0,4,,,,,,
,,,,,7427,4.0,4,,,,,,
,,,,,7436,9.0,9,,,,,,
,,,,,7439,3.0,3,,,,,,
,,,,,7444,5.0,5,,,,,,
,,,,,7450,6.0,6,,,,,,
,,,,,7453,3.0,3,,,,,,
,,,,,7462,9.0,9,,,,,,
,,,,,7468,6.0,6,,,,,,
,,,,,7472,4.0,4,,,,,,
,,,,,7476,4.0,4,,,,,,
,,,,,7489,13.0,13,,,,,,
,,,,,7494,5.0,5,,,,,,
,,,,,7497,3.0,3,,,,,,
,,,,,7516,19.0,19,,,,,,
,,,,,7520,4.0,4,,,,,,
,,,,,7525,5.0,5,,,,,,
,,,,,7530,5.0,5,,,,,,
,,,,,7534,4.0,4,,,,,,
,,,,,7539,5.0,5,,,,,,
,,,,,7542,3.0,3,,,,,,
,,,,,7555,13.0,13,,,,,,
,,,,,7564,9.0,9,,,,,,
,,,,,7569,5.0,5,,,,,,
,,,,,7574,5.0,5,,,,,,
,,,,,7584,10.0,10,,,,,,
,,,,,7598,14.0,14,,,,,,
,,,,,7606,8.0,8,,,,,,
,,,,,7614,8.0,8,,,,,,
,,,,,7617,3.0,3,,,,,,
,,,,,7622,5.0,5,,,,,,
,,,,,7629,7.0,7,,,,,,
,,,,,7637,8.0,8,,,,,,
,,,,,7641,4.0,4,,,,,,
,,,,,7645,4.0,4,,,,,,
,,,,,7651,6.0,6,,,,,,
,,,,,7662,11.0,11,,,,,,
,,,,,7667,5.0,5,,,,,,
,,,,,7674,7.0,7,,,,,,
,,,,,7678,4.0,4,,,,,,
,,,,,7681,3.0,3,,,,,,
,,,,,7685,4.0,4,,,,,,
,,,,,7688,3.0,3,,,,,,
,,,,,7698,10.0,10,,,,,,
,,,,,7703,5.0,5,,,,,,
,,,,,7708,5.0,5,,,,,,
,,,,,7714,6.0,6,,,,,,
,,,,,7721,7.0,7,,,,,,
,,,,,7724,3.0,3,,,,,,
,,,,,7727,3.0,3,,,,,,
,,,,,7730,3.0,3,,,,,,
,,,,,7734,4.0,4,,,,,,
,,,,,7738,4.0,4,,,,,,
,,,,,7741,3.0,3,,,,,,
,,,,,7745,4.0,4,,,,,,
,,,,,7751,6.0,6,,,,,,
,,,,,7754,3.0,3,,,,,,
,,,,,7759,5.0,5,,,,,,
,,,,,7762,3.0,3,,,,,,
,,,,,7766,4.0,4,,,,,,
,,,,,7772,6.0,6,,,,,,
,,,,,7778,6.0,6,,,,,,
,,,,,7782,4.0,4,,,,,,
,,,,,7799,17.0,17,,,,,,
,,,,,7807,8.0,8,,,,,,
,,,,,7811,4.0,4,,,,,,
,,,,,7816,5.0,5,,,,,,
,,,,,7820,4.0,4,,,,,,
,,,,,7823,3.0,3,,,,,,
,,,,,7830,7.0,7,,,,,,
,,,,,7838,8.0,8,,,,,,
,,,,,7842,4.0,4,,,,,,
,,,,,7845,3.0,3,,,,,,
,,,,,7857,12.0,12,,,,,,
,,,,,7861,4.0,4,,,,,,
,,,,,7866,5.0,5,,,,,,
,,,,,7875,9.0,9,,,,,,
,,,,,7879,4.0,4,,,,,,
,,,,,7888,9.0,9,,,,,,
,,,,,7893,5.0,5,,,,,,
,,,,,7907,14.0,14,,,,,,
,,,,,7918,11.0,11,,,,,,
,,,,,7946,28.0,28,,,,,,
,,,,,7950,4.0,4,,,,,,
,,,,,7957,7.0,7,,,,,,
,,,,,7960,3.0,3,,,,,,
,,,,,7968,8.0,8,,,,,,
,,,,,7975,7.0,7,,,,,,
,,,,,7983,8.0,8,,,,,,
,,,,,7992,9.0,9,,,,,,
,,,,,8000,8.0,8,,,,,,
,,,,,8000,,,1.6898897886276245,4.697916030883789,4.608660697937012,0.0003,0.0003,0.1
,,,,,8006,6.0,6,,,,,,
,,,,,8013,7.0,7,,,,,,
,,,,,8016,3.0,3,,,,,,
,,,,,8026,10.0,10,,,,,,
,,,,,8031,5.0,5,,,,,,
,,,,,8038,7.0,7,,,,,,
,,,,,8043,5.0,5,,,,,,
,,,,,8051,8.0,8,,,,,,
,,,,,8054,3.0,3,,,,,,
,,,,,8060,6.0,6,,,,,,
,,,,,8064,4.0,4,,,,,,
,,,,,8074,10.0,10,,,,,,
,,,,,8084,10.0,10,,,,,,
,,,,,8094,10.0,10,,,,,,
,,,,,8101,7.0,7,,,,,,
,,,,,8104,3.0,3,,,,,,
,,,,,8112,8.0,8,,,,,,
,,,,,8121,9.0,9,,,,,,
,,,,,8129,8.0,8,,,,,,
,,,,,8134,5.0,5,,,,,,
,,,,,8139,5.0,5,,,,,,
,,,,,8144,5.0,5,,,,,,
,,,,,8151,7.0,7,,,,,,
,,,,,8160,9.0,9,,,,,,
,,,,,8164,4.0,4,,,,,,
,,,,,8172,8.0,8,,,,,,
,,,,,8176,4.0,4,,,,,,
,,,,,8191,15.0,15,,,,,,
,,,,,8194,3.0,3,,,,,,
,,,,,8200,6.0,6,,,,,,
,,,,,8204,4.0,4,,,,,,
,,,,,8209,5.0,5,,,,,,
,,,,,8225,16.0,16,,,,,,
,,,,,8237,12.0,12,,,,,,
,,,,,8244,7.0,7,,,,,,
,,,,,8249,5.0,5,,,,,,
,,,,,8252,3.0,3,,,,,,
,,,,,8255,3.0,3,,,,,,
,,,,,8268,13.0,13,,,,,,
,,,,,8274,6.0,6,,,,,,
,,,,,8278,4.0,4,,,,,,
,,,,,8283,5.0,5,,,,,,
,,,,,8290,7.0,7,,,,,,
,,,,,8294,4.0,4,,,,,,
,,,,,8302,8.0,8,,,,,,
,,,,,8310,8.0,8,,,,,,
,,,,,8314,4.0,4,,,,,,
,,,,,8319,5.0,5,,,,,,
,,,,,8330,11.0,11,,,,,,
,,,,,8334,4.0,4,,,,,,
,,,,,8338,4.0,4,,,,,,
,,,,,8341,3.0,3,,,,,,
,,,,,8345,4.0,4,,,,,,
,,,,,8363,18.0,18,,,,,,
,,,,,8375,12.0,12,,,,,,
,,,,,8387,12.0,12,,,,,,
,,,,,8395,8.0,8,,,,,,
,,,,,8403,8.0,8,,,,,,
,,,,,8408,5.0,5,,,,,,
,,,,,8414,6.0,6,,,,,,
,,,,,8417,3.0,3,,,,,,
,,,,,8423,6.0,6,,,,,,
,,,,,8428,5.0,5,,,,,,
,,,,,8431,3.0,3,,,,,,
,,,,,8435,4.0,4,,,,,,
,,,,,8444,9.0,9,,,,,,
,,,,,8448,4.0,4,,,,,,
,,,,,8458,10.0,10,,,,,,
,,,,,8462,4.0,4,,,,,,
,,,,,8465,3.0,3,,,,,,
,,,,,8470,5.0,5,,,,,,
,,,,,8481,11.0,11,,,,,,
,,,,,8491,10.0,10,,,,,,
,,,,,8498,7.0,7,,,,,,
,,,,,8502,4.0,4,,,,,,
,,,,,8518,16.0,16,,,,,,
,,,,,8523,5.0,5,,,,,,
,,,,,8526,3.0,3,,,,,,
,,,,,8529,3.0,3,,,,,,
,,,,,8533,4.0,4,,,,,,
,,,,,8539,6.0,6,,,,,,
,,,,,8551,12.0,12,,,,,,
,,,,,8555,4.0,4,,,,,,
,,,,,8560,5.0,5,,,,,,
,,,,,8564,4.0,4,,,,,,
,,,,,8573,9.0,9,,,,,,
,,,,,8584,11.0,11,,,,,,
,,,,,8589,5.0,5,,,,,,
,,,,,8599,10.0,10,,,,,,
,,,,,8602,3.0,3,,,,,,
,,,,,8607,5.0,5,,,,,,
,,,,,8611,4.0,4,,,,,,
,,,,,8616,5.0,5,,,,,,
,,,,,8622,6.0,6,,,,,,
,,,,,8639,17.0,17,,,,,,
,,,,,8642,3.0,3,,,,,,
,,,,,8648,6.0,6,,,,,,
,,,,,8659,11.0,11,,,,,,
,,,,,8663,4.0,4,,,,,,
,,,,,8671,8.0,8,,,,,,
,,,,,8675,4.0,4,,,,,,
,,,,,8682,7.0,7,,,,,,
,,,,,8685,3.0,3,,,,,,
,,,,,8702,17.0,17,,,,,,
,,,,,8708,6.0,6,,,,,,
,,,,,8713,5.0,5,,,,,,
,,,,,8717,4.0,4,,,,,,
,,,,,8727,10.0,10,,,,,,
,,,,,8731,4.0,4,,,,,,
,,,,,8734,3.0,3,,,,,,
,,,,,8753,19.0,19,,,,,,
,,,,,8757,4.0,4,,,,,,
,,,,,8765,8.0,8,,,,,,
,,,,,8772,7.0,7,,,,,,
,,,,,8780,8.0,8,,,,,,
,,,,,8784,4.0,4,,,,,,
,,,,,8788,4.0,4,,,,,,
,,,,,8791,3.0,3,,,,,,
,,,,,8797,6.0,6,,,,,,
,,,,,8805,8.0,8,,,,,,
,,,,,8809,4.0,4,,,,,,
,,,,,8815,6.0,6,,,,,,
,,,,,8820,5.0,5,,,,,,
,,,,,8826,6.0,6,,,,,,
,,,,,8835,9.0,9,,,,,,
,,,,,8839,4.0,4,,,,,,
,,,,,8855,16.0,16,,,,,,
,,,,,8863,8.0,8,,,,,,
,,,,,8866,3.0,3,,,,,,
,,,,,8872,6.0,6,,,,,,
,,,,,8876,4.0,4,,,,,,
,,,,,8884,8.0,8,,,,,,
,,,,,8894,10.0,10,,,,,,
,,,,,8899,5.0,5,,,,,,
,,,,,8913,14.0,14,,,,,,
,,,,,8918,5.0,5,,,,,,
,,,,,8924,6.0,6,,,,,,
,,,,,8943,19.0,19,,,,,,
,,,,,8946,3.0,3,,,,,,
,,,,,8952,6.0,6,,,,,,
,,,,,8958,6.0,6,,,,,,
,,,,,8962,4.0,4,,,,,,
,,,,,8967,5.0,5,,,,,,
,,,,,8974,7.0,7,,,,,,
,,,,,8979,5.0,5,,,,,,
,,,,,8982,3.0,3,,,,,,
,,,,,8992,10.0,10,,,,,,
,,,,,9000,,,2.6175332069396973,4.96275520324707,4.88096809387207,0.0003,0.0003,0.1
,,,,,9007,15.0,15,,,,,,
,,,,,9010,3.0,3,,,,,,
,,,,,9014,4.0,4,,,,,,
,,,,,9030,16.0,16,,,,,,
,,,,,9033,3.0,3,,,,,,
,,,,,9038,5.0,5,,,,,,
,,,,,9048,10.0,10,,,,,,
,,,,,9056,8.0,8,,,,,,
,,,,,9063,7.0,7,,,,,,
,,,,,9067,4.0,4,,,,,,
,,,,,9070,3.0,3,,,,,,
,,,,,9095,25.0,25,,,,,,
,,,,,9115,20.0,20,,,,,,
,,,,,9126,11.0,11,,,,,,
,,,,,9130,4.0,4,,,,,,
,,,,,9133,3.0,3,,,,,,
,,,,,9140,7.0,7,,,,,,
,,,,,9146,6.0,6,,,,,,
,,,,,9153,7.0,7,,,,,,
,,,,,9165,12.0,12,,,,,,
,,,,,9173,8.0,8,,,,,,
,,,,,9182,9.0,9,,,,,,
,,,,,9193,11.0,11,,,,,,
,,,,,9200,7.0,7,,,,,,
,,,,,9204,4.0,4,,,,,,
,,,,,9209,5.0,5,,,,,,
,,,,,9213,4.0,4,,,,,,
,,,,,9230,17.0,17,,,,,,
,,,,,9238,8.0,8,,,,,,
,,,,,9250,12.0,12,,,,,,
,,,,,9256,6.0,6,,,,,,
,,,,,9259,3.0,3,,,,,,
,,,,,9264,5.0,5,,,,,,
,,,,,9267,3.0,3,,,,,,
,,,,,9271,4.0,4,,,,,,
,,,,,9284,13.0,13,,,,,,
,,,,,9291,7.0,7,,,,,,
,,,,,9295,4.0,4,,,,,,
,,,,,9301,6.0,6,,,,,,
,,,,,9306,5.0,5,,,,,,
,,,,,9320,14.0,14,,,,,,
,,,,,9324,4.0,4,,,,,,
,,,,,9327,3.0,3,,,,,,
,,,,,9333,6.0,6,,,,,,
,,,,,9343,10.0,10,,,,,,
,,,,,9350,7.0,7,,,,,,
,,,,,9354,4.0,4,,,,,,
,,,,,9360,6.0,6,,,,,,
,,,,,9367,7.0,7,,,,,,
,,,,,9373,6.0,6,,,,,,
,,,,,9384,11.0,11,,,,,,
,,,,,9389,5.0,5,,,,,,
,,,,,9393,4.0,4,,,,,,
,,,,,9399,6.0,6,,,,,,
,,,,,9408,9.0,9,,,,,,
,,,,,9424,16.0,16,,,,,,
,,,,,9427,3.0,3,,,,,,
,,,,,9433,6.0,6,,,,,,
,,,,,9438,5.0,5,,,,,,
,,,,,9444,6.0,6,,,,,,
,,,,,9448,4.0,4,,,,,,
,,,,,9452,4.0,4,,,,,,
,,,,,9464,12.0,12,,,,,,
,,,,,9467,3.0,3,,,,,,
,,,,,9471,4.0,4,,,,,,
,,,,,9478,7.0,7,,,,,,
,,,,,9481,3.0,3,,,,,,
,,,,,9486,5.0,5,,,,,,
,,,,,9494,8.0,8,,,,,,
,,,,,9509,15.0,15,,,,,,
,,,,,9523,14.0,14,,,,,,
,,,,,9526,3.0,3,,,,,,
,,,,,9532,6.0,6,,,,,,
,,,,,9540,8.0,8,,,,,,
,,,,,9544,4.0,4,,,,,,
,,,,,9550,6.0,6,,,,,,
,,,,,9553,3.0,3,,,,,,
,,,,,9557,4.0,4,,,,,,
,,,,,9560,3.0,3,,,,,,
,,,,,9564,4.0,4,,,,,,
,,,,,9571,7.0,7,,,,,,
,,,,,9576,5.0,5,,,,,,
,,,,,9579,3.0,3,,,,,,
,,,,,9585,6.0,6,,,,,,
,,,,,9591,6.0,6,,,,,,
,,,,,9598,7.0,7,,,,,,
,,,,,9601,3.0,3,,,,,,
,,,,,9613,12.0,12,,,,,,
,,,,,9623,10.0,10,,,,,,
,,,,,9641,18.0,18,,,,,,
,,,,,9648,7.0,7,,,,,,
,,,,,9661,13.0,13,,,,,,
,,,,,9664,3.0,3,,,,,,
,,,,,9675,11.0,11,,,,,,
,,,,,9682,7.0,7,,,,,,
,,,,,9688,6.0,6,,,,,,
,,,,,9691,3.0,3,,,,,,
,,,,,9697,6.0,6,,,,,,
,,,,,9701,4.0,4,,,,,,
,,,,,9705,4.0,4,,,,,,
,,,,,9712,7.0,7,,,,,,
,,,,,9722,10.0,10,,,,,,
,,,,,9729,7.0,7,,,,,,
,,,,,9746,17.0,17,,,,,,
,,,,,9754,8.0,8,,,,,,
,,,,,9760,6.0,6,,,,,,
,,,,,9771,11.0,11,,,,,,
,,,,,9779,8.0,8,,,,,,
,,,,,9785,6.0,6,,,,,,
,,,,,9791,6.0,6,,,,,,
,,,,,9798,7.0,7,,,,,,
,,,,,9807,9.0,9,,,,,,
,,,,,9816,9.0,9,,,,,,
,,,,,9819,3.0,3,,,,,,
,,,,,9822,3.0,3,,,,,,
,,,,,9826,4.0,4,,,,,,
,,,,,9832,6.0,6,,,,,,
,,,,,9837,5.0,5,,,,,,
,,,,,9842,5.0,5,,,,,,
,,,,,9845,3.0,3,,,,,,
,,,,,9856,11.0,11,,,,,,
,,,,,9877,21.0,21,,,,,,
,,,,,9887,10.0,10,,,,,,
,,,,,9890,3.0,3,,,,,,
,,,,,9907,17.0,17,,,,,,
,,,,,9921,14.0,14,,,,,,
,,,,,9935,14.0,14,,,,,,
,,,,,9943,8.0,8,,,,,,
,,,,,9947,4.0,4,,,,,,
,,,,,9953,6.0,6,,,,,,
,,,,,9960,7.0,7,,,,,,
,,,,,9967,7.0,7,,,,,,
,,,,,9974,7.0,7,,,,,,
,,,,,9980,6.0,6,,,,,,
,,,,,9985,5.0,5,,,,,,
,,,,,9988,3.0,3,,,,,,
,,,,,9991,3.0,3,,,,,,
,,,,,9995,4.0,4,,,,,,
10.1,7.408778,25.0,3.0,10.1,10000,,,2.4173922538757324,5.0390472412109375,5.142716407775879,0.0003,0.0003,0.1
,,,,,10002,7.0,7,,,,,,
,,,,,10011,9.0,9,,,,,,
,,,,,10014,3.0,3,,,,,,
,,,,,10017,3.0,3,,,,,,
,,,,,10021,4.0,4,,,,,,
,,,,,10025,4.0,4,,,,,,
,,,,,10029,4.0,4,,,,,,
,,,,,10043,14.0,14,,,,,,
,,,,,10047,4.0,4,,,,,,
,,,,,10052,5.0,5,,,,,,
,,,,,10055,3.0,3,,,,,,
,,,,,10069,14.0,14,,,,,,
,,,,,10076,7.0,7,,,,,,
,,,,,10079,3.0,3,,,,,,
,,,,,10100,21.0,21,,,,,,
,,,,,10103,3.0,3,,,,,,
,,,,,10111,8.0,8,,,,,,
,,,,,10114,3.0,3,,,,,,
,,,,,10124,10.0,10,,,,,,
,,,,,10128,4.0,4,,,,,,
,,,,,10136,8.0,8,,,,,,
,,,,,10139,3.0,3,,,,,,
,,,,,10143,4.0,4,,,,,,
,,,,,10147,4.0,4,,,,,,
,,,,,10151,4.0,4,,,,,,
,,,,,10161,10.0,10,,,,,,
,,,,,10167,6.0,6,,,,,,
,,,,,10172,5.0,5,,,,,,
,,,,,10182,10.0,10,,,,,,
,,,,,10190,8.0,8,,,,,,
,,,,,10200,10.0,10,,,,,,
,,,,,10203,3.0,3,,,,,,
,,,,,10211,8.0,8,,,,,,
,,,,,10215,4.0,4,,,,,,
,,,,,10219,4.0,4,,,,,,
,,,,,10226,7.0,7,,,,,,
,,,,,10236,10.0,10,,,,,,
,,,,,10240,4.0,4,,,,,,
,,,,,10244,4.0,4,,,,,,
,,,,,10257,13.0,13,,,,,,
,,,,,10262,5.0,5,,,,,,
,,,,,10265,3.0,3,,,,,,
,,,,,10268,3.0,3,,,,,,
,,,,,10274,6.0,6,,,,,,
,,,,,10281,7.0,7,,,,,,
,,,,,10286,5.0,5,,,,,,
,,,,,10290,4.0,4,,,,,,
,,,,,10294,4.0,4,,,,,,
,,,,,10299,5.0,5,,,,,,
,,,,,10302,3.0,3,,,,,,
,,,,,10305,3.0,3,,,,,,
,,,,,10327,22.0,22,,,,,,
,,,,,10330,3.0,3,,,,,,
,,,,,10334,4.0,4,,,,,,
,,,,,10345,11.0,11,,,,,,
,,,,,10350,5.0,5,,,,,,
,,,,,10356,6.0,6,,,,,,
,,,,,10360,4.0,4,,,,,,
,,,,,10379,19.0,19,,,,,,
,,,,,10386,7.0,7,,,,,,
,,,,,10395,9.0,9,,,,,,
,,,,,10412,17.0,17,,,,,,
,,,,,10416,4.0,4,,,,,,
,,,,,10424,8.0,8,,,,,,
,,,,,10427,3.0,3,,,,,,
,,,,,10433,6.0,6,,,,,,
,,,,,10438,5.0,5,,,,,,
,,,,,10446,8.0,8,,,,,,
,,,,,10450,4.0,4,,,,,,
,,,,,10459,9.0,9,,,,,,
,,,,,10466,7.0,7,,,,,,
,,,,,10475,9.0,9,,,,,,
,,,,,10481,6.0,6,,,,,,
,,,,,10496,15.0,15,,,,,,
,,,,,10507,11.0,11,,,,,,
,,,,,10513,6.0,6,,,,,,
,,,,,10520,7.0,7,,,,,,
,,,,,10526,6.0,6,,,,,,
,,,,,10530,4.0,4,,,,,,
,,,,,10536,6.0,6,,,,,,
,,,,,10539,3.0,3,,,,,,
,,,,,10543,4.0,4,,,,,,
,,,,,10546,3.0,3,,,,,,
,,,,,10552,6.0,6,,,,,,
,,,,,10563,11.0,11,,,,,,
,,,,,10569,6.0,6,,,,,,
,,,,,10572,3.0,3,,,,,,
,,,,,10575,3.0,3,,,,,,
,,,,,10578,3.0,3,,,,,,
,,,,,10582,4.0,4,,,,,,
,,,,,10588,6.0,6,,,,,,
,,,,,10591,3.0,3,,,,,,
,,,,,10594,3.0,3,,,,,,
,,,,,10605,11.0,11,,,,,,
,,,,,10608,3.0,3,,,,,,
,,,,,10622,14.0,14,,,,,,
,,,,,10628,6.0,6,,,,,,
,,,,,10633,5.0,5,,,,,,
,,,,,10644,11.0,11,,,,,,
,,,,,10647,3.0,3,,,,,,
,,,,,10651,4.0,4,,,,,,
,,,,,10655,4.0,4,,,,,,
,,,,,10662,7.0,7,,,,,,
,,,,,10670,8.0,8,,,,,,
,,,,,10673,3.0,3,,,,,,
,,,,,10689,16.0,16,,,,,,
,,,,,10707,18.0,18,,,,,,
,,,,,10711,4.0,4,,,,,,
,,,,,10714,3.0,3,,,,,,
,,,,,10720,6.0,6,,,,,,
,,,,,10723,3.0,3,,,,,,
,,,,,10731,8.0,8,,,,,,
,,,,,10734,3.0,3,,,,,,
,,,,,10738,4.0,4,,,,,,
,,,,,10741,3.0,3,,,,,,
,,,,,10746,5.0,5,,,,,,
,,,,,10754,8.0,8,,,,,,
,,,,,10767,13.0,13,,,,,,
,,,,,10772,5.0,5,,,,,,
,,,,,10776,4.0,4,,,,,,
,,,,,10780,4.0,4,,,,,,
,,,,,10784,4.0,4,,,,,,
,,,,,10791,7.0,7,,,,,,
,,,,,10811,20.0,20,,,,,,
,,,,,10825,14.0,14,,,,,,
,,,,,10829,4.0,4,,,,,,
,,,,,10837,8.0,8,,,,,,
,,,,,10844,7.0,7,,,,,,
,,,,,10854,10.0,10,,,,,,
,,,,,10872,18.0,18,,,,,,
,,,,,10875,3.0,3,,,,,,
,,,,,10884,9.0,9,,,,,,
,,,,,10900,16.0,16,,,,,,
,,,,,10905,5.0,5,,,,,,
,,,,,10908,3.0,3,,,,,,
,,,,,10911,3.0,3,,,,,,
,,,,,10917,6.0,6,,,,,,
,,,,,10935,18.0,18,,,,,,
,,,,,10940,5.0,5,,,,,,
,,,,,10949,9.0,9,,,,,,
,,,,,10955,6.0,6,,,,,,
,,,,,10966,11.0,11,,,,,,
,,,,,10973,7.0,7,,,,,,
,,,,,10984,11.0,11,,,,,,
,,,,,10989,5.0,5,,,,,,
,,,,,10993,4.0,4,,,,,,
,,,,,10998,5.0,5,,,,,,
,,,,,11000,,,2.062701940536499,5.396244049072266,5.581296443939209,0.0003,0.0003,0.1
,,,,,11002,4.0,4,,,,,,
,,,,,11011,9.0,9,,,,,,
,,,,,11017,6.0,6,,,,,,
,,,,,11026,9.0,9,,,,,,
,,,,,11044,18.0,18,,,,,,
,,,,,11052,8.0,8,,,,,,
,,,,,11062,10.0,10,,,,,,
,,,,,11066,4.0,4,,,,,,
,,,,,11071,5.0,5,,,,,,
,,,,,11088,17.0,17,,,,,,
,,,,,11092,4.0,4,,,,,,
,,,,,11098,6.0,6,,,,,,
,,,,,11120,22.0,22,,,,,,
,,,,,11125,5.0,5,,,,,,
,,,,,11130,5.0,5,,,,,,
,,,,,11134,4.0,4,,,,,,
,,,,,11139,5.0,5,,,,,,
,,,,,11145,6.0,6,,,,,,
,,,,,11149,4.0,4,,,,,,
,,,,,11153,4.0,4,,,,,,
,,,,,11156,3.0,3,,,,,,
,,,,,11163,7.0,7,,,,,,
,,,,,11176,13.0,13,,,,,,
,,,,,11181,5.0,5,,,,,,
,,,,,11192,11.0,11,,,,,,
,,,,,11202,10.0,10,,,,,,
,,,,,11208,6.0,6,,,,,,
,,,,,11214,6.0,6,,,,,,
,,,,,11218,4.0,4,,,,,,
,,,,,11221,3.0,3,,,,,,
,,,,,11229,8.0,8,,,,,,
,,,,,11242,13.0,13,,,,,,
,,,,,11250,8.0,8,,,,,,
,,,,,11256,6.0,6,,,,,,
,,,,,11262,6.0,6,,,,,,
,,,,,11265,3.0,3,,,,,,
,,,,,11271,6.0,6,,,,,,
,,,,,11275,4.0,4,,,,,,
,,,,,11286,11.0,11,,,,,,
,,,,,11293,7.0,7,,,,,,
,,,,,11299,6.0,6,,,,,,
,,,,,11303,4.0,4,,,,,,
,,,,,11307,4.0,4,,,,,,
,,,,,11310,3.0,3,,,,,,
,,,,,11314,4.0,4,,,,,,
,,,,,11319,5.0,5,,,,,,
,,,,,11325,6.0,6,,,,,,
,,,,,11328,3.0,3,,,,,,
,,,,,11336,8.0,8,,,,,,
,,,,,11341,5.0,5,,,,,,
,,,,,11357,16.0,16,,,,,,
,,,,,11360,3.0,3,,,,,,
,,,,,11373,13.0,13,,,,,,
,,,,,11383,10.0,10,,,,,,
,,,,,11391,8.0,8,,,,,,
,,,,,11394,3.0,3,,,,,,
,,,,,11397,3.0,3,,,,,,
,,,,,11413,16.0,16,,,,,,
,,,,,11418,5.0,5,,,,,,
,,,,,11422,4.0,4,,,,,,
,,,,,11429,7.0,7,,,,,,
,,,,,11433,4.0,4,,,,,,
,,,,,11438,5.0,5,,,,,,
,,,,,11455,17.0,17,,,,,,
,,,,,11465,10.0,10,,,,,,
,,,,,11472,7.0,7,,,,,,
,,,,,11494,22.0,22,,,,,,
,,,,,11502,8.0,8,,,,,,
,,,,,11508,6.0,6,,,,,,
,,,,,11512,4.0,4,,,,,,
,,,,,11526,14.0,14,,,,,,
,,,,,11539,13.0,13,,,,,,
,,,,,11545,6.0,6,,,,,,
,,,,,11549,4.0,4,,,,,,
,,,,,11555,6.0,6,,,,,,
,,,,,11562,7.0,7,,,,,,
,,,,,11572,10.0,10,,,,,,
,,,,,11587,15.0,15,,,,,,
,,,,,11591,4.0,4,,,,,,
,,,,,11596,5.0,5,,,,,,
,,,,,11600,4.0,4,,,,,,
,,,,,11610,10.0,10,,,,,,
,,,,,11614,4.0,4,,,,,,
,,,,,11617,3.0,3,,,,,,
,,,,,11621,4.0,4,,,,,,
,,,,,11626,5.0,5,,,,,,
,,,,,11630,4.0,4,,,,,,
,,,,,11633,3.0,3,,,,,,
,,,,,11636,3.0,3,,,,,,
,,,,,11643,7.0,7,,,,,,
,,,,,11648,5.0,5,,,,,,
,,,,,11655,7.0,7,,,,,,
,,,,,11664,9.0,9,,,,,,
,,,,,11667,3.0,3,,,,,,
,,,,,11675,8.0,8,,,,,,
,,,,,11680,5.0,5,,,,,,
,,,,,11691,11.0,11,,,,,,
,,,,,11708,17.0,17,,,,,,
,,,,,11720,12.0,12,,,,,,
,,,,,11731,11.0,11,,,,,,
,,,,,11734,3.0,3,,,,,,
,,,,,11741,7.0,7,,,,,,
,,,,,11746,5.0,5,,,,,,
,,,,,11752,6.0,6,,,,,,
,,,,,11755,3.0,3,,,,,,
,,,,,11775,20.0,20,,,,,,
,,,,,11788,13.0,13,,,,,,
,,,,,11791,3.0,3,,,,,,
,,,,,11797,6.0,6,,,,,,
,,,,,11800,3.0,3,,,,,,
,,,,,11806,6.0,6,,,,,,
,,,,,11809,3.0,3,,,,,,
,,,,,11816,7.0,7,,,,,,
,,,,,11823,7.0,7,,,,,,
,,,,,11827,4.0,4,,,,,,
,,,,,11836,9.0,9,,,,,,
,,,,,11852,16.0,16,,,,,,
,,,,,11856,4.0,4,,,,,,
,,,,,11863,7.0,7,,,,,,
,,,,,11869,6.0,6,,,,,,
,,,,,11877,8.0,8,,,,,,
,,,,,11882,5.0,5,,,,,,
,,,,,11888,6.0,6,,,,,,
,,,,,11892,4.0,4,,,,,,
,,,,,11901,9.0,9,,,,,,
,,,,,11905,4.0,4,,,,,,
,,,,,11912,7.0,7,,,,,,
,,,,,11919,7.0,7,,,,,,
,,,,,11924,5.0,5,,,,,,
,,,,,11929,5.0,5,,,,,,
,,,,,11941,12.0,12,,,,,,
,,,,,11950,9.0,9,,,,,,
,,,,,11955,5.0,5,,,,,,
,,,,,11971,16.0,16,,,,,,
,,,,,11974,3.0,3,,,,,,
,,,,,11987,13.0,13,,,,,,
,,,,,11992,5.0,5,,,,,,
,,,,,11995,3.0,3,,,,,,
,,,,,12000,,,1.9269099235534668,5.0000152587890625,5.028473854064941,0.0003,0.0003,0.1
,,,,,12001,6.0,6,,,,,,
,,,,,12004,3.0,3,,,,,,
,,,,,12007,3.0,3,,,,,,
,,,,,12014,7.0,7,,,,,,
,,,,,12027,13.0,13,,,,,,
,,,,,12038,11.0,11,,,,,,
,,,,,12049,11.0,11,,,,,,
,,,,,12056,7.0,7,,,,,,
,,,,,12065,9.0,9,,,,,,
,,,,,12069,4.0,4,,,,,,
,,,,,12073,4.0,4,,,,,,
,,,,,12089,16.0,16,,,,,,
,,,,,12101,12.0,12,,,,,,
,,,,,12105,4.0,4,,,,,,
,,,,,12109,4.0,4,,,,,,
,,,,,12118,9.0,9,,,,,,
,,,,,12121,3.0,3,,,,,,
,,,,,12126,5.0,5,,,,,,
,,,,,12132,6.0,6,,,,,,
,,,,,12136,4.0,4,,,,,,
,,,,,12140,4.0,4,,,,,,
,,,,,12150,10.0,10,,,,,,
,,,,,12157,7.0,7,,,,,,
,,,,,12175,18.0,18,,,,,,
,,,,,12183,8.0,8,,,,,,
,,,,,12186,3.0,3,,,,,,
,,,,,12190,4.0,4,,,,,,
,,,,,12194,4.0,4,,,,,,
,,,,,12198,4.0,4,,,,,,
,,,,,12203,5.0,5,,,,,,
,,,,,12208,5.0,5,,,,,,
,,,,,12220,12.0,12,,,,,,
,,,,,12226,6.0,6,,,,,,
,,,,,12232,6.0,6,,,,,,
,,,,,12242,10.0,10,,,,,,
,,,,,12252,10.0,10,,,,,,
,,,,,12273,21.0,21,,,,,,
,,,,,12281,8.0,8,,,,,,
,,,,,12287,6.0,6,,,,,,
,,,,,12293,6.0,6,,,,,,
,,,,,12303,10.0,10,,,,,,
,,,,,12309,6.0,6,,,,,,
,,,,,12313,4.0,4,,,,,,
,,,,,12317,4.0,4,,,,,,
,,,,,12320,3.0,3,,,,,,
,,,,,12323,3.0,3,,,,,,
,,,,,12351,28.0,28,,,,,,
,,,,,12359,8.0,8,,,,,,
,,,,,12364,5.0,5,,,,,,
,,,,,12371,7.0,7,,,,,,
,,,,,12374,3.0,3,,,,,,
,,,,,12378,4.0,4,,,,,,
,,,,,12383,5.0,5,,,,,,
,,,,,12386,3.0,3,,,,,,
,,,,,12390,4.0,4,,,,,,
,,,,,12405,15.0,15,,,,,,
,,,,,12418,13.0,13,,,,,,
,,,,,12429,11.0,11,,,,,,
,,,,,12435,6.0,6,,,,,,
,,,,,12439,4.0,4,,,,,,
,,,,,12445,6.0,6,,,,,,
,,,,,12463,18.0,18,,,,,,
,,,,,12468,5.0,5,,,,,,
,,,,,12471,3.0,3,,,,,,
,,,,,12477,6.0,6,,,,,,
,,,,,12484,7.0,7,,,,,,
,,,,,12489,5.0,5,,,,,,
,,,,,12494,5.0,5,,,,,,
,,,,,12499,5.0,5,,,,,,
,,,,,12517,18.0,18,,,,,,
,,,,,12521,4.0,4,,,,,,
,,,,,12527,6.0,6,,,,,,
,,,,,12535,8.0,8,,,,,,
,,,,,12545,10.0,10,,,,,,
,,,,,12549,4.0,4,,,,,,
,,,,,12555,6.0,6,,,,,,
,,,,,12560,5.0,5,,,,,,
,,,,,12563,3.0,3,,,,,,
,,,,,12567,4.0,4,,,,,,
,,,,,12578,11.0,11,,,,,,
,,,,,12588,10.0,10,,,,,,
,,,,,12593,5.0,5,,,,,,
,,,,,12597,4.0,4,,,,,,
,,,,,12603,6.0,6,,,,,,
,,,,,12612,9.0,9,,,,,,
,,,,,12616,4.0,4,,,,,,
,,,,,12620,4.0,4,,,,,,
,,,,,12631,11.0,11,,,,,,
,,,,,12640,9.0,9,,,,,,
,,,,,12646,6.0,6,,,,,,
,,,,,12653,7.0,7,,,,,,
,,,,,12658,5.0,5,,,,,,
,,,,,12674,16.0,16,,,,,,
,,,,,12678,4.0,4,,,,,,
,,,,,12684,6.0,6,,,,,,
,,,,,12692,8.0,8,,,,,,
,,,,,12696,4.0,4,,,,,,
,,,,,12700,4.0,4,,,,,,
,,,,,12704,4.0,4,,,,,,
,,,,,12713,9.0,9,,,,,,
,,,,,12721,8.0,8,,,,,,
,,,,,12727,6.0,6,,,,,,
,,,,,12737,10.0,10,,,,,,
,,,,,12747,10.0,10,,,,,,
,,,,,12751,4.0,4,,,,,,
,,,,,12754,3.0,3,,,,,,
,,,,,12762,8.0,8,,,,,,
,,,,,12766,4.0,4,,,,,,
,,,,,12769,3.0,3,,,,,,
,,,,,12774,5.0,5,,,,,,
,,,,,12781,7.0,7,,,,,,
,,,,,12785,4.0,4,,,,,,
,,,,,12807,22.0,22,,,,,,
,,,,,12812,5.0,5,,,,,,
,,,,,12821,9.0,9,,,,,,
,,,,,12824,3.0,3,,,,,,
,,,,,12829,5.0,5,,,,,,
,,,,,12835,6.0,6,,,,,,
,,,,,12838,3.0,3,,,,,,
,,,,,12846,8.0,8,,,,,,
,,,,,12850,4.0,4,,,,,,
,,,,,12853,3.0,3,,,,,,
,,,,,12856,3.0,3,,,,,,
,,,,,12861,5.0,5,,,,,,
,,,,,12864,3.0,3,,,,,,
,,,,,12870,6.0,6,,,,,,
,,,,,12883,13.0,13,,,,,,
,,,,,12887,4.0,4,,,,,,
,,,,,12897,10.0,10,,,,,,
,,,,,12900,3.0,3,,,,,,
,,,,,12903,3.0,3,,,,,,
,,,,,12909,6.0,6,,,,,,
,,,,,12913,4.0,4,,,,,,
,,,,,12924,11.0,11,,,,,,
,,,,,12929,5.0,5,,,,,,
,,,,,12934,5.0,5,,,,,,
,,,,,12938,4.0,4,,,,,,
,,,,,12941,3.0,3,,,,,,
,,,,,12946,5.0,5,,,,,,
,,,,,12952,6.0,6,,,,,,
,,,,,12958,6.0,6,,,,,,
,,,,,12969,11.0,11,,,,,,
,,,,,12975,6.0,6,,,,,,
,,,,,12983,8.0,8,,,,,,
,,,,,12995,12.0,12,,,,,,
,,,,,13000,,,1.8511829376220703,5.098629474639893,5.115307807922363,0.0003,0.0003,0.1
,,,,,13004,9.0,9,,,,,,
,,,,,13014,10.0,10,,,,,,
,,,,,13024,10.0,10,,,,,,
,,,,,13028,4.0,4,,,,,,
,,,,,13034,6.0,6,,,,,,
,,,,,13037,3.0,3,,,,,,
,,,,,13041,4.0,4,,,,,,
,,,,,13052,11.0,11,,,,,,
,,,,,13059,7.0,7,,,,,,
,,,,,13072,13.0,13,,,,,,
,,,,,13079,7.0,7,,,,,,
,,,,,13082,3.0,3,,,,,,
,,,,,13093,11.0,11,,,,,,
,,,,,13107,14.0,14,,,,,,
,,,,,13110,3.0,3,,,,,,
,,,,,13123,13.0,13,,,,,,
,,,,,13133,10.0,10,,,,,,
,,,,,13136,3.0,3,,,,,,
,,,,,13139,3.0,3,,,,,,
,,,,,13143,4.0,4,,,,,,
,,,,,13147,4.0,4,,,,,,
,,,,,13164,17.0,17,,,,,,
,,,,,13177,13.0,13,,,,,,
,,,,,13195,18.0,18,,,,,,
,,,,,13198,3.0,3,,,,,,
,,,,,13204,6.0,6,,,,,,
,,,,,13211,7.0,7,,,,,,
,,,,,13214,3.0,3,,,,,,
,,,,,13222,8.0,8,,,,,,
,,,,,13229,7.0,7,,,,,,
,,,,,13233,4.0,4,,,,,,
,,,,,13237,4.0,4,,,,,,
,,,,,13248,11.0,11,,,,,,
,,,,,13256,8.0,8,,,,,,
,,,,,13272,16.0,16,,,,,,
,,,,,13280,8.0,8,,,,,,
,,,,,13287,7.0,7,,,,,,
,,,,,13293,6.0,6,,,,,,
,,,,,13306,13.0,13,,,,,,
,,,,,13326,20.0,20,,,,,,
,,,,,13330,4.0,4,,,,,,
,,,,,13334,4.0,4,,,,,,
,,,,,13337,3.0,3,,,,,,
,,,,,13350,13.0,13,,,,,,
,,,,,13354,4.0,4,,,,,,
,,,,,13359,5.0,5,,,,,,
,,,,,13362,3.0,3,,,,,,
,,,,,13369,7.0,7,,,,,,
,,,,,13374,5.0,5,,,,,,
,,,,,13377,3.0,3,,,,,,
,,,,,13385,8.0,8,,,,,,
,,,,,13396,11.0,11,,,,,,
,,,,,13406,10.0,10,,,,,,
,,,,,13416,10.0,10,,,,,,
,,,,,13425,9.0,9,,,,,,
,,,,,13436,11.0,11,,,,,,
,,,,,13441,5.0,5,,,,,,
,,,,,13446,5.0,5,,,,,,
,,,,,13458,12.0,12,,,,,,
,,,,,13465,7.0,7,,,,,,
,,,,,13469,4.0,4,,,,,,
,,,,,13475,6.0,6,,,,,,
,,,,,13479,4.0,4,,,,,,
,,,,,13482,3.0,3,,,,,,
,,,,,13486,4.0,4,,,,,,
,,,,,13491,5.0,5,,,,,,
,,,,,13496,5.0,5,,,,,,
,,,,,13501,5.0,5,,,,,,
,,,,,13507,6.0,6,,,,,,
,,,,,13510,3.0,3,,,,,,
,,,,,13515,5.0,5,,,,,,
,,,,,13519,4.0,4,,,,,,
,,,,,13527,8.0,8,,,,,,
,,,,,13542,15.0,15,,,,,,
,,,,,13551,9.0,9,,,,,,
,,,,,13555,4.0,4,,,,,,
,,,,,13568,13.0,13,,,,,,
,,,,,13577,9.0,9,,,,,,
,,,,,13581,4.0,4,,,,,,
,,,,,13590,9.0,9,,,,,,
,,,,,13595,5.0,5,,,,,,
,,,,,13599,4.0,4,,,,,,
,,,,,13604,5.0,5,,,,,,
,,,,,13608,4.0,4,,,,,,
,,,,,13620,12.0,12,,,,,,
,,,,,13629,9.0,9,,,,,,
,,,,,13639,10.0,10,,,,,,
,,,,,13644,5.0,5,,,,,,
,,,,,13650,6.0,6,,,,,,
,,,,,13660,10.0,10,,,,,,
,,,,,13664,4.0,4,,,,,,
,,,,,13669,5.0,5,,,,,,
,,,,,13677,8.0,8,,,,,,
,,,,,13681,4.0,4,,,,,,
,,,,,13688,7.0,7,,,,,,
,,,,,13694,6.0,6,,,,,,
,,,,,13699,5.0,5,,,,,,
,,,,,13705,6.0,6,,,,,,
,,,,,13712,7.0,7,,,,,,
,,,,,13716,4.0,4,,,,,,
,,,,,13722,6.0,6,,,,,,
,,,,,13730,8.0,8,,,,,,
,,,,,13734,4.0,4,,,,,,
,,,,,13758,24.0,24,,,,,,
,,,,,13765,7.0,7,,,,,,
,,,,,13772,7.0,7,,,,,,
,,,,,13779,7.0,7,,,,,,
,,,,,13783,4.0,4,,,,,,
,,,,,13790,7.0,7,,,,,,
,,,,,13793,3.0,3,,,,,,
,,,,,13797,4.0,4,,,,,,
,,,,,13803,6.0,6,,,,,,
,,,,,13809,6.0,6,,,,,,
,,,,,13821,12.0,12,,,,,,
,,,,,13833,12.0,12,,,,,,
,,,,,13850,17.0,17,,,,,,
,,,,,13875,25.0,25,,,,,,
,,,,,13878,3.0,3,,,,,,
,,,,,13881,3.0,3,,,,,,
,,,,,13885,4.0,4,,,,,,
,,,,,13896,11.0,11,,,,,,
,,,,,13905,9.0,9,,,,,,
,,,,,13908,3.0,3,,,,,,
,,,,,13913,5.0,5,,,,,,
,,,,,13917,4.0,4,,,,,,
,,,,,13924,7.0,7,,,,,,
,,,,,13930,6.0,6,,,,,,
,,,,,13933,3.0,3,,,,,,
,,,,,13936,3.0,3,,,,,,
,,,,,13941,5.0,5,,,,,,
,,,,,13949,8.0,8,,,,,,
,,,,,13953,4.0,4,,,,,,
,,,,,13956,3.0,3,,,,,,
,,,,,13963,7.0,7,,,,,,
,,,,,13966,3.0,3,,,,,,
,,,,,13970,4.0,4,,,,,,
,,,,,13979,9.0,9,,,,,,
,,,,,13984,5.0,5,,,,,,
,,,,,13987,3.0,3,,,,,,
,,,,,13991,4.0,4,,,,,,
,,,,,13994,3.0,3,,,,,,
,,,,,14000,,,2.095144271850586,4.838110446929932,4.960282325744629,0.0003,0.0003,0.1
,,,,,14003,9.0,9,,,,,,
,,,,,14009,6.0,6,,,,,,
,,,,,14016,7.0,7,,,,,,
,,,,,14022,6.0,6,,,,,,
,,,,,14025,3.0,3,,,,,,
,,,,,14037,12.0,12,,,,,,
,,,,,14040,3.0,3,,,,,,
,,,,,14047,7.0,7,,,,,,
,,,,,14063,16.0,16,,,,,,
,,,,,14068,5.0,5,,,,,,
,,,,,14074,6.0,6,,,,,,
,,,,,14078,4.0,4,,,,,,
,,,,,14088,10.0,10,,,,,,
,,,,,14097,9.0,9,,,,,,
,,,,,14104,7.0,7,,,,,,
,,,,,14109,5.0,5,,,,,,
,,,,,14113,4.0,4,,,,,,
,,,,,14119,6.0,6,,,,,,
,,,,,14122,3.0,3,,,,,,
,,,,,14129,7.0,7,,,,,,
,,,,,14134,5.0,5,,,,,,
,,,,,14137,3.0,3,,,,,,
,,,,,14141,4.0,4,,,,,,
,,,,,14144,3.0,3,,,,,,
,,,,,14150,6.0,6,,,,,,
,,,,,14155,5.0,5,,,,,,
,,,,,14167,12.0,12,,,,,,
,,,,,14191,24.0,24,,,,,,
,,,,,14204,13.0,13,,,,,,
,,,,,14207,3.0,3,,,,,,
,,,,,14210,3.0,3,,,,,,
,,,,,14213,3.0,3,,,,,,
,,,,,14216,3.0,3,,,,,,
,,,,,14220,4.0,4,,,,,,
,,,,,14232,12.0,12,,,,,,
,,,,,14240,8.0,8,,,,,,
,,,,,14244,4.0,4,,,,,,
,,,,,14247,3.0,3,,,,,,
,,,,,14252,5.0,5,,,,,,
,,,,,14257,5.0,5,,,,,,
,,,,,14272,15.0,15,,,,,,
,,,,,14277,5.0,5,,,,,,
,,,,,14281,4.0,4,,,,,,
,,,,,14286,5.0,5,,,,,,
,,,,,14289,3.0,3,,,,,,
,,,,,14295,6.0,6,,,,,,
,,,,,14304,9.0,9,,,,,,
,,,,,14315,11.0,11,,,,,,
,,,,,14323,8.0,8,,,,,,
,,,,,14329,6.0,6,,,,,,
,,,,,14333,4.0,4,,,,,,
,,,,,14338,5.0,5,,,,,,
,,,,,14343,5.0,5,,,,,,
,,,,,14348,5.0,5,,,,,,
,,,,,14352,4.0,4,,,,,,
,,,,,14358,6.0,6,,,,,,
,,,,,14361,3.0,3,,,,,,
,,,,,14366,5.0,5,,,,,,
,,,,,14377,11.0,11,,,,,,
,,,,,14383,6.0,6,,,,,,
,,,,,14386,3.0,3,,,,,,
,,,,,14392,6.0,6,,,,,,
,,,,,14399,7.0,7,,,,,,
,,,,,14405,6.0,6,,,,,,
,,,,,14408,3.0,3,,,,,,
,,,,,14412,4.0,4,,,,,,
,,,,,14417,5.0,5,,,,,,
,,,,,14422,5.0,5,,,,,,
,,,,,14425,3.0,3,,,,,,
,,,,,14430,5.0,5,,,,,,
,,,,,14440,10.0,10,,,,,,
,,,,,14446,6.0,6,,,,,,
,,,,,14450,4.0,4,,,,,,
,,,,,14459,9.0,9,,,,,,
,,,,,14462,3.0,3,,,,,,
,,,,,14466,4.0,4,,,,,,
,,,,,14471,5.0,5,,,,,,
,,,,,14483,12.0,12,,,,,,
,,,,,14487,4.0,4,,,,,,
,,,,,14492,5.0,5,,,,,,
,,,,,14524,32.0,32,,,,,,
,,,,,14528,4.0,4,,,,,,
,,,,,14532,4.0,4,,,,,,
,,,,,14536,4.0,4,,,,,,
,,,,,14541,5.0,5,,,,,,
,,,,,14560,19.0,19,,,,,,
,,,,,14565,5.0,5,,,,,,
,,,,,14578,13.0,13,,,,,,
,,,,,14585,7.0,7,,,,,,
,,,,,14597,12.0,12,,,,,,
,,,,,14607,10.0,10,,,,,,
,,,,,14611,4.0,4,,,,,,
,,,,,14623,12.0,12,,,,,,
,,,,,14632,9.0,9,,,,,,
,,,,,14635,3.0,3,,,,,,
,,,,,14646,11.0,11,,,,,,
,,,,,14651,5.0,5,,,,,,
,,,,,14654,3.0,3,,,,,,
,,,,,14659,5.0,5,,,,,,
,,,,,14675,16.0,16,,,,,,
,,,,,14682,7.0,7,,,,,,
,,,,,14695,13.0,13,,,,,,
,,,,,14699,4.0,4,,,,,,
,,,,,14703,4.0,4,,,,,,
,,,,,14707,4.0,4,,,,,,
,,,,,14712,5.0,5,,,,,,
,,,,,14735,23.0,23,,,,,,
,,,,,14739,4.0,4,,,,,,
,,,,,14745,6.0,6,,,,,,
,,,,,14765,20.0,20,,,,,,
,,,,,14768,3.0,3,,,,,,
,,,,,14776,8.0,8,,,,,,
,,,,,14780,4.0,4,,,,,,
,,,,,14784,4.0,4,,,,,,
,,,,,14792,8.0,8,,,,,,
,,,,,14796,4.0,4,,,,,,
,,,,,14801,5.0,5,,,,,,
,,,,,14806,5.0,5,,,,,,
,,,,,14814,8.0,8,,,,,,
,,,,,14823,9.0,9,,,,,,
,,,,,14836,13.0,13,,,,,,
,,,,,14839,3.0,3,,,,,,
,,,,,14843,4.0,4,,,,,,
,,,,,14853,10.0,10,,,,,,
,,,,,14858,5.0,5,,,,,,
,,,,,14872,14.0,14,,,,,,
,,,,,14881,9.0,9,,,,,,
,,,,,14886,5.0,5,,,,,,
,,,,,14899,13.0,13,,,,,,
,,,,,14903,4.0,4,,,,,,
,,,,,14911,8.0,8,,,,,,
,,,,,14924,13.0,13,,,,,,
,,,,,14932,8.0,8,,,,,,
,,,,,14938,6.0,6,,,,,,
,,,,,14949,11.0,11,,,,,,
,,,,,14953,4.0,4,,,,,,
,,,,,14957,4.0,4,,,,,,
,,,,,14979,22.0,22,,,,,,
,,,,,14983,4.0,4,,,,,,
,,,,,14986,3.0,3,,,,,,
,,,,,14989,3.0,3,,,,,,
,,,,,14993,4.0,4,,,,,,
5.2,1.939072,8.0,3.0,5.2,15000,,,1.9650737047195435,5.104373931884766,4.918964385986328,0.0003,0.0003,0.1
,,,,,15009,16.0,16,,,,,,
,,,,,15020,11.0,11,,,,,,
,,,,,15023,3.0,3,,,,,,
,,,,,15031,8.0,8,,,,,,
,,,,,15041,10.0,10,,,,,,
,,,,,15053,12.0,12,,,,,,
,,,,,15067,14.0,14,,,,,,
,,,,,15072,5.0,5,,,,,,
,,,,,15082,10.0,10,,,,,,
,,,,,15089,7.0,7,,,,,,
,,,,,15094,5.0,5,,,,,,
,,,,,15100,6.0,6,,,,,,
,,,,,15105,5.0,5,,,,,,
,,,,,15114,9.0,9,,,,,,
,,,,,15121,7.0,7,,,,,,
,,,,,15126,5.0,5,,,,,,
,,,,,15131,5.0,5,,,,,,
,,,,,15134,3.0,3,,,,,,
,,,,,15139,5.0,5,,,,,,
,,,,,15158,19.0,19,,,,,,
,,,,,15164,6.0,6,,,,,,
,,,,,15173,9.0,9,,,,,,
,,,,,15184,11.0,11,,,,,,
,,,,,15198,14.0,14,,,,,,
,,,,,15201,3.0,3,,,,,,
,,,,,15213,12.0,12,,,,,,
,,,,,15218,5.0,5,,,,,,
,,,,,15221,3.0,3,,,,,,
,,,,,15232,11.0,11,,,,,,
,,,,,15237,5.0,5,,,,,,
,,,,,15240,3.0,3,,,,,,
,,,,,15246,6.0,6,,,,,,
,,,,,15251,5.0,5,,,,,,
,,,,,15264,13.0,13,,,,,,
,,,,,15276,12.0,12,,,,,,
,,,,,15281,5.0,5,,,,,,
,,,,,15286,5.0,5,,,,,,
,,,,,15295,9.0,9,,,,,,
,,,,,15302,7.0,7,,,,,,
,,,,,15322,20.0,20,,,,,,
,,,,,15331,9.0,9,,,,,,
,,,,,15334,3.0,3,,,,,,
,,,,,15342,8.0,8,,,,,,
,,,,,15352,10.0,10,,,,,,
,,,,,15356,4.0,4,,,,,,
,,,,,15365,9.0,9,,,,,,
,,,,,15378,13.0,13,,,,,,
,,,,,15384,6.0,6,,,,,,
,,,,,15393,9.0,9,,,,,,
,,,,,15400,7.0,7,,,,,,
,,,,,15407,7.0,7,,,,,,
,,,,,15421,14.0,14,,,,,,
,,,,,15438,17.0,17,,,,,,
,,,,,15441,3.0,3,,,,,,
,,,,,15448,7.0,7,,,,,,
,,,,,15455,7.0,7,,,,,,
,,,,,15458,3.0,3,,,,,,
,,,,,15465,7.0,7,,,,,,
,,,,,15474,9.0,9,,,,,,
,,,,,15479,5.0,5,,,,,,
,,,,,15485,6.0,6,,,,,,
,,,,,15490,5.0,5,,,,,,
,,,,,15497,7.0,7,,,,,,
,,,,,15507,10.0,10,,,,,,
,,,,,15517,10.0,10,,,,,,
,,,,,15520,3.0,3,,,,,,
,,,,,15523,3.0,3,,,,,,
,,,,,15528,5.0,5,,,,,,
,,,,,15531,3.0,3,,,,,,
,,,,,15539,8.0,8,,,,,,
,,,,,15543,4.0,4,,,,,,
,,,,,15551,8.0,8,,,,,,
,,,,,15557,6.0,6,,,,,,
,,,,,15562,5.0,5,,,,,,
,,,,,15566,4.0,4,,,,,,
,,,,,15571,5.0,5,,,,,,
,,,,,15578,7.0,7,,,,,,
,,,,,15587,9.0,9,,,,,,
,,,,,15591,4.0,4,,,,,,
,,,,,15594,3.0,3,,,,,,
,,,,,15597,3.0,3,,,,,,
,,,,,15604,7.0,7,,,,,,
,,,,,15609,5.0,5,,,,,,
,,,,,15625,16.0,16,,,,,,
,,,,,15634,9.0,9,,,,,,
,,,,,15642,8.0,8,,,,,,
,,,,,15652,10.0,10,,,,,,
,,,,,15659,7.0,7,,,,,,
,,,,,15668,9.0,9,,,,,,
,,,,,15677,9.0,9,,,,,,
,,,,,15682,5.0,5,,,,,,
,,,,,15685,3.0,3,,,,,,
,,,,,15694,9.0,9,,,,,,
,,,,,15699,5.0,5,,,,,,
,,,,,15702,3.0,3,,,,,,
,,,,,15706,4.0,4,,,,,,
,,,,,15710,4.0,4,,,,,,
,,,,,15728,18.0,18,,,,,,
,,,,,15733,5.0,5,,,,,,
,,,,,15740,7.0,7,,,,,,
,,,,,15743,3.0,3,,,,,,
,,,,,15751,8.0,8,,,,,,
,,,,,15758,7.0,7,,,,,,
,,,,,15761,3.0,3,,,,,,
,,,,,15764,3.0,3,,,,,,
,,,,,15767,3.0,3,,,,,,
,,,,,15770,3.0,3,,,,,,
,,,,,15773,3.0,3,,,,,,
,,,,,15788,15.0,15,,,,,,
,,,,,15792,4.0,4,,,,,,
,,,,,15801,9.0,9,,,,,,
,,,,,15804,3.0,3,,,,,,
,,,,,15814,10.0,10,,,,,,
,,,,,15832,18.0,18,,,,,,
,,,,,15837,5.0,5,,,,,,
,,,,,15841,4.0,4,,,,,,
,,,,,15852,11.0,11,,,,,,
,,,,,15859,7.0,7,,,,,,
,,,,,15863,4.0,4,,,,,,
,,,,,15866,3.0,3,,,,,,
,,,,,15871,5.0,5,,,,,,
,,,,,15896,25.0,25,,,,,,
,,,,,15902,6.0,6,,,,,,
,,,,,15910,8.0,8,,,,,,
,,,,,15917,7.0,7,,,,,,
,,,,,15922,5.0,5,,,,,,
,,,,,15928,6.0,6,,,,,,
,,,,,15932,4.0,4,,,,,,
,,,,,15940,8.0,8,,,,,,
,,,,,15961,21.0,21,,,,,,
,,,,,15969,8.0,8,,,,,,
,,,,,15973,4.0,4,,,,,,
,,,,,15993,20.0,20,,,,,,
,,,,,15998,5.0,5,,,,,,
,,,,,16000,,,1.9295427799224854,5.159291744232178,5.197369575500488,0.0003,0.0003,0.1
,,,,,16021,23.0,23,,,,,,
,,,,,16028,7.0,7,,,,,,
,,,,,16032,4.0,4,,,,,,
,,,,,16038,6.0,6,,,,,,
,,,,,16042,4.0,4,,,,,,
,,,,,16048,6.0,6,,,,,,
,,,,,16053,5.0,5,,,,,,
,,,,,16056,3.0,3,,,,,,
,,,,,16060,4.0,4,,,,,,
,,,,,16064,4.0,4,,,,,,
,,,,,16068,4.0,4,,,,,,
,,,,,16072,4.0,4,,,,,,
,,,,,16076,4.0,4,,,,,,
,,,,,16083,7.0,7,,,,,,
,,,,,16090,7.0,7,,,,,,
,,,,,16095,5.0,5,,,,,,
,,,,,16099,4.0,4,,,,,,
,,,,,16105,6.0,6,,,,,,
,,,,,16118,13.0,13,,,,,,
,,,,,16134,16.0,16,,,,,,
,,,,,16147,13.0,13,,,,,,
,,,,,16153,6.0,6,,,,,,
,,,,,16162,9.0,9,,,,,,
,,,,,16165,3.0,3,,,,,,
,,,,,16177,12.0,12,,,,,,
,,,,,16189,12.0,12,,,,,,
,,,,,16204,15.0,15,,,,,,
,,,,,16213,9.0,9,,,,,,
,,,,,16216,3.0,3,,,,,,
,,,,,16225,9.0,9,,,,,,
,,,,,16230,5.0,5,,,,,,
,,,,,16236,6.0,6,,,,,,
,,,,,16250,14.0,14,,,,,,
,,,,,16256,6.0,6,,,,,,
,,,,,16259,3.0,3,,,,,,
,,,,,16267,8.0,8,,,,,,
,,,,,16272,5.0,5,,,,,,
,,,,,16277,5.0,5,,,,,,
,,,,,16281,4.0,4,,,,,,
,,,,,16286,5.0,5,,,,,,
,,,,,16294,8.0,8,,,,,,
,,,,,16300,6.0,6,,,,,,
,,,,,16310,10.0,10,,,,,,
,,,,,16315,5.0,5,,,,,,
,,,,,16323,8.0,8,,,,,,
,,,,,16326,3.0,3,,,,,,
,,,,,16330,4.0,4,,,,,,
,,,,,16339,9.0,9,,,,,,
,,,,,16346,7.0,7,,,,,,
,,,,,16349,3.0,3,,,,,,
,,,,,16360,11.0,11,,,,,,
,,,,,16364,4.0,4,,,,,,
,,,,,16379,15.0,15,,,,,,
,,,,,16387,8.0,8,,,,,,
,,,,,16392,5.0,5,,,,,,
,,,,,16408,16.0,16,,,,,,
,,,,,16412,4.0,4,,,,,,
,,,,,16426,14.0,14,,,,,,
,,,,,16436,10.0,10,,,,,,
,,,,,16440,4.0,4,,,,,,
,,,,,16444,4.0,4,,,,,,
,,,,,16454,10.0,10,,,,,,
,,,,,16460,6.0,6,,,,,,
,,,,,16463,3.0,3,,,,,,
,,,,,16469,6.0,6,,,,,,
,,,,,16479,10.0,10,,,,,,
,,,,,16489,10.0,10,,,,,,
,,,,,16495,6.0,6,,,,,,
,,,,,16507,12.0,12,,,,,,
,,,,,16510,3.0,3,,,,,,
,,,,,16517,7.0,7,,,,,,
,,,,,16522,5.0,5,,,,,,
,,,,,16527,5.0,5,,,,,,
,,,,,16530,3.0,3,,,,,,
,,,,,16533,3.0,3,,,,,,
,,,,,16536,3.0,3,,,,,,
,,,,,16541,5.0,5,,,,,,
,,,,,16550,9.0,9,,,,,,
,,,,,16555,5.0,5,,,,,,
,,,,,16562,7.0,7,,,,,,
,,,,,16568,6.0,6,,,,,,
,,,,,16579,11.0,11,,,,,,
,,,,,16586,7.0,7,,,,,,
,,,,,16590,4.0,4,,,,,,
,,,,,16604,14.0,14,,,,,,
,,,,,16612,8.0,8,,,,,,
,,,,,16618,6.0,6,,,,,,
,,,,,16624,6.0,6,,,,,,
,,,,,16631,7.0,7,,,,,,
,,,,,16637,6.0,6,,,,,,
,,,,,16643,6.0,6,,,,,,
,,,,,16647,4.0,4,,,,,,
,,,,,16654,7.0,7,,,,,,
,,,,,16662,8.0,8,,,,,,
,,,,,16666,4.0,4,,,,,,
,,,,,16676,10.0,10,,,,,,
,,,,,16682,6.0,6,,,,,,
,,,,,16692,10.0,10,,,,,,
,,,,,16696,4.0,4,,,,,,
,,,,,16701,5.0,5,,,,,,
,,,,,16705,4.0,4,,,,,,
,,,,,16710,5.0,5,,,,,,
,,,,,16722,12.0,12,,,,,,
,,,,,16728,6.0,6,,,,,,
,,,,,16739,11.0,11,,,,,,
,,,,,16743,4.0,4,,,,,,
,,,,,16754,11.0,11,,,,,,
,,,,,16758,4.0,4,,,,,,
,,,,,16766,8.0,8,,,,,,
,,,,,16776,10.0,10,,,,,,
,,,,,16782,6.0,6,,,,,,
,,,,,16792,10.0,10,,,,,,
,,,,,16802,10.0,10,,,,,,
,,,,,16811,9.0,9,,,,,,
,,,,,16817,6.0,6,,,,,,
,,,,,16821,4.0,4,,,,,,
,,,,,16835,14.0,14,,,,,,
,,,,,16844,9.0,9,,,,,,
,,,,,16860,16.0,16,,,,,,
,,,,,16869,9.0,9,,,,,,
,,,,,16872,3.0,3,,,,,,
,,,,,16875,3.0,3,,,,,,
,,,,,16880,5.0,5,,,,,,
,,,,,16885,5.0,5,,,,,,
,,,,,16897,12.0,12,,,,,,
,,,,,16900,3.0,3,,,,,,
,,,,,16909,9.0,9,,,,,,
,,,,,16917,8.0,8,,,,,,
,,,,,16921,4.0,4,,,,,,
,,,,,16927,6.0,6,,,,,,
,,,,,16932,5.0,5,,,,,,
,,,,,16939,7.0,7,,,,,,
,,,,,16951,12.0,12,,,,,,
,,,,,16955,4.0,4,,,,,,
,,,,,16959,4.0,4,,,,,,
,,,,,16983,24.0,24,,,,,,
,,,,,16987,4.0,4,,,,,,
,,,,,16991,4.0,4,,,,,,
,,,,,16995,4.0,4,,,,,,
,,,,,17000,5.0,5,,,,,,
,,,,,17000,,,1.9794957637786865,4.945701599121094,5.074898719787598,0.0003,0.0003,0.1
,,,,,17003,3.0,3,,,,,,
,,,,,17013,10.0,10,,,,,,
,,,,,17018,5.0,5,,,,,,
,,,,,17021,3.0,3,,,,,,
,,,,,17024,3.0,3,,,,,,
,,,,,17028,4.0,4,,,,,,
,,,,,17037,9.0,9,,,,,,
,,,,,17042,5.0,5,,,,,,
,,,,,17046,4.0,4,,,,,,
,,,,,17052,6.0,6,,,,,,
,,,,,17056,4.0,4,,,,,,
,,,,,17059,3.0,3,,,,,,
,,,,,17065,6.0,6,,,,,,
,,,,,17077,12.0,12,,,,,,
,,,,,17080,3.0,3,,,,,,
,,,,,17084,4.0,4,,,,,,
,,,,,17087,3.0,3,,,,,,
,,,,,17091,4.0,4,,,,,,
,,,,,17097,6.0,6,,,,,,
,,,,,17106,9.0,9,,,,,,
,,,,,17113,7.0,7,,,,,,
,,,,,17131,18.0,18,,,,,,
,,,,,17135,4.0,4,,,,,,
,,,,,17139,4.0,4,,,,,,
,,,,,17147,8.0,8,,,,,,
,,,,,17152,5.0,5,,,,,,
,,,,,17162,10.0,10,,,,,,
,,,,,17178,16.0,16,,,,,,
,,,,,17185,7.0,7,,,,,,
,,,,,17194,9.0,9,,,,,,
,,,,,17200,6.0,6,,,,,,
,,,,,17205,5.0,5,,,,,,
,,,,,17209,4.0,4,,,,,,
,,,,,17216,7.0,7,,,,,,
,,,,,17219,3.0,3,,,,,,
,,,,,17225,6.0,6,,,,,,
,,,,,17228,3.0,3,,,,,,
,,,,,17231,3.0,3,,,,,,
,,,,,17237,6.0,6,,,,,,
,,,,,17242,5.0,5,,,,,,
,,,,,17252,10.0,10,,,,,,
,,,,,17260,8.0,8,,,,,,
,,,,,17265,5.0,5,,,,,,
,,,,,17269,4.0,4,,,,,,
,,,,,17283,14.0,14,,,,,,
,,,,,17294,11.0,11,,,,,,
,,,,,17306,12.0,12,,,,,,
,,,,,17309,3.0,3,,,,,,
,,,,,17313,4.0,4,,,,,,
,,,,,17319,6.0,6,,,,,,
,,,,,17325,6.0,6,,,,,,
,,,,,17329,4.0,4,,,,,,
,,,,,17334,5.0,5,,,,,,
,,,,,17342,8.0,8,,,,,,
,,,,,17354,12.0,12,,,,,,
,,,,,17360,6.0,6,,,,,,
,,,,,17363,3.0,3,,,,,,
,,,,,17367,4.0,4,,,,,,
,,,,,17378,11.0,11,,,,,,
,,,,,17381,3.0,3,,,,,,
,,,,,17387,6.0,6,,,,,,
,,,,,17391,4.0,4,,,,,,
,,,,,17396,5.0,5,,,,,,
,,,,,17400,4.0,4,,,,,,
,,,,,17404,4.0,4,,,,,,
,,,,,17411,7.0,7,,,,,,
,,,,,17414,3.0,3,,,,,,
,,,,,17422,8.0,8,,,,,,
,,,,,17428,6.0,6,,,,,,
,,,,,17432,4.0,4,,,,,,
,,,,,17436,4.0,4,,,,,,
,,,,,17439,3.0,3,,,,,,
,,,,,17449,10.0,10,,,,,,
,,,,,17454,5.0,5,,,,,,
,,,,,17458,4.0,4,,,,,,
,,,,,17464,6.0,6,,,,,,
,,,,,17469,5.0,5,,,,,,
,,,,,17472,3.0,3,,,,,,
,,,,,17477,5.0,5,,,,,,
,,,,,17482,5.0,5,,,,,,
,,,,,17485,3.0,3,,,,,,
,,,,,17489,4.0,4,,,,,,
,,,,,17497,8.0,8,,,,,,
,,,,,17509,12.0,12,,,,,,
,,,,,17521,12.0,12,,,,,,
,,,,,17532,11.0,11,,,,,,
,,,,,17541,9.0,9,,,,,,
,,,,,17546,5.0,5,,,,,,
,,,,,17562,16.0,16,,,,,,
,,,,,17567,5.0,5,,,,,,
,,,,,17572,5.0,5,,,,,,
,,,,,17575,3.0,3,,,,,,
,,,,,17581,6.0,6,,,,,,
,,,,,17587,6.0,6,,,,,,
,,,,,17590,3.0,3,,,,,,
,,,,,17596,6.0,6,,,,,,
,,,,,17602,6.0,6,,,,,,
,,,,,17606,4.0,4,,,,,,
,,,,,17610,4.0,4,,,,,,
,,,,,17625,15.0,15,,,,,,
,,,,,17633,8.0,8,,,,,,
,,,,,17641,8.0,8,,,,,,
,,,,,17652,11.0,11,,,,,,
,,,,,17669,17.0,17,,,,,,
,,,,,17676,7.0,7,,,,,,
,,,,,17682,6.0,6,,,,,,
,,,,,17691,9.0,9,,,,,,
,,,,,17695,4.0,4,,,,,,
,,,,,17700,5.0,5,,,,,,
,,,,,17703,3.0,3,,,,,,
,,,,,17708,5.0,5,,,,,,
,,,,,17712,4.0,4,,,,,,
,,,,,17721,9.0,9,,,,,,
,,,,,17725,4.0,4,,,,,,
,,,,,17730,5.0,5,,,,,,
,,,,,17741,11.0,11,,,,,,
,,,,,17744,3.0,3,,,,,,
,,,,,17750,6.0,6,,,,,,
,,,,,17754,4.0,4,,,,,,
,,,,,17764,10.0,10,,,,,,
,,,,,17769,5.0,5,,,,,,
,,,,,17772,3.0,3,,,,,,
,,,,,17778,6.0,6,,,,,,
,,,,,17791,13.0,13,,,,,,
,,,,,17808,17.0,17,,,,,,
,,,,,17813,5.0,5,,,,,,
,,,,,17820,7.0,7,,,,,,
,,,,,17828,8.0,8,,,,,,
,,,,,17833,5.0,5,,,,,,
,,,,,17840,7.0,7,,,,,,
,,,,,17843,3.0,3,,,,,,
,,,,,17846,3.0,3,,,,,,
,,,,,17855,9.0,9,,,,,,
,,,,,17860,5.0,5,,,,,,
,,,,,17863,3.0,3,,,,,,
,,,,,17868,5.0,5,,,,,,
,,,,,17877,9.0,9,,,,,,
,,,,,17885,8.0,8,,,,,,
,,,,,17890,5.0,5,,,,,,
,,,,,17894,4.0,4,,,,,,
,,,,,17897,3.0,3,,,,,,
,,,,,17906,9.0,9,,,,,,
,,,,,17911,5.0,5,,,,,,
,,,,,17914,3.0,3,,,,,,
,,,,,17919,5.0,5,,,,,,
,,,,,17923,4.0,4,,,,,,
,,,,,17935,12.0,12,,,,,,
,,,,,17938,3.0,3,,,,,,
,,,,,17941,3.0,3,,,,,,
,,,,,17946,5.0,5,,,,,,
,,,,,17950,4.0,4,,,,,,
,,,,,17958,8.0,8,,,,,,
,,,,,17965,7.0,7,,,,,,
,,,,,17968,3.0,3,,,,,,
,,,,,17972,4.0,4,,,,,,
,,,,,17986,14.0,14,,,,,,
,,,,,17990,4.0,4,,,,,,
,,,,,18000,10.0,10,,,,,,
,,,,,18000,,,1.786570429801941,4.819522857666016,4.852627754211426,0.0003,0.0003,0.1
,,,,,18007,7.0,7,,,,,,
,,,,,18011,4.0,4,,,,,,
,,,,,18015,4.0,4,,,,,,
,,,,,18025,10.0,10,,,,,,
,,,,,18035,10.0,10,,,,,,
,,,,,18051,16.0,16,,,,,,
,,,,,18054,3.0,3,,,,,,
,,,,,18058,4.0,4,,,,,,
,,,,,18064,6.0,6,,,,,,
,,,,,18072,8.0,8,,,,,,
,,,,,18077,5.0,5,,,,,,
,,,,,18081,4.0,4,,,,,,
,,,,,18088,7.0,7,,,,,,
,,,,,18092,4.0,4,,,,,,
,,,,,18096,4.0,4,,,,,,
,,,,,18100,4.0,4,,,,,,
,,,,,18113,13.0,13,,,,,,
,,,,,18127,14.0,14,,,,,,
,,,,,18132,5.0,5,,,,,,
,,,,,18138,6.0,6,,,,,,
,,,,,18147,9.0,9,,,,,,
,,,,,18155,8.0,8,,,,,,
,,,,,18158,3.0,3,,,,,,
,,,,,18169,11.0,11,,,,,,
,,,,,18173,4.0,4,,,,,,
,,,,,18201,28.0,28,,,,,,
,,,,,18205,4.0,4,,,,,,
,,,,,18211,6.0,6,,,,,,
,,,,,18220,9.0,9,,,,,,
,,,,,18224,4.0,4,,,,,,
,,,,,18227,3.0,3,,,,,,
,,,,,18230,3.0,3,,,,,,
,,,,,18235,5.0,5,,,,,,
,,,,,18243,8.0,8,,,,,,
,,,,,18248,5.0,5,,,,,,
,,,,,18252,4.0,4,,,,,,
,,,,,18257,5.0,5,,,,,,
,,,,,18270,13.0,13,,,,,,
,,,,,18275,5.0,5,,,,,,
,,,,,18279,4.0,4,,,,,,
,,,,,18286,7.0,7,,,,,,
,,,,,18291,5.0,5,,,,,,
,,,,,18304,13.0,13,,,,,,
,,,,,18308,4.0,4,,,,,,
,,,,,18316,8.0,8,,,,,,
,,,,,18324,8.0,8,,,,,,
,,,,,18328,4.0,4,,,,,,
,,,,,18338,10.0,10,,,,,,
,,,,,18341,3.0,3,,,,,,
,,,,,18346,5.0,5,,,,,,
,,,,,18352,6.0,6,,,,,,
,,,,,18383,31.0,31,,,,,,
,,,,,18386,3.0,3,,,,,,
,,,,,18404,18.0,18,,,,,,
,,,,,18411,7.0,7,,,,,,
,,,,,18423,12.0,12,,,,,,
,,,,,18429,6.0,6,,,,,,
,,,,,18434,5.0,5,,,,,,
,,,,,18447,13.0,13,,,,,,
,,,,,18451,4.0,4,,,,,,
,,,,,18463,12.0,12,,,,,,
,,,,,18469,6.0,6,,,,,,
,,,,,18476,7.0,7,,,,,,
,,,,,18482,6.0,6,,,,,,
,,,,,18493,11.0,11,,,,,,
,,,,,18497,4.0,4,,,,,,
,,,,,18503,6.0,6,,,,,,
,,,,,18509,6.0,6,,,,,,
,,,,,18520,11.0,11,,,,,,
,,,,,18527,7.0,7,,,,,,
,,,,,18530,3.0,3,,,,,,
,,,,,18539,9.0,9,,,,,,
,,,,,18543,4.0,4,,,,,,
,,,,,18548,5.0,5,,,,,,
,,,,,18554,6.0,6,,,,,,
,,,,,18560,6.0,6,,,,,,
,,,,,18570,10.0,10,,,,,,
,,,,,18577,7.0,7,,,,,,
,,,,,18580,3.0,3,,,,,,
,,,,,18587,7.0,7,,,,,,
,,,,,18592,5.0,5,,,,,,
,,,,,18596,4.0,4,,,,,,
,,,,,18599,3.0,3,,,,,,
,,,,,18602,3.0,3,,,,,,
,,,,,18606,4.0,4,,,,,,
,,,,,18611,5.0,5,,,,,,
,,,,,18615,4.0,4,,,,,,
,,,,,18620,5.0,5,,,,,,
,,,,,18625,5.0,5,,,,,,
,,,,,18631,6.0,6,,,,,,
,,,,,18634,3.0,3,,,,,,
,,,,,18637,3.0,3,,,,,,
,,,,,18653,16.0,16,,,,,,
,,,,,18656,3.0,3,,,,,,
,,,,,18666,10.0,10,,,,,,
,,,,,18677,11.0,11,,,,,,
,,,,,18682,5.0,5,,,,,,
,,,,,18686,4.0,4,,,,,,
,,,,,18696,10.0,10,,,,,,
,,,,,18699,3.0,3,,,,,,
,,,,,18702,3.0,3,,,,,,
,,,,,18705,3.0,3,,,,,,
,,,,,18711,6.0,6,,,,,,
,,,,,18718,7.0,7,,,,,,
,,,,,18723,5.0,5,,,,,,
,,,,,18726,3.0,3,,,,,,
,,,,,18737,11.0,11,,,,,,
,,,,,18754,17.0,17,,,,,,
,,,,,18759,5.0,5,,,,,,
,,,,,18766,7.0,7,,,,,,
,,,,,18775,9.0,9,,,,,,
,,,,,18781,6.0,6,,,,,,
,,,,,18785,4.0,4,,,,,,
,,,,,18805,20.0,20,,,,,,
,,,,,18809,4.0,4,,,,,,
,,,,,18817,8.0,8,,,,,,
,,,,,18827,10.0,10,,,,,,
,,,,,18837,10.0,10,,,,,,
,,,,,18841,4.0,4,,,,,,
,,,,,18845,4.0,4,,,,,,
,,,,,18854,9.0,9,,,,,,
,,,,,18859,5.0,5,,,,,,
,,,,,18862,3.0,3,,,,,,
,,,,,18874,12.0,12,,,,,,
,,,,,18880,6.0,6,,,,,,
,,,,,18889,9.0,9,,,,,,
,,,,,18900,11.0,11,,,,,,
,,,,,18904,4.0,4,,,,,,
,,,,,18915,11.0,11,,,,,,
,,,,,18918,3.0,3,,,,,,
,,,,,18921,3.0,3,,,,,,
,,,,,18927,6.0,6,,,,,,
,,,,,18936,9.0,9,,,,,,
,,,,,18939,3.0,3,,,,,,
,,,,,18944,5.0,5,,,,,,
,,,,,18957,13.0,13,,,,,,
,,,,,18963,6.0,6,,,,,,
,,,,,18977,14.0,14,,,,,,
,,,,,18982,5.0,5,,,,,,
,,,,,18997,15.0,15,,,,,,
,,,,,19000,3.0,3,,,,,,
,,,,,19000,,,1.997448444366455,4.737448215484619,4.633286476135254,0.0003,0.0003,0.1
,,,,,19003,3.0,3,,,,,,
,,,,,19007,4.0,4,,,,,,
,,,,,19015,8.0,8,,,,,,
,,,,,19018,3.0,3,,,,,,
,,,,,19022,4.0,4,,,,,,
,,,,,19032,10.0,10,,,,,,
,,,,,19037,5.0,5,,,,,,
,,,,,19047,10.0,10,,,,,,
,,,,,19050,3.0,3,,,,,,
,,,,,19062,12.0,12,,,,,,
,,,,,19075,13.0,13,,,,,,
,,,,,19090,15.0,15,,,,,,
,,,,,19095,5.0,5,,,,,,
,,,,,19098,3.0,3,,,,,,
,,,,,19107,9.0,9,,,,,,
,,,,,19113,6.0,6,,,,,,
,,,,,19120,7.0,7,,,,,,
,,,,,19123,3.0,3,,,,,,
,,,,,19130,7.0,7,,,,,,
,,,,,19133,3.0,3,,,,,,
,,,,,19140,7.0,7,,,,,,
,,,,,19150,10.0,10,,,,,,
,,,,,19167,17.0,17,,,,,,
,,,,,19173,6.0,6,,,,,,
,,,,,19177,4.0,4,,,,,,
,,,,,19182,5.0,5,,,,,,
,,,,,19187,5.0,5,,,,,,
,,,,,19201,14.0,14,,,,,,
,,,,,19204,3.0,3,,,,,,
,,,,,19213,9.0,9,,,,,,
,,,,,19235,22.0,22,,,,,,
,,,,,19240,5.0,5,,,,,,
,,,,,19256,16.0,16,,,,,,
,,,,,19260,4.0,4,,,,,,
,,,,,19264,4.0,4,,,,,,
,,,,,19270,6.0,6,,,,,,
,,,,,19277,7.0,7,,,,,,
,,,,,19283,6.0,6,,,,,,
,,,,,19287,4.0,4,,,,,,
,,,,,19293,6.0,6,,,,,,
,,,,,19296,3.0,3,,,,,,
,,,,,19304,8.0,8,,,,,,
,,,,,19310,6.0,6,,,,,,
,,,,,19318,8.0,8,,,,,,
,,,,,19324,6.0,6,,,,,,
,,,,,19332,8.0,8,,,,,,
,,,,,19335,3.0,3,,,,,,
,,,,,19339,4.0,4,,,,,,
,,,,,19342,3.0,3,,,,,,
,,,,,19356,14.0,14,,,,,,
,,,,,19359,3.0,3,,,,,,
,,,,,19363,4.0,4,,,,,,
,,,,,19374,11.0,11,,,,,,
,,,,,19385,11.0,11,,,,,,
,,,,,19398,13.0,13,,,,,,
,,,,,19401,3.0,3,,,,,,
,,,,,19410,9.0,9,,,,,,
,,,,,19418,8.0,8,,,,,,
,,,,,19425,7.0,7,,,,,,
,,,,,19430,5.0,5,,,,,,
,,,,,19434,4.0,4,,,,,,
,,,,,19439,5.0,5,,,,,,
,,,,,19442,3.0,3,,,,,,
,,,,,19454,12.0,12,,,,,,
,,,,,19466,12.0,12,,,,,,
,,,,,19470,4.0,4,,,,,,
,,,,,19480,10.0,10,,,,,,
,,,,,19484,4.0,4,,,,,,
,,,,,19487,3.0,3,,,,,,
,,,,,19494,7.0,7,,,,,,
,,,,,19509,15.0,15,,,,,,
,,,,,19519,10.0,10,,,,,,
,,,,,19522,3.0,3,,,,,,
,,,,,19529,7.0,7,,,,,,
,,,,,19534,5.0,5,,,,,,
,,,,,19540,6.0,6,,,,,,
,,,,,19546,6.0,6,,,,,,
,,,,,19554,8.0,8,,,,,,
,,,,,19563,9.0,9,,,,,,
,,,,,19569,6.0,6,,,,,,
,,,,,19577,8.0,8,,,,,,
,,,,,19584,7.0,7,,,,,,
,,,,,19588,4.0,4,,,,,,
,,,,,19596,8.0,8,,,,,,
,,,,,19601,5.0,5,,,,,,
,,,,,19606,5.0,5,,,,,,
,,,,,19610,4.0,4,,,,,,
,,,,,19613,3.0,3,,,,,,
,,,,,19619,6.0,6,,,,,,
,,,,,19622,3.0,3,,,,,,
,,,,,19626,4.0,4,,,,,,
,,,,,19636,10.0,10,,,,,,
,,,,,19645,9.0,9,,,,,,
,,,,,19649,4.0,4,,,,,,
,,,,,19652,3.0,3,,,,,,
,,,,,19655,3.0,3,,,,,,
,,,,,19663,8.0,8,,,,,,
,,,,,19670,7.0,7,,,,,,
,,,,,19673,3.0,3,,,,,,
,,,,,19676,3.0,3,,,,,,
,,,,,19685,9.0,9,,,,,,
,,,,,19690,5.0,5,,,,,,
,,,,,19697,7.0,7,,,,,,
,,,,,19705,8.0,8,,,,,,
,,,,,19711,6.0,6,,,,,,
,,,,,19714,3.0,3,,,,,,
,,,,,19717,3.0,3,,,,,,
,,,,,19723,6.0,6,,,,,,
,,,,,19742,19.0,19,,,,,,
,,,,,19747,5.0,5,,,,,,
,,,,,19750,3.0,3,,,,,,
,,,,,19755,5.0,5,,,,,,
,,,,,19772,17.0,17,,,,,,
,,,,,19777,5.0,5,,,,,,
,,,,,19781,4.0,4,,,,,,
,,,,,19793,12.0,12,,,,,,
,,,,,19799,6.0,6,,,,,,
,,,,,19802,3.0,3,,,,,,
,,,,,19809,7.0,7,,,,,,
,,,,,19813,4.0,4,,,,,,
,,,,,19818,5.0,5,,,,,,
,,,,,19821,3.0,3,,,,,,
,,,,,19826,5.0,5,,,,,,
,,,,,19830,4.0,4,,,,,,
,,,,,19833,3.0,3,,,,,,
,,,,,19838,5.0,5,,,,,,
,,,,,19849,11.0,11,,,,,,
,,,,,19868,19.0,19,,,,,,
,,,,,19873,5.0,5,,,,,,
,,,,,19876,3.0,3,,,,,,
,,,,,19880,4.0,4,,,,,,
,,,,,19884,4.0,4,,,,,,
,,,,,19892,8.0,8,,,,,,
,,,,,19896,4.0,4,,,,,,
,,,,,19905,9.0,9,,,,,,
,,,,,19925,20.0,20,,,,,,
,,,,,19932,7.0,7,,,,,,
,,,,,19937,5.0,5,,,,,,
,,,,,19940,3.0,3,,,,,,
,,,,,19947,7.0,7,,,,,,
,,,,,19952,5.0,5,,,,,,
,,,,,19957,5.0,5,,,,,,
,,,,,19967,10.0,10,,,,,,
,,,,,19972,5.0,5,,,,,,
,,,,,19976,4.0,4,,,,,,
,,,,,19979,3.0,3,,,,,,
,,,,,19983,4.0,4,,,,,,
,,,,,19990,7.0,7,,,,,,
,,,,,19995,5.0,5,,,,,,
9.1,4.3692102,16.0,4.0,9.1,20000,,,1.7477868795394897,4.829639911651611,4.862746238708496,0.0003,0.0003,0.1
,,,,,20002,7.0,7,,,,,,
,,,,,20007,5.0,5,,,,,,
,,,,,20013,6.0,6,,,,,,
,,,,,20016,3.0,3,,,,,,
,,,,,20024,8.0,8,,,,,,
,,,,,20029,5.0,5,,,,,,
,,,,,20038,9.0,9,,,,,,
,,,,,20043,5.0,5,,,,,,
,,,,,20049,6.0,6,,,,,,
,,,,,20052,3.0,3,,,,,,
,,,,,20056,4.0,4,,,,,,
,,,,,20063,7.0,7,,,,,,
,,,,,20066,3.0,3,,,,,,
,,,,,20076,10.0,10,,,,,,
,,,,,20079,3.0,3,,,,,,
,,,,,20084,5.0,5,,,,,,
,,,,,20087,3.0,3,,,,,,
,,,,,20106,19.0,19,,,,,,
,,,,,20122,16.0,16,,,,,,
,,,,,20129,7.0,7,,,,,,
,,,,,20145,16.0,16,,,,,,
,,,,,20153,8.0,8,,,,,,
,,,,,20163,10.0,10,,,,,,
,,,,,20169,6.0,6,,,,,,
,,,,,20174,5.0,5,,,,,,
,,,,,20184,10.0,10,,,,,,
,,,,,20189,5.0,5,,,,,,
,,,,,20192,3.0,3,,,,,,
,,,,,20195,3.0,3,,,,,,
,,,,,20202,7.0,7,,,,,,
,,,,,20212,10.0,10,,,,,,
,,,,,20222,10.0,10,,,,,,
,,,,,20236,14.0,14,,,,,,
,,,,,20240,4.0,4,,,,,,
,,,,,20256,16.0,16,,,,,,
,,,,,20263,7.0,7,,,,,,
,,,,,20266,3.0,3,,,,,,
,,,,,20269,3.0,3,,,,,,
,,,,,20273,4.0,4,,,,,,
,,,,,20282,9.0,9,,,,,,
,,,,,20288,6.0,6,,,,,,
,,,,,20300,12.0,12,,,,,,
,,,,,20303,3.0,3,,,,,,
,,,,,20306,3.0,3,,,,,,
,,,,,20312,6.0,6,,,,,,
,,,,,20316,4.0,4,,,,,,
,,,,,20320,4.0,4,,,,,,
,,,,,20325,5.0,5,,,,,,
,,,,,20339,14.0,14,,,,,,
,,,,,20343,4.0,4,,,,,,
,,,,,20351,8.0,8,,,,,,
,,,,,20358,7.0,7,,,,,,
,,,,,20364,6.0,6,,,,,,
,,,,,20372,8.0,8,,,,,,
,,,,,20375,3.0,3,,,,,,
,,,,,20382,7.0,7,,,,,,
,,,,,20386,4.0,4,,,,,,
,,,,,20406,20.0,20,,,,,,
,,,,,20412,6.0,6,,,,,,
,,,,,20417,5.0,5,,,,,,
,,,,,20433,16.0,16,,,,,,
,,,,,20437,4.0,4,,,,,,
,,,,,20445,8.0,8,,,,,,
,,,,,20466,21.0,21,,,,,,
,,,,,20473,7.0,7,,,,,,
,,,,,20477,4.0,4,,,,,,
,,,,,20496,19.0,19,,,,,,
,,,,,20501,5.0,5,,,,,,
,,,,,20505,4.0,4,,,,,,
,,,,,20508,3.0,3,,,,,,
,,,,,20511,3.0,3,,,,,,
,,,,,20515,4.0,4,,,,,,
,,,,,20519,4.0,4,,,,,,
,,,,,20535,16.0,16,,,,,,
,,,,,20547,12.0,12,,,,,,
,,,,,20551,4.0,4,,,,,,
,,,,,20554,3.0,3,,,,,,
,,,,,20561,7.0,7,,,,,,
,,,,,20566,5.0,5,,,,,,
,,,,,20577,11.0,11,,,,,,
,,,,,20591,14.0,14,,,,,,
,,,,,20603,12.0,12,,,,,,
,,,,,20615,12.0,12,,,,,,
,,,,,20619,4.0,4,,,,,,
,,,,,20622,3.0,3,,,,,,
,,,,,20628,6.0,6,,,,,,
,,,,,20637,9.0,9,,,,,,
,,,,,20641,4.0,4,,,,,,
,,,,,20648,7.0,7,,,,,,
,,,,,20651,3.0,3,,,,,,
,,,,,20655,4.0,4,,,,,,
,,,,,20663,8.0,8,,,,,,
,,,,,20666,3.0,3,,,,,,
,,,,,20670,4.0,4,,,,,,
,,,,,20674,4.0,4,,,,,,
,,,,,20678,4.0,4,,,,,,
,,,,,20686,8.0,8,,,,,,
,,,,,20693,7.0,7,,,,,,
,,,,,20702,9.0,9,,,,,,
,,,,,20705,3.0,3,,,,,,
,,,,,20711,6.0,6,,,,,,
,,,,,20718,7.0,7,,,,,,
,,,,,20723,5.0,5,,,,,,
,,,,,20730,7.0,7,,,,,,
,,,,,20740,10.0,10,,,,,,
,,,,,20746,6.0,6,,,,,,
,,,,,20751,5.0,5,,,,,,
,,,,,20755,4.0,4,,,,,,
,,,,,20762,7.0,7,,,,,,
,,,,,20765,3.0,3,,,,,,
,,,,,20772,7.0,7,,,,,,
,,,,,20779,7.0,7,,,,,,
,,,,,20784,5.0,5,,,,,,
,,,,,20788,4.0,4,,,,,,
,,,,,20793,5.0,5,,,,,,
,,,,,20798,5.0,5,,,,,,
,,,,,20807,9.0,9,,,,,,
,,,,,20811,4.0,4,,,,,,
,,,,,20828,17.0,17,,,,,,
,,,,,20833,5.0,5,,,,,,
,,,,,20838,5.0,5,,,,,,
,,,,,20842,4.0,4,,,,,,
,,,,,20846,4.0,4,,,,,,
,,,,,20851,5.0,5,,,,,,
,,,,,20855,4.0,4,,,,,,
,,,,,20859,4.0,4,,,,,,
,,,,,20864,5.0,5,,,,,,
,,,,,20876,12.0,12,,,,,,
,,,,,20880,4.0,4,,,,,,
,,,,,20894,14.0,14,,,,,,
,,,,,20898,4.0,4,,,,,,
,,,,,20902,4.0,4,,,,,,
,,,,,20909,7.0,7,,,,,,
,,,,,20917,8.0,8,,,,,,
,,,,,20922,5.0,5,,,,,,
,,,,,20930,8.0,8,,,,,,
,,,,,20936,6.0,6,,,,,,
,,,,,20939,3.0,3,,,,,,
,,,,,20942,3.0,3,,,,,,
,,,,,20949,7.0,7,,,,,,
,,,,,20952,3.0,3,,,,,,
,,,,,20962,10.0,10,,,,,,
,,,,,20968,6.0,6,,,,,,
,,,,,20977,9.0,9,,,,,,
,,,,,20981,4.0,4,,,,,,
,,,,,20998,17.0,17,,,,,,
,,,,,21000,,,2.264951467514038,4.936056613922119,4.86991024017334,0.0003,0.0003,0.1
,,,,,21010,12.0,12,,,,,,
,,,,,21019,9.0,9,,,,,,
,,,,,21034,15.0,15,,,,,,
,,,,,21037,3.0,3,,,,,,
,,,,,21040,3.0,3,,,,,,
,,,,,21053,13.0,13,,,,,,
,,,,,21057,4.0,4,,,,,,
,,,,,21060,3.0,3,,,,,,
,,,,,21072,12.0,12,,,,,,
,,,,,21075,3.0,3,,,,,,
,,,,,21081,6.0,6,,,,,,
,,,,,21089,8.0,8,,,,,,
,,,,,21097,8.0,8,,,,,,
,,,,,21101,4.0,4,,,,,,
,,,,,21118,17.0,17,,,,,,
,,,,,21125,7.0,7,,,,,,
,,,,,21132,7.0,7,,,,,,
,,,,,21140,8.0,8,,,,,,
,,,,,21145,5.0,5,,,,,,
,,,,,21152,7.0,7,,,,,,
,,,,,21158,6.0,6,,,,,,
,,,,,21163,5.0,5,,,,,,
,,,,,21171,8.0,8,,,,,,
,,,,,21175,4.0,4,,,,,,
,,,,,21182,7.0,7,,,,,,
,,,,,21192,10.0,10,,,,,,
,,,,,21198,6.0,6,,,,,,
,,,,,21204,6.0,6,,,,,,
,,,,,21209,5.0,5,,,,,,
,,,,,21214,5.0,5,,,,,,
,,,,,21233,19.0,19,,,,,,
,,,,,21236,3.0,3,,,,,,
,,,,,21240,4.0,4,,,,,,
,,,,,21245,5.0,5,,,,,,
,,,,,21265,20.0,20,,,,,,
,,,,,21272,7.0,7,,,,,,
,,,,,21277,5.0,5,,,,,,
,,,,,21297,20.0,20,,,,,,
,,,,,21304,7.0,7,,,,,,
,,,,,21310,6.0,6,,,,,,
,,,,,21315,5.0,5,,,,,,
,,,,,21321,6.0,6,,,,,,
,,,,,21327,6.0,6,,,,,,
,,,,,21337,10.0,10,,,,,,
,,,,,21341,4.0,4,,,,,,
,,,,,21344,3.0,3,,,,,,
,,,,,21352,8.0,8,,,,,,
,,,,,21358,6.0,6,,,,,,
,,,,,21364,6.0,6,,,,,,
,,,,,21368,4.0,4,,,,,,
,,,,,21375,7.0,7,,,,,,
,,,,,21385,10.0,10,,,,,,
,,,,,21395,10.0,10,,,,,,
,,,,,21401,6.0,6,,,,,,
,,,,,21405,4.0,4,,,,,,
,,,,,21409,4.0,4,,,,,,
,,,,,21420,11.0,11,,,,,,
,,,,,21430,10.0,10,,,,,,
,,,,,21433,3.0,3,,,,,,
,,,,,21439,6.0,6,,,,,,
,,,,,21444,5.0,5,,,,,,
,,,,,21448,4.0,4,,,,,,
,,,,,21451,3.0,3,,,,,,
,,,,,21459,8.0,8,,,,,,
,,,,,21465,6.0,6,,,,,,
,,,,,21469,4.0,4,,,,,,
,,,,,21473,4.0,4,,,,,,
,,,,,21478,5.0,5,,,,,,
,,,,,21488,10.0,10,,,,,,
,,,,,21492,4.0,4,,,,,,
,,,,,21506,14.0,14,,,,,,
,,,,,21510,4.0,4,,,,,,
,,,,,21526,16.0,16,,,,,,
,,,,,21535,9.0,9,,,,,,
,,,,,21541,6.0,6,,,,,,
,,,,,21545,4.0,4,,,,,,
,,,,,21549,4.0,4,,,,,,
,,,,,21559,10.0,10,,,,,,
,,,,,21563,4.0,4,,,,,,
,,,,,21567,4.0,4,,,,,,
,,,,,21578,11.0,11,,,,,,
,,,,,21582,4.0,4,,,,,,
,,,,,21586,4.0,4,,,,,,
,,,,,21597,11.0,11,,,,,,
,,,,,21600,3.0,3,,,,,,
,,,,,21608,8.0,8,,,,,,
,,,,,21627,19.0,19,,,,,,
,,,,,21631,4.0,4,,,,,,
,,,,,21634,3.0,3,,,,,,
,,,,,21638,4.0,4,,,,,,
,,,,,21661,23.0,23,,,,,,
,,,,,21666,5.0,5,,,,,,
,,,,,21670,4.0,4,,,,,,
,,,,,21682,12.0,12,,,,,,
,,,,,21687,5.0,5,,,,,,
,,,,,21690,3.0,3,,,,,,
,,,,,21697,7.0,7,,,,,,
,,,,,21703,6.0,6,,,,,,
,,,,,21711,8.0,8,,,,,,
,,,,,21717,6.0,6,,,,,,
,,,,,21722,5.0,5,,,,,,
,,,,,21725,3.0,3,,,,,,
,,,,,21732,7.0,7,,,,,,
,,,,,21736,4.0,4,,,,,,
,,,,,21741,5.0,5,,,,,,
,,,,,21745,4.0,4,,,,,,
,,,,,21748,3.0,3,,,,,,
,,,,,21756,8.0,8,,,,,,
,,,,,21759,3.0,3,,,,,,
,,,,,21768,9.0,9,,,,,,
,,,,,21773,5.0,5,,,,,,
,,,,,21778,5.0,5,,,,,,
,,,,,21782,4.0,4,,,,,,
,,,,,21786,4.0,4,,,,,,
,,,,,21789,3.0,3,,,,,,
,,,,,21792,3.0,3,,,,,,
,,,,,21797,5.0,5,,,,,,
,,,,,21802,5.0,5,,,,,,
,,,,,21811,9.0,9,,,,,,
,,,,,21822,11.0,11,,,,,,
,,,,,21843,21.0,21,,,,,,
,,,,,21850,7.0,7,,,,,,
,,,,,21853,3.0,3,,,,,,
,,,,,21862,9.0,9,,,,,,
,,,,,21865,3.0,3,,,,,,
,,,,,21873,8.0,8,,,,,,
,,,,,21878,5.0,5,,,,,,
,,,,,21884,6.0,6,,,,,,
,,,,,21890,6.0,6,,,,,,
,,,,,21893,3.0,3,,,,,,
,,,,,21908,15.0,15,,,,,,
,,,,,21915,7.0,7,,,,,,
,,,,,21924,9.0,9,,,,,,
,,,,,21928,4.0,4,,,,,,
,,,,,21931,3.0,3,,,,,,
,,,,,21936,5.0,5,,,,,,
,,,,,21946,10.0,10,,,,,,
,,,,,21969,23.0,23,,,,,,
,,,,,21977,8.0,8,,,,,,
,,,,,21984,7.0,7,,,,,,
,,,,,21988,4.0,4,,,,,,
,,,,,21994,6.0,6,,,,,,
,,,,,22000,,,1.9414026737213135,5.17857551574707,5.082778453826904,0.0003,0.0003,0.1
,,,,,22006,12.0,12,,,,,,
,,,,,22009,3.0,3,,,,,,
,,,,,22014,5.0,5,,,,,,
,,,,,22019,5.0,5,,,,,,
,,,,,22025,6.0,6,,,,,,
,,,,,22029,4.0,4,,,,,,
,,,,,22032,3.0,3,,,,,,
,,,,,22039,7.0,7,,,,,,
,,,,,22042,3.0,3,,,,,,
,,,,,22051,9.0,9,,,,,,
,,,,,22062,11.0,11,,,,,,
,,,,,22067,5.0,5,,,,,,
,,,,,22070,3.0,3,,,,,,
,,,,,22073,3.0,3,,,,,,
,,,,,22076,3.0,3,,,,,,
,,,,,22085,9.0,9,,,,,,
,,,,,22091,6.0,6,,,,,,
,,,,,22096,5.0,5,,,,,,
,,,,,22106,10.0,10,,,,,,
,,,,,22109,3.0,3,,,,,,
,,,,,22124,15.0,15,,,,,,
,,,,,22146,22.0,22,,,,,,
,,,,,22149,3.0,3,,,,,,
,,,,,22168,19.0,19,,,,,,
,,,,,22173,5.0,5,,,,,,
,,,,,22182,9.0,9,,,,,,
,,,,,22194,12.0,12,,,,,,
,,,,,22197,3.0,3,,,,,,
,,,,,22202,5.0,5,,,,,,
,,,,,22208,6.0,6,,,,,,
,,,,,22213,5.0,5,,,,,,
,,,,,22219,6.0,6,,,,,,
,,,,,22226,7.0,7,,,,,,
,,,,,22237,11.0,11,,,,,,
,,,,,22242,5.0,5,,,,,,
,,,,,22251,9.0,9,,,,,,
,,,,,22254,3.0,3,,,,,,
,,,,,22258,4.0,4,,,,,,
,,,,,22265,7.0,7,,,,,,
,,,,,22272,7.0,7,,,,,,
,,,,,22288,16.0,16,,,,,,
,,,,,22292,4.0,4,,,,,,
,,,,,22299,7.0,7,,,,,,
,,,,,22303,4.0,4,,,,,,
,,,,,22310,7.0,7,,,,,,
,,,,,22318,8.0,8,,,,,,
,,,,,22337,19.0,19,,,,,,
,,,,,22340,3.0,3,,,,,,
,,,,,22344,4.0,4,,,,,,
,,,,,22348,4.0,4,,,,,,
,,,,,22354,6.0,6,,,,,,
,,,,,22358,4.0,4,,,,,,
,,,,,22364,6.0,6,,,,,,
,,,,,22367,3.0,3,,,,,,
,,,,,22374,7.0,7,,,,,,
,,,,,22379,5.0,5,,,,,,
,,,,,22385,6.0,6,,,,,,
,,,,,22393,8.0,8,,,,,,
,,,,,22403,10.0,10,,,,,,
,,,,,22412,9.0,9,,,,,,
,,,,,22416,4.0,4,,,,,,
,,,,,22421,5.0,5,,,,,,
,,,,,22428,7.0,7,,,,,,
,,,,,22435,7.0,7,,,,,,
,,,,,22446,11.0,11,,,,,,
,,,,,22450,4.0,4,,,,,,
,,,,,22454,4.0,4,,,,,,
,,,,,22462,8.0,8,,,,,,
,,,,,22469,7.0,7,,,,,,
,,,,,22474,5.0,5,,,,,,
,,,,,22478,4.0,4,,,,,,
,,,,,22483,5.0,5,,,,,,
,,,,,22489,6.0,6,,,,,,
,,,,,22496,7.0,7,,,,,,
,,,,,22519,23.0,23,,,,,,
,,,,,22526,7.0,7,,,,,,
,,,,,22530,4.0,4,,,,,,
,,,,,22535,5.0,5,,,,,,
,,,,,22541,6.0,6,,,,,,
,,,,,22546,5.0,5,,,,,,
,,,,,22552,6.0,6,,,,,,
,,,,,22559,7.0,7,,,,,,
,,,,,22564,5.0,5,,,,,,
,,,,,22575,11.0,11,,,,,,
,,,,,22581,6.0,6,,,,,,
,,,,,22594,13.0,13,,,,,,
,,,,,22605,11.0,11,,,,,,
,,,,,22617,12.0,12,,,,,,
,,,,,22622,5.0,5,,,,,,
,,,,,22626,4.0,4,,,,,,
,,,,,22629,3.0,3,,,,,,
,,,,,22634,5.0,5,,,,,,
,,,,,22650,16.0,16,,,,,,
,,,,,22656,6.0,6,,,,,,
,,,,,22659,3.0,3,,,,,,
,,,,,22663,4.0,4,,,,,,
,,,,,22673,10.0,10,,,,,,
,,,,,22680,7.0,7,,,,,,
,,,,,22684,4.0,4,,,,,,
,,,,,22687,3.0,3,,,,,,
,,,,,22692,5.0,5,,,,,,
,,,,,22696,4.0,4,,,,,,
,,,,,22700,4.0,4,,,,,,
,,,,,22712,12.0,12,,,,,,
,,,,,22715,3.0,3,,,,,,
,,,,,22720,5.0,5,,,,,,
,,,,,22727,7.0,7,,,,,,
,,,,,22736,9.0,9,,,,,,
,,,,,22739,3.0,3,,,,,,
,,,,,22743,4.0,4,,,,,,
,,,,,22757,14.0,14,,,,,,
,,,,,22760,3.0,3,,,,,,
,,,,,22764,4.0,4,,,,,,
,,,,,22779,15.0,15,,,,,,
,,,,,22785,6.0,6,,,,,,
,,,,,22789,4.0,4,,,,,,
,,,,,22793,4.0,4,,,,,,
,,,,,22796,3.0,3,,,,,,
,,,,,22802,6.0,6,,,,,,
,,,,,22810,8.0,8,,,,,,
,,,,,22825,15.0,15,,,,,,
,,,,,22829,4.0,4,,,,,,
,,,,,22836,7.0,7,,,,,,
,,,,,22842,6.0,6,,,,,,
,,,,,22846,4.0,4,,,,,,
,,,,,22856,10.0,10,,,,,,
,,,,,22859,3.0,3,,,,,,
,,,,,22872,13.0,13,,,,,,
,,,,,22875,3.0,3,,,,,,
,,,,,22881,6.0,6,,,,,,
,,,,,22890,9.0,9,,,,,,
,,,,,22896,6.0,6,,,,,,
,,,,,22902,6.0,6,,,,,,
,,,,,22906,4.0,4,,,,,,
,,,,,22913,7.0,7,,,,,,
,,,,,22916,3.0,3,,,,,,
,,,,,22927,11.0,11,,,,,,
,,,,,22933,6.0,6,,,,,,
,,,,,22947,14.0,14,,,,,,
,,,,,22963,16.0,16,,,,,,
,,,,,22966,3.0,3,,,,,,
,,,,,22981,15.0,15,,,,,,
,,,,,22989,8.0,8,,,,,,
,,,,,22993,4.0,4,,,,,,
,,,,,22999,6.0,6,,,,,,
,,,,,23000,,,1.7191922664642334,5.024803161621094,5.165587902069092,0.0003,0.0003,0.1
,,,,,23004,5.0,5,,,,,,
,,,,,23012,8.0,8,,,,,,
,,,,,23016,4.0,4,,,,,,
,,,,,23021,5.0,5,,,,,,
,,,,,23025,4.0,4,,,,,,
,,,,,23029,4.0,4,,,,,,
,,,,,23033,4.0,4,,,,,,
,,,,,23047,14.0,14,,,,,,
,,,,,23050,3.0,3,,,,,,
,,,,,23054,4.0,4,,,,,,
,,,,,23058,4.0,4,,,,,,
,,,,,23063,5.0,5,,,,,,
,,,,,23066,3.0,3,,,,,,
,,,,,23070,4.0,4,,,,,,
,,,,,23085,15.0,15,,,,,,
,,,,,23089,4.0,4,,,,,,
,,,,,23099,10.0,10,,,,,,
,,,,,23104,5.0,5,,,,,,
,,,,,23107,3.0,3,,,,,,
,,,,,23116,9.0,9,,,,,,
,,,,,23120,4.0,4,,,,,,
,,,,,23123,3.0,3,,,,,,
,,,,,23126,3.0,3,,,,,,
,,,,,23131,5.0,5,,,,,,
,,,,,23139,8.0,8,,,,,,
,,,,,23143,4.0,4,,,,,,
,,,,,23149,6.0,6,,,,,,
,,,,,23159,10.0,10,,,,,,
,,,,,23168,9.0,9,,,,,,
,,,,,23173,5.0,5,,,,,,
,,,,,23177,4.0,4,,,,,,
,,,,,23185,8.0,8,,,,,,
,,,,,23195,10.0,10,,,,,,
,,,,,23200,5.0,5,,,,,,
,,,,,23206,6.0,6,,,,,,
,,,,,23210,4.0,4,,,,,,
,,,,,23213,3.0,3,,,,,,
,,,,,23220,7.0,7,,,,,,
,,,,,23224,4.0,4,,,,,,
,,,,,23235,11.0,11,,,,,,
,,,,,23245,10.0,10,,,,,,
,,,,,23253,8.0,8,,,,,,
,,,,,23258,5.0,5,,,,,,
,,,,,23262,4.0,4,,,,,,
,,,,,23268,6.0,6,,,,,,
,,,,,23272,4.0,4,,,,,,
,,,,,23288,16.0,16,,,,,,
,,,,,23296,8.0,8,,,,,,
,,,,,23304,8.0,8,,,,,,
,,,,,23308,4.0,4,,,,,,
,,,,,23312,4.0,4,,,,,,
,,,,,23317,5.0,5,,,,,,
,,,,,23325,8.0,8,,,,,,
,,,,,23331,6.0,6,,,,,,
,,,,,23335,4.0,4,,,,,,
,,,,,23339,4.0,4,,,,,,
,,,,,23345,6.0,6,,,,,,
,,,,,23357,12.0,12,,,,,,
,,,,,23365,8.0,8,,,,,,
,,,,,23374,9.0,9,,,,,,
,,,,,23380,6.0,6,,,,,,
,,,,,23383,3.0,3,,,,,,
,,,,,23395,12.0,12,,,,,,
,,,,,23398,3.0,3,,,,,,
,,,,,23402,4.0,4,,,,,,
,,,,,23405,3.0,3,,,,,,
,,,,,23412,7.0,7,,,,,,
,,,,,23427,15.0,15,,,,,,
,,,,,23430,3.0,3,,,,,,
,,,,,23437,7.0,7,,,,,,
,,,,,23449,12.0,12,,,,,,
,,,,,23453,4.0,4,,,,,,
,,,,,23459,6.0,6,,,,,,
,,,,,23483,24.0,24,,,,,,
,,,,,23491,8.0,8,,,,,,
,,,,,23494,3.0,3,,,,,,
,,,,,23497,3.0,3,,,,,,
,,,,,23502,5.0,5,,,,,,
,,,,,23512,10.0,10,,,,,,
,,,,,23520,8.0,8,,,,,,
,,,,,23530,10.0,10,,,,,,
,,,,,23537,7.0,7,,,,,,
,,,,,23542,5.0,5,,,,,,
,,,,,23561,19.0,19,,,,,,
,,,,,23566,5.0,5,,,,,,
,,,,,23570,4.0,4,,,,,,
,,,,,23577,7.0,7,,,,,,
,,,,,23585,8.0,8,,,,,,
,,,,,23591,6.0,6,,,,,,
,,,,,23596,5.0,5,,,,,,
,,,,,23604,8.0,8,,,,,,
,,,,,23607,3.0,3,,,,,,
,,,,,23619,12.0,12,,,,,,
,,,,,23631,12.0,12,,,,,,
,,,,,23653,22.0,22,,,,,,
,,,,,23658,5.0,5,,,,,,
,,,,,23666,8.0,8,,,,,,
,,,,,23672,6.0,6,,,,,,
,,,,,23679,7.0,7,,,,,,
,,,,,23687,8.0,8,,,,,,
,,,,,23692,5.0,5,,,,,,
,,,,,23706,14.0,14,,,,,,
,,,,,23722,16.0,16,,,,,,
,,,,,23727,5.0,5,,,,,,
,,,,,23732,5.0,5,,,,,,
,,,,,23739,7.0,7,,,,,,
,,,,,23749,10.0,10,,,,,,
,,,,,23753,4.0,4,,,,,,
,,,,,23759,6.0,6,,,,,,
,,,,,23764,5.0,5,,,,,,
,,,,,23767,3.0,3,,,,,,
,,,,,23777,10.0,10,,,,,,
,,,,,23781,4.0,4,,,,,,
,,,,,23789,8.0,8,,,,,,
,,,,,23810,21.0,21,,,,,,
,,,,,23816,6.0,6,,,,,,
,,,,,23826,10.0,10,,,,,,
,,,,,23830,4.0,4,,,,,,
,,,,,23838,8.0,8,,,,,,
,,,,,23842,4.0,4,,,,,,
,,,,,23847,5.0,5,,,,,,
,,,,,23860,13.0,13,,,,,,
,,,,,23884,24.0,24,,,,,,
,,,,,23892,8.0,8,,,,,,
,,,,,23901,9.0,9,,,,,,
,,,,,23914,13.0,13,,,,,,
,,,,,23918,4.0,4,,,,,,
,,,,,23923,5.0,5,,,,,,
,,,,,23931,8.0,8,,,,,,
,,,,,23936,5.0,5,,,,,,
,,,,,23941,5.0,5,,,,,,
,,,,,23945,4.0,4,,,,,,
,,,,,23949,4.0,4,,,,,,
,,,,,23967,18.0,18,,,,,,
,,,,,23971,4.0,4,,,,,,
,,,,,23980,9.0,9,,,,,,
,,,,,24000,,,2.1764230728149414,5.3177690505981445,5.544463157653809,0.0003,0.0003,0.1
,,,,,24007,27.0,27,,,,,,
,,,,,24013,6.0,6,,,,,,
,,,,,24016,3.0,3,,,,,,
,,,,,24019,3.0,3,,,,,,
,,,,,24034,15.0,15,,,,,,
,,,,,24045,11.0,11,,,,,,
,,,,,24054,9.0,9,,,,,,
,,,,,24063,9.0,9,,,,,,
,,,,,24067,4.0,4,,,,,,
,,,,,24072,5.0,5,,,,,,
,,,,,24080,8.0,8,,,,,,
,,,,,24093,13.0,13,,,,,,
,,,,,24097,4.0,4,,,,,,
,,,,,24102,5.0,5,,,,,,
,,,,,24120,18.0,18,,,,,,
,,,,,24123,3.0,3,,,,,,
,,,,,24139,16.0,16,,,,,,
,,,,,24146,7.0,7,,,,,,
,,,,,24154,8.0,8,,,,,,
,,,,,24164,10.0,10,,,,,,
,,,,,24171,7.0,7,,,,,,
,,,,,24174,3.0,3,,,,,,
,,,,,24178,4.0,4,,,,,,
,,,,,24182,4.0,4,,,,,,
,,,,,24186,4.0,4,,,,,,
,,,,,24190,4.0,4,,,,,,
,,,,,24193,3.0,3,,,,,,
,,,,,24196,3.0,3,,,,,,
,,,,,24204,8.0,8,,,,,,
,,,,,24208,4.0,4,,,,,,
,,,,,24211,3.0,3,,,,,,
,,,,,24215,4.0,4,,,,,,
,,,,,24237,22.0,22,,,,,,
,,,,,24246,9.0,9,,,,,,
,,,,,24250,4.0,4,,,,,,
,,,,,24253,3.0,3,,,,,,
,,,,,24259,6.0,6,,,,,,
,,,,,24266,7.0,7,,,,,,
,,,,,24269,3.0,3,,,,,,
,,,,,24279,10.0,10,,,,,,
,,,,,24284,5.0,5,,,,,,
,,,,,24288,4.0,4,,,,,,
,,,,,24292,4.0,4,,,,,,
,,,,,24303,11.0,11,,,,,,
,,,,,24308,5.0,5,,,,,,
,,,,,24312,4.0,4,,,,,,
,,,,,24319,7.0,7,,,,,,
,,,,,24331,12.0,12,,,,,,
,,,,,24340,9.0,9,,,,,,
,,,,,24344,4.0,4,,,,,,
,,,,,24353,9.0,9,,,,,,
,,,,,24360,7.0,7,,,,,,
,,,,,24364,4.0,4,,,,,,
,,,,,24375,11.0,11,,,,,,
,,,,,24380,5.0,5,,,,,,
,,,,,24383,3.0,3,,,,,,
,,,,,24392,9.0,9,,,,,,
,,,,,24397,5.0,5,,,,,,
,,,,,24401,4.0,4,,,,,,
,,,,,24406,5.0,5,,,,,,
,,,,,24409,3.0,3,,,,,,
,,,,,24414,5.0,5,,,,,,
,,,,,24421,7.0,7,,,,,,
,,,,,24425,4.0,4,,,,,,
,,,,,24435,10.0,10,,,,,,
,,,,,24441,6.0,6,,,,,,
,,,,,24446,5.0,5,,,,,,
,,,,,24450,4.0,4,,,,,,
,,,,,24455,5.0,5,,,,,,
,,,,,24459,4.0,4,,,,,,
,,,,,24463,4.0,4,,,,,,
,,,,,24466,3.0,3,,,,,,
,,,,,24469,3.0,3,,,,,,
,,,,,24480,11.0,11,,,,,,
,,,,,24499,19.0,19,,,,,,
,,,,,24502,3.0,3,,,,,,
,,,,,24507,5.0,5,,,,,,
,,,,,24511,4.0,4,,,,,,
,,,,,24517,6.0,6,,,,,,
,,,,,24521,4.0,4,,,,,,
,,,,,24530,9.0,9,,,,,,
,,,,,24543,13.0,13,,,,,,
,,,,,24551,8.0,8,,,,,,
,,,,,24558,7.0,7,,,,,,
,,,,,24562,4.0,4,,,,,,
,,,,,24570,8.0,8,,,,,,
,,,,,24579,9.0,9,,,,,,
,,,,,24589,10.0,10,,,,,,
,,,,,24603,14.0,14,,,,,,
,,,,,24608,5.0,5,,,,,,
,,,,,24617,9.0,9,,,,,,
,,,,,24621,4.0,4,,,,,,
,,,,,24628,7.0,7,,,,,,
,,,,,24632,4.0,4,,,,,,
,,,,,24659,27.0,27,,,,,,
,,,,,24665,6.0,6,,,,,,
,,,,,24668,3.0,3,,,,,,
,,,,,24671,3.0,3,,,,,,
,,,,,24681,10.0,10,,,,,,
,,,,,24684,3.0,3,,,,,,
,,,,,24691,7.0,7,,,,,,
,,,,,24694,3.0,3,,,,,,
,,,,,24702,8.0,8,,,,,,
,,,,,24713,11.0,11,,,,,,
,,,,,24718,5.0,5,,,,,,
,,,,,24725,7.0,7,,,,,,
,,,,,24730,5.0,5,,,,,,
,,,,,24737,7.0,7,,,,,,
,,,,,24744,7.0,7,,,,,,
,,,,,24751,7.0,7,,,,,,
,,,,,24756,5.0,5,,,,,,
,,,,,24761,5.0,5,,,,,,
,,,,,24764,3.0,3,,,,,,
,,,,,24771,7.0,7,,,,,,
,,,,,24777,6.0,6,,,,,,
,,,,,24786,9.0,9,,,,,,
,,,,,24794,8.0,8,,,,,,
,,,,,24805,11.0,11,,,,,,
,,,,,24811,6.0,6,,,,,,
,,,,,24826,15.0,15,,,,,,
,,,,,24830,4.0,4,,,,,,
,,,,,24834,4.0,4,,,,,,
,,,,,24841,7.0,7,,,,,,
,,,,,24845,4.0,4,,,,,,
,,,,,24853,8.0,8,,,,,,
,,,,,24857,4.0,4,,,,,,
,,,,,24871,14.0,14,,,,,,
,,,,,24876,5.0,5,,,,,,
,,,,,24887,11.0,11,,,,,,
,,,,,24897,10.0,10,,,,,,
,,,,,24900,3.0,3,,,,,,
,,,,,24909,9.0,9,,,,,,
,,,,,24912,3.0,3,,,,,,
,,,,,24919,7.0,7,,,,,,
,,,,,24933,14.0,14,,,,,,
,,,,,24942,9.0,9,,,,,,
,,,,,24945,3.0,3,,,,,,
,,,,,24949,4.0,4,,,,,,
,,,,,24952,3.0,3,,,,,,
,,,,,24964,12.0,12,,,,,,
,,,,,24968,4.0,4,,,,,,
,,,,,24973,5.0,5,,,,,,
,,,,,24978,5.0,5,,,,,,
,,,,,24983,5.0,5,,,,,,
,,,,,24986,3.0,3,,,,,,
,,,,,24989,3.0,3,,,,,,
,,,,,24995,6.0,6,,,,,,
,,,,,24999,4.0,4,,,,,,
5.2,2.9257476,11.0,3.0,5.2,25000,,,1.728776216506958,5.07257080078125,5.031805038452148,0.0003,0.0003,0.1
,,,,,25005,6.0,6,,,,,,
,,,,,25011,6.0,6,,,,,,
,,,,,25016,5.0,5,,,,,,
,,,,,25020,4.0,4,,,,,,
,,,,,25031,11.0,11,,,,,,
,,,,,25040,9.0,9,,,,,,
,,,,,25043,3.0,3,,,,,,
,,,,,25047,4.0,4,,,,,,
,,,,,25057,10.0,10,,,,,,
,,,,,25072,15.0,15,,,,,,
,,,,,25075,3.0,3,,,,,,
,,,,,25081,6.0,6,,,,,,
,,,,,25088,7.0,7,,,,,,
,,,,,25100,12.0,12,,,,,,
,,,,,25109,9.0,9,,,,,,
,,,,,25117,8.0,8,,,,,,
,,,,,25123,6.0,6,,,,,,
,,,,,25128,5.0,5,,,,,,
,,,,,25131,3.0,3,,,,,,
,,,,,25134,3.0,3,,,,,,
,,,,,25138,4.0,4,,,,,,
,,,,,25141,3.0,3,,,,,,
,,,,,25144,3.0,3,,,,,,
,,,,,25153,9.0,9,,,,,,
,,,,,25162,9.0,9,,,,,,
,,,,,25169,7.0,7,,,,,,
,,,,,25177,8.0,8,,,,,,
,,,,,25182,5.0,5,,,,,,
,,,,,25187,5.0,5,,,,,,
,,,,,25192,5.0,5,,,,,,
,,,,,25202,10.0,10,,,,,,
,,,,,25211,9.0,9,,,,,,
,,,,,25215,4.0,4,,,,,,
,,,,,25219,4.0,4,,,,,,
,,,,,25224,5.0,5,,,,,,
,,,,,25235,11.0,11,,,,,,
,,,,,25242,7.0,7,,,,,,
,,,,,25246,4.0,4,,,,,,
,,,,,25250,4.0,4,,,,,,
,,,,,25255,5.0,5,,,,,,
,,,,,25260,5.0,5,,,,,,
,,,,,25263,3.0,3,,,,,,
,,,,,25269,6.0,6,,,,,,
,,,,,25273,4.0,4,,,,,,
,,,,,25283,10.0,10,,,,,,
,,,,,25288,5.0,5,,,,,,
,,,,,25292,4.0,4,,,,,,
,,,,,25301,9.0,9,,,,,,
,,,,,25304,3.0,3,,,,,,
,,,,,25332,28.0,28,,,,,,
,,,,,25337,5.0,5,,,,,,
,,,,,25345,8.0,8,,,,,,
,,,,,25349,4.0,4,,,,,,
,,,,,25368,19.0,19,,,,,,
,,,,,25372,4.0,4,,,,,,
,,,,,25381,9.0,9,,,,,,
,,,,,25388,7.0,7,,,,,,
,,,,,25396,8.0,8,,,,,,
,,,,,25403,7.0,7,,,,,,
,,,,,25406,3.0,3,,,,,,
,,,,,25414,8.0,8,,,,,,
,,,,,25420,6.0,6,,,,,,
,,,,,25426,6.0,6,,,,,,
,,,,,25429,3.0,3,,,,,,
,,,,,25444,15.0,15,,,,,,
,,,,,25449,5.0,5,,,,,,
,,,,,25456,7.0,7,,,,,,
,,,,,25460,4.0,4,,,,,,
,,,,,25465,5.0,5,,,,,,
,,,,,25470,5.0,5,,,,,,
,,,,,25476,6.0,6,,,,,,
,,,,,25481,5.0,5,,,,,,
,,,,,25484,3.0,3,,,,,,
,,,,,25489,5.0,5,,,,,,
,,,,,25500,11.0,11,,,,,,
,,,,,25504,4.0,4,,,,,,
,,,,,25509,5.0,5,,,,,,
,,,,,25514,5.0,5,,,,,,
,,,,,25517,3.0,3,,,,,,
,,,,,25520,3.0,3,,,,,,
,,,,,25531,11.0,11,,,,,,
,,,,,25541,10.0,10,,,,,,
,,,,,25545,4.0,4,,,,,,
,,,,,25549,4.0,4,,,,,,
,,,,,25558,9.0,9,,,,,,
,,,,,25569,11.0,11,,,,,,
,,,,,25581,12.0,12,,,,,,
,,,,,25598,17.0,17,,,,,,
,,,,,25602,4.0,4,,,,,,
,,,,,25609,7.0,7,,,,,,
,,,,,25614,5.0,5,,,,,,
,,,,,25627,13.0,13,,,,,,
,,,,,25641,14.0,14,,,,,,
,,,,,25646,5.0,5,,,,,,
,,,,,25649,3.0,3,,,,,,
,,,,,25661,12.0,12,,,,,,
,,,,,25666,5.0,5,,,,,,
,,,,,25669,3.0,3,,,,,,
,,,,,25674,5.0,5,,,,,,
,,,,,25686,12.0,12,,,,,,
,,,,,25689,3.0,3,,,,,,
,,,,,25693,4.0,4,,,,,,
,,,,,25696,3.0,3,,,,,,
,,,,,25700,4.0,4,,,,,,
,,,,,25721,21.0,21,,,,,,
,,,,,25726,5.0,5,,,,,,
,,,,,25731,5.0,5,,,,,,
,,,,,25737,6.0,6,,,,,,
,,,,,25746,9.0,9,,,,,,
,,,,,25751,5.0,5,,,,,,
,,,,,25759,8.0,8,,,,,,
,,,,,25765,6.0,6,,,,,,
,,,,,25768,3.0,3,,,,,,
,,,,,25776,8.0,8,,,,,,
,,,,,25780,4.0,4,,,,,,
,,,,,25790,10.0,10,,,,,,
,,,,,25793,3.0,3,,,,,,
,,,,,25798,5.0,5,,,,,,
,,,,,25809,11.0,11,,,,,,
,,,,,25814,5.0,5,,,,,,
,,,,,25819,5.0,5,,,,,,
,,,,,25824,5.0,5,,,,,,
,,,,,25829,5.0,5,,,,,,
,,,,,25834,5.0,5,,,,,,
,,,,,25842,8.0,8,,,,,,
,,,,,25847,5.0,5,,,,,,
,,,,,25852,5.0,5,,,,,,
,,,,,25858,6.0,6,,,,,,
,,,,,25861,3.0,3,,,,,,
,,,,,25864,3.0,3,,,,,,
,,,,,25876,12.0,12,,,,,,
,,,,,25879,3.0,3,,,,,,
,,,,,25887,8.0,8,,,,,,
,,,,,25898,11.0,11,,,,,,
,,,,,25903,5.0,5,,,,,,
,,,,,25907,4.0,4,,,,,,
,,,,,25919,12.0,12,,,,,,
,,,,,25927,8.0,8,,,,,,
,,,,,25938,11.0,11,,,,,,
,,,,,25944,6.0,6,,,,,,
,,,,,25948,4.0,4,,,,,,
,,,,,25959,11.0,11,,,,,,
,,,,,25964,5.0,5,,,,,,
,,,,,25968,4.0,4,,,,,,
,,,,,25975,7.0,7,,,,,,
,,,,,25985,10.0,10,,,,,,
,,,,,25993,8.0,8,,,,,,
,,,,,26000,,,1.890376329421997,5.073082447052002,5.2737717628479,0.0003,0.0003,0.1
,,,,,26004,11.0,11,,,,,,
,,,,,26007,3.0,3,,,,,,
,,,,,26014,7.0,7,,,,,,
,,,,,26017,3.0,3,,,,,,
,,,,,26025,8.0,8,,,,,,
,,,,,26032,7.0,7,,,,,,
,,,,,26040,8.0,8,,,,,,
,,,,,26044,4.0,4,,,,,,
,,,,,26051,7.0,7,,,,,,
,,,,,26061,10.0,10,,,,,,
,,,,,26075,14.0,14,,,,,,
,,,,,26080,5.0,5,,,,,,
,,,,,26083,3.0,3,,,,,,
,,,,,26096,13.0,13,,,,,,
,,,,,26099,3.0,3,,,,,,
,,,,,26107,8.0,8,,,,,,
,,,,,26114,7.0,7,,,,,,
,,,,,26119,5.0,5,,,,,,
,,,,,26123,4.0,4,,,,,,
,,,,,26141,18.0,18,,,,,,
,,,,,26144,3.0,3,,,,,,
,,,,,26149,5.0,5,,,,,,
,,,,,26157,8.0,8,,,,,,
,,,,,26168,11.0,11,,,,,,
,,,,,26171,3.0,3,,,,,,
,,,,,26183,12.0,12,,,,,,
,,,,,26189,6.0,6,,,,,,
,,,,,26193,4.0,4,,,,,,
,,,,,26201,8.0,8,,,,,,
,,,,,26205,4.0,4,,,,,,
,,,,,26209,4.0,4,,,,,,
,,,,,26214,5.0,5,,,,,,
,,,,,26220,6.0,6,,,,,,
,,,,,26225,5.0,5,,,,,,
,,,,,26231,6.0,6,,,,,,
,,,,,26242,11.0,11,,,,,,
,,,,,26246,4.0,4,,,,,,
,,,,,26265,19.0,19,,,,,,
,,,,,26271,6.0,6,,,,,,
,,,,,26275,4.0,4,,,,,,
,,,,,26281,6.0,6,,,,,,
,,,,,26289,8.0,8,,,,,,
,,,,,26292,3.0,3,,,,,,
,,,,,26299,7.0,7,,,,,,
,,,,,26305,6.0,6,,,,,,
,,,,,26310,5.0,5,,,,,,
,,,,,26313,3.0,3,,,,,,
,,,,,26321,8.0,8,,,,,,
,,,,,26327,6.0,6,,,,,,
,,,,,26331,4.0,4,,,,,,
,,,,,26334,3.0,3,,,,,,
,,,,,26344,10.0,10,,,,,,
,,,,,26347,3.0,3,,,,,,
,,,,,26355,8.0,8,,,,,,
,,,,,26360,5.0,5,,,,,,
,,,,,26376,16.0,16,,,,,,
,,,,,26383,7.0,7,,,,,,
,,,,,26388,5.0,5,,,,,,
,,,,,26398,10.0,10,,,,,,
,,,,,26403,5.0,5,,,,,,
,,,,,26409,6.0,6,,,,,,
,,,,,26421,12.0,12,,,,,,
,,,,,26426,5.0,5,,,,,,
,,,,,26431,5.0,5,,,,,,
,,,,,26436,5.0,5,,,,,,
,,,,,26450,14.0,14,,,,,,
,,,,,26463,13.0,13,,,,,,
,,,,,26468,5.0,5,,,,,,
,,,,,26476,8.0,8,,,,,,
,,,,,26481,5.0,5,,,,,,
,,,,,26497,16.0,16,,,,,,
,,,,,26505,8.0,8,,,,,,
,,,,,26510,5.0,5,,,,,,
,,,,,26513,3.0,3,,,,,,
,,,,,26517,4.0,4,,,,,,
,,,,,26522,5.0,5,,,,,,
,,,,,26528,6.0,6,,,,,,
,,,,,26533,5.0,5,,,,,,
,,,,,26538,5.0,5,,,,,,
,,,,,26551,13.0,13,,,,,,
,,,,,26555,4.0,4,,,,,,
,,,,,26562,7.0,7,,,,,,
,,,,,26566,4.0,4,,,,,,
,,,,,26570,4.0,4,,,,,,
,,,,,26577,7.0,7,,,,,,
,,,,,26583,6.0,6,,,,,,
,,,,,26591,8.0,8,,,,,,
,,,,,26598,7.0,7,,,,,,
,,,,,26606,8.0,8,,,,,,
,,,,,26613,7.0,7,,,,,,
,,,,,26618,5.0,5,,,,,,
,,,,,26622,4.0,4,,,,,,
,,,,,26631,9.0,9,,,,,,
,,,,,26639,8.0,8,,,,,,
,,,,,26643,4.0,4,,,,,,
,,,,,26657,14.0,14,,,,,,
,,,,,26661,4.0,4,,,,,,
,,,,,26665,4.0,4,,,,,,
,,,,,26668,3.0,3,,,,,,
,,,,,26675,7.0,7,,,,,,
,,,,,26680,5.0,5,,,,,,
,,,,,26686,6.0,6,,,,,,
,,,,,26689,3.0,3,,,,,,
,,,,,26692,3.0,3,,,,,,
,,,,,26696,4.0,4,,,,,,
,,,,,26701,5.0,5,,,,,,
,,,,,26710,9.0,9,,,,,,
,,,,,26723,13.0,13,,,,,,
,,,,,26726,3.0,3,,,,,,
,,,,,26730,4.0,4,,,,,,
,,,,,26734,4.0,4,,,,,,
,,,,,26738,4.0,4,,,,,,
,,,,,26742,4.0,4,,,,,,
,,,,,26747,5.0,5,,,,,,
,,,,,26755,8.0,8,,,,,,
,,,,,26759,4.0,4,,,,,,
,,,,,26771,12.0,12,,,,,,
,,,,,26776,5.0,5,,,,,,
,,,,,26780,4.0,4,,,,,,
,,,,,26783,3.0,3,,,,,,
,,,,,26787,4.0,4,,,,,,
,,,,,26802,15.0,15,,,,,,
,,,,,26812,10.0,10,,,,,,
,,,,,26815,3.0,3,,,,,,
,,,,,26819,4.0,4,,,,,,
,,,,,26822,3.0,3,,,,,,
,,,,,26829,7.0,7,,,,,,
,,,,,26836,7.0,7,,,,,,
,,,,,26839,3.0,3,,,,,,
,,,,,26844,5.0,5,,,,,,
,,,,,26852,8.0,8,,,,,,
,,,,,26857,5.0,5,,,,,,
,,,,,26863,6.0,6,,,,,,
,,,,,26872,9.0,9,,,,,,
,,,,,26877,5.0,5,,,,,,
,,,,,26883,6.0,6,,,,,,
,,,,,26887,4.0,4,,,,,,
,,,,,26891,4.0,4,,,,,,
,,,,,26898,7.0,7,,,,,,
,,,,,26913,15.0,15,,,,,,
,,,,,26925,12.0,12,,,,,,
,,,,,26928,3.0,3,,,,,,
,,,,,26932,4.0,4,,,,,,
,,,,,26942,10.0,10,,,,,,
,,,,,26947,5.0,5,,,,,,
,,,,,26952,5.0,5,,,,,,
,,,,,26959,7.0,7,,,,,,
,,,,,26963,4.0,4,,,,,,
,,,,,26971,8.0,8,,,,,,
,,,,,26976,5.0,5,,,,,,
,,,,,26988,12.0,12,,,,,,
,,,,,26992,4.0,4,,,,,,
,,,,,26999,7.0,7,,,,,,
,,,,,27000,,,1.9827277660369873,4.966310977935791,4.977173805236816,0.0003,0.0003,0.1
,,,,,27003,4.0,4,,,,,,
,,,,,27010,7.0,7,,,,,,
,,,,,27015,5.0,5,,,,,,
,,,,,27027,12.0,12,,,,,,
,,,,,27036,9.0,9,,,,,,
,,,,,27043,7.0,7,,,,,,
,,,,,27046,3.0,3,,,,,,
,,,,,27050,4.0,4,,,,,,
,,,,,27054,4.0,4,,,,,,
,,,,,27059,5.0,5,,,,,,
,,,,,27069,10.0,10,,,,,,
,,,,,27092,23.0,23,,,,,,
,,,,,27102,10.0,10,,,,,,
,,,,,27106,4.0,4,,,,,,
,,,,,27111,5.0,5,,,,,,
,,,,,27116,5.0,5,,,,,,
,,,,,27129,13.0,13,,,,,,
,,,,,27166,37.0,37,,,,,,
,,,,,27174,8.0,8,,,,,,
,,,,,27180,6.0,6,,,,,,
,,,,,27184,4.0,4,,,,,,
,,,,,27187,3.0,3,,,,,,
,,,,,27191,4.0,4,,,,,,
,,,,,27199,8.0,8,,,,,,
,,,,,27203,4.0,4,,,,,,
,,,,,27209,6.0,6,,,,,,
,,,,,27213,4.0,4,,,,,,
,,,,,27216,3.0,3,,,,,,
,,,,,27224,8.0,8,,,,,,
,,,,,27235,11.0,11,,,,,,
,,,,,27240,5.0,5,,,,,,
,,,,,27244,4.0,4,,,,,,
,,,,,27253,9.0,9,,,,,,
,,,,,27258,5.0,5,,,,,,
,,,,,27271,13.0,13,,,,,,
,,,,,27277,6.0,6,,,,,,
,,,,,27282,5.0,5,,,,,,
,,,,,27286,4.0,4,,,,,,
,,,,,27290,4.0,4,,,,,,
,,,,,27295,5.0,5,,,,,,
,,,,,27304,9.0,9,,,,,,
,,,,,27308,4.0,4,,,,,,
,,,,,27312,4.0,4,,,,,,
,,,,,27318,6.0,6,,,,,,
,,,,,27322,4.0,4,,,,,,
,,,,,27330,8.0,8,,,,,,
,,,,,27335,5.0,5,,,,,,
,,,,,27339,4.0,4,,,,,,
,,,,,27346,7.0,7,,,,,,
,,,,,27351,5.0,5,,,,,,
,,,,,27362,11.0,11,,,,,,
,,,,,27379,17.0,17,,,,,,
,,,,,27383,4.0,4,,,,,,
,,,,,27388,5.0,5,,,,,,
,,,,,27396,8.0,8,,,,,,
,,,,,27418,22.0,22,,,,,,
,,,,,27427,9.0,9,,,,,,
,,,,,27430,3.0,3,,,,,,
,,,,,27434,4.0,4,,,,,,
,,,,,27437,3.0,3,,,,,,
,,,,,27442,5.0,5,,,,,,
,,,,,27455,13.0,13,,,,,,
,,,,,27459,4.0,4,,,,,,
,,,,,27469,10.0,10,,,,,,
,,,,,27478,9.0,9,,,,,,
,,,,,27484,6.0,6,,,,,,
,,,,,27488,4.0,4,,,,,,
,,,,,27493,5.0,5,,,,,,
,,,,,27497,4.0,4,,,,,,
,,,,,27505,8.0,8,,,,,,
,,,,,27512,7.0,7,,,,,,
,,,,,27517,5.0,5,,,,,,
,,,,,27526,9.0,9,,,,,,
,,,,,27530,4.0,4,,,,,,
,,,,,27537,7.0,7,,,,,,
,,,,,27544,7.0,7,,,,,,
,,,,,27555,11.0,11,,,,,,
,,,,,27561,6.0,6,,,,,,
,,,,,27564,3.0,3,,,,,,
,,,,,27570,6.0,6,,,,,,
,,,,,27574,4.0,4,,,,,,
,,,,,27577,3.0,3,,,,,,
,,,,,27594,17.0,17,,,,,,
,,,,,27606,12.0,12,,,,,,
,,,,,27610,4.0,4,,,,,,
,,,,,27617,7.0,7,,,,,,
,,,,,27622,5.0,5,,,,,,
,,,,,27629,7.0,7,,,,,,
,,,,,27635,6.0,6,,,,,,
,,,,,27639,4.0,4,,,,,,
,,,,,27647,8.0,8,,,,,,
,,,,,27652,5.0,5,,,,,,
,,,,,27663,11.0,11,,,,,,
,,,,,27666,3.0,3,,,,,,
,,,,,27671,5.0,5,,,,,,
,,,,,27683,12.0,12,,,,,,
,,,,,27697,14.0,14,,,,,,
,,,,,27700,3.0,3,,,,,,
,,,,,27704,4.0,4,,,,,,
,,,,,27711,7.0,7,,,,,,
,,,,,27719,8.0,8,,,,,,
,,,,,27726,7.0,7,,,,,,
,,,,,27732,6.0,6,,,,,,
,,,,,27737,5.0,5,,,,,,
,,,,,27744,7.0,7,,,,,,
,,,,,27751,7.0,7,,,,,,
,,,,,27758,7.0,7,,,,,,
,,,,,27767,9.0,9,,,,,,
,,,,,27772,5.0,5,,,,,,
,,,,,27783,11.0,11,,,,,,
,,,,,27788,5.0,5,,,,,,
,,,,,27791,3.0,3,,,,,,
,,,,,27794,3.0,3,,,,,,
,,,,,27808,14.0,14,,,,,,
,,,,,27815,7.0,7,,,,,,
,,,,,27823,8.0,8,,,,,,
,,,,,27826,3.0,3,,,,,,
,,,,,27829,3.0,3,,,,,,
,,,,,27836,7.0,7,,,,,,
,,,,,27842,6.0,6,,,,,,
,,,,,27846,4.0,4,,,,,,
,,,,,27851,5.0,5,,,,,,
,,,,,27854,3.0,3,,,,,,
,,,,,27857,3.0,3,,,,,,
,,,,,27864,7.0,7,,,,,,
,,,,,27872,8.0,8,,,,,,
,,,,,27879,7.0,7,,,,,,
,,,,,27883,4.0,4,,,,,,
,,,,,27889,6.0,6,,,,,,
,,,,,27893,4.0,4,,,,,,
,,,,,27898,5.0,5,,,,,,
,,,,,27905,7.0,7,,,,,,
,,,,,27909,4.0,4,,,,,,
,,,,,27914,5.0,5,,,,,,
,,,,,27924,10.0,10,,,,,,
,,,,,27928,4.0,4,,,,,,
,,,,,27934,6.0,6,,,,,,
,,,,,27979,45.0,45,,,,,,
,,,,,27987,8.0,8,,,,,,
,,,,,27995,8.0,8,,,,,,
,,,,,28000,5.0,5,,,,,,
,,,,,28000,,,2.028622627258301,5.555660247802734,5.63676643371582,0.0003,0.0003,0.1
,,,,,28017,17.0,17,,,,,,
,,,,,28020,3.0,3,,,,,,
,,,,,28030,10.0,10,,,,,,
,,,,,28039,9.0,9,,,,,,
,,,,,28045,6.0,6,,,,,,
,,,,,28058,13.0,13,,,,,,
,,,,,28065,7.0,7,,,,,,
,,,,,28076,11.0,11,,,,,,
,,,,,28080,4.0,4,,,,,,
,,,,,28084,4.0,4,,,,,,
,,,,,28092,8.0,8,,,,,,
,,,,,28099,7.0,7,,,,,,
,,,,,28103,4.0,4,,,,,,
,,,,,28110,7.0,7,,,,,,
,,,,,28113,3.0,3,,,,,,
,,,,,28118,5.0,5,,,,,,
,,,,,28122,4.0,4,,,,,,
,,,,,28140,18.0,18,,,,,,
,,,,,28154,14.0,14,,,,,,
,,,,,28163,9.0,9,,,,,,
,,,,,28167,4.0,4,,,,,,
,,,,,28172,5.0,5,,,,,,
,,,,,28175,3.0,3,,,,,,
,,,,,28183,8.0,8,,,,,,
,,,,,28191,8.0,8,,,,,,
,,,,,28195,4.0,4,,,,,,
,,,,,28198,3.0,3,,,,,,
,,,,,28204,6.0,6,,,,,,
,,,,,28214,10.0,10,,,,,,
,,,,,28234,20.0,20,,,,,,
,,,,,28237,3.0,3,,,,,,
,,,,,28241,4.0,4,,,,,,
,,,,,28244,3.0,3,,,,,,
,,,,,28250,6.0,6,,,,,,
,,,,,28254,4.0,4,,,,,,
,,,,,28262,8.0,8,,,,,,
,,,,,28267,5.0,5,,,,,,
,,,,,28272,5.0,5,,,,,,
,,,,,28275,3.0,3,,,,,,
,,,,,28283,8.0,8,,,,,,
,,,,,28287,4.0,4,,,,,,
,,,,,28296,9.0,9,,,,,,
,,,,,28303,7.0,7,,,,,,
,,,,,28308,5.0,5,,,,,,
,,,,,28311,3.0,3,,,,,,
,,,,,28323,12.0,12,,,,,,
,,,,,28328,5.0,5,,,,,,
,,,,,28332,4.0,4,,,,,,
,,,,,28336,4.0,4,,,,,,
,,,,,28342,6.0,6,,,,,,
,,,,,28348,6.0,6,,,,,,
,,,,,28358,10.0,10,,,,,,
,,,,,28366,8.0,8,,,,,,
,,,,,28374,8.0,8,,,,,,
,,,,,28386,12.0,12,,,,,,
,,,,,28400,14.0,14,,,,,,
,,,,,28404,4.0,4,,,,,,
,,,,,28408,4.0,4,,,,,,
,,,,,28415,7.0,7,,,,,,
,,,,,28418,3.0,3,,,,,,
,,,,,28422,4.0,4,,,,,,
,,,,,28428,6.0,6,,,,,,
,,,,,28432,4.0,4,,,,,,
,,,,,28450,18.0,18,,,,,,
,,,,,28453,3.0,3,,,,,,
,,,,,28458,5.0,5,,,,,,
,,,,,28461,3.0,3,,,,,,
,,,,,28466,5.0,5,,,,,,
,,,,,28469,3.0,3,,,,,,
,,,,,28474,5.0,5,,,,,,
,,,,,28478,4.0,4,,,,,,
,,,,,28484,6.0,6,,,,,,
,,,,,28492,8.0,8,,,,,,
,,,,,28498,6.0,6,,,,,,
,,,,,28506,8.0,8,,,,,,
,,,,,28511,5.0,5,,,,,,
,,,,,28516,5.0,5,,,,,,
,,,,,28524,8.0,8,,,,,,
,,,,,28530,6.0,6,,,,,,
,,,,,28546,16.0,16,,,,,,
,,,,,28559,13.0,13,,,,,,
,,,,,28563,4.0,4,,,,,,
,,,,,28568,5.0,5,,,,,,
,,,,,28571,3.0,3,,,,,,
,,,,,28576,5.0,5,,,,,,
,,,,,28580,4.0,4,,,,,,
,,,,,28584,4.0,4,,,,,,
,,,,,28587,3.0,3,,,,,,
,,,,,28599,12.0,12,,,,,,
,,,,,28607,8.0,8,,,,,,
,,,,,28612,5.0,5,,,,,,
,,,,,28618,6.0,6,,,,,,
,,,,,28621,3.0,3,,,,,,
,,,,,28624,3.0,3,,,,,,
,,,,,28635,11.0,11,,,,,,
,,,,,28639,4.0,4,,,,,,
,,,,,28644,5.0,5,,,,,,
,,,,,28647,3.0,3,,,,,,
,,,,,28650,3.0,3,,,,,,
,,,,,28657,7.0,7,,,,,,
,,,,,28662,5.0,5,,,,,,
,,,,,28674,12.0,12,,,,,,
,,,,,28683,9.0,9,,,,,,
,,,,,28691,8.0,8,,,,,,
,,,,,28695,4.0,4,,,,,,
,,,,,28700,5.0,5,,,,,,
,,,,,28709,9.0,9,,,,,,
,,,,,28723,14.0,14,,,,,,
,,,,,28729,6.0,6,,,,,,
,,,,,28736,7.0,7,,,,,,
,,,,,28739,3.0,3,,,,,,
,,,,,28743,4.0,4,,,,,,
,,,,,28751,8.0,8,,,,,,
,,,,,28776,25.0,25,,,,,,
,,,,,28794,18.0,18,,,,,,
,,,,,28799,5.0,5,,,,,,
,,,,,28805,6.0,6,,,,,,
,,,,,28815,10.0,10,,,,,,
,,,,,28833,18.0,18,,,,,,
,,,,,28836,3.0,3,,,,,,
,,,,,28843,7.0,7,,,,,,
,,,,,28847,4.0,4,,,,,,
,,,,,28850,3.0,3,,,,,,
,,,,,28860,10.0,10,,,,,,
,,,,,28867,7.0,7,,,,,,
,,,,,28871,4.0,4,,,,,,
,,,,,28897,26.0,26,,,,,,
,,,,,28901,4.0,4,,,,,,
,,,,,28906,5.0,5,,,,,,
,,,,,28911,5.0,5,,,,,,
,,,,,28915,4.0,4,,,,,,
,,,,,28920,5.0,5,,,,,,
,,,,,28934,14.0,14,,,,,,
,,,,,28937,3.0,3,,,,,,
,,,,,28940,3.0,3,,,,,,
,,,,,28949,9.0,9,,,,,,
,,,,,28960,11.0,11,,,,,,
,,,,,28964,4.0,4,,,,,,
,,,,,28968,4.0,4,,,,,,
,,,,,28973,5.0,5,,,,,,
,,,,,28978,5.0,5,,,,,,
,,,,,28982,4.0,4,,,,,,
,,,,,28987,5.0,5,,,,,,
,,,,,28990,3.0,3,,,,,,
,,,,,28997,7.0,7,,,,,,
,,,,,29000,,,2.2372679710388184,4.797321319580078,5.039421081542969,0.0003,0.0003,0.1
,,,,,29001,4.0,4,,,,,,
,,,,,29005,4.0,4,,,,,,
,,,,,29009,4.0,4,,,,,,
,,,,,29035,26.0,26,,,,,,
,,,,,29054,19.0,19,,,,,,
,,,,,29060,6.0,6,,,,,,
,,,,,29066,6.0,6,,,,,,
,,,,,29071,5.0,5,,,,,,
,,,,,29080,9.0,9,,,,,,
,,,,,29084,4.0,4,,,,,,
,,,,,29101,17.0,17,,,,,,
,,,,,29108,7.0,7,,,,,,
,,,,,29112,4.0,4,,,,,,
,,,,,29124,12.0,12,,,,,,
,,,,,29129,5.0,5,,,,,,
,,,,,29132,3.0,3,,,,,,
,,,,,29135,3.0,3,,,,,,
,,,,,29144,9.0,9,,,,,,
,,,,,29148,4.0,4,,,,,,
,,,,,29158,10.0,10,,,,,,
,,,,,29164,6.0,6,,,,,,
,,,,,29176,12.0,12,,,,,,
,,,,,29182,6.0,6,,,,,,
,,,,,29186,4.0,4,,,,,,
,,,,,29198,12.0,12,,,,,,
,,,,,29203,5.0,5,,,,,,
,,,,,29206,3.0,3,,,,,,
,,,,,29213,7.0,7,,,,,,
,,,,,29220,7.0,7,,,,,,
,,,,,29224,4.0,4,,,,,,
,,,,,29229,5.0,5,,,,,,
,,,,,29241,12.0,12,,,,,,
,,,,,29245,4.0,4,,,,,,
,,,,,29251,6.0,6,,,,,,
,,,,,29255,4.0,4,,,,,,
,,,,,29262,7.0,7,,,,,,
,,,,,29267,5.0,5,,,,,,
,,,,,29274,7.0,7,,,,,,
,,,,,29278,4.0,4,,,,,,
,,,,,29283,5.0,5,,,,,,
,,,,,29287,4.0,4,,,,,,
,,,,,29291,4.0,4,,,,,,
,,,,,29307,16.0,16,,,,,,
,,,,,29310,3.0,3,,,,,,
,,,,,29314,4.0,4,,,,,,
,,,,,29321,7.0,7,,,,,,
,,,,,29324,3.0,3,,,,,,
,,,,,29335,11.0,11,,,,,,
,,,,,29339,4.0,4,,,,,,
,,,,,29345,6.0,6,,,,,,
,,,,,29354,9.0,9,,,,,,
,,,,,29371,17.0,17,,,,,,
,,,,,29377,6.0,6,,,,,,
,,,,,29382,5.0,5,,,,,,
,,,,,29386,4.0,4,,,,,,
,,,,,29398,12.0,12,,,,,,
,,,,,29401,3.0,3,,,,,,
,,,,,29408,7.0,7,,,,,,
,,,,,29413,5.0,5,,,,,,
,,,,,29421,8.0,8,,,,,,
,,,,,29425,4.0,4,,,,,,
,,,,,29433,8.0,8,,,,,,
,,,,,29439,6.0,6,,,,,,
,,,,,29445,6.0,6,,,,,,
,,,,,29454,9.0,9,,,,,,
,,,,,29459,5.0,5,,,,,,
,,,,,29464,5.0,5,,,,,,
,,,,,29469,5.0,5,,,,,,
,,,,,29474,5.0,5,,,,,,
,,,,,29482,8.0,8,,,,,,
,,,,,29494,12.0,12,,,,,,
,,,,,29498,4.0,4,,,,,,
,,,,,29505,7.0,7,,,,,,
,,,,,29508,3.0,3,,,,,,
,,,,,29513,5.0,5,,,,,,
,,,,,29518,5.0,5,,,,,,
,,,,,29524,6.0,6,,,,,,
,,,,,29527,3.0,3,,,,,,
,,,,,29530,3.0,3,,,,,,
,,,,,29537,7.0,7,,,,,,
,,,,,29554,17.0,17,,,,,,
,,,,,29567,13.0,13,,,,,,
,,,,,29578,11.0,11,,,,,,
,,,,,29582,4.0,4,,,,,,
,,,,,29586,4.0,4,,,,,,
,,,,,29594,8.0,8,,,,,,
,,,,,29600,6.0,6,,,,,,
,,,,,29604,4.0,4,,,,,,
,,,,,29608,4.0,4,,,,,,
,,,,,29626,18.0,18,,,,,,
,,,,,29632,6.0,6,,,,,,
,,,,,29640,8.0,8,,,,,,
,,,,,29649,9.0,9,,,,,,
,,,,,29661,12.0,12,,,,,,
,,,,,29664,3.0,3,,,,,,
,,,,,29671,7.0,7,,,,,,
,,,,,29676,5.0,5,,,,,,
,,,,,29703,27.0,27,,,,,,
,,,,,29706,3.0,3,,,,,,
,,,,,29709,3.0,3,,,,,,
,,,,,29718,9.0,9,,,,,,
,,,,,29742,24.0,24,,,,,,
,,,,,29749,7.0,7,,,,,,
,,,,,29752,3.0,3,,,,,,
,,,,,29759,7.0,7,,,,,,
,,,,,29763,4.0,4,,,,,,
,,,,,29772,9.0,9,,,,,,
,,,,,29782,10.0,10,,,,,,
,,,,,29787,5.0,5,,,,,,
,,,,,29804,17.0,17,,,,,,
,,,,,29808,4.0,4,,,,,,
,,,,,29811,3.0,3,,,,,,
,,,,,29818,7.0,7,,,,,,
,,,,,29823,5.0,5,,,,,,
,,,,,29827,4.0,4,,,,,,
,,,,,29838,11.0,11,,,,,,
,,,,,29848,10.0,10,,,,,,
,,,,,29854,6.0,6,,,,,,
,,,,,29858,4.0,4,,,,,,
,,,,,29862,4.0,4,,,,,,
,,,,,29886,24.0,24,,,,,,
,,,,,29892,6.0,6,,,,,,
,,,,,29895,3.0,3,,,,,,
,,,,,29906,11.0,11,,,,,,
,,,,,29925,19.0,19,,,,,,
,,,,,29930,5.0,5,,,,,,
,,,,,29933,3.0,3,,,,,,
,,,,,29937,4.0,4,,,,,,
,,,,,29943,6.0,6,,,,,,
,,,,,29949,6.0,6,,,,,,
,,,,,29953,4.0,4,,,,,,
,,,,,29960,7.0,7,,,,,,
,,,,,29973,13.0,13,,,,,,
,,,,,29992,19.0,19,,,,,,
7.2,4.2142615,15.0,3.0,7.2,30000,,,1.5986733436584473,5.140143394470215,5.003313064575195,0.0003,0.0003,0.1
,,,,,30001,9.0,9,,,,,,
,,,,,30009,8.0,8,,,,,,
,,,,,30013,4.0,4,,,,,,
,,,,,30019,6.0,6,,,,,,
,,,,,30022,3.0,3,,,,,,
,,,,,30026,4.0,4,,,,,,
,,,,,30031,5.0,5,,,,,,
,,,,,30038,7.0,7,,,,,,
,,,,,30042,4.0,4,,,,,,
,,,,,30046,4.0,4,,,,,,
,,,,,30053,7.0,7,,,,,,
,,,,,30059,6.0,6,,,,,,
,,,,,30062,3.0,3,,,,,,
,,,,,30066,4.0,4,,,,,,
,,,,,30072,6.0,6,,,,,,
,,,,,30076,4.0,4,,,,,,
,,,,,30080,4.0,4,,,,,,
,,,,,30089,9.0,9,,,,,,
,,,,,30095,6.0,6,,,,,,
,,,,,30111,16.0,16,,,,,,
,,,,,30119,8.0,8,,,,,,
,,,,,30136,17.0,17,,,,,,
,,,,,30141,5.0,5,,,,,,
,,,,,30146,5.0,5,,,,,,
,,,,,30150,4.0,4,,,,,,
,,,,,30155,5.0,5,,,,,,
,,,,,30170,15.0,15,,,,,,
,,,,,30175,5.0,5,,,,,,
,,,,,30183,8.0,8,,,,,,
,,,,,30197,14.0,14,,,,,,
,,,,,30206,9.0,9,,,,,,
,,,,,30213,7.0,7,,,,,,
,,,,,30217,4.0,4,,,,,,
,,,,,30225,8.0,8,,,,,,
,,,,,30234,9.0,9,,,,,,
,,,,,30244,10.0,10,,,,,,
,,,,,30247,3.0,3,,,,,,
,,,,,30252,5.0,5,,,,,,
,,,,,30259,7.0,7,,,,,,
,,,,,30262,3.0,3,,,,,,
,,,,,30269,7.0,7,,,,,,
,,,,,30276,7.0,7,,,,,,
,,,,,30284,8.0,8,,,,,,
,,,,,30290,6.0,6,,,,,,
,,,,,30300,10.0,10,,,,,,
,,,,,30308,8.0,8,,,,,,
,,,,,30325,17.0,17,,,,,,
,,,,,30331,6.0,6,,,,,,
,,,,,30336,5.0,5,,,,,,
,,,,,30342,6.0,6,,,,,,
,,,,,30347,5.0,5,,,,,,
,,,,,30352,5.0,5,,,,,,
,,,,,30358,6.0,6,,,,,,
,,,,,30363,5.0,5,,,,,,
,,,,,30367,4.0,4,,,,,,
,,,,,30371,4.0,4,,,,,,
,,,,,30379,8.0,8,,,,,,
,,,,,30386,7.0,7,,,,,,
,,,,,30389,3.0,3,,,,,,
,,,,,30394,5.0,5,,,,,,
,,,,,30402,8.0,8,,,,,,
,,,,,30406,4.0,4,,,,,,
,,,,,30411,5.0,5,,,,,,
,,,,,30425,14.0,14,,,,,,
,,,,,30436,11.0,11,,,,,,
,,,,,30448,12.0,12,,,,,,
,,,,,30459,11.0,11,,,,,,
,,,,,30465,6.0,6,,,,,,
,,,,,30468,3.0,3,,,,,,
,,,,,30472,4.0,4,,,,,,
,,,,,30476,4.0,4,,,,,,
,,,,,30491,15.0,15,,,,,,
,,,,,30496,5.0,5,,,,,,
,,,,,30499,3.0,3,,,,,,
,,,,,30504,5.0,5,,,,,,
,,,,,30511,7.0,7,,,,,,
,,,,,30517,6.0,6,,,,,,
,,,,,30521,4.0,4,,,,,,
,,,,,30525,4.0,4,,,,,,
,,,,,30531,6.0,6,,,,,,
,,,,,30535,4.0,4,,,,,,
,,,,,30544,9.0,9,,,,,,
,,,,,30547,3.0,3,,,,,,
,,,,,30554,7.0,7,,,,,,
,,,,,30558,4.0,4,,,,,,
,,,,,30562,4.0,4,,,,,,
,,,,,30571,9.0,9,,,,,,
,,,,,30579,8.0,8,,,,,,
,,,,,30586,7.0,7,,,,,,
,,,,,30592,6.0,6,,,,,,
,,,,,30607,15.0,15,,,,,,
,,,,,30614,7.0,7,,,,,,
,,,,,30623,9.0,9,,,,,,
,,,,,30629,6.0,6,,,,,,
,,,,,30632,3.0,3,,,,,,
,,,,,30636,4.0,4,,,,,,
,,,,,30645,9.0,9,,,,,,
,,,,,30648,3.0,3,,,,,,
,,,,,30667,19.0,19,,,,,,
,,,,,30681,14.0,14,,,,,,
,,,,,30685,4.0,4,,,,,,
,,,,,30689,4.0,4,,,,,,
,,,,,30692,3.0,3,,,,,,
,,,,,30696,4.0,4,,,,,,
,,,,,30705,9.0,9,,,,,,
,,,,,30713,8.0,8,,,,,,
,,,,,30719,6.0,6,,,,,,
,,,,,30725,6.0,6,,,,,,
,,,,,30735,10.0,10,,,,,,
,,,,,30739,4.0,4,,,,,,
,,,,,30742,3.0,3,,,,,,
,,,,,30746,4.0,4,,,,,,
,,,,,30764,18.0,18,,,,,,
,,,,,30771,7.0,7,,,,,,
,,,,,30777,6.0,6,,,,,,
,,,,,30782,5.0,5,,,,,,
,,,,,30785,3.0,3,,,,,,
,,,,,30790,5.0,5,,,,,,
,,,,,30794,4.0,4,,,,,,
,,,,,30798,4.0,4,,,,,,
,,,,,30807,9.0,9,,,,,,
,,,,,30818,11.0,11,,,,,,
,,,,,30833,15.0,15,,,,,,
,,,,,30847,14.0,14,,,,,,
,,,,,30853,6.0,6,,,,,,
,,,,,30856,3.0,3,,,,,,
,,,,,30861,5.0,5,,,,,,
,,,,,30864,3.0,3,,,,,,
,,,,,30869,5.0,5,,,,,,
,,,,,30874,5.0,5,,,,,,
,,,,,30883,9.0,9,,,,,,
,,,,,30898,15.0,15,,,,,,
,,,,,30912,14.0,14,,,,,,
,,,,,30917,5.0,5,,,,,,
,,,,,30921,4.0,4,,,,,,
,,,,,30924,3.0,3,,,,,,
,,,,,30934,10.0,10,,,,,,
,,,,,30938,4.0,4,,,,,,
,,,,,30942,4.0,4,,,,,,
,,,,,30945,3.0,3,,,,,,
,,,,,30953,8.0,8,,,,,,
,,,,,30970,17.0,17,,,,,,
,,,,,30978,8.0,8,,,,,,
,,,,,30985,7.0,7,,,,,,
,,,,,30991,6.0,6,,,,,,
,,,,,30994,3.0,3,,,,,,
,,,,,31000,,,1.8673256635665894,5.0598464012146,5.185671806335449,0.0003,0.0003,0.1
,,,,,31003,9.0,9,,,,,,
,,,,,31012,9.0,9,,,,,,
,,,,,31016,4.0,4,,,,,,
,,,,,31021,5.0,5,,,,,,
,,,,,31026,5.0,5,,,,,,
,,,,,31040,14.0,14,,,,,,
,,,,,31053,13.0,13,,,,,,
,,,,,31058,5.0,5,,,,,,
,,,,,31065,7.0,7,,,,,,
,,,,,31069,4.0,4,,,,,,
,,,,,31075,6.0,6,,,,,,
,,,,,31079,4.0,4,,,,,,
,,,,,31083,4.0,4,,,,,,
,,,,,31089,6.0,6,,,,,,
,,,,,31092,3.0,3,,,,,,
,,,,,31104,12.0,12,,,,,,
,,,,,31109,5.0,5,,,,,,
,,,,,31114,5.0,5,,,,,,
,,,,,31130,16.0,16,,,,,,
,,,,,31151,21.0,21,,,,,,
,,,,,31162,11.0,11,,,,,,
,,,,,31168,6.0,6,,,,,,
,,,,,31172,4.0,4,,,,,,
,,,,,31185,13.0,13,,,,,,
,,,,,31188,3.0,3,,,,,,
,,,,,31192,4.0,4,,,,,,
,,,,,31195,3.0,3,,,,,,
,,,,,31203,8.0,8,,,,,,
,,,,,31225,22.0,22,,,,,,
,,,,,31236,11.0,11,,,,,,
,,,,,31240,4.0,4,,,,,,
,,,,,31243,3.0,3,,,,,,
,,,,,31247,4.0,4,,,,,,
,,,,,31250,3.0,3,,,,,,
,,,,,31255,5.0,5,,,,,,
,,,,,31267,12.0,12,,,,,,
,,,,,31271,4.0,4,,,,,,
,,,,,31279,8.0,8,,,,,,
,,,,,31282,3.0,3,,,,,,
,,,,,31289,7.0,7,,,,,,
,,,,,31295,6.0,6,,,,,,
,,,,,31298,3.0,3,,,,,,
,,,,,31311,13.0,13,,,,,,
,,,,,31316,5.0,5,,,,,,
,,,,,31324,8.0,8,,,,,,
,,,,,31328,4.0,4,,,,,,
,,,,,31336,8.0,8,,,,,,
,,,,,31342,6.0,6,,,,,,
,,,,,31355,13.0,13,,,,,,
,,,,,31366,11.0,11,,,,,,
,,,,,31370,4.0,4,,,,,,
,,,,,31375,5.0,5,,,,,,
,,,,,31384,9.0,9,,,,,,
,,,,,31393,9.0,9,,,,,,
,,,,,31397,4.0,4,,,,,,
,,,,,31404,7.0,7,,,,,,
,,,,,31409,5.0,5,,,,,,
,,,,,31416,7.0,7,,,,,,
,,,,,31420,4.0,4,,,,,,
,,,,,31429,9.0,9,,,,,,
,,,,,31441,12.0,12,,,,,,
,,,,,31457,16.0,16,,,,,,
,,,,,31461,4.0,4,,,,,,
,,,,,31466,5.0,5,,,,,,
,,,,,31471,5.0,5,,,,,,
,,,,,31478,7.0,7,,,,,,
,,,,,31482,4.0,4,,,,,,
,,,,,31486,4.0,4,,,,,,
,,,,,31491,5.0,5,,,,,,
,,,,,31496,5.0,5,,,,,,
,,,,,31502,6.0,6,,,,,,
,,,,,31511,9.0,9,,,,,,
,,,,,31515,4.0,4,,,,,,
,,,,,31520,5.0,5,,,,,,
,,,,,31530,10.0,10,,,,,,
,,,,,31537,7.0,7,,,,,,
,,,,,31543,6.0,6,,,,,,
,,,,,31550,7.0,7,,,,,,
,,,,,31563,13.0,13,,,,,,
,,,,,31569,6.0,6,,,,,,
,,,,,31573,4.0,4,,,,,,
,,,,,31577,4.0,4,,,,,,
,,,,,31582,5.0,5,,,,,,
,,,,,31586,4.0,4,,,,,,
,,,,,31589,3.0,3,,,,,,
,,,,,31596,7.0,7,,,,,,
,,,,,31603,7.0,7,,,,,,
,,,,,31610,7.0,7,,,,,,
,,,,,31614,4.0,4,,,,,,
,,,,,31620,6.0,6,,,,,,
,,,,,31624,4.0,4,,,,,,
,,,,,31633,9.0,9,,,,,,
,,,,,31637,4.0,4,,,,,,
,,,,,31642,5.0,5,,,,,,
,,,,,31658,16.0,16,,,,,,
,,,,,31663,5.0,5,,,,,,
,,,,,31669,6.0,6,,,,,,
,,,,,31677,8.0,8,,,,,,
,,,,,31682,5.0,5,,,,,,
,,,,,31687,5.0,5,,,,,,
,,,,,31692,5.0,5,,,,,,
,,,,,31696,4.0,4,,,,,,
,,,,,31703,7.0,7,,,,,,
,,,,,31711,8.0,8,,,,,,
,,,,,31714,3.0,3,,,,,,
,,,,,31722,8.0,8,,,,,,
,,,,,31726,4.0,4,,,,,,
,,,,,31741,15.0,15,,,,,,
,,,,,31745,4.0,4,,,,,,
,,,,,31751,6.0,6,,,,,,
,,,,,31760,9.0,9,,,,,,
,,,,,31764,4.0,4,,,,,,
,,,,,31770,6.0,6,,,,,,
,,,,,31775,5.0,5,,,,,,
,,,,,31783,8.0,8,,,,,,
,,,,,31787,4.0,4,,,,,,
,,,,,31790,3.0,3,,,,,,
,,,,,31793,3.0,3,,,,,,
,,,,,31797,4.0,4,,,,,,
,,,,,31803,6.0,6,,,,,,
,,,,,31808,5.0,5,,,,,,
,,,,,31811,3.0,3,,,,,,
,,,,,31821,10.0,10,,,,,,
,,,,,31831,10.0,10,,,,,,
,,,,,31840,9.0,9,,,,,,
,,,,,31848,8.0,8,,,,,,
,,,,,31854,6.0,6,,,,,,
,,,,,31857,3.0,3,,,,,,
,,,,,31862,5.0,5,,,,,,
,,,,,31866,4.0,4,,,,,,
,,,,,31870,4.0,4,,,,,,
,,,,,31875,5.0,5,,,,,,
,,,,,31892,17.0,17,,,,,,
,,,,,31896,4.0,4,,,,,,
,,,,,31900,4.0,4,,,,,,
,,,,,31904,4.0,4,,,,,,
,,,,,31919,15.0,15,,,,,,
,,,,,31925,6.0,6,,,,,,
,,,,,31932,7.0,7,,,,,,
,,,,,31939,7.0,7,,,,,,
,,,,,31943,4.0,4,,,,,,
,,,,,31951,8.0,8,,,,,,
,,,,,31968,17.0,17,,,,,,
,,,,,31973,5.0,5,,,,,,
,,,,,31989,16.0,16,,,,,,
,,,,,31994,5.0,5,,,,,,
,,,,,31997,3.0,3,,,,,,
,,,,,32000,,,1.8419615030288696,4.950314998626709,4.982285022735596,0.0003,0.0003,0.1
,,,,,32015,18.0,18,,,,,,
,,,,,32018,3.0,3,,,,,,
,,,,,32024,6.0,6,,,,,,
,,,,,32029,5.0,5,,,,,,
,,,,,32036,7.0,7,,,,,,
,,,,,32042,6.0,6,,,,,,
,,,,,32046,4.0,4,,,,,,
,,,,,32053,7.0,7,,,,,,
,,,,,32058,5.0,5,,,,,,
,,,,,32065,7.0,7,,,,,,
,,,,,32077,12.0,12,,,,,,
,,,,,32085,8.0,8,,,,,,
,,,,,32090,5.0,5,,,,,,
,,,,,32097,7.0,7,,,,,,
,,,,,32107,10.0,10,,,,,,
,,,,,32114,7.0,7,,,,,,
,,,,,32125,11.0,11,,,,,,
,,,,,32132,7.0,7,,,,,,
,,,,,32140,8.0,8,,,,,,
,,,,,32144,4.0,4,,,,,,
,,,,,32150,6.0,6,,,,,,
,,,,,32157,7.0,7,,,,,,
,,,,,32178,21.0,21,,,,,,
,,,,,32184,6.0,6,,,,,,
,,,,,32192,8.0,8,,,,,,
,,,,,32196,4.0,4,,,,,,
,,,,,32199,3.0,3,,,,,,
,,,,,32202,3.0,3,,,,,,
,,,,,32206,4.0,4,,,,,,
,,,,,32213,7.0,7,,,,,,
,,,,,32223,10.0,10,,,,,,
,,,,,32226,3.0,3,,,,,,
,,,,,32229,3.0,3,,,,,,
,,,,,32236,7.0,7,,,,,,
,,,,,32247,11.0,11,,,,,,
,,,,,32251,4.0,4,,,,,,
,,,,,32255,4.0,4,,,,,,
,,,,,32265,10.0,10,,,,,,
,,,,,32268,3.0,3,,,,,,
,,,,,32275,7.0,7,,,,,,
,,,,,32280,5.0,5,,,,,,
,,,,,32288,8.0,8,,,,,,
,,,,,32294,6.0,6,,,,,,
,,,,,32300,6.0,6,,,,,,
,,,,,32304,4.0,4,,,,,,
,,,,,32308,4.0,4,,,,,,
,,,,,32316,8.0,8,,,,,,
,,,,,32324,8.0,8,,,,,,
,,,,,32331,7.0,7,,,,,,
,,,,,32337,6.0,6,,,,,,
,,,,,32347,10.0,10,,,,,,
,,,,,32354,7.0,7,,,,,,
,,,,,32362,8.0,8,,,,,,
,,,,,32366,4.0,4,,,,,,
,,,,,32379,13.0,13,,,,,,
,,,,,32393,14.0,14,,,,,,
,,,,,32404,11.0,11,,,,,,
,,,,,32408,4.0,4,,,,,,
,,,,,32411,3.0,3,,,,,,
,,,,,32415,4.0,4,,,,,,
,,,,,32434,19.0,19,,,,,,
,,,,,32442,8.0,8,,,,,,
,,,,,32447,5.0,5,,,,,,
,,,,,32452,5.0,5,,,,,,
,,,,,32457,5.0,5,,,,,,
,,,,,32477,20.0,20,,,,,,
,,,,,32480,3.0,3,,,,,,
,,,,,32486,6.0,6,,,,,,
,,,,,32490,4.0,4,,,,,,
,,,,,32493,3.0,3,,,,,,
,,,,,32500,7.0,7,,,,,,
,,,,,32504,4.0,4,,,,,,
,,,,,32509,5.0,5,,,,,,
,,,,,32513,4.0,4,,,,,,
,,,,,32518,5.0,5,,,,,,
,,,,,32525,7.0,7,,,,,,
,,,,,32534,9.0,9,,,,,,
,,,,,32541,7.0,7,,,,,,
,,,,,32549,8.0,8,,,,,,
,,,,,32563,14.0,14,,,,,,
,,,,,32567,4.0,4,,,,,,
,,,,,32571,4.0,4,,,,,,
,,,,,32574,3.0,3,,,,,,
,,,,,32580,6.0,6,,,,,,
,,,,,32588,8.0,8,,,,,,
,,,,,32591,3.0,3,,,,,,
,,,,,32595,4.0,4,,,,,,
,,,,,32611,16.0,16,,,,,,
,,,,,32635,24.0,24,,,,,,
,,,,,32639,4.0,4,,,,,,
,,,,,32650,11.0,11,,,,,,
,,,,,32659,9.0,9,,,,,,
,,,,,32664,5.0,5,,,,,,
,,,,,32668,4.0,4,,,,,,
,,,,,32676,8.0,8,,,,,,
,,,,,32682,6.0,6,,,,,,
,,,,,32687,5.0,5,,,,,,
,,,,,32695,8.0,8,,,,,,
,,,,,32707,12.0,12,,,,,,
,,,,,32722,15.0,15,,,,,,
,,,,,32731,9.0,9,,,,,,
,,,,,32741,10.0,10,,,,,,
,,,,,32752,11.0,11,,,,,,
,,,,,32756,4.0,4,,,,,,
,,,,,32763,7.0,7,,,,,,
,,,,,32767,4.0,4,,,,,,
,,,,,32774,7.0,7,,,,,,
,,,,,32777,3.0,3,,,,,,
,,,,,32785,8.0,8,,,,,,
,,,,,32789,4.0,4,,,,,,
,,,,,32796,7.0,7,,,,,,
,,,,,32800,4.0,4,,,,,,
,,,,,32805,5.0,5,,,,,,
,,,,,32809,4.0,4,,,,,,
,,,,,32815,6.0,6,,,,,,
,,,,,32818,3.0,3,,,,,,
,,,,,32830,12.0,12,,,,,,
,,,,,32843,13.0,13,,,,,,
,,,,,32848,5.0,5,,,,,,
,,,,,32853,5.0,5,,,,,,
,,,,,32860,7.0,7,,,,,,
,,,,,32876,16.0,16,,,,,,
,,,,,32889,13.0,13,,,,,,
,,,,,32893,4.0,4,,,,,,
,,,,,32902,9.0,9,,,,,,
,,,,,32910,8.0,8,,,,,,
,,,,,32915,5.0,5,,,,,,
,,,,,32919,4.0,4,,,,,,
,,,,,32922,3.0,3,,,,,,
,,,,,32933,11.0,11,,,,,,
,,,,,32936,3.0,3,,,,,,
,,,,,32943,7.0,7,,,,,,
,,,,,32946,3.0,3,,,,,,
,,,,,32949,3.0,3,,,,,,
,,,,,32957,8.0,8,,,,,,
,,,,,32963,6.0,6,,,,,,
,,,,,32970,7.0,7,,,,,,
,,,,,32973,3.0,3,,,,,,
,,,,,32977,4.0,4,,,,,,
,,,,,33000,,,2.125089406967163,5.388320446014404,5.524737358093262,0.0003,0.0003,0.1
,,,,,33007,30.0,30,,,,,,
,,,,,33010,3.0,3,,,,,,
,,,,,33019,9.0,9,,,,,,
,,,,,33023,4.0,4,,,,,,
,,,,,33026,3.0,3,,,,,,
,,,,,33030,4.0,4,,,,,,
,,,,,33035,5.0,5,,,,,,
,,,,,33042,7.0,7,,,,,,
,,,,,33048,6.0,6,,,,,,
,,,,,33052,4.0,4,,,,,,
,,,,,33061,9.0,9,,,,,,
,,,,,33066,5.0,5,,,,,,
,,,,,33071,5.0,5,,,,,,
,,,,,33078,7.0,7,,,,,,
,,,,,33082,4.0,4,,,,,,
,,,,,33088,6.0,6,,,,,,
,,,,,33093,5.0,5,,,,,,
,,,,,33098,5.0,5,,,,,,
,,,,,33107,9.0,9,,,,,,
,,,,,33113,6.0,6,,,,,,
,,,,,33119,6.0,6,,,,,,
,,,,,33126,7.0,7,,,,,,
,,,,,33135,9.0,9,,,,,,
,,,,,33139,4.0,4,,,,,,
,,,,,33143,4.0,4,,,,,,
,,,,,33148,5.0,5,,,,,,
,,,,,33154,6.0,6,,,,,,
,,,,,33161,7.0,7,,,,,,
,,,,,33172,11.0,11,,,,,,
,,,,,33178,6.0,6,,,,,,
,,,,,33186,8.0,8,,,,,,
,,,,,33199,13.0,13,,,,,,
,,,,,33202,3.0,3,,,,,,
,,,,,33207,5.0,5,,,,,,
,,,,,33211,4.0,4,,,,,,
,,,,,33214,3.0,3,,,,,,
,,,,,33226,12.0,12,,,,,,
,,,,,33230,4.0,4,,,,,,
,,,,,33237,7.0,7,,,,,,
,,,,,33247,10.0,10,,,,,,
,,,,,33254,7.0,7,,,,,,
,,,,,33260,6.0,6,,,,,,
,,,,,33267,7.0,7,,,,,,
,,,,,33274,7.0,7,,,,,,
,,,,,33279,5.0,5,,,,,,
,,,,,33297,18.0,18,,,,,,
,,,,,33304,7.0,7,,,,,,
,,,,,33310,6.0,6,,,,,,
,,,,,33316,6.0,6,,,,,,
,,,,,33324,8.0,8,,,,,,
,,,,,33328,4.0,4,,,,,,
,,,,,33331,3.0,3,,,,,,
,,,,,33343,12.0,12,,,,,,
,,,,,33347,4.0,4,,,,,,
,,,,,33356,9.0,9,,,,,,
,,,,,33363,7.0,7,,,,,,
,,,,,33366,3.0,3,,,,,,
,,,,,33370,4.0,4,,,,,,
,,,,,33373,3.0,3,,,,,,
,,,,,33378,5.0,5,,,,,,
,,,,,33382,4.0,4,,,,,,
,,,,,33388,6.0,6,,,,,,
,,,,,33391,3.0,3,,,,,,
,,,,,33396,5.0,5,,,,,,
,,,,,33403,7.0,7,,,,,,
,,,,,33407,4.0,4,,,,,,
,,,,,33418,11.0,11,,,,,,
,,,,,33421,3.0,3,,,,,,
,,,,,33426,5.0,5,,,,,,
,,,,,33430,4.0,4,,,,,,
,,,,,33435,5.0,5,,,,,,
,,,,,33439,4.0,4,,,,,,
,,,,,33448,9.0,9,,,,,,
,,,,,33458,10.0,10,,,,,,
,,,,,33461,3.0,3,,,,,,
,,,,,33467,6.0,6,,,,,,
,,,,,33488,21.0,21,,,,,,
,,,,,33495,7.0,7,,,,,,
,,,,,33498,3.0,3,,,,,,
,,,,,33502,4.0,4,,,,,,
,,,,,33509,7.0,7,,,,,,
,,,,,33513,4.0,4,,,,,,
,,,,,33524,11.0,11,,,,,,
,,,,,33528,4.0,4,,,,,,
,,,,,33532,4.0,4,,,,,,
,,,,,33538,6.0,6,,,,,,
,,,,,33548,10.0,10,,,,,,
,,,,,33552,4.0,4,,,,,,
,,,,,33558,6.0,6,,,,,,
,,,,,33567,9.0,9,,,,,,
,,,,,33575,8.0,8,,,,,,
,,,,,33587,12.0,12,,,,,,
,,,,,33610,23.0,23,,,,,,
,,,,,33619,9.0,9,,,,,,
,,,,,33623,4.0,4,,,,,,
,,,,,33626,3.0,3,,,,,,
,,,,,33632,6.0,6,,,,,,
,,,,,33636,4.0,4,,,,,,
,,,,,33639,3.0,3,,,,,,
,,,,,33643,4.0,4,,,,,,
,,,,,33649,6.0,6,,,,,,
,,,,,33672,23.0,23,,,,,,
,,,,,33677,5.0,5,,,,,,
,,,,,33680,3.0,3,,,,,,
,,,,,33686,6.0,6,,,,,,
,,,,,33692,6.0,6,,,,,,
,,,,,33696,4.0,4,,,,,,
,,,,,33701,5.0,5,,,,,,
,,,,,33707,6.0,6,,,,,,
,,,,,33715,8.0,8,,,,,,
,,,,,33719,4.0,4,,,,,,
,,,,,33723,4.0,4,,,,,,
,,,,,33726,3.0,3,,,,,,
,,,,,33736,10.0,10,,,,,,
,,,,,33741,5.0,5,,,,,,
,,,,,33748,7.0,7,,,,,,
,,,,,33754,6.0,6,,,,,,
,,,,,33763,9.0,9,,,,,,
,,,,,33770,7.0,7,,,,,,
,,,,,33774,4.0,4,,,,,,
,,,,,33783,9.0,9,,,,,,
,,,,,33788,5.0,5,,,,,,
,,,,,33795,7.0,7,,,,,,
,,,,,33798,3.0,3,,,,,,
,,,,,33803,5.0,5,,,,,,
,,,,,33814,11.0,11,,,,,,
,,,,,33819,5.0,5,,,,,,
,,,,,33825,6.0,6,,,,,,
,,,,,33830,5.0,5,,,,,,
,,,,,33834,4.0,4,,,,,,
,,,,,33844,10.0,10,,,,,,
,,,,,33852,8.0,8,,,,,,
,,,,,33859,7.0,7,,,,,,
,,,,,33864,5.0,5,,,,,,
,,,,,33868,4.0,4,,,,,,
,,,,,33874,6.0,6,,,,,,
,,,,,33877,3.0,3,,,,,,
,,,,,33884,7.0,7,,,,,,
,,,,,33891,7.0,7,,,,,,
,,,,,33895,4.0,4,,,,,,
,,,,,33901,6.0,6,,,,,,
,,,,,33905,4.0,4,,,,,,
,,,,,33911,6.0,6,,,,,,
,,,,,33919,8.0,8,,,,,,
,,,,,33926,7.0,7,,,,,,
,,,,,33931,5.0,5,,,,,,
,,,,,33936,5.0,5,,,,,,
,,,,,33943,7.0,7,,,,,,
,,,,,33947,4.0,4,,,,,,
,,,,,33963,16.0,16,,,,,,
,,,,,33975,12.0,12,,,,,,
,,,,,33986,11.0,11,,,,,,
,,,,,33991,5.0,5,,,,,,
,,,,,34000,9.0,9,,,,,,
,,,,,34000,,,2.234806537628174,5.11437463760376,5.226768970489502,0.0003,0.0003,0.1
,,,,,34005,5.0,5,,,,,,
,,,,,34012,7.0,7,,,,,,
,,,,,34020,8.0,8,,,,,,
,,,,,34027,7.0,7,,,,,,
,,,,,34036,9.0,9,,,,,,
,,,,,34044,8.0,8,,,,,,
,,,,,34049,5.0,5,,,,,,
,,,,,34054,5.0,5,,,,,,
,,,,,34059,5.0,5,,,,,,
,,,,,34075,16.0,16,,,,,,
,,,,,34079,4.0,4,,,,,,
,,,,,34084,5.0,5,,,,,,
,,,,,34091,7.0,7,,,,,,
,,,,,34104,13.0,13,,,,,,
,,,,,34120,16.0,16,,,,,,
,,,,,34123,3.0,3,,,,,,
,,,,,34129,6.0,6,,,,,,
,,,,,34135,6.0,6,,,,,,
,,,,,34138,3.0,3,,,,,,
,,,,,34142,4.0,4,,,,,,
,,,,,34146,4.0,4,,,,,,
,,,,,34159,13.0,13,,,,,,
,,,,,34164,5.0,5,,,,,,
,,,,,34180,16.0,16,,,,,,
,,,,,34185,5.0,5,,,,,,
,,,,,34191,6.0,6,,,,,,
,,,,,34197,6.0,6,,,,,,
,,,,,34202,5.0,5,,,,,,
,,,,,34206,4.0,4,,,,,,
,,,,,34211,5.0,5,,,,,,
,,,,,34224,13.0,13,,,,,,
,,,,,34228,4.0,4,,,,,,
,,,,,34232,4.0,4,,,,,,
,,,,,34243,11.0,11,,,,,,
,,,,,34250,7.0,7,,,,,,
,,,,,34256,6.0,6,,,,,,
,,,,,34259,3.0,3,,,,,,
,,,,,34263,4.0,4,,,,,,
,,,,,34272,9.0,9,,,,,,
,,,,,34279,7.0,7,,,,,,
,,,,,34283,4.0,4,,,,,,
,,,,,34288,5.0,5,,,,,,
,,,,,34296,8.0,8,,,,,,
,,,,,34300,4.0,4,,,,,,
,,,,,34306,6.0,6,,,,,,
,,,,,34314,8.0,8,,,,,,
,,,,,34329,15.0,15,,,,,,
,,,,,34340,11.0,11,,,,,,
,,,,,34345,5.0,5,,,,,,
,,,,,34349,4.0,4,,,,,,
,,,,,34352,3.0,3,,,,,,
,,,,,34362,10.0,10,,,,,,
,,,,,34370,8.0,8,,,,,,
,,,,,34376,6.0,6,,,,,,
,,,,,34379,3.0,3,,,,,,
,,,,,34386,7.0,7,,,,,,
,,,,,34391,5.0,5,,,,,,
,,,,,34399,8.0,8,,,,,,
,,,,,34402,3.0,3,,,,,,
,,,,,34409,7.0,7,,,,,,
,,,,,34414,5.0,5,,,,,,
,,,,,34422,8.0,8,,,,,,
,,,,,34427,5.0,5,,,,,,
,,,,,34432,5.0,5,,,,,,
,,,,,34435,3.0,3,,,,,,
,,,,,34438,3.0,3,,,,,,
,,,,,34445,7.0,7,,,,,,
,,,,,34450,5.0,5,,,,,,
,,,,,34453,3.0,3,,,,,,
,,,,,34460,7.0,7,,,,,,
,,,,,34468,8.0,8,,,,,,
,,,,,34472,4.0,4,,,,,,
,,,,,34478,6.0,6,,,,,,
,,,,,34483,5.0,5,,,,,,
,,,,,34498,15.0,15,,,,,,
,,,,,34506,8.0,8,,,,,,
,,,,,34509,3.0,3,,,,,,
,,,,,34512,3.0,3,,,,,,
,,,,,34520,8.0,8,,,,,,
,,,,,34528,8.0,8,,,,,,
,,,,,34540,12.0,12,,,,,,
,,,,,34545,5.0,5,,,,,,
,,,,,34550,5.0,5,,,,,,
,,,,,34560,10.0,10,,,,,,
,,,,,34576,16.0,16,,,,,,
,,,,,34580,4.0,4,,,,,,
,,,,,34587,7.0,7,,,,,,
,,,,,34595,8.0,8,,,,,,
,,,,,34600,5.0,5,,,,,,
,,,,,34607,7.0,7,,,,,,
,,,,,34613,6.0,6,,,,,,
,,,,,34616,3.0,3,,,,,,
,,,,,34626,10.0,10,,,,,,
,,,,,34634,8.0,8,,,,,,
,,,,,34639,5.0,5,,,,,,
,,,,,34645,6.0,6,,,,,,
,,,,,34648,3.0,3,,,,,,
,,,,,34654,6.0,6,,,,,,
,,,,,34658,4.0,4,,,,,,
,,,,,34676,18.0,18,,,,,,
,,,,,34685,9.0,9,,,,,,
,,,,,34691,6.0,6,,,,,,
,,,,,34696,5.0,5,,,,,,
,,,,,34706,10.0,10,,,,,,
,,,,,34710,4.0,4,,,,,,
,,,,,34720,10.0,10,,,,,,
,,,,,34723,3.0,3,,,,,,
,,,,,34749,26.0,26,,,,,,
,,,,,34754,5.0,5,,,,,,
,,,,,34758,4.0,4,,,,,,
,,,,,34762,4.0,4,,,,,,
,,,,,34767,5.0,5,,,,,,
,,,,,34772,5.0,5,,,,,,
,,,,,34778,6.0,6,,,,,,
,,,,,34783,5.0,5,,,,,,
,,,,,34787,4.0,4,,,,,,
,,,,,34795,8.0,8,,,,,,
,,,,,34799,4.0,4,,,,,,
,,,,,34810,11.0,11,,,,,,
,,,,,34814,4.0,4,,,,,,
,,,,,34820,6.0,6,,,,,,
,,,,,34838,18.0,18,,,,,,
,,,,,34847,9.0,9,,,,,,
,,,,,34851,4.0,4,,,,,,
,,,,,34856,5.0,5,,,,,,
,,,,,34861,5.0,5,,,,,,
,,,,,34867,6.0,6,,,,,,
,,,,,34880,13.0,13,,,,,,
,,,,,34884,4.0,4,,,,,,
,,,,,34888,4.0,4,,,,,,
,,,,,34891,3.0,3,,,,,,
,,,,,34895,4.0,4,,,,,,
,,,,,34898,3.0,3,,,,,,
,,,,,34904,6.0,6,,,,,,
,,,,,34910,6.0,6,,,,,,
,,,,,34916,6.0,6,,,,,,
,,,,,34920,4.0,4,,,,,,
,,,,,34925,5.0,5,,,,,,
,,,,,34939,14.0,14,,,,,,
,,,,,34953,14.0,14,,,,,,
,,,,,34957,4.0,4,,,,,,
,,,,,34968,11.0,11,,,,,,
,,,,,34974,6.0,6,,,,,,
,,,,,34979,5.0,5,,,,,,
,,,,,34989,10.0,10,,,,,,
,,,,,34994,5.0,5,,,,,,
5.6,1.7435596,9.0,3.0,5.6,35000,,,2.3727080821990967,5.0256242752075195,5.111794471740723,0.0003,0.0003,0.1
,,,,,35007,13.0,13,,,,,,
,,,,,35012,5.0,5,,,,,,
,,,,,35018,6.0,6,,,,,,
,,,,,35025,7.0,7,,,,,,
,,,,,35029,4.0,4,,,,,,
,,,,,35035,6.0,6,,,,,,
,,,,,35040,5.0,5,,,,,,
,,,,,35046,6.0,6,,,,,,
,,,,,35052,6.0,6,,,,,,
,,,,,35058,6.0,6,,,,,,
,,,,,35067,9.0,9,,,,,,
,,,,,35074,7.0,7,,,,,,
,,,,,35079,5.0,5,,,,,,
,,,,,35084,5.0,5,,,,,,
,,,,,35089,5.0,5,,,,,,
,,,,,35092,3.0,3,,,,,,
,,,,,35098,6.0,6,,,,,,
,,,,,35111,13.0,13,,,,,,
,,,,,35117,6.0,6,,,,,,
,,,,,35124,7.0,7,,,,,,
,,,,,35145,21.0,21,,,,,,
,,,,,35152,7.0,7,,,,,,
,,,,,35156,4.0,4,,,,,,
,,,,,35162,6.0,6,,,,,,
,,,,,35167,5.0,5,,,,,,
,,,,,35170,3.0,3,,,,,,
,,,,,35173,3.0,3,,,,,,
,,,,,35187,14.0,14,,,,,,
,,,,,35194,7.0,7,,,,,,
,,,,,35197,3.0,3,,,,,,
,,,,,35203,6.0,6,,,,,,
,,,,,35210,7.0,7,,,,,,
,,,,,35220,10.0,10,,,,,,
,,,,,35228,8.0,8,,,,,,
,,,,,35231,3.0,3,,,,,,
,,,,,35234,3.0,3,,,,,,
,,,,,35244,10.0,10,,,,,,
,,,,,35247,3.0,3,,,,,,
,,,,,35252,5.0,5,,,,,,
,,,,,35260,8.0,8,,,,,,
,,,,,35263,3.0,3,,,,,,
,,,,,35266,3.0,3,,,,,,
,,,,,35269,3.0,3,,,,,,
,,,,,35285,16.0,16,,,,,,
,,,,,35295,10.0,10,,,,,,
,,,,,35298,3.0,3,,,,,,
,,,,,35302,4.0,4,,,,,,
,,,,,35305,3.0,3,,,,,,
,,,,,35311,6.0,6,,,,,,
,,,,,35314,3.0,3,,,,,,
,,,,,35320,6.0,6,,,,,,
,,,,,35324,4.0,4,,,,,,
,,,,,35328,4.0,4,,,,,,
,,,,,35335,7.0,7,,,,,,
,,,,,35340,5.0,5,,,,,,
,,,,,35352,12.0,12,,,,,,
,,,,,35355,3.0,3,,,,,,
,,,,,35366,11.0,11,,,,,,
,,,,,35372,6.0,6,,,,,,
,,,,,35379,7.0,7,,,,,,
,,,,,35394,15.0,15,,,,,,
,,,,,35406,12.0,12,,,,,,
,,,,,35419,13.0,13,,,,,,
,,,,,35423,4.0,4,,,,,,
,,,,,35439,16.0,16,,,,,,
,,,,,35444,5.0,5,,,,,,
,,,,,35452,8.0,8,,,,,,
,,,,,35457,5.0,5,,,,,,
,,,,,35462,5.0,5,,,,,,
,,,,,35465,3.0,3,,,,,,
,,,,,35471,6.0,6,,,,,,
,,,,,35477,6.0,6,,,,,,
,,,,,35481,4.0,4,,,,,,
,,,,,35488,7.0,7,,,,,,
,,,,,35497,9.0,9,,,,,,
,,,,,35502,5.0,5,,,,,,
,,,,,35506,4.0,4,,,,,,
,,,,,35516,10.0,10,,,,,,
,,,,,35526,10.0,10,,,,,,
,,,,,35536,10.0,10,,,,,,
,,,,,35545,9.0,9,,,,,,
,,,,,35555,10.0,10,,,,,,
,,,,,35559,4.0,4,,,,,,
,,,,,35562,3.0,3,,,,,,
,,,,,35565,3.0,3,,,,,,
,,,,,35571,6.0,6,,,,,,
,,,,,35578,7.0,7,,,,,,
,,,,,35583,5.0,5,,,,,,
,,,,,35596,13.0,13,,,,,,
,,,,,35611,15.0,15,,,,,,
,,,,,35617,6.0,6,,,,,,
,,,,,35620,3.0,3,,,,,,
,,,,,35624,4.0,4,,,,,,
,,,,,35632,8.0,8,,,,,,
,,,,,35657,25.0,25,,,,,,
,,,,,35671,14.0,14,,,,,,
,,,,,35681,10.0,10,,,,,,
,,,,,35687,6.0,6,,,,,,
,,,,,35695,8.0,8,,,,,,
,,,,,35702,7.0,7,,,,,,
,,,,,35707,5.0,5,,,,,,
,,,,,35715,8.0,8,,,,,,
,,,,,35722,7.0,7,,,,,,
,,,,,35725,3.0,3,,,,,,
,,,,,35737,12.0,12,,,,,,
,,,,,35755,18.0,18,,,,,,
,,,,,35766,11.0,11,,,,,,
,,,,,35770,4.0,4,,,,,,
,,,,,35785,15.0,15,,,,,,
,,,,,35797,12.0,12,,,,,,
,,,,,35801,4.0,4,,,,,,
,,,,,35806,5.0,5,,,,,,
,,,,,35812,6.0,6,,,,,,
,,,,,35819,7.0,7,,,,,,
,,,,,35827,8.0,8,,,,,,
,,,,,35831,4.0,4,,,,,,
,,,,,35835,4.0,4,,,,,,
,,,,,35838,3.0,3,,,,,,
,,,,,35848,10.0,10,,,,,,
,,,,,35854,6.0,6,,,,,,
,,,,,35858,4.0,4,,,,,,
,,,,,35862,4.0,4,,,,,,
,,,,,35868,6.0,6,,,,,,
,,,,,35875,7.0,7,,,,,,
,,,,,35880,5.0,5,,,,,,
,,,,,35883,3.0,3,,,,,,
,,,,,35886,3.0,3,,,,,,
,,,,,35890,4.0,4,,,,,,
,,,,,35894,4.0,4,,,,,,
,,,,,35897,3.0,3,,,,,,
,,,,,35905,8.0,8,,,,,,
,,,,,35908,3.0,3,,,,,,
,,,,,35915,7.0,7,,,,,,
,,,,,35920,5.0,5,,,,,,
,,,,,35929,9.0,9,,,,,,
,,,,,35933,4.0,4,,,,,,
,,,,,35939,6.0,6,,,,,,
,,,,,35942,3.0,3,,,,,,
,,,,,35950,8.0,8,,,,,,
,,,,,35954,4.0,4,,,,,,
,,,,,35958,4.0,4,,,,,,
,,,,,35962,4.0,4,,,,,,
,,,,,35966,4.0,4,,,,,,
,,,,,35970,4.0,4,,,,,,
,,,,,35976,6.0,6,,,,,,
,,,,,35988,12.0,12,,,,,,
,,,,,35991,3.0,3,,,,,,
,,,,,35995,4.0,4,,,,,,
,,,,,36000,,,2.1952521800994873,4.735416412353516,4.753436088562012,0.0003,0.0003,0.1
,,,,,36001,6.0,6,,,,,,
,,,,,36007,6.0,6,,,,,,
,,,,,36013,6.0,6,,,,,,
,,,,,36019,6.0,6,,,,,,
,,,,,36031,12.0,12,,,,,,
,,,,,36034,3.0,3,,,,,,
,,,,,36041,7.0,7,,,,,,
,,,,,36049,8.0,8,,,,,,
,,,,,36055,6.0,6,,,,,,
,,,,,36058,3.0,3,,,,,,
,,,,,36062,4.0,4,,,,,,
,,,,,36065,3.0,3,,,,,,
,,,,,36071,6.0,6,,,,,,
,,,,,36083,12.0,12,,,,,,
,,,,,36088,5.0,5,,,,,,
,,,,,36098,10.0,10,,,,,,
,,,,,36110,12.0,12,,,,,,
,,,,,36131,21.0,21,,,,,,
,,,,,36136,5.0,5,,,,,,
,,,,,36139,3.0,3,,,,,,
,,,,,36145,6.0,6,,,,,,
,,,,,36148,3.0,3,,,,,,
,,,,,36152,4.0,4,,,,,,
,,,,,36157,5.0,5,,,,,,
,,,,,36169,12.0,12,,,,,,
,,,,,36180,11.0,11,,,,,,
,,,,,36189,9.0,9,,,,,,
,,,,,36195,6.0,6,,,,,,
,,,,,36208,13.0,13,,,,,,
,,,,,36211,3.0,3,,,,,,
,,,,,36215,4.0,4,,,,,,
,,,,,36220,5.0,5,,,,,,
,,,,,36239,19.0,19,,,,,,
,,,,,36244,5.0,5,,,,,,
,,,,,36247,3.0,3,,,,,,
,,,,,36256,9.0,9,,,,,,
,,,,,36260,4.0,4,,,,,,
,,,,,36263,3.0,3,,,,,,
,,,,,36275,12.0,12,,,,,,
,,,,,36281,6.0,6,,,,,,
,,,,,36290,9.0,9,,,,,,
,,,,,36295,5.0,5,,,,,,
,,,,,36304,9.0,9,,,,,,
,,,,,36308,4.0,4,,,,,,
,,,,,36312,4.0,4,,,,,,
,,,,,36316,4.0,4,,,,,,
,,,,,36321,5.0,5,,,,,,
,,,,,36328,7.0,7,,,,,,
,,,,,36333,5.0,5,,,,,,
,,,,,36343,10.0,10,,,,,,
,,,,,36347,4.0,4,,,,,,
,,,,,36351,4.0,4,,,,,,
,,,,,36364,13.0,13,,,,,,
,,,,,36372,8.0,8,,,,,,
,,,,,36384,12.0,12,,,,,,
,,,,,36390,6.0,6,,,,,,
,,,,,36393,3.0,3,,,,,,
,,,,,36401,8.0,8,,,,,,
,,,,,36406,5.0,5,,,,,,
,,,,,36412,6.0,6,,,,,,
,,,,,36423,11.0,11,,,,,,
,,,,,36433,10.0,10,,,,,,
,,,,,36437,4.0,4,,,,,,
,,,,,36448,11.0,11,,,,,,
,,,,,36454,6.0,6,,,,,,
,,,,,36465,11.0,11,,,,,,
,,,,,36468,3.0,3,,,,,,
,,,,,36473,5.0,5,,,,,,
,,,,,36485,12.0,12,,,,,,
,,,,,36489,4.0,4,,,,,,
,,,,,36496,7.0,7,,,,,,
,,,,,36505,9.0,9,,,,,,
,,,,,36513,8.0,8,,,,,,
,,,,,36516,3.0,3,,,,,,
,,,,,36524,8.0,8,,,,,,
,,,,,36527,3.0,3,,,,,,
,,,,,36532,5.0,5,,,,,,
,,,,,36552,20.0,20,,,,,,
,,,,,36570,18.0,18,,,,,,
,,,,,36578,8.0,8,,,,,,
,,,,,36583,5.0,5,,,,,,
,,,,,36591,8.0,8,,,,,,
,,,,,36595,4.0,4,,,,,,
,,,,,36602,7.0,7,,,,,,
,,,,,36609,7.0,7,,,,,,
,,,,,36616,7.0,7,,,,,,
,,,,,36622,6.0,6,,,,,,
,,,,,36626,4.0,4,,,,,,
,,,,,36633,7.0,7,,,,,,
,,,,,36648,15.0,15,,,,,,
,,,,,36651,3.0,3,,,,,,
,,,,,36659,8.0,8,,,,,,
,,,,,36664,5.0,5,,,,,,
,,,,,36667,3.0,3,,,,,,
,,,,,36682,15.0,15,,,,,,
,,,,,36685,3.0,3,,,,,,
,,,,,36688,3.0,3,,,,,,
,,,,,36697,9.0,9,,,,,,
,,,,,36704,7.0,7,,,,,,
,,,,,36707,3.0,3,,,,,,
,,,,,36720,13.0,13,,,,,,
,,,,,36727,7.0,7,,,,,,
,,,,,36754,27.0,27,,,,,,
,,,,,36761,7.0,7,,,,,,
,,,,,36764,3.0,3,,,,,,
,,,,,36770,6.0,6,,,,,,
,,,,,36774,4.0,4,,,,,,
,,,,,36784,10.0,10,,,,,,
,,,,,36790,6.0,6,,,,,,
,,,,,36796,6.0,6,,,,,,
,,,,,36799,3.0,3,,,,,,
,,,,,36814,15.0,15,,,,,,
,,,,,36819,5.0,5,,,,,,
,,,,,36828,9.0,9,,,,,,
,,,,,36832,4.0,4,,,,,,
,,,,,36838,6.0,6,,,,,,
,,,,,36841,3.0,3,,,,,,
,,,,,36846,5.0,5,,,,,,
,,,,,36850,4.0,4,,,,,,
,,,,,36856,6.0,6,,,,,,
,,,,,36863,7.0,7,,,,,,
,,,,,36873,10.0,10,,,,,,
,,,,,36889,16.0,16,,,,,,
,,,,,36893,4.0,4,,,,,,
,,,,,36896,3.0,3,,,,,,
,,,,,36900,4.0,4,,,,,,
,,,,,36904,4.0,4,,,,,,
,,,,,36908,4.0,4,,,,,,
,,,,,36912,4.0,4,,,,,,
,,,,,36915,3.0,3,,,,,,
,,,,,36925,10.0,10,,,,,,
,,,,,36942,17.0,17,,,,,,
,,,,,36945,3.0,3,,,,,,
,,,,,36948,3.0,3,,,,,,
,,,,,36964,16.0,16,,,,,,
,,,,,36968,4.0,4,,,,,,
,,,,,36979,11.0,11,,,,,,
,,,,,36988,9.0,9,,,,,,
,,,,,36992,4.0,4,,,,,,
,,,,,36998,6.0,6,,,,,,
,,,,,37000,,,2.192612409591675,5.025673866271973,5.146993637084961,0.0003,0.0003,0.1
,,,,,37004,6.0,6,,,,,,
,,,,,37010,6.0,6,,,,,,
,,,,,37028,18.0,18,,,,,,
,,,,,37039,11.0,11,,,,,,
,,,,,37044,5.0,5,,,,,,
,,,,,37051,7.0,7,,,,,,
,,,,,37059,8.0,8,,,,,,
,,,,,37066,7.0,7,,,,,,
,,,,,37070,4.0,4,,,,,,
,,,,,37078,8.0,8,,,,,,
,,,,,37090,12.0,12,,,,,,
,,,,,37100,10.0,10,,,,,,
,,,,,37113,13.0,13,,,,,,
,,,,,37123,10.0,10,,,,,,
,,,,,37132,9.0,9,,,,,,
,,,,,37136,4.0,4,,,,,,
,,,,,37140,4.0,4,,,,,,
,,,,,37145,5.0,5,,,,,,
,,,,,37155,10.0,10,,,,,,
,,,,,37163,8.0,8,,,,,,
,,,,,37167,4.0,4,,,,,,
,,,,,37172,5.0,5,,,,,,
,,,,,37182,10.0,10,,,,,,
,,,,,37186,4.0,4,,,,,,
,,,,,37212,26.0,26,,,,,,
,,,,,37217,5.0,5,,,,,,
,,,,,37225,8.0,8,,,,,,
,,,,,37230,5.0,5,,,,,,
,,,,,37234,4.0,4,,,,,,
,,,,,37237,3.0,3,,,,,,
,,,,,37240,3.0,3,,,,,,
,,,,,37250,10.0,10,,,,,,
,,,,,37255,5.0,5,,,,,,
,,,,,37262,7.0,7,,,,,,
,,,,,37266,4.0,4,,,,,,
,,,,,37273,7.0,7,,,,,,
,,,,,37285,12.0,12,,,,,,
,,,,,37288,3.0,3,,,,,,
,,,,,37292,4.0,4,,,,,,
,,,,,37298,6.0,6,,,,,,
,,,,,37305,7.0,7,,,,,,
,,,,,37311,6.0,6,,,,,,
,,,,,37323,12.0,12,,,,,,
,,,,,37330,7.0,7,,,,,,
,,,,,37336,6.0,6,,,,,,
,,,,,37339,3.0,3,,,,,,
,,,,,37344,5.0,5,,,,,,
,,,,,37354,10.0,10,,,,,,
,,,,,37360,6.0,6,,,,,,
,,,,,37364,4.0,4,,,,,,
,,,,,37368,4.0,4,,,,,,
,,,,,37371,3.0,3,,,,,,
,,,,,37379,8.0,8,,,,,,
,,,,,37382,3.0,3,,,,,,
,,,,,37388,6.0,6,,,,,,
,,,,,37397,9.0,9,,,,,,
,,,,,37404,7.0,7,,,,,,
,,,,,37411,7.0,7,,,,,,
,,,,,37423,12.0,12,,,,,,
,,,,,37428,5.0,5,,,,,,
,,,,,37432,4.0,4,,,,,,
,,,,,37447,15.0,15,,,,,,
,,,,,37451,4.0,4,,,,,,
,,,,,37473,22.0,22,,,,,,
,,,,,37478,5.0,5,,,,,,
,,,,,37486,8.0,8,,,,,,
,,,,,37492,6.0,6,,,,,,
,,,,,37499,7.0,7,,,,,,
,,,,,37502,3.0,3,,,,,,
,,,,,37505,3.0,3,,,,,,
,,,,,37510,5.0,5,,,,,,
,,,,,37519,9.0,9,,,,,,
,,,,,37524,5.0,5,,,,,,
,,,,,37532,8.0,8,,,,,,
,,,,,37540,8.0,8,,,,,,
,,,,,37550,10.0,10,,,,,,
,,,,,37556,6.0,6,,,,,,
,,,,,37562,6.0,6,,,,,,
,,,,,37566,4.0,4,,,,,,
,,,,,37576,10.0,10,,,,,,
,,,,,37581,5.0,5,,,,,,
,,,,,37584,3.0,3,,,,,,
,,,,,37595,11.0,11,,,,,,
,,,,,37599,4.0,4,,,,,,
,,,,,37603,4.0,4,,,,,,
,,,,,37612,9.0,9,,,,,,
,,,,,37615,3.0,3,,,,,,
,,,,,37623,8.0,8,,,,,,
,,,,,37630,7.0,7,,,,,,
,,,,,37635,5.0,5,,,,,,
,,,,,37640,5.0,5,,,,,,
,,,,,37652,12.0,12,,,,,,
,,,,,37656,4.0,4,,,,,,
,,,,,37661,5.0,5,,,,,,
,,,,,37667,6.0,6,,,,,,
,,,,,37671,4.0,4,,,,,,
,,,,,37676,5.0,5,,,,,,
,,,,,37687,11.0,11,,,,,,
,,,,,37700,13.0,13,,,,,,
,,,,,37704,4.0,4,,,,,,
,,,,,37709,5.0,5,,,,,,
,,,,,37713,4.0,4,,,,,,
,,,,,37727,14.0,14,,,,,,
,,,,,37730,3.0,3,,,,,,
,,,,,37733,3.0,3,,,,,,
,,,,,37736,3.0,3,,,,,,
,,,,,37756,20.0,20,,,,,,
,,,,,37763,7.0,7,,,,,,
,,,,,37767,4.0,4,,,,,,
,,,,,37773,6.0,6,,,,,,
,,,,,37781,8.0,8,,,,,,
,,,,,37794,13.0,13,,,,,,
,,,,,37801,7.0,7,,,,,,
,,,,,37805,4.0,4,,,,,,
,,,,,37812,7.0,7,,,,,,
,,,,,37816,4.0,4,,,,,,
,,,,,37825,9.0,9,,,,,,
,,,,,37833,8.0,8,,,,,,
,,,,,37843,10.0,10,,,,,,
,,,,,37846,3.0,3,,,,,,
,,,,,37854,8.0,8,,,,,,
,,,,,37857,3.0,3,,,,,,
,,,,,37887,30.0,30,,,,,,
,,,,,37892,5.0,5,,,,,,
,,,,,37896,4.0,4,,,,,,
,,,,,37909,13.0,13,,,,,,
,,,,,37913,4.0,4,,,,,,
,,,,,37920,7.0,7,,,,,,
,,,,,37931,11.0,11,,,,,,
,,,,,37941,10.0,10,,,,,,
,,,,,37949,8.0,8,,,,,,
,,,,,37952,3.0,3,,,,,,
,,,,,37969,17.0,17,,,,,,
,,,,,37976,7.0,7,,,,,,
,,,,,37990,14.0,14,,,,,,
,,,,,38000,,,1.9612922668457031,5.051625728607178,4.889130115509033,0.0003,0.0003,0.1
,,,,,38001,11.0,11,,,,,,
,,,,,38004,3.0,3,,,,,,
,,,,,38011,7.0,7,,,,,,
,,,,,38015,4.0,4,,,,,,
,,,,,38021,6.0,6,,,,,,
,,,,,38025,4.0,4,,,,,,
,,,,,38029,4.0,4,,,,,,
,,,,,38034,5.0,5,,,,,,
,,,,,38041,7.0,7,,,,,,
,,,,,38048,7.0,7,,,,,,
,,,,,38051,3.0,3,,,,,,
,,,,,38061,10.0,10,,,,,,
,,,,,38065,4.0,4,,,,,,
,,,,,38073,8.0,8,,,,,,
,,,,,38077,4.0,4,,,,,,
,,,,,38084,7.0,7,,,,,,
,,,,,38089,5.0,5,,,,,,
,,,,,38092,3.0,3,,,,,,
,,,,,38097,5.0,5,,,,,,
,,,,,38100,3.0,3,,,,,,
,,,,,38109,9.0,9,,,,,,
,,,,,38114,5.0,5,,,,,,
,,,,,38121,7.0,7,,,,,,
,,,,,38124,3.0,3,,,,,,
,,,,,38129,5.0,5,,,,,,
,,,,,38134,5.0,5,,,,,,
,,,,,38139,5.0,5,,,,,,
,,,,,38149,10.0,10,,,,,,
,,,,,38153,4.0,4,,,,,,
,,,,,38166,13.0,13,,,,,,
,,,,,38172,6.0,6,,,,,,
,,,,,38179,7.0,7,,,,,,
,,,,,38188,9.0,9,,,,,,
,,,,,38202,14.0,14,,,,,,
,,,,,38207,5.0,5,,,,,,
,,,,,38213,6.0,6,,,,,,
,,,,,38228,15.0,15,,,,,,
,,,,,38238,10.0,10,,,,,,
,,,,,38244,6.0,6,,,,,,
,,,,,38247,3.0,3,,,,,,
,,,,,38251,4.0,4,,,,,,
,,,,,38260,9.0,9,,,,,,
,,,,,38265,5.0,5,,,,,,
,,,,,38274,9.0,9,,,,,,
,,,,,38280,6.0,6,,,,,,
,,,,,38287,7.0,7,,,,,,
,,,,,38290,3.0,3,,,,,,
,,,,,38297,7.0,7,,,,,,
,,,,,38300,3.0,3,,,,,,
,,,,,38305,5.0,5,,,,,,
,,,,,38309,4.0,4,,,,,,
,,,,,38313,4.0,4,,,,,,
,,,,,38319,6.0,6,,,,,,
,,,,,38325,6.0,6,,,,,,
,,,,,38330,5.0,5,,,,,,
,,,,,38334,4.0,4,,,,,,
,,,,,38341,7.0,7,,,,,,
,,,,,38349,8.0,8,,,,,,
,,,,,38364,15.0,15,,,,,,
,,,,,38382,18.0,18,,,,,,
,,,,,38386,4.0,4,,,,,,
,,,,,38398,12.0,12,,,,,,
,,,,,38412,14.0,14,,,,,,
,,,,,38422,10.0,10,,,,,,
,,,,,38425,3.0,3,,,,,,
,,,,,38429,4.0,4,,,,,,
,,,,,38432,3.0,3,,,,,,
,,,,,38444,12.0,12,,,,,,
,,,,,38447,3.0,3,,,,,,
,,,,,38452,5.0,5,,,,,,
,,,,,38459,7.0,7,,,,,,
,,,,,38472,13.0,13,,,,,,
,,,,,38479,7.0,7,,,,,,
,,,,,38484,5.0,5,,,,,,
,,,,,38489,5.0,5,,,,,,
,,,,,38494,5.0,5,,,,,,
,,,,,38500,6.0,6,,,,,,
,,,,,38509,9.0,9,,,,,,
,,,,,38513,4.0,4,,,,,,
,,,,,38516,3.0,3,,,,,,
,,,,,38521,5.0,5,,,,,,
,,,,,38525,4.0,4,,,,,,
,,,,,38544,19.0,19,,,,,,
,,,,,38549,5.0,5,,,,,,
,,,,,38555,6.0,6,,,,,,
,,,,,38561,6.0,6,,,,,,
,,,,,38569,8.0,8,,,,,,
,,,,,38573,4.0,4,,,,,,
,,,,,38589,16.0,16,,,,,,
,,,,,38592,3.0,3,,,,,,
,,,,,38598,6.0,6,,,,,,
,,,,,38602,4.0,4,,,,,,
,,,,,38608,6.0,6,,,,,,
,,,,,38612,4.0,4,,,,,,
,,,,,38616,4.0,4,,,,,,
,,,,,38620,4.0,4,,,,,,
,,,,,38624,4.0,4,,,,,,
,,,,,38628,4.0,4,,,,,,
,,,,,38633,5.0,5,,,,,,
,,,,,38639,6.0,6,,,,,,
,,,,,38642,3.0,3,,,,,,
,,,,,38648,6.0,6,,,,,,
,,,,,38652,4.0,4,,,,,,
,,,,,38658,6.0,6,,,,,,
,,,,,38664,6.0,6,,,,,,
,,,,,38668,4.0,4,,,,,,
,,,,,38672,4.0,4,,,,,,
,,,,,38677,5.0,5,,,,,,
,,,,,38682,5.0,5,,,,,,
,,,,,38688,6.0,6,,,,,,
,,,,,38694,6.0,6,,,,,,
,,,,,38697,3.0,3,,,,,,
,,,,,38701,4.0,4,,,,,,
,,,,,38717,16.0,16,,,,,,
,,,,,38722,5.0,5,,,,,,
,,,,,38728,6.0,6,,,,,,
,,,,,38733,5.0,5,,,,,,
,,,,,38736,3.0,3,,,,,,
,,,,,38747,11.0,11,,,,,,
,,,,,38751,4.0,4,,,,,,
,,,,,38755,4.0,4,,,,,,
,,,,,38758,3.0,3,,,,,,
,,,,,38763,5.0,5,,,,,,
,,,,,38768,5.0,5,,,,,,
,,,,,38784,16.0,16,,,,,,
,,,,,38798,14.0,14,,,,,,
,,,,,38803,5.0,5,,,,,,
,,,,,38806,3.0,3,,,,,,
,,,,,38810,4.0,4,,,,,,
,,,,,38814,4.0,4,,,,,,
,,,,,38822,8.0,8,,,,,,
,,,,,38825,3.0,3,,,,,,
,,,,,38833,8.0,8,,,,,,
,,,,,38839,6.0,6,,,,,,
,,,,,38842,3.0,3,,,,,,
,,,,,38848,6.0,6,,,,,,
,,,,,38856,8.0,8,,,,,,
,,,,,38863,7.0,7,,,,,,
,,,,,38880,17.0,17,,,,,,
,,,,,38887,7.0,7,,,,,,
,,,,,38894,7.0,7,,,,,,
,,,,,38905,11.0,11,,,,,,
,,,,,38917,12.0,12,,,,,,
,,,,,38929,12.0,12,,,,,,
,,,,,38932,3.0,3,,,,,,
,,,,,38937,5.0,5,,,,,,
,,,,,38948,11.0,11,,,,,,
,,,,,38951,3.0,3,,,,,,
,,,,,38957,6.0,6,,,,,,
,,,,,38963,6.0,6,,,,,,
,,,,,38990,27.0,27,,,,,,
,,,,,38995,5.0,5,,,,,,
,,,,,38998,3.0,3,,,,,,
,,,,,39000,,,1.7884474992752075,4.892827033996582,4.933189392089844,0.0003,0.0003,0.1
,,,,,39002,4.0,4,,,,,,
,,,,,39012,10.0,10,,,,,,
,,,,,39016,4.0,4,,,,,,
,,,,,39021,5.0,5,,,,,,
,,,,,39025,4.0,4,,,,,,
,,,,,39037,12.0,12,,,,,,
,,,,,39046,9.0,9,,,,,,
,,,,,39057,11.0,11,,,,,,
,,,,,39063,6.0,6,,,,,,
,,,,,39071,8.0,8,,,,,,
,,,,,39078,7.0,7,,,,,,
,,,,,39081,3.0,3,,,,,,
,,,,,39084,3.0,3,,,,,,
,,,,,39087,3.0,3,,,,,,
,,,,,39091,4.0,4,,,,,,
,,,,,39097,6.0,6,,,,,,
,,,,,39102,5.0,5,,,,,,
,,,,,39106,4.0,4,,,,,,
,,,,,39112,6.0,6,,,,,,
,,,,,39128,16.0,16,,,,,,
,,,,,39132,4.0,4,,,,,,
,,,,,39136,4.0,4,,,,,,
,,,,,39143,7.0,7,,,,,,
,,,,,39150,7.0,7,,,,,,
,,,,,39155,5.0,5,,,,,,
,,,,,39159,4.0,4,,,,,,
,,,,,39163,4.0,4,,,,,,
,,,,,39168,5.0,5,,,,,,
,,,,,39172,4.0,4,,,,,,
,,,,,39176,4.0,4,,,,,,
,,,,,39180,4.0,4,,,,,,
,,,,,39187,7.0,7,,,,,,
,,,,,39208,21.0,21,,,,,,
,,,,,39224,16.0,16,,,,,,
,,,,,39229,5.0,5,,,,,,
,,,,,39237,8.0,8,,,,,,
,,,,,39241,4.0,4,,,,,,
,,,,,39266,25.0,25,,,,,,
,,,,,39270,4.0,4,,,,,,
,,,,,39276,6.0,6,,,,,,
,,,,,39279,3.0,3,,,,,,
,,,,,39283,4.0,4,,,,,,
,,,,,39286,3.0,3,,,,,,
,,,,,39291,5.0,5,,,,,,
,,,,,39296,5.0,5,,,,,,
,,,,,39307,11.0,11,,,,,,
,,,,,39311,4.0,4,,,,,,
,,,,,39316,5.0,5,,,,,,
,,,,,39322,6.0,6,,,,,,
,,,,,39325,3.0,3,,,,,,
,,,,,39330,5.0,5,,,,,,
,,,,,39338,8.0,8,,,,,,
,,,,,39345,7.0,7,,,,,,
,,,,,39349,4.0,4,,,,,,
,,,,,39352,3.0,3,,,,,,
,,,,,39355,3.0,3,,,,,,
,,,,,39360,5.0,5,,,,,,
,,,,,39365,5.0,5,,,,,,
,,,,,39370,5.0,5,,,,,,
,,,,,39381,11.0,11,,,,,,
,,,,,39384,3.0,3,,,,,,
,,,,,39397,13.0,13,,,,,,
,,,,,39401,4.0,4,,,,,,
,,,,,39409,8.0,8,,,,,,
,,,,,39424,15.0,15,,,,,,
,,,,,39430,6.0,6,,,,,,
,,,,,39437,7.0,7,,,,,,
,,,,,39441,4.0,4,,,,,,
,,,,,39447,6.0,6,,,,,,
,,,,,39451,4.0,4,,,,,,
,,,,,39460,9.0,9,,,,,,
,,,,,39464,4.0,4,,,,,,
,,,,,39468,4.0,4,,,,,,
,,,,,39478,10.0,10,,,,,,
,,,,,39483,5.0,5,,,,,,
,,,,,39508,25.0,25,,,,,,
,,,,,39513,5.0,5,,,,,,
,,,,,39532,19.0,19,,,,,,
,,,,,39541,9.0,9,,,,,,
,,,,,39548,7.0,7,,,,,,
,,,,,39552,4.0,4,,,,,,
,,,,,39556,4.0,4,,,,,,
,,,,,39560,4.0,4,,,,,,
,,,,,39563,3.0,3,,,,,,
,,,,,39573,10.0,10,,,,,,
,,,,,39579,6.0,6,,,,,,
,,,,,39588,9.0,9,,,,,,
,,,,,39594,6.0,6,,,,,,
,,,,,39604,10.0,10,,,,,,
,,,,,39617,13.0,13,,,,,,
,,,,,39620,3.0,3,,,,,,
,,,,,39625,5.0,5,,,,,,
,,,,,39638,13.0,13,,,,,,
,,,,,39643,5.0,5,,,,,,
,,,,,39646,3.0,3,,,,,,
,,,,,39652,6.0,6,,,,,,
,,,,,39655,3.0,3,,,,,,
,,,,,39665,10.0,10,,,,,,
,,,,,39673,8.0,8,,,,,,
,,,,,39677,4.0,4,,,,,,
,,,,,39682,5.0,5,,,,,,
,,,,,39686,4.0,4,,,,,,
,,,,,39693,7.0,7,,,,,,
,,,,,39703,10.0,10,,,,,,
,,,,,39718,15.0,15,,,,,,
,,,,,39723,5.0,5,,,,,,
,,,,,39731,8.0,8,,,,,,
,,,,,39738,7.0,7,,,,,,
,,,,,39741,3.0,3,,,,,,
,,,,,39745,4.0,4,,,,,,
,,,,,39750,5.0,5,,,,,,
,,,,,39756,6.0,6,,,,,,
,,,,,39776,20.0,20,,,,,,
,,,,,39780,4.0,4,,,,,,
,,,,,39789,9.0,9,,,,,,
,,,,,39797,8.0,8,,,,,,
,,,,,39801,4.0,4,,,,,,
,,,,,39810,9.0,9,,,,,,
,,,,,39817,7.0,7,,,,,,
,,,,,39823,6.0,6,,,,,,
,,,,,39835,12.0,12,,,,,,
,,,,,39842,7.0,7,,,,,,
,,,,,39845,3.0,3,,,,,,
,,,,,39853,8.0,8,,,,,,
,,,,,39857,4.0,4,,,,,,
,,,,,39860,3.0,3,,,,,,
,,,,,39867,7.0,7,,,,,,
,,,,,39895,28.0,28,,,,,,
,,,,,39904,9.0,9,,,,,,
,,,,,39909,5.0,5,,,,,,
,,,,,39913,4.0,4,,,,,,
,,,,,39917,4.0,4,,,,,,
,,,,,39922,5.0,5,,,,,,
,,,,,39931,9.0,9,,,,,,
,,,,,39939,8.0,8,,,,,,
,,,,,39942,3.0,3,,,,,,
,,,,,39948,6.0,6,,,,,,
,,,,,39958,10.0,10,,,,,,
,,,,,39962,4.0,4,,,,,,
,,,,,39966,4.0,4,,,,,,
,,,,,39974,8.0,8,,,,,,
,,,,,39979,5.0,5,,,,,,
,,,,,39985,6.0,6,,,,,,
,,,,,39990,5.0,5,,,,,,
,,,,,39996,6.0,6,,,,,,
,,,,,40000,4.0,4,,,,,,
6.5,3.2939339,14.0,3.0,6.5,40000,,,2.162620782852173,5.216465473175049,5.407318115234375,0.0003,0.0003,0.1
,,,,,40011,11.0,11,,,,,,
,,,,,40016,5.0,5,,,,,,
,,,,,40026,10.0,10,,,,,,
,,,,,40030,4.0,4,,,,,,
,,,,,40035,5.0,5,,,,,,
,,,,,40040,5.0,5,,,,,,
,,,,,40054,14.0,14,,,,,,
,,,,,40058,4.0,4,,,,,,
,,,,,40064,6.0,6,,,,,,
,,,,,40069,5.0,5,,,,,,
,,,,,40076,7.0,7,,,,,,
,,,,,40089,13.0,13,,,,,,
,,,,,40095,6.0,6,,,,,,
,,,,,40098,3.0,3,,,,,,
,,,,,40108,10.0,10,,,,,,
,,,,,40115,7.0,7,,,,,,
,,,,,40119,4.0,4,,,,,,
,,,,,40124,5.0,5,,,,,,
,,,,,40128,4.0,4,,,,,,
,,,,,40133,5.0,5,,,,,,
,,,,,40140,7.0,7,,,,,,
,,,,,40145,5.0,5,,,,,,
,,,,,40158,13.0,13,,,,,,
,,,,,40169,11.0,11,,,,,,
,,,,,40173,4.0,4,,,,,,
,,,,,40177,4.0,4,,,,,,
,,,,,40180,3.0,3,,,,,,
,,,,,40184,4.0,4,,,,,,
,,,,,40188,4.0,4,,,,,,
,,,,,40196,8.0,8,,,,,,
,,,,,40201,5.0,5,,,,,,
,,,,,40205,4.0,4,,,,,,
,,,,,40210,5.0,5,,,,,,
,,,,,40215,5.0,5,,,,,,
,,,,,40219,4.0,4,,,,,,
,,,,,40223,4.0,4,,,,,,
,,,,,40229,6.0,6,,,,,,
,,,,,40242,13.0,13,,,,,,
,,,,,40246,4.0,4,,,,,,
,,,,,40254,8.0,8,,,,,,
,,,,,40258,4.0,4,,,,,,
,,,,,40262,4.0,4,,,,,,
,,,,,40265,3.0,3,,,,,,
,,,,,40272,7.0,7,,,,,,
,,,,,40275,3.0,3,,,,,,
,,,,,40278,3.0,3,,,,,,
,,,,,40289,11.0,11,,,,,,
,,,,,40294,5.0,5,,,,,,
,,,,,40303,9.0,9,,,,,,
,,,,,40307,4.0,4,,,,,,
,,,,,40316,9.0,9,,,,,,
,,,,,40336,20.0,20,,,,,,
,,,,,40341,5.0,5,,,,,,
,,,,,40347,6.0,6,,,,,,
,,,,,40355,8.0,8,,,,,,
,,,,,40359,4.0,4,,,,,,
,,,,,40363,4.0,4,,,,,,
,,,,,40367,4.0,4,,,,,,
,,,,,40376,9.0,9,,,,,,
,,,,,40383,7.0,7,,,,,,
,,,,,40389,6.0,6,,,,,,
,,,,,40398,9.0,9,,,,,,
,,,,,40409,11.0,11,,,,,,
,,,,,40417,8.0,8,,,,,,
,,,,,40422,5.0,5,,,,,,
,,,,,40432,10.0,10,,,,,,
,,,,,40440,8.0,8,,,,,,
,,,,,40444,4.0,4,,,,,,
,,,,,40453,9.0,9,,,,,,
,,,,,40463,10.0,10,,,,,,
,,,,,40472,9.0,9,,,,,,
,,,,,40481,9.0,9,,,,,,
,,,,,40487,6.0,6,,,,,,
,,,,,40490,3.0,3,,,,,,
,,,,,40494,4.0,4,,,,,,
,,,,,40499,5.0,5,,,,,,
,,,,,40506,7.0,7,,,,,,
,,,,,40510,4.0,4,,,,,,
,,,,,40514,4.0,4,,,,,,
,,,,,40519,5.0,5,,,,,,
,,,,,40524,5.0,5,,,,,,
,,,,,40529,5.0,5,,,,,,
,,,,,40537,8.0,8,,,,,,
,,,,,40541,4.0,4,,,,,,
,,,,,40553,12.0,12,,,,,,
,,,,,40558,5.0,5,,,,,,
,,,,,40565,7.0,7,,,,,,
,,,,,40572,7.0,7,,,,,,
,,,,,40575,3.0,3,,,,,,
,,,,,40582,7.0,7,,,,,,
,,,,,40585,3.0,3,,,,,,
,,,,,40588,3.0,3,,,,,,
,,,,,40597,9.0,9,,,,,,
,,,,,40619,22.0,22,,,,,,
,,,,,40623,4.0,4,,,,,,
,,,,,40630,7.0,7,,,,,,
,,,,,40637,7.0,7,,,,,,
,,,,,40643,6.0,6,,,,,,
,,,,,40648,5.0,5,,,,,,
,,,,,40663,15.0,15,,,,,,
,,,,,40668,5.0,5,,,,,,
,,,,,40672,4.0,4,,,,,,
,,,,,40678,6.0,6,,,,,,
,,,,,40686,8.0,8,,,,,,
,,,,,40692,6.0,6,,,,,,
,,,,,40695,3.0,3,,,,,,
,,,,,40700,5.0,5,,,,,,
,,,,,40717,17.0,17,,,,,,
,,,,,40726,9.0,9,,,,,,
,,,,,40730,4.0,4,,,,,,
,,,,,40740,10.0,10,,,,,,
,,,,,40747,7.0,7,,,,,,
,,,,,40752,5.0,5,,,,,,
,,,,,40755,3.0,3,,,,,,
,,,,,40764,9.0,9,,,,,,
,,,,,40771,7.0,7,,,,,,
,,,,,40777,6.0,6,,,,,,
,,,,,40781,4.0,4,,,,,,
,,,,,40787,6.0,6,,,,,,
,,,,,40790,3.0,3,,,,,,
,,,,,40801,11.0,11,,,,,,
,,,,,40804,3.0,3,,,,,,
,,,,,40812,8.0,8,,,,,,
,,,,,40822,10.0,10,,,,,,
,,,,,40825,3.0,3,,,,,,
,,,,,40829,4.0,4,,,,,,
,,,,,40839,10.0,10,,,,,,
,,,,,40848,9.0,9,,,,,,
,,,,,40854,6.0,6,,,,,,
,,,,,40861,7.0,7,,,,,,
,,,,,40864,3.0,3,,,,,,
,,,,,40868,4.0,4,,,,,,
,,,,,40872,4.0,4,,,,,,
,,,,,40889,17.0,17,,,,,,
,,,,,40907,18.0,18,,,,,,
,,,,,40915,8.0,8,,,,,,
,,,,,40918,3.0,3,,,,,,
,,,,,40925,7.0,7,,,,,,
,,,,,40928,3.0,3,,,,,,
,,,,,40936,8.0,8,,,,,,
,,,,,40940,4.0,4,,,,,,
,,,,,40946,6.0,6,,,,,,
,,,,,40952,6.0,6,,,,,,
,,,,,40974,22.0,22,,,,,,
,,,,,40978,4.0,4,,,,,,
,,,,,40983,5.0,5,,,,,,
,,,,,40992,9.0,9,,,,,,
,,,,,41000,8.0,8,,,,,,
,,,,,41000,,,1.7076960802078247,4.744349002838135,4.660864353179932,0.0003,0.0003,0.1
,,,,,41005,5.0,5,,,,,,
,,,,,41008,3.0,3,,,,,,
,,,,,41017,9.0,9,,,,,,
,,,,,41022,5.0,5,,,,,,
,,,,,41029,7.0,7,,,,,,
,,,,,41032,3.0,3,,,,,,
,,,,,41041,9.0,9,,,,,,
,,,,,41051,10.0,10,,,,,,
,,,,,41054,3.0,3,,,,,,
,,,,,41063,9.0,9,,,,,,
,,,,,41067,4.0,4,,,,,,
,,,,,41075,8.0,8,,,,,,
,,,,,41078,3.0,3,,,,,,
,,,,,41082,4.0,4,,,,,,
,,,,,41085,3.0,3,,,,,,
,,,,,41095,10.0,10,,,,,,
,,,,,41102,7.0,7,,,,,,
,,,,,41115,13.0,13,,,,,,
,,,,,41123,8.0,8,,,,,,
,,,,,41127,4.0,4,,,,,,
,,,,,41136,9.0,9,,,,,,
,,,,,41141,5.0,5,,,,,,
,,,,,41145,4.0,4,,,,,,
,,,,,41152,7.0,7,,,,,,
,,,,,41162,10.0,10,,,,,,
,,,,,41166,4.0,4,,,,,,
,,,,,41173,7.0,7,,,,,,
,,,,,41176,3.0,3,,,,,,
,,,,,41180,4.0,4,,,,,,
,,,,,41187,7.0,7,,,,,,
,,,,,41194,7.0,7,,,,,,
,,,,,41200,6.0,6,,,,,,
,,,,,41215,15.0,15,,,,,,
,,,,,41226,11.0,11,,,,,,
,,,,,41241,15.0,15,,,,,,
,,,,,41244,3.0,3,,,,,,
,,,,,41249,5.0,5,,,,,,
,,,,,41253,4.0,4,,,,,,
,,,,,41258,5.0,5,,,,,,
,,,,,41263,5.0,5,,,,,,
,,,,,41279,16.0,16,,,,,,
,,,,,41283,4.0,4,,,,,,
,,,,,41289,6.0,6,,,,,,
,,,,,41295,6.0,6,,,,,,
,,,,,41301,6.0,6,,,,,,
,,,,,41311,10.0,10,,,,,,
,,,,,41321,10.0,10,,,,,,
,,,,,41325,4.0,4,,,,,,
,,,,,41328,3.0,3,,,,,,
,,,,,41351,23.0,23,,,,,,
,,,,,41355,4.0,4,,,,,,
,,,,,41362,7.0,7,,,,,,
,,,,,41369,7.0,7,,,,,,
,,,,,41376,7.0,7,,,,,,
,,,,,41395,19.0,19,,,,,,
,,,,,41401,6.0,6,,,,,,
,,,,,41406,5.0,5,,,,,,
,,,,,41413,7.0,7,,,,,,
,,,,,41429,16.0,16,,,,,,
,,,,,41436,7.0,7,,,,,,
,,,,,41452,16.0,16,,,,,,
,,,,,41457,5.0,5,,,,,,
,,,,,41464,7.0,7,,,,,,
,,,,,41470,6.0,6,,,,,,
,,,,,41475,5.0,5,,,,,,
,,,,,41478,3.0,3,,,,,,
,,,,,41486,8.0,8,,,,,,
,,,,,41496,10.0,10,,,,,,
,,,,,41503,7.0,7,,,,,,
,,,,,41511,8.0,8,,,,,,
,,,,,41525,14.0,14,,,,,,
,,,,,41529,4.0,4,,,,,,
,,,,,41536,7.0,7,,,,,,
,,,,,41539,3.0,3,,,,,,
,,,,,41546,7.0,7,,,,,,
,,,,,41552,6.0,6,,,,,,
,,,,,41557,5.0,5,,,,,,
,,,,,41562,5.0,5,,,,,,
,,,,,41566,4.0,4,,,,,,
,,,,,41571,5.0,5,,,,,,
,,,,,41581,10.0,10,,,,,,
,,,,,41585,4.0,4,,,,,,
,,,,,41589,4.0,4,,,,,,
,,,,,41609,20.0,20,,,,,,
,,,,,41627,18.0,18,,,,,,
,,,,,41630,3.0,3,,,,,,
,,,,,41635,5.0,5,,,,,,
,,,,,41643,8.0,8,,,,,,
,,,,,41654,11.0,11,,,,,,
,,,,,41663,9.0,9,,,,,,
,,,,,41666,3.0,3,,,,,,
,,,,,41671,5.0,5,,,,,,
,,,,,41682,11.0,11,,,,,,
,,,,,41686,4.0,4,,,,,,
,,,,,41706,20.0,20,,,,,,
,,,,,41711,5.0,5,,,,,,
,,,,,41743,32.0,32,,,,,,
,,,,,41749,6.0,6,,,,,,
,,,,,41752,3.0,3,,,,,,
,,,,,41755,3.0,3,,,,,,
,,,,,41761,6.0,6,,,,,,
,,,,,41771,10.0,10,,,,,,
,,,,,41791,20.0,20,,,,,,
,,,,,41794,3.0,3,,,,,,
,,,,,41806,12.0,12,,,,,,
,,,,,41817,11.0,11,,,,,,
,,,,,41821,4.0,4,,,,,,
,,,,,41825,4.0,4,,,,,,
,,,,,41841,16.0,16,,,,,,
,,,,,41846,5.0,5,,,,,,
,,,,,41850,4.0,4,,,,,,
,,,,,41858,8.0,8,,,,,,
,,,,,41861,3.0,3,,,,,,
,,,,,41869,8.0,8,,,,,,
,,,,,41878,9.0,9,,,,,,
,,,,,41887,9.0,9,,,,,,
,,,,,41893,6.0,6,,,,,,
,,,,,41904,11.0,11,,,,,,
,,,,,41911,7.0,7,,,,,,
,,,,,41919,8.0,8,,,,,,
,,,,,41924,5.0,5,,,,,,
,,,,,41933,9.0,9,,,,,,
,,,,,41938,5.0,5,,,,,,
,,,,,41943,5.0,5,,,,,,
,,,,,41947,4.0,4,,,,,,
,,,,,41952,5.0,5,,,,,,
,,,,,41960,8.0,8,,,,,,
,,,,,41965,5.0,5,,,,,,
,,,,,41976,11.0,11,,,,,,
,,,,,41986,10.0,10,,,,,,
,,,,,41991,5.0,5,,,,,,
,,,,,41997,6.0,6,,,,,,
,,,,,42000,,,2.2945570945739746,5.309183597564697,5.216119766235352,0.0003,0.0003,0.1
,,,,,42002,5.0,5,,,,,,
,,,,,42006,4.0,4,,,,,,
,,,,,42009,3.0,3,,,,,,
,,,,,42013,4.0,4,,,,,,
,,,,,42019,6.0,6,,,,,,
,,,,,42026,7.0,7,,,,,,
,,,,,42034,8.0,8,,,,,,
,,,,,42039,5.0,5,,,,,,
,,,,,42043,4.0,4,,,,,,
,,,,,42048,5.0,5,,,,,,
,,,,,42053,5.0,5,,,,,,
,,,,,42062,9.0,9,,,,,,
,,,,,42069,7.0,7,,,,,,
,,,,,42074,5.0,5,,,,,,
,,,,,42085,11.0,11,,,,,,
,,,,,42092,7.0,7,,,,,,
,,,,,42096,4.0,4,,,,,,
,,,,,42107,11.0,11,,,,,,
,,,,,42111,4.0,4,,,,,,
,,,,,42114,3.0,3,,,,,,
,,,,,42117,3.0,3,,,,,,
,,,,,42123,6.0,6,,,,,,
,,,,,42131,8.0,8,,,,,,
,,,,,42134,3.0,3,,,,,,
,,,,,42143,9.0,9,,,,,,
,,,,,42147,4.0,4,,,,,,
,,,,,42154,7.0,7,,,,,,
,,,,,42157,3.0,3,,,,,,
,,,,,42164,7.0,7,,,,,,
,,,,,42167,3.0,3,,,,,,
,,,,,42174,7.0,7,,,,,,
,,,,,42177,3.0,3,,,,,,
,,,,,42180,3.0,3,,,,,,
,,,,,42189,9.0,9,,,,,,
,,,,,42198,9.0,9,,,,,,
,,,,,42203,5.0,5,,,,,,
,,,,,42210,7.0,7,,,,,,
,,,,,42214,4.0,4,,,,,,
,,,,,42218,4.0,4,,,,,,
,,,,,42221,3.0,3,,,,,,
,,,,,42225,4.0,4,,,,,,
,,,,,42228,3.0,3,,,,,,
,,,,,42235,7.0,7,,,,,,
,,,,,42239,4.0,4,,,,,,
,,,,,42242,3.0,3,,,,,,
,,,,,42251,9.0,9,,,,,,
,,,,,42263,12.0,12,,,,,,
,,,,,42266,3.0,3,,,,,,
,,,,,42270,4.0,4,,,,,,
,,,,,42285,15.0,15,,,,,,
,,,,,42292,7.0,7,,,,,,
,,,,,42297,5.0,5,,,,,,
,,,,,42302,5.0,5,,,,,,
,,,,,42312,10.0,10,,,,,,
,,,,,42315,3.0,3,,,,,,
,,,,,42318,3.0,3,,,,,,
,,,,,42323,5.0,5,,,,,,
,,,,,42326,3.0,3,,,,,,
,,,,,42339,13.0,13,,,,,,
,,,,,42348,9.0,9,,,,,,
,,,,,42354,6.0,6,,,,,,
,,,,,42360,6.0,6,,,,,,
,,,,,42369,9.0,9,,,,,,
,,,,,42373,4.0,4,,,,,,
,,,,,42382,9.0,9,,,,,,
,,,,,42387,5.0,5,,,,,,
,,,,,42392,5.0,5,,,,,,
,,,,,42397,5.0,5,,,,,,
,,,,,42401,4.0,4,,,,,,
,,,,,42406,5.0,5,,,,,,
,,,,,42417,11.0,11,,,,,,
,,,,,42422,5.0,5,,,,,,
,,,,,42428,6.0,6,,,,,,
,,,,,42433,5.0,5,,,,,,
,,,,,42437,4.0,4,,,,,,
,,,,,42442,5.0,5,,,,,,
,,,,,42447,5.0,5,,,,,,
,,,,,42455,8.0,8,,,,,,
,,,,,42465,10.0,10,,,,,,
,,,,,42474,9.0,9,,,,,,
,,,,,42485,11.0,11,,,,,,
,,,,,42490,5.0,5,,,,,,
,,,,,42493,3.0,3,,,,,,
,,,,,42499,6.0,6,,,,,,
,,,,,42518,19.0,19,,,,,,
,,,,,42537,19.0,19,,,,,,
,,,,,42547,10.0,10,,,,,,
,,,,,42550,3.0,3,,,,,,
,,,,,42557,7.0,7,,,,,,
,,,,,42565,8.0,8,,,,,,
,,,,,42574,9.0,9,,,,,,
,,,,,42578,4.0,4,,,,,,
,,,,,42581,3.0,3,,,,,,
,,,,,42585,4.0,4,,,,,,
,,,,,42589,4.0,4,,,,,,
,,,,,42592,3.0,3,,,,,,
,,,,,42595,3.0,3,,,,,,
,,,,,42599,4.0,4,,,,,,
,,,,,42602,3.0,3,,,,,,
,,,,,42605,3.0,3,,,,,,
,,,,,42625,20.0,20,,,,,,
,,,,,42630,5.0,5,,,,,,
,,,,,42637,7.0,7,,,,,,
,,,,,42641,4.0,4,,,,,,
,,,,,42649,8.0,8,,,,,,
,,,,,42658,9.0,9,,,,,,
,,,,,42673,15.0,15,,,,,,
,,,,,42685,12.0,12,,,,,,
,,,,,42689,4.0,4,,,,,,
,,,,,42695,6.0,6,,,,,,
,,,,,42699,4.0,4,,,,,,
,,,,,42709,10.0,10,,,,,,
,,,,,42715,6.0,6,,,,,,
,,,,,42721,6.0,6,,,,,,
,,,,,42726,5.0,5,,,,,,
,,,,,42738,12.0,12,,,,,,
,,,,,42744,6.0,6,,,,,,
,,,,,42751,7.0,7,,,,,,
,,,,,42757,6.0,6,,,,,,
,,,,,42768,11.0,11,,,,,,
,,,,,42780,12.0,12,,,,,,
,,,,,42783,3.0,3,,,,,,
,,,,,42787,4.0,4,,,,,,
,,,,,42805,18.0,18,,,,,,
,,,,,42808,3.0,3,,,,,,
,,,,,42813,5.0,5,,,,,,
,,,,,42816,3.0,3,,,,,,
,,,,,42823,7.0,7,,,,,,
,,,,,42830,7.0,7,,,,,,
,,,,,42853,23.0,23,,,,,,
,,,,,42856,3.0,3,,,,,,
,,,,,42861,5.0,5,,,,,,
,,,,,42864,3.0,3,,,,,,
,,,,,42867,3.0,3,,,,,,
,,,,,42874,7.0,7,,,,,,
,,,,,42878,4.0,4,,,,,,
,,,,,42883,5.0,5,,,,,,
,,,,,42890,7.0,7,,,,,,
,,,,,42894,4.0,4,,,,,,
,,,,,42899,5.0,5,,,,,,
,,,,,42903,4.0,4,,,,,,
,,,,,42907,4.0,4,,,,,,
,,,,,42915,8.0,8,,,,,,
,,,,,42918,3.0,3,,,,,,
,,,,,42925,7.0,7,,,,,,
,,,,,42928,3.0,3,,,,,,
,,,,,42934,6.0,6,,,,,,
,,,,,42937,3.0,3,,,,,,
,,,,,42941,4.0,4,,,,,,
,,,,,42956,15.0,15,,,,,,
,,,,,42960,4.0,4,,,,,,
,,,,,42974,14.0,14,,,,,,
,,,,,42981,7.0,7,,,,,,
,,,,,42986,5.0,5,,,,,,
,,,,,42991,5.0,5,,,,,,
,,,,,42996,5.0,5,,,,,,
,,,,,43000,,,1.6154422760009766,4.741081237792969,4.804952621459961,0.0003,0.0003,0.1
,,,,,43002,6.0,6,,,,,,
,,,,,43008,6.0,6,,,,,,
,,,,,43017,9.0,9,,,,,,
,,,,,43026,9.0,9,,,,,,
,,,,,43032,6.0,6,,,,,,
,,,,,43038,6.0,6,,,,,,
,,,,,43045,7.0,7,,,,,,
,,,,,43068,23.0,23,,,,,,
,,,,,43071,3.0,3,,,,,,
,,,,,43077,6.0,6,,,,,,
,,,,,43082,5.0,5,,,,,,
,,,,,43085,3.0,3,,,,,,
,,,,,43092,7.0,7,,,,,,
,,,,,43106,14.0,14,,,,,,
,,,,,43114,8.0,8,,,,,,
,,,,,43118,4.0,4,,,,,,
,,,,,43133,15.0,15,,,,,,
,,,,,43137,4.0,4,,,,,,
,,,,,43147,10.0,10,,,,,,
,,,,,43154,7.0,7,,,,,,
,,,,,43157,3.0,3,,,,,,
,,,,,43171,14.0,14,,,,,,
,,,,,43180,9.0,9,,,,,,
,,,,,43183,3.0,3,,,,,,
,,,,,43187,4.0,4,,,,,,
,,,,,43193,6.0,6,,,,,,
,,,,,43198,5.0,5,,,,,,
,,,,,43202,4.0,4,,,,,,
,,,,,43213,11.0,11,,,,,,
,,,,,43229,16.0,16,,,,,,
,,,,,43232,3.0,3,,,,,,
,,,,,43236,4.0,4,,,,,,
,,,,,43239,3.0,3,,,,,,
,,,,,43244,5.0,5,,,,,,
,,,,,43257,13.0,13,,,,,,
,,,,,43276,19.0,19,,,,,,
,,,,,43281,5.0,5,,,,,,
,,,,,43303,22.0,22,,,,,,
,,,,,43307,4.0,4,,,,,,
,,,,,43312,5.0,5,,,,,,
,,,,,43321,9.0,9,,,,,,
,,,,,43333,12.0,12,,,,,,
,,,,,43345,12.0,12,,,,,,
,,,,,43354,9.0,9,,,,,,
,,,,,43357,3.0,3,,,,,,
,,,,,43366,9.0,9,,,,,,
,,,,,43371,5.0,5,,,,,,
,,,,,43378,7.0,7,,,,,,
,,,,,43383,5.0,5,,,,,,
,,,,,43391,8.0,8,,,,,,
,,,,,43402,11.0,11,,,,,,
,,,,,43406,4.0,4,,,,,,
,,,,,43415,9.0,9,,,,,,
,,,,,43419,4.0,4,,,,,,
,,,,,43429,10.0,10,,,,,,
,,,,,43432,3.0,3,,,,,,
,,,,,43442,10.0,10,,,,,,
,,,,,43447,5.0,5,,,,,,
,,,,,43457,10.0,10,,,,,,
,,,,,43463,6.0,6,,,,,,
,,,,,43466,3.0,3,,,,,,
,,,,,43472,6.0,6,,,,,,
,,,,,43477,5.0,5,,,,,,
,,,,,43485,8.0,8,,,,,,
,,,,,43490,5.0,5,,,,,,
,,,,,43499,9.0,9,,,,,,
,,,,,43505,6.0,6,,,,,,
,,,,,43517,12.0,12,,,,,,
,,,,,43524,7.0,7,,,,,,
,,,,,43529,5.0,5,,,,,,
,,,,,43535,6.0,6,,,,,,
,,,,,43544,9.0,9,,,,,,
,,,,,43549,5.0,5,,,,,,
,,,,,43563,14.0,14,,,,,,
,,,,,43566,3.0,3,,,,,,
,,,,,43571,5.0,5,,,,,,
,,,,,43577,6.0,6,,,,,,
,,,,,43581,4.0,4,,,,,,
,,,,,43592,11.0,11,,,,,,
,,,,,43606,14.0,14,,,,,,
,,,,,43610,4.0,4,,,,,,
,,,,,43615,5.0,5,,,,,,
,,,,,43626,11.0,11,,,,,,
,,,,,43638,12.0,12,,,,,,
,,,,,43643,5.0,5,,,,,,
,,,,,43654,11.0,11,,,,,,
,,,,,43658,4.0,4,,,,,,
,,,,,43667,9.0,9,,,,,,
,,,,,43673,6.0,6,,,,,,
,,,,,43680,7.0,7,,,,,,
,,,,,43695,15.0,15,,,,,,
,,,,,43702,7.0,7,,,,,,
,,,,,43709,7.0,7,,,,,,
,,,,,43719,10.0,10,,,,,,
,,,,,43724,5.0,5,,,,,,
,,,,,43728,4.0,4,,,,,,
,,,,,43746,18.0,18,,,,,,
,,,,,43754,8.0,8,,,,,,
,,,,,43769,15.0,15,,,,,,
,,,,,43773,4.0,4,,,,,,
,,,,,43776,3.0,3,,,,,,
,,,,,43781,5.0,5,,,,,,
,,,,,43793,12.0,12,,,,,,
,,,,,43808,15.0,15,,,,,,
,,,,,43814,6.0,6,,,,,,
,,,,,43826,12.0,12,,,,,,
,,,,,43833,7.0,7,,,,,,
,,,,,43838,5.0,5,,,,,,
,,,,,43846,8.0,8,,,,,,
,,,,,43858,12.0,12,,,,,,
,,,,,43863,5.0,5,,,,,,
,,,,,43870,7.0,7,,,,,,
,,,,,43886,16.0,16,,,,,,
,,,,,43892,6.0,6,,,,,,
,,,,,43897,5.0,5,,,,,,
,,,,,43901,4.0,4,,,,,,
,,,,,43912,11.0,11,,,,,,
,,,,,43923,11.0,11,,,,,,
,,,,,43927,4.0,4,,,,,,
,,,,,43933,6.0,6,,,,,,
,,,,,43937,4.0,4,,,,,,
,,,,,43941,4.0,4,,,,,,
,,,,,43951,10.0,10,,,,,,
,,,,,43963,12.0,12,,,,,,
,,,,,43966,3.0,3,,,,,,
,,,,,43976,10.0,10,,,,,,
,,,,,43979,3.0,3,,,,,,
,,,,,43983,4.0,4,,,,,,
,,,,,43997,14.0,14,,,,,,
,,,,,44000,,,2.4800500869750977,5.329226970672607,5.3852858543396,0.0003,0.0003,0.1
,,,,,44005,8.0,8,,,,,,
,,,,,44020,15.0,15,,,,,,
,,,,,44024,4.0,4,,,,,,
,,,,,44042,18.0,18,,,,,,
,,,,,44047,5.0,5,,,,,,
,,,,,44064,17.0,17,,,,,,
,,,,,44069,5.0,5,,,,,,
,,,,,44081,12.0,12,,,,,,
,,,,,44087,6.0,6,,,,,,
,,,,,44092,5.0,5,,,,,,
,,,,,44106,14.0,14,,,,,,
,,,,,44109,3.0,3,,,,,,
,,,,,44116,7.0,7,,,,,,
,,,,,44122,6.0,6,,,,,,
,,,,,44130,8.0,8,,,,,,
,,,,,44133,3.0,3,,,,,,
,,,,,44137,4.0,4,,,,,,
,,,,,44143,6.0,6,,,,,,
,,,,,44151,8.0,8,,,,,,
,,,,,44158,7.0,7,,,,,,
,,,,,44161,3.0,3,,,,,,
,,,,,44166,5.0,5,,,,,,
,,,,,44175,9.0,9,,,,,,
,,,,,44181,6.0,6,,,,,,
,,,,,44196,15.0,15,,,,,,
,,,,,44204,8.0,8,,,,,,
,,,,,44228,24.0,24,,,,,,
,,,,,44250,22.0,22,,,,,,
,,,,,44254,4.0,4,,,,,,
,,,,,44259,5.0,5,,,,,,
,,,,,44262,3.0,3,,,,,,
,,,,,44266,4.0,4,,,,,,
,,,,,44274,8.0,8,,,,,,
,,,,,44278,4.0,4,,,,,,
,,,,,44284,6.0,6,,,,,,
,,,,,44287,3.0,3,,,,,,
,,,,,44294,7.0,7,,,,,,
,,,,,44300,6.0,6,,,,,,
,,,,,44307,7.0,7,,,,,,
,,,,,44310,3.0,3,,,,,,
,,,,,44314,4.0,4,,,,,,
,,,,,44338,24.0,24,,,,,,
,,,,,44343,5.0,5,,,,,,
,,,,,44350,7.0,7,,,,,,
,,,,,44358,8.0,8,,,,,,
,,,,,44362,4.0,4,,,,,,
,,,,,44365,3.0,3,,,,,,
,,,,,44381,16.0,16,,,,,,
,,,,,44385,4.0,4,,,,,,
,,,,,44388,3.0,3,,,,,,
,,,,,44394,6.0,6,,,,,,
,,,,,44403,9.0,9,,,,,,
,,,,,44418,15.0,15,,,,,,
,,,,,44428,10.0,10,,,,,,
,,,,,44434,6.0,6,,,,,,
,,,,,44438,4.0,4,,,,,,
,,,,,44443,5.0,5,,,,,,
,,,,,44446,3.0,3,,,,,,
,,,,,44453,7.0,7,,,,,,
,,,,,44460,7.0,7,,,,,,
,,,,,44464,4.0,4,,,,,,
,,,,,44468,4.0,4,,,,,,
,,,,,44475,7.0,7,,,,,,
,,,,,44481,6.0,6,,,,,,
,,,,,44486,5.0,5,,,,,,
,,,,,44496,10.0,10,,,,,,
,,,,,44502,6.0,6,,,,,,
,,,,,44516,14.0,14,,,,,,
,,,,,44520,4.0,4,,,,,,
,,,,,44531,11.0,11,,,,,,
,,,,,44538,7.0,7,,,,,,
,,,,,44542,4.0,4,,,,,,
,,,,,44548,6.0,6,,,,,,
,,,,,44559,11.0,11,,,,,,
,,,,,44564,5.0,5,,,,,,
,,,,,44569,5.0,5,,,,,,
,,,,,44575,6.0,6,,,,,,
,,,,,44587,12.0,12,,,,,,
,,,,,44592,5.0,5,,,,,,
,,,,,44598,6.0,6,,,,,,
,,,,,44601,3.0,3,,,,,,
,,,,,44607,6.0,6,,,,,,
,,,,,44610,3.0,3,,,,,,
,,,,,44613,3.0,3,,,,,,
,,,,,44622,9.0,9,,,,,,
,,,,,44628,6.0,6,,,,,,
,,,,,44636,8.0,8,,,,,,
,,,,,44653,17.0,17,,,,,,
,,,,,44659,6.0,6,,,,,,
,,,,,44666,7.0,7,,,,,,
,,,,,44670,4.0,4,,,,,,
,,,,,44689,19.0,19,,,,,,
,,,,,44699,10.0,10,,,,,,
,,,,,44705,6.0,6,,,,,,
,,,,,44712,7.0,7,,,,,,
,,,,,44718,6.0,6,,,,,,
,,,,,44723,5.0,5,,,,,,
,,,,,44727,4.0,4,,,,,,
,,,,,44730,3.0,3,,,,,,
,,,,,44736,6.0,6,,,,,,
,,,,,44742,6.0,6,,,,,,
,,,,,44747,5.0,5,,,,,,
,,,,,44756,9.0,9,,,,,,
,,,,,44760,4.0,4,,,,,,
,,,,,44765,5.0,5,,,,,,
,,,,,44772,7.0,7,,,,,,
,,,,,44794,22.0,22,,,,,,
,,,,,44799,5.0,5,,,,,,
,,,,,44803,4.0,4,,,,,,
,,,,,44810,7.0,7,,,,,,
,,,,,44815,5.0,5,,,,,,
,,,,,44828,13.0,13,,,,,,
,,,,,44837,9.0,9,,,,,,
,,,,,44844,7.0,7,,,,,,
,,,,,44849,5.0,5,,,,,,
,,,,,44854,5.0,5,,,,,,
,,,,,44861,7.0,7,,,,,,
,,,,,44867,6.0,6,,,,,,
,,,,,44875,8.0,8,,,,,,
,,,,,44882,7.0,7,,,,,,
,,,,,44886,4.0,4,,,,,,
,,,,,44890,4.0,4,,,,,,
,,,,,44894,4.0,4,,,,,,
,,,,,44906,12.0,12,,,,,,
,,,,,44911,5.0,5,,,,,,
,,,,,44915,4.0,4,,,,,,
,,,,,44923,8.0,8,,,,,,
,,,,,44929,6.0,6,,,,,,
,,,,,44933,4.0,4,,,,,,
,,,,,44936,3.0,3,,,,,,
,,,,,44948,12.0,12,,,,,,
,,,,,44952,4.0,4,,,,,,
,,,,,44966,14.0,14,,,,,,
,,,,,44970,4.0,4,,,,,,
,,,,,44975,5.0,5,,,,,,
,,,,,44980,5.0,5,,,,,,
,,,,,44985,5.0,5,,,,,,
,,,,,44988,3.0,3,,,,,,
,,,,,44991,3.0,3,,,,,,
,,,,,44999,8.0,8,,,,,,
9.1,4.229657,16.0,4.0,9.1,45000,,,1.8772133588790894,5.023794651031494,5.0791497230529785,0.0003,0.0003,0.1
,,,,,45005,6.0,6,,,,,,
,,,,,45013,8.0,8,,,,,,
,,,,,45024,11.0,11,,,,,,
,,,,,45029,5.0,5,,,,,,
,,,,,45040,11.0,11,,,,,,
,,,,,45047,7.0,7,,,,,,
,,,,,45054,7.0,7,,,,,,
,,,,,45064,10.0,10,,,,,,
,,,,,45071,7.0,7,,,,,,
,,,,,45082,11.0,11,,,,,,
,,,,,45090,8.0,8,,,,,,
,,,,,45098,8.0,8,,,,,,
,,,,,45103,5.0,5,,,,,,
,,,,,45116,13.0,13,,,,,,
,,,,,45119,3.0,3,,,,,,
,,,,,45123,4.0,4,,,,,,
,,,,,45142,19.0,19,,,,,,
,,,,,45150,8.0,8,,,,,,
,,,,,45155,5.0,5,,,,,,
,,,,,45167,12.0,12,,,,,,
,,,,,45175,8.0,8,,,,,,
,,,,,45181,6.0,6,,,,,,
,,,,,45192,11.0,11,,,,,,
,,,,,45195,3.0,3,,,,,,
,,,,,45213,18.0,18,,,,,,
,,,,,45219,6.0,6,,,,,,
,,,,,45224,5.0,5,,,,,,
,,,,,45237,13.0,13,,,,,,
,,,,,45243,6.0,6,,,,,,
,,,,,45247,4.0,4,,,,,,
,,,,,45251,4.0,4,,,,,,
,,,,,45255,4.0,4,,,,,,
,,,,,45259,4.0,4,,,,,,
,,,,,45265,6.0,6,,,,,,
,,,,,45276,11.0,11,,,,,,
,,,,,45283,7.0,7,,,,,,
,,,,,45292,9.0,9,,,,,,
,,,,,45298,6.0,6,,,,,,
,,,,,45309,11.0,11,,,,,,
,,,,,45314,5.0,5,,,,,,
,,,,,45322,8.0,8,,,,,,
,,,,,45326,4.0,4,,,,,,
,,,,,45329,3.0,3,,,,,,
,,,,,45332,3.0,3,,,,,,
,,,,,45340,8.0,8,,,,,,
,,,,,45350,10.0,10,,,,,,
,,,,,45356,6.0,6,,,,,,
,,,,,45360,4.0,4,,,,,,
,,,,,45368,8.0,8,,,,,,
,,,,,45372,4.0,4,,,,,,
,,,,,45380,8.0,8,,,,,,
,,,,,45394,14.0,14,,,,,,
,,,,,45398,4.0,4,,,,,,
,,,,,45409,11.0,11,,,,,,
,,,,,45413,4.0,4,,,,,,
,,,,,45418,5.0,5,,,,,,
,,,,,45430,12.0,12,,,,,,
,,,,,45438,8.0,8,,,,,,
,,,,,45443,5.0,5,,,,,,
,,,,,45451,8.0,8,,,,,,
,,,,,45454,3.0,3,,,,,,
,,,,,45457,3.0,3,,,,,,
,,,,,45460,3.0,3,,,,,,
,,,,,45467,7.0,7,,,,,,
,,,,,45473,6.0,6,,,,,,
,,,,,45476,3.0,3,,,,,,
,,,,,45480,4.0,4,,,,,,
,,,,,45493,13.0,13,,,,,,
,,,,,45497,4.0,4,,,,,,
,,,,,45503,6.0,6,,,,,,
,,,,,45515,12.0,12,,,,,,
,,,,,45520,5.0,5,,,,,,
,,,,,45524,4.0,4,,,,,,
,,,,,45532,8.0,8,,,,,,
,,,,,45535,3.0,3,,,,,,
,,,,,45543,8.0,8,,,,,,
,,,,,45548,5.0,5,,,,,,
,,,,,45551,3.0,3,,,,,,
,,,,,45560,9.0,9,,,,,,
,,,,,45563,3.0,3,,,,,,
,,,,,45567,4.0,4,,,,,,
,,,,,45575,8.0,8,,,,,,
,,,,,45583,8.0,8,,,,,,
,,,,,45588,5.0,5,,,,,,
,,,,,45599,11.0,11,,,,,,
,,,,,45610,11.0,11,,,,,,
,,,,,45616,6.0,6,,,,,,
,,,,,45623,7.0,7,,,,,,
,,,,,45631,8.0,8,,,,,,
,,,,,45651,20.0,20,,,,,,
,,,,,45663,12.0,12,,,,,,
,,,,,45674,11.0,11,,,,,,
,,,,,45678,4.0,4,,,,,,
,,,,,45684,6.0,6,,,,,,
,,,,,45690,6.0,6,,,,,,
,,,,,45694,4.0,4,,,,,,
,,,,,45697,3.0,3,,,,,,
,,,,,45704,7.0,7,,,,,,
,,,,,45711,7.0,7,,,,,,
,,,,,45716,5.0,5,,,,,,
,,,,,45720,4.0,4,,,,,,
,,,,,45723,3.0,3,,,,,,
,,,,,45734,11.0,11,,,,,,
,,,,,45738,4.0,4,,,,,,
,,,,,45749,11.0,11,,,,,,
,,,,,45755,6.0,6,,,,,,
,,,,,45758,3.0,3,,,,,,
,,,,,45763,5.0,5,,,,,,
,,,,,45771,8.0,8,,,,,,
,,,,,45785,14.0,14,,,,,,
,,,,,45794,9.0,9,,,,,,
,,,,,45797,3.0,3,,,,,,
,,,,,45805,8.0,8,,,,,,
,,,,,45808,3.0,3,,,,,,
,,,,,45812,4.0,4,,,,,,
,,,,,45816,4.0,4,,,,,,
,,,,,45823,7.0,7,,,,,,
,,,,,45828,5.0,5,,,,,,
,,,,,45832,4.0,4,,,,,,
,,,,,45835,3.0,3,,,,,,
,,,,,45844,9.0,9,,,,,,
,,,,,45848,4.0,4,,,,,,
,,,,,45851,3.0,3,,,,,,
,,,,,45855,4.0,4,,,,,,
,,,,,45861,6.0,6,,,,,,
,,,,,45864,3.0,3,,,,,,
,,,,,45871,7.0,7,,,,,,
,,,,,45875,4.0,4,,,,,,
,,,,,45882,7.0,7,,,,,,
,,,,,45887,5.0,5,,,,,,
,,,,,45892,5.0,5,,,,,,
,,,,,45895,3.0,3,,,,,,
,,,,,45901,6.0,6,,,,,,
,,,,,45908,7.0,7,,,,,,
,,,,,45912,4.0,4,,,,,,
,,,,,45921,9.0,9,,,,,,
,,,,,45927,6.0,6,,,,,,
,,,,,45932,5.0,5,,,,,,
,,,,,45940,8.0,8,,,,,,
,,,,,45944,4.0,4,,,,,,
,,,,,45947,3.0,3,,,,,,
,,,,,45951,4.0,4,,,,,,
,,,,,45957,6.0,6,,,,,,
,,,,,45964,7.0,7,,,,,,
,,,,,45968,4.0,4,,,,,,
,,,,,45972,4.0,4,,,,,,
,,,,,45982,10.0,10,,,,,,
,,,,,45988,6.0,6,,,,,,
,,,,,45992,4.0,4,,,,,,
,,,,,45998,6.0,6,,,,,,
,,,,,46000,,,2.0119316577911377,4.961805820465088,4.882126808166504,0.0003,0.0003,0.1
,,,,,46005,7.0,7,,,,,,
,,,,,46009,4.0,4,,,,,,
,,,,,46014,5.0,5,,,,,,
,,,,,46022,8.0,8,,,,,,
,,,,,46026,4.0,4,,,,,,
,,,,,46044,18.0,18,,,,,,
,,,,,46067,23.0,23,,,,,,
,,,,,46070,3.0,3,,,,,,
,,,,,46074,4.0,4,,,,,,
,,,,,46077,3.0,3,,,,,,
,,,,,46087,10.0,10,,,,,,
,,,,,46090,3.0,3,,,,,,
,,,,,46094,4.0,4,,,,,,
,,,,,46097,3.0,3,,,,,,
,,,,,46102,5.0,5,,,,,,
,,,,,46110,8.0,8,,,,,,
,,,,,46123,13.0,13,,,,,,
,,,,,46133,10.0,10,,,,,,
,,,,,46140,7.0,7,,,,,,
,,,,,46145,5.0,5,,,,,,
,,,,,46152,7.0,7,,,,,,
,,,,,46155,3.0,3,,,,,,
,,,,,46161,6.0,6,,,,,,
,,,,,46174,13.0,13,,,,,,
,,,,,46189,15.0,15,,,,,,
,,,,,46207,18.0,18,,,,,,
,,,,,46226,19.0,19,,,,,,
,,,,,46229,3.0,3,,,,,,
,,,,,46235,6.0,6,,,,,,
,,,,,46240,5.0,5,,,,,,
,,,,,46243,3.0,3,,,,,,
,,,,,46248,5.0,5,,,,,,
,,,,,46252,4.0,4,,,,,,
,,,,,46271,19.0,19,,,,,,
,,,,,46275,4.0,4,,,,,,
,,,,,46281,6.0,6,,,,,,
,,,,,46307,26.0,26,,,,,,
,,,,,46314,7.0,7,,,,,,
,,,,,46319,5.0,5,,,,,,
,,,,,46322,3.0,3,,,,,,
,,,,,46326,4.0,4,,,,,,
,,,,,46331,5.0,5,,,,,,
,,,,,46334,3.0,3,,,,,,
,,,,,46338,4.0,4,,,,,,
,,,,,46341,3.0,3,,,,,,
,,,,,46346,5.0,5,,,,,,
,,,,,46356,10.0,10,,,,,,
,,,,,46362,6.0,6,,,,,,
,,,,,46367,5.0,5,,,,,,
,,,,,46374,7.0,7,,,,,,
,,,,,46381,7.0,7,,,,,,
,,,,,46384,3.0,3,,,,,,
,,,,,46388,4.0,4,,,,,,
,,,,,46396,8.0,8,,,,,,
,,,,,46399,3.0,3,,,,,,
,,,,,46407,8.0,8,,,,,,
,,,,,46413,6.0,6,,,,,,
,,,,,46420,7.0,7,,,,,,
,,,,,46423,3.0,3,,,,,,
,,,,,46429,6.0,6,,,,,,
,,,,,46435,6.0,6,,,,,,
,,,,,46444,9.0,9,,,,,,
,,,,,46448,4.0,4,,,,,,
,,,,,46464,16.0,16,,,,,,
,,,,,46470,6.0,6,,,,,,
,,,,,46477,7.0,7,,,,,,
,,,,,46481,4.0,4,,,,,,
,,,,,46497,16.0,16,,,,,,
,,,,,46504,7.0,7,,,,,,
,,,,,46512,8.0,8,,,,,,
,,,,,46518,6.0,6,,,,,,
,,,,,46521,3.0,3,,,,,,
,,,,,46525,4.0,4,,,,,,
,,,,,46530,5.0,5,,,,,,
,,,,,46544,14.0,14,,,,,,
,,,,,46548,4.0,4,,,,,,
,,,,,46568,20.0,20,,,,,,
,,,,,46574,6.0,6,,,,,,
,,,,,46579,5.0,5,,,,,,
,,,,,46586,7.0,7,,,,,,
,,,,,46590,4.0,4,,,,,,
,,,,,46594,4.0,4,,,,,,
,,,,,46598,4.0,4,,,,,,
,,,,,46601,3.0,3,,,,,,
,,,,,46620,19.0,19,,,,,,
,,,,,46624,4.0,4,,,,,,
,,,,,46635,11.0,11,,,,,,
,,,,,46640,5.0,5,,,,,,
,,,,,46643,3.0,3,,,,,,
,,,,,46646,3.0,3,,,,,,
,,,,,46656,10.0,10,,,,,,
,,,,,46666,10.0,10,,,,,,
,,,,,46686,20.0,20,,,,,,
,,,,,46694,8.0,8,,,,,,
,,,,,46706,12.0,12,,,,,,
,,,,,46710,4.0,4,,,,,,
,,,,,46721,11.0,11,,,,,,
,,,,,46725,4.0,4,,,,,,
,,,,,46729,4.0,4,,,,,,
,,,,,46744,15.0,15,,,,,,
,,,,,46761,17.0,17,,,,,,
,,,,,46777,16.0,16,,,,,,
,,,,,46784,7.0,7,,,,,,
,,,,,46794,10.0,10,,,,,,
,,,,,46798,4.0,4,,,,,,
,,,,,46801,3.0,3,,,,,,
,,,,,46810,9.0,9,,,,,,
,,,,,46819,9.0,9,,,,,,
,,,,,46825,6.0,6,,,,,,
,,,,,46829,4.0,4,,,,,,
,,,,,46840,11.0,11,,,,,,
,,,,,46850,10.0,10,,,,,,
,,,,,46854,4.0,4,,,,,,
,,,,,46858,4.0,4,,,,,,
,,,,,46865,7.0,7,,,,,,
,,,,,46869,4.0,4,,,,,,
,,,,,46878,9.0,9,,,,,,
,,,,,46885,7.0,7,,,,,,
,,,,,46898,13.0,13,,,,,,
,,,,,46906,8.0,8,,,,,,
,,,,,46909,3.0,3,,,,,,
,,,,,46919,10.0,10,,,,,,
,,,,,46923,4.0,4,,,,,,
,,,,,46926,3.0,3,,,,,,
,,,,,46934,8.0,8,,,,,,
,,,,,46943,9.0,9,,,,,,
,,,,,46949,6.0,6,,,,,,
,,,,,46958,9.0,9,,,,,,
,,,,,46967,9.0,9,,,,,,
,,,,,46983,16.0,16,,,,,,
,,,,,46986,3.0,3,,,,,,
,,,,,46992,6.0,6,,,,,,
,,,,,46997,5.0,5,,,,,,
,,,,,47000,,,2.136171579360962,4.903644561767578,5.009191513061523,0.0003,0.0003,0.1
,,,,,47004,7.0,7,,,,,,
,,,,,47013,9.0,9,,,,,,
,,,,,47026,13.0,13,,,,,,
,,,,,47030,4.0,4,,,,,,
,,,,,47036,6.0,6,,,,,,
,,,,,47041,5.0,5,,,,,,
,,,,,47050,9.0,9,,,,,,
,,,,,47059,9.0,9,,,,,,
,,,,,47063,4.0,4,,,,,,
,,,,,47090,27.0,27,,,,,,
,,,,,47095,5.0,5,,,,,,
,,,,,47102,7.0,7,,,,,,
,,,,,47112,10.0,10,,,,,,
,,,,,47119,7.0,7,,,,,,
,,,,,47124,5.0,5,,,,,,
,,,,,47132,8.0,8,,,,,,
,,,,,47145,13.0,13,,,,,,
,,,,,47154,9.0,9,,,,,,
,,,,,47157,3.0,3,,,,,,
,,,,,47164,7.0,7,,,,,,
,,,,,47168,4.0,4,,,,,,
,,,,,47171,3.0,3,,,,,,
,,,,,47176,5.0,5,,,,,,
,,,,,47179,3.0,3,,,,,,
,,,,,47187,8.0,8,,,,,,
,,,,,47190,3.0,3,,,,,,
,,,,,47193,3.0,3,,,,,,
,,,,,47208,15.0,15,,,,,,
,,,,,47211,3.0,3,,,,,,
,,,,,47223,12.0,12,,,,,,
,,,,,47230,7.0,7,,,,,,
,,,,,47234,4.0,4,,,,,,
,,,,,47238,4.0,4,,,,,,
,,,,,47244,6.0,6,,,,,,
,,,,,47248,4.0,4,,,,,,
,,,,,47260,12.0,12,,,,,,
,,,,,47263,3.0,3,,,,,,
,,,,,47271,8.0,8,,,,,,
,,,,,47275,4.0,4,,,,,,
,,,,,47284,9.0,9,,,,,,
,,,,,47289,5.0,5,,,,,,
,,,,,47295,6.0,6,,,,,,
,,,,,47300,5.0,5,,,,,,
,,,,,47304,4.0,4,,,,,,
,,,,,47310,6.0,6,,,,,,
,,,,,47319,9.0,9,,,,,,
,,,,,47328,9.0,9,,,,,,
,,,,,47331,3.0,3,,,,,,
,,,,,47335,4.0,4,,,,,,
,,,,,47339,4.0,4,,,,,,
,,,,,47344,5.0,5,,,,,,
,,,,,47347,3.0,3,,,,,,
,,,,,47354,7.0,7,,,,,,
,,,,,47357,3.0,3,,,,,,
,,,,,47363,6.0,6,,,,,,
,,,,,47368,5.0,5,,,,,,
,,,,,47374,6.0,6,,,,,,
,,,,,47380,6.0,6,,,,,,
,,,,,47391,11.0,11,,,,,,
,,,,,47395,4.0,4,,,,,,
,,,,,47399,4.0,4,,,,,,
,,,,,47407,8.0,8,,,,,,
,,,,,47412,5.0,5,,,,,,
,,,,,47417,5.0,5,,,,,,
,,,,,47428,11.0,11,,,,,,
,,,,,47437,9.0,9,,,,,,
,,,,,47449,12.0,12,,,,,,
,,,,,47454,5.0,5,,,,,,
,,,,,47457,3.0,3,,,,,,
,,,,,47464,7.0,7,,,,,,
,,,,,47470,6.0,6,,,,,,
,,,,,47480,10.0,10,,,,,,
,,,,,47490,10.0,10,,,,,,
,,,,,47493,3.0,3,,,,,,
,,,,,47499,6.0,6,,,,,,
,,,,,47511,12.0,12,,,,,,
,,,,,47520,9.0,9,,,,,,
,,,,,47525,5.0,5,,,,,,
,,,,,47532,7.0,7,,,,,,
,,,,,47542,10.0,10,,,,,,
,,,,,47550,8.0,8,,,,,,
,,,,,47553,3.0,3,,,,,,
,,,,,47558,5.0,5,,,,,,
,,,,,47564,6.0,6,,,,,,
,,,,,47568,4.0,4,,,,,,
,,,,,47576,8.0,8,,,,,,
,,,,,47584,8.0,8,,,,,,
,,,,,47589,5.0,5,,,,,,
,,,,,47593,4.0,4,,,,,,
,,,,,47601,8.0,8,,,,,,
,,,,,47604,3.0,3,,,,,,
,,,,,47619,15.0,15,,,,,,
,,,,,47623,4.0,4,,,,,,
,,,,,47635,12.0,12,,,,,,
,,,,,47649,14.0,14,,,,,,
,,,,,47656,7.0,7,,,,,,
,,,,,47659,3.0,3,,,,,,
,,,,,47664,5.0,5,,,,,,
,,,,,47670,6.0,6,,,,,,
,,,,,47681,11.0,11,,,,,,
,,,,,47684,3.0,3,,,,,,
,,,,,47695,11.0,11,,,,,,
,,,,,47702,7.0,7,,,,,,
,,,,,47721,19.0,19,,,,,,
,,,,,47729,8.0,8,,,,,,
,,,,,47737,8.0,8,,,,,,
,,,,,47741,4.0,4,,,,,,
,,,,,47745,4.0,4,,,,,,
,,,,,47752,7.0,7,,,,,,
,,,,,47755,3.0,3,,,,,,
,,,,,47760,5.0,5,,,,,,
,,,,,47769,9.0,9,,,,,,
,,,,,47777,8.0,8,,,,,,
,,,,,47783,6.0,6,,,,,,
,,,,,47791,8.0,8,,,,,,
,,,,,47811,20.0,20,,,,,,
,,,,,47816,5.0,5,,,,,,
,,,,,47820,4.0,4,,,,,,
,,,,,47829,9.0,9,,,,,,
,,,,,47834,5.0,5,,,,,,
,,,,,47837,3.0,3,,,,,,
,,,,,47841,4.0,4,,,,,,
,,,,,47846,5.0,5,,,,,,
,,,,,47855,9.0,9,,,,,,
,,,,,47868,13.0,13,,,,,,
,,,,,47887,19.0,19,,,,,,
,,,,,47890,3.0,3,,,,,,
,,,,,47898,8.0,8,,,,,,
,,,,,47905,7.0,7,,,,,,
,,,,,47909,4.0,4,,,,,,
,,,,,47919,10.0,10,,,,,,
,,,,,47925,6.0,6,,,,,,
,,,,,47937,12.0,12,,,,,,
,,,,,47943,6.0,6,,,,,,
,,,,,47958,15.0,15,,,,,,
,,,,,47965,7.0,7,,,,,,
,,,,,47976,11.0,11,,,,,,
,,,,,47982,6.0,6,,,,,,
,,,,,47987,5.0,5,,,,,,
,,,,,47991,4.0,4,,,,,,
,,,,,47999,8.0,8,,,,,,
,,,,,48000,,,2.246959924697876,5.294214248657227,5.114046096801758,0.0003,0.0003,0.1
,,,,,48002,3.0,3,,,,,,
,,,,,48005,3.0,3,,,,,,
,,,,,48012,7.0,7,,,,,,
,,,,,48017,5.0,5,,,,,,
,,,,,48024,7.0,7,,,,,,
,,,,,48029,5.0,5,,,,,,
,,,,,48034,5.0,5,,,,,,
,,,,,48039,5.0,5,,,,,,
,,,,,48043,4.0,4,,,,,,
,,,,,48048,5.0,5,,,,,,
,,,,,48056,8.0,8,,,,,,
,,,,,48059,3.0,3,,,,,,
,,,,,48065,6.0,6,,,,,,
,,,,,48068,3.0,3,,,,,,
,,,,,48074,6.0,6,,,,,,
,,,,,48081,7.0,7,,,,,,
,,,,,48086,5.0,5,,,,,,
,,,,,48095,9.0,9,,,,,,
,,,,,48104,9.0,9,,,,,,
,,,,,48107,3.0,3,,,,,,
,,,,,48116,9.0,9,,,,,,
,,,,,48127,11.0,11,,,,,,
,,,,,48131,4.0,4,,,,,,
,,,,,48136,5.0,5,,,,,,
,,,,,48141,5.0,5,,,,,,
,,,,,48151,10.0,10,,,,,,
,,,,,48155,4.0,4,,,,,,
,,,,,48158,3.0,3,,,,,,
,,,,,48164,6.0,6,,,,,,
,,,,,48169,5.0,5,,,,,,
,,,,,48172,3.0,3,,,,,,
,,,,,48178,6.0,6,,,,,,
,,,,,48188,10.0,10,,,,,,
,,,,,48207,19.0,19,,,,,,
,,,,,48218,11.0,11,,,,,,
,,,,,48224,6.0,6,,,,,,
,,,,,48230,6.0,6,,,,,,
,,,,,48242,12.0,12,,,,,,
,,,,,48246,4.0,4,,,,,,
,,,,,48251,5.0,5,,,,,,
,,,,,48260,9.0,9,,,,,,
,,,,,48263,3.0,3,,,,,,
,,,,,48271,8.0,8,,,,,,
,,,,,48281,10.0,10,,,,,,
,,,,,48285,4.0,4,,,,,,
,,,,,48288,3.0,3,,,,,,
,,,,,48291,3.0,3,,,,,,
,,,,,48302,11.0,11,,,,,,
,,,,,48312,10.0,10,,,,,,
,,,,,48318,6.0,6,,,,,,
,,,,,48330,12.0,12,,,,,,
,,,,,48345,15.0,15,,,,,,
,,,,,48348,3.0,3,,,,,,
,,,,,48355,7.0,7,,,,,,
,,,,,48364,9.0,9,,,,,,
,,,,,48374,10.0,10,,,,,,
,,,,,48377,3.0,3,,,,,,
,,,,,48384,7.0,7,,,,,,
,,,,,48394,10.0,10,,,,,,
,,,,,48397,3.0,3,,,,,,
,,,,,48402,5.0,5,,,,,,
,,,,,48410,8.0,8,,,,,,
,,,,,48414,4.0,4,,,,,,
,,,,,48421,7.0,7,,,,,,
,,,,,48425,4.0,4,,,,,,
,,,,,48430,5.0,5,,,,,,
,,,,,48435,5.0,5,,,,,,
,,,,,48438,3.0,3,,,,,,
,,,,,48441,3.0,3,,,,,,
,,,,,48448,7.0,7,,,,,,
,,,,,48457,9.0,9,,,,,,
,,,,,48461,4.0,4,,,,,,
,,,,,48476,15.0,15,,,,,,
,,,,,48484,8.0,8,,,,,,
,,,,,48489,5.0,5,,,,,,
,,,,,48500,11.0,11,,,,,,
,,,,,48503,3.0,3,,,,,,
,,,,,48508,5.0,5,,,,,,
,,,,,48517,9.0,9,,,,,,
,,,,,48521,4.0,4,,,,,,
,,,,,48524,3.0,3,,,,,,
,,,,,48528,4.0,4,,,,,,
,,,,,48534,6.0,6,,,,,,
,,,,,48539,5.0,5,,,,,,
,,,,,48542,3.0,3,,,,,,
,,,,,48546,4.0,4,,,,,,
,,,,,48552,6.0,6,,,,,,
,,,,,48560,8.0,8,,,,,,
,,,,,48566,6.0,6,,,,,,
,,,,,48569,3.0,3,,,,,,
,,,,,48573,4.0,4,,,,,,
,,,,,48576,3.0,3,,,,,,
,,,,,48581,5.0,5,,,,,,
,,,,,48584,3.0,3,,,,,,
,,,,,48590,6.0,6,,,,,,
,,,,,48603,13.0,13,,,,,,
,,,,,48612,9.0,9,,,,,,
,,,,,48615,3.0,3,,,,,,
,,,,,48622,7.0,7,,,,,,
,,,,,48628,6.0,6,,,,,,
,,,,,48632,4.0,4,,,,,,
,,,,,48642,10.0,10,,,,,,
,,,,,48647,5.0,5,,,,,,
,,,,,48654,7.0,7,,,,,,
,,,,,48659,5.0,5,,,,,,
,,,,,48663,4.0,4,,,,,,
,,,,,48676,13.0,13,,,,,,
,,,,,48680,4.0,4,,,,,,
,,,,,48688,8.0,8,,,,,,
,,,,,48694,6.0,6,,,,,,
,,,,,48713,19.0,19,,,,,,
,,,,,48717,4.0,4,,,,,,
,,,,,48720,3.0,3,,,,,,
,,,,,48724,4.0,4,,,,,,
,,,,,48729,5.0,5,,,,,,
,,,,,48737,8.0,8,,,,,,
,,,,,48743,6.0,6,,,,,,
,,,,,48748,5.0,5,,,,,,
,,,,,48753,5.0,5,,,,,,
,,,,,48758,5.0,5,,,,,,
,,,,,48762,4.0,4,,,,,,
,,,,,48790,28.0,28,,,,,,
,,,,,48802,12.0,12,,,,,,
,,,,,48805,3.0,3,,,,,,
,,,,,48810,5.0,5,,,,,,
,,,,,48814,4.0,4,,,,,,
,,,,,48818,4.0,4,,,,,,
,,,,,48827,9.0,9,,,,,,
,,,,,48848,21.0,21,,,,,,
,,,,,48861,13.0,13,,,,,,
,,,,,48865,4.0,4,,,,,,
,,,,,48868,3.0,3,,,,,,
,,,,,48884,16.0,16,,,,,,
,,,,,48897,13.0,13,,,,,,
,,,,,48902,5.0,5,,,,,,
,,,,,48909,7.0,7,,,,,,
,,,,,48913,4.0,4,,,,,,
,,,,,48918,5.0,5,,,,,,
,,,,,48921,3.0,3,,,,,,
,,,,,48925,4.0,4,,,,,,
,,,,,48933,8.0,8,,,,,,
,,,,,48944,11.0,11,,,,,,
,,,,,48947,3.0,3,,,,,,
,,,,,48955,8.0,8,,,,,,
,,,,,48974,19.0,19,,,,,,
,,,,,48982,8.0,8,,,,,,
,,,,,48987,5.0,5,,,,,,
,,,,,48993,6.0,6,,,,,,
,,,,,48997,4.0,4,,,,,,
,,,,,49000,,,2.588360071182251,4.953406810760498,5.007908821105957,0.0003,0.0003,0.1
,,,,,49004,7.0,7,,,,,,
,,,,,49010,6.0,6,,,,,,
,,,,,49015,5.0,5,,,,,,
,,,,,49022,7.0,7,,,,,,
,,,,,49029,7.0,7,,,,,,
,,,,,49035,6.0,6,,,,,,
,,,,,49038,3.0,3,,,,,,
,,,,,49041,3.0,3,,,,,,
,,,,,49044,3.0,3,,,,,,
,,,,,49050,6.0,6,,,,,,
,,,,,49055,5.0,5,,,,,,
,,,,,49076,21.0,21,,,,,,
,,,,,49081,5.0,5,,,,,,
,,,,,49086,5.0,5,,,,,,
,,,,,49090,4.0,4,,,,,,
,,,,,49105,15.0,15,,,,,,
,,,,,49108,3.0,3,,,,,,
,,,,,49113,5.0,5,,,,,,
,,,,,49120,7.0,7,,,,,,
,,,,,49125,5.0,5,,,,,,
,,,,,49130,5.0,5,,,,,,
,,,,,49133,3.0,3,,,,,,
,,,,,49138,5.0,5,,,,,,
,,,,,49145,7.0,7,,,,,,
,,,,,49148,3.0,3,,,,,,
,,,,,49153,5.0,5,,,,,,
,,,,,49161,8.0,8,,,,,,
,,,,,49172,11.0,11,,,,,,
,,,,,49177,5.0,5,,,,,,
,,,,,49183,6.0,6,,,,,,
,,,,,49198,15.0,15,,,,,,
,,,,,49208,10.0,10,,,,,,
,,,,,49219,11.0,11,,,,,,
,,,,,49224,5.0,5,,,,,,
,,,,,49229,5.0,5,,,,,,
,,,,,49233,4.0,4,,,,,,
,,,,,49237,4.0,4,,,,,,
,,,,,49250,13.0,13,,,,,,
,,,,,49254,4.0,4,,,,,,
,,,,,49258,4.0,4,,,,,,
,,,,,49267,9.0,9,,,,,,
,,,,,49272,5.0,5,,,,,,
,,,,,49280,8.0,8,,,,,,
,,,,,49289,9.0,9,,,,,,
,,,,,49294,5.0,5,,,,,,
,,,,,49297,3.0,3,,,,,,
,,,,,49303,6.0,6,,,,,,
,,,,,49310,7.0,7,,,,,,
,,,,,49315,5.0,5,,,,,,
,,,,,49321,6.0,6,,,,,,
,,,,,49324,3.0,3,,,,,,
,,,,,49329,5.0,5,,,,,,
,,,,,49335,6.0,6,,,,,,
,,,,,49346,11.0,11,,,,,,
,,,,,49349,3.0,3,,,,,,
,,,,,49356,7.0,7,,,,,,
,,,,,49362,6.0,6,,,,,,
,,,,,49367,5.0,5,,,,,,
,,,,,49372,5.0,5,,,,,,
,,,,,49375,3.0,3,,,,,,
,,,,,49379,4.0,4,,,,,,
,,,,,49407,28.0,28,,,,,,
,,,,,49413,6.0,6,,,,,,
,,,,,49417,4.0,4,,,,,,
,,,,,49422,5.0,5,,,,,,
,,,,,49426,4.0,4,,,,,,
,,,,,49429,3.0,3,,,,,,
,,,,,49445,16.0,16,,,,,,
,,,,,49451,6.0,6,,,,,,
,,,,,49464,13.0,13,,,,,,
,,,,,49468,4.0,4,,,,,,
,,,,,49483,15.0,15,,,,,,
,,,,,49496,13.0,13,,,,,,
,,,,,49506,10.0,10,,,,,,
,,,,,49509,3.0,3,,,,,,
,,,,,49512,3.0,3,,,,,,
,,,,,49520,8.0,8,,,,,,
,,,,,49524,4.0,4,,,,,,
,,,,,49535,11.0,11,,,,,,
,,,,,49539,4.0,4,,,,,,
,,,,,49544,5.0,5,,,,,,
,,,,,49547,3.0,3,,,,,,
,,,,,49555,8.0,8,,,,,,
,,,,,49561,6.0,6,,,,,,
,,,,,49578,17.0,17,,,,,,
,,,,,49584,6.0,6,,,,,,
,,,,,49589,5.0,5,,,,,,
,,,,,49593,4.0,4,,,,,,
,,,,,49596,3.0,3,,,,,,
,,,,,49606,10.0,10,,,,,,
,,,,,49615,9.0,9,,,,,,
,,,,,49620,5.0,5,,,,,,
,,,,,49628,8.0,8,,,,,,
,,,,,49638,10.0,10,,,,,,
,,,,,49643,5.0,5,,,,,,
,,,,,49647,4.0,4,,,,,,
,,,,,49663,16.0,16,,,,,,
,,,,,49671,8.0,8,,,,,,
,,,,,49678,7.0,7,,,,,,
,,,,,49690,12.0,12,,,,,,
,,,,,49693,3.0,3,,,,,,
,,,,,49698,5.0,5,,,,,,
,,,,,49704,6.0,6,,,,,,
,,,,,49709,5.0,5,,,,,,
,,,,,49715,6.0,6,,,,,,
,,,,,49724,9.0,9,,,,,,
,,,,,49730,6.0,6,,,,,,
,,,,,49736,6.0,6,,,,,,
,,,,,49742,6.0,6,,,,,,
,,,,,49747,5.0,5,,,,,,
,,,,,49752,5.0,5,,,,,,
,,,,,49764,12.0,12,,,,,,
,,,,,49769,5.0,5,,,,,,
,,,,,49773,4.0,4,,,,,,
,,,,,49780,7.0,7,,,,,,
,,,,,49785,5.0,5,,,,,,
,,,,,49788,3.0,3,,,,,,
,,,,,49798,10.0,10,,,,,,
,,,,,49801,3.0,3,,,,,,
,,,,,49809,8.0,8,,,,,,
,,,,,49814,5.0,5,,,,,,
,,,,,49818,4.0,4,,,,,,
,,,,,49822,4.0,4,,,,,,
,,,,,49827,5.0,5,,,,,,
,,,,,49832,5.0,5,,,,,,
,,,,,49838,6.0,6,,,,,,
,,,,,49841,3.0,3,,,,,,
,,,,,49848,7.0,7,,,,,,
,,,,,49852,4.0,4,,,,,,
,,,,,49860,8.0,8,,,,,,
,,,,,49863,3.0,3,,,,,,
,,,,,49866,3.0,3,,,,,,
,,,,,49879,13.0,13,,,,,,
,,,,,49882,3.0,3,,,,,,
,,,,,49885,3.0,3,,,,,,
,,,,,49892,7.0,7,,,,,,
,,,,,49896,4.0,4,,,,,,
,,,,,49912,16.0,16,,,,,,
,,,,,49915,3.0,3,,,,,,
,,,,,49919,4.0,4,,,,,,
,,,,,49923,4.0,4,,,,,,
,,,,,49928,5.0,5,,,,,,
,,,,,49935,7.0,7,,,,,,
,,,,,49938,3.0,3,,,,,,
,,,,,49944,6.0,6,,,,,,
,,,,,49948,4.0,4,,,,,,
,,,,,49955,7.0,7,,,,,,
,,,,,49964,9.0,9,,,,,,
,,,,,49971,7.0,7,,,,,,
,,,,,49977,6.0,6,,,,,,
,,,,,49980,3.0,3,,,,,,
,,,,,49990,10.0,10,,,,,,
,,,,,49994,4.0,4,,,,,,
,,,,,49997,3.0,3,,,,,,
