Eval_AverageReturn,Eval_StdReturn,Eval_MaxReturn,Eval_MinReturn,Eval_AverageEpLen,step,Train_EpisodeReturn,Train_EpisodeLen,critic_loss,q_values,target_values,grad_norm,epsilon,lr
-774.2829,292.61874,-447.28003,-1396.4255,108.3,0,,,,,,,,
,,,,,87,-260.83322,88,,,,,,
,,,,,165,-117.63105,78,,,,,,
,,,,,249,-179.78418,84,,,,,,
,,,,,322,-68.525665,73,,,,,,
,,,,,404,-270.99738,82,,,,,,
,,,,,528,-107.33381,124,,,,,,
,,,,,628,-185.97614,100,,,,,,
,,,,,739,-123.86362,111,,,,,,
,,,,,867,-127.194824,128,,,,,,
,,,,,930,-107.108215,63,,,,,,
,,,,,994,-97.46652,64,,,,,,
,,,,,1060,-100.00264,66,,,,,,
,,,,,1143,-117.88539,83,,,,,,
,,,,,1232,-369.72382,89,,,,,,
,,,,,1305,-151.50955,73,,,,,,
,,,,,1371,-62.267803,66,,,,,,
,,,,,1446,-131.26434,75,,,,,,
,,,,,1534,-132.71445,88,,,,,,
,,,,,1601,-106.59912,67,,,,,,
,,,,,1685,-292.79742,84,,,,,,
,,,,,1769,-12.043541,84,,,,,,
,,,,,1860,-117.63531,91,,,,,,
,,,,,1935,-237.52667,75,,,,,,
,,,,,2036,-183.5901,101,,,,,,
,,,,,2137,-112.4128,101,,,,,,
,,,,,2214,-205.15515,77,,,,,,
,,,,,2286,-191.3235,72,,,,,,
,,,,,2379,-343.11145,93,,,,,,
,,,,,2477,-113.33823,98,,,,,,
,,,,,2544,-173.49469,67,,,,,,
,,,,,2663,-567.4119,119,,,,,,
,,,,,2746,-126.3134,83,,,,,,
,,,,,2818,-308.0312,72,,,,,,
,,,,,2888,-139.34445,70,,,,,,
,,,,,2959,-201.80899,71,,,,,,
,,,,,3054,-156.19669,95,,,,,,
,,,,,3159,-179.71388,105,,,,,,
,,,,,3250,-290.90692,91,,,,,,
,,,,,3343,-189.17354,93,,,,,,
,,,,,3429,-123.90552,86,,,,,,
,,,,,3511,-504.67377,82,,,,,,
,,,,,3628,-128.78665,117,,,,,,
,,,,,3700,-87.26774,72,,,,,,
,,,,,3763,-126.75801,63,,,,,,
,,,,,3825,-56.25678,62,,,,,,
,,,,,3884,-65.769775,59,,,,,,
,,,,,3995,-398.98886,111,,,,,,
,,,,,4097,-394.22385,102,,,,,,
,,,,,4226,-392.70932,129,,,,,,
,,,,,4307,-127.18131,81,,,,,,
,,,,,4425,-80.668274,118,,,,,,
,,,,,4532,-402.22708,107,,,,,,
,,,,,4602,-99.60184,70,,,,,,
,,,,,4685,-67.00473,83,,,,,,
,,,,,4777,-158.4105,92,,,,,,
,,,,,4854,-111.067665,77,,,,,,
,,,,,4946,-104.36139,92,,,,,,
,,,,,5049,-257.86365,103,,,,,,
,,,,,5127,-217.64093,78,,,,,,
,,,,,5200,-99.93612,73,,,,,,
,,,,,5304,-273.99548,104,,,,,,
,,,,,5431,-132.05551,127,,,,,,
,,,,,5527,-298.1174,96,,,,,,
,,,,,5605,-392.98523,78,,,,,,
,,,,,5730,-250.85724,125,,,,,,
,,,,,5794,-98.37486,64,,,,,,
,,,,,5934,-100.0735,140,,,,,,
,,,,,6049,-550.846,115,,,,,,
,,,,,6134,-271.35223,85,,,,,,
,,,,,6276,-172.58804,142,,,,,,
,,,,,6349,-242.15663,73,,,,,,
,,,,,6406,-109.52748,57,,,,,,
,,,,,6560,-149.8898,154,,,,,,
,,,,,6630,-81.9194,70,,,,,,
,,,,,6725,-364.71448,95,,,,,,
,,,,,6808,-202.26909,83,,,,,,
,,,,,6865,-86.95943,57,,,,,,
,,,,,6971,-116.56807,106,,,,,,
,,,,,7040,-79.40523,69,,,,,,
,,,,,7157,-146.58167,117,,,,,,
,,,,,7215,-75.89899,58,,,,,,
,,,,,7314,-94.82048,99,,,,,,
,,,,,7409,-383.84937,95,,,,,,
,,,,,7482,-192.14636,73,,,,,,
,,,,,7609,-87.99411,127,,,,,,
,,,,,7701,-294.7071,92,,,,,,
,,,,,7778,-280.0183,77,,,,,,
,,,,,7863,-182.59354,85,,,,,,
,,,,,7977,-120.30667,114,,,,,,
,,,,,8091,-187.17426,114,,,,,,
,,,,,8167,-347.95004,76,,,,,,
,,,,,8290,-88.773415,123,,,,,,
,,,,,8352,-58.962654,62,,,,,,
,,,,,8481,-238.55804,129,,,,,,
,,,,,8568,14.144676,87,,,,,,
,,,,,8687,-144.86295,119,,,,,,
,,,,,8792,-341.5127,105,,,,,,
,,,,,8903,-281.91763,111,,,,,,
,,,,,9026,-250.24414,123,,,,,,
,,,,,9107,-9.690102,81,,,,,,
,,,,,9175,-86.62373,68,,,,,,
,,,,,9238,-104.09118,63,,,,,,
,,,,,9318,-162.51898,80,,,,,,
,,,,,9403,-247.38834,85,,,,,,
,,,,,9484,-98.40993,81,,,,,,
,,,,,9587,-95.872246,103,,,,,,
,,,,,9702,-308.40527,115,,,,,,
,,,,,9809,-104.080765,107,,,,,,
,,,,,9896,-116.07788,87,,,,,,
,,,,,9990,-12.953209,94,,,,,,
-963.0597,412.5276,-579.0735,-1732.1483,133.7,10000,,,,,,,,
,,,,,10059,-237.48071,69,,,,,,
,,,,,10143,-248.56308,84,,,,,,
,,,,,10243,-126.83675,100,,,,,,
,,,,,10303,-119.910774,60,,,,,,
,,,,,10402,-278.86334,99,,,,,,
,,,,,10518,-353.1156,116,,,,,,
,,,,,10624,-211.5534,106,,,,,,
,,,,,10709,-0.5568695,85,,,,,,
,,,,,10817,-214.77032,108,,,,,,
,,,,,10886,-87.60148,69,,,,,,
,,,,,10976,-151.03094,90,,,,,,
,,,,,11059,-113.56988,83,,,,,,
,,,,,11159,-112.151085,100,,,,,,
,,,,,11322,-343.15927,163,,,,,,
,,,,,11449,-238.91972,127,,,,,,
,,,,,11559,-123.08254,110,,,,,,
,,,,,11613,-117.43905,54,,,,,,
,,,,,11690,-153.26082,77,,,,,,
,,,,,11804,-358.78198,114,,,,,,
,,,,,11880,-96.898834,76,,,,,,
,,,,,11946,-122.49489,66,,,,,,
,,,,,12039,-101.83245,93,,,,,,
,,,,,12155,-301.20468,116,,,,,,
,,,,,12249,-309.1756,94,,,,,,
,,,,,12338,-83.66339,89,,,,,,
,,,,,12421,-226.80032,83,,,,,,
,,,,,12493,-101.874245,72,,,,,,
,,,,,12591,-454.26965,98,,,,,,
,,,,,12665,-112.10889,74,,,,,,
,,,,,12760,-109.4971,95,,,,,,
,,,,,12864,-271.01398,104,,,,,,
,,,,,12948,-49.65042,84,,,,,,
,,,,,13065,-224.29895,117,,,,,,
,,,,,13149,-255.86815,84,,,,,,
,,,,,13207,-85.356,58,,,,,,
,,,,,13302,-198.89983,95,,,,,,
,,,,,13382,-129.34923,80,,,,,,
,,,,,13500,-93.163666,118,,,,,,
,,,,,13578,-77.27585,78,,,,,,
,,,,,13654,-139.5292,76,,,,,,
,,,,,13790,-100.04081,136,,,,,,
,,,,,13864,-126.53397,74,,,,,,
,,,,,13945,-101.97672,81,,,,,,
,,,,,14052,-273.04657,107,,,,,,
,,,,,14136,-149.77576,84,,,,,,
,,,,,14205,-124.63144,69,,,,,,
,,,,,14306,-154.53882,101,,,,,,
,,,,,14368,-156.62306,62,,,,,,
,,,,,14443,-122.37326,75,,,,,,
,,,,,14564,-122.5145,121,,,,,,
,,,,,14635,-107.36763,71,,,,,,
,,,,,14710,-138.83725,75,,,,,,
,,,,,14781,-98.635605,71,,,,,,
,,,,,14890,-102.590034,109,,,,,,
,,,,,15006,-198.15567,116,,,,,,
,,,,,15092,-143.81151,86,,,,,,
,,,,,15198,-96.752464,106,,,,,,
,,,,,15339,-5.2910767,141,,,,,,
,,,,,15449,-243.0943,110,,,,,,
,,,,,15577,-316.53406,128,,,,,,
,,,,,15665,-132.73268,88,,,,,,
,,,,,15786,-232.03134,121,,,,,,
,,,,,15855,-2.735611,69,,,,,,
,,,,,15916,-72.59568,61,,,,,,
,,,,,16015,-173.99527,99,,,,,,
,,,,,16110,-300.868,95,,,,,,
,,,,,16209,-145.13828,99,,,,,,
,,,,,16332,-481.713,123,,,,,,
,,,,,16407,-388.41998,75,,,,,,
,,,,,16477,-96.789764,70,,,,,,
,,,,,16537,-116.335075,60,,,,,,
,,,,,16649,-396.1592,112,,,,,,
,,,,,16748,-328.79227,99,,,,,,
,,,,,16888,-253.57655,140,,,,,,
,,,,,17019,-313.34564,131,,,,,,
,,,,,17082,-80.69852,63,,,,,,
,,,,,17193,-441.2711,111,,,,,,
,,,,,17262,-120.65264,69,,,,,,
,,,,,17347,-158.11911,85,,,,,,
,,,,,17434,-221.94962,87,,,,,,
,,,,,17544,-242.86475,110,,,,,,
,,,,,17604,-117.695404,60,,,,,,
,,,,,17681,-208.56902,77,,,,,,
,,,,,17773,-203.35378,92,,,,,,
,,,,,17850,-239.5278,77,,,,,,
,,,,,17952,-120.40964,102,,,,,,
,,,,,18025,-85.93852,73,,,,,,
,,,,,18132,-427.135,107,,,,,,
,,,,,18202,-97.85723,70,,,,,,
,,,,,18318,-158.55545,116,,,,,,
,,,,,18399,-212.79071,81,,,,,,
,,,,,18511,-120.93108,112,,,,,,
,,,,,18579,-117.26479,68,,,,,,
,,,,,18673,-226.3457,94,,,,,,
,,,,,18795,-322.7851,122,,,,,,
,,,,,18874,-105.11609,79,,,,,,
,,,,,18934,-92.189255,60,,,,,,
,,,,,19009,-95.56122,75,,,,,,
,,,,,19093,-122.49261,84,,,,,,
,,,,,19196,-247.07704,103,,,,,,
,,,,,19281,-240.12247,85,,,,,,
,,,,,19365,-102.39271,84,,,,,,
,,,,,19458,-114.88169,93,,,,,,
,,,,,19530,-69.01661,72,,,,,,
,,,,,19590,-70.30945,60,,,,,,
,,,,,19660,-180.23672,70,,,,,,
,,,,,19759,-203.23605,99,,,,,,
,,,,,19825,-75.664795,66,,,,,,
,,,,,19945,-378.35458,120,,,,,,
-823.43176,234.78297,-436.5334,-1153.0673,98.6,20000,,,317.5091857910156,-0.04877948388457298,-3.684600591659546,31.249929428100586,0.88,0.001
,,,,,20024,-135.08624,79,,,,,,
,,,,,20152,-79.52999,128,,,,,,
,,,,,20219,-91.37236,67,,,,,,
,,,,,20303,-138.71846,84,,,,,,
,,,,,20370,-73.91028,67,,,,,,
,,,,,20436,-120.1788,66,,,,,,
,,,,,20516,-141.33408,80,,,,,,
,,,,,20632,23.843391,116,,,,,,
,,,,,20741,-86.47868,109,,,,,,
,,,,,20812,-62.29155,71,,,,,,
,,,,,20908,-134.63072,96,,,,,,
,,,,,21000,,,11.088204383850098,-1.4116947650909424,-1.2086424827575684,13.636703491210938,0.874,0.001
,,,,,21006,-117.46649,98,,,,,,
,,,,,21098,-356.34265,92,,,,,,
,,,,,21191,-486.84125,93,,,,,,
,,,,,21263,-88.48959,72,,,,,,
,,,,,21343,-119.899956,80,,,,,,
,,,,,21450,-395.4272,107,,,,,,
,,,,,21538,-375.21387,88,,,,,,
,,,,,21596,-77.11171,58,,,,,,
,,,,,21680,-233.55548,84,,,,,,
,,,,,21766,-118.63821,86,,,,,,
,,,,,21843,-343.70654,77,,,,,,
,,,,,21943,-285.5713,100,,,,,,
,,,,,22000,,,202.23431396484375,-4.274355888366699,-0.9845621585845947,90.88856506347656,0.868,0.001
,,,,,22092,-131.09492,149,,,,,,
,,,,,22188,-359.92722,96,,,,,,
,,,,,22271,-287.82434,83,,,,,,
,,,,,22376,-336.27136,105,,,,,,
,,,,,22476,-442.22482,100,,,,,,
,,,,,22570,-80.49723,94,,,,,,
,,,,,22653,-99.73575,83,,,,,,
,,,,,22746,-132.301,93,,,,,,
,,,,,22850,-226.78838,104,,,,,,
,,,,,22931,-154.02844,81,,,,,,
,,,,,23000,,,26.002239227294922,-2.5402605533599854,-2.1288909912109375,40.46437072753906,0.862,0.001
,,,,,23037,-158.62344,106,,,,,,
,,,,,23104,-296.30865,67,,,,,,
,,,,,23213,-231.2222,109,,,,,,
,,,,,23288,17.419014,75,,,,,,
,,,,,23409,-413.8902,121,,,,,,
,,,,,23519,-176.37178,110,,,,,,
,,,,,23581,-69.85976,62,,,,,,
,,,,,23655,-245.81189,74,,,,,,
,,,,,23743,-147.57289,88,,,,,,
,,,,,23839,-124.809654,96,,,,,,
,,,,,23958,-134.00114,119,,,,,,
,,,,,24000,,,3.235323905944824,-0.0015788525342941284,0.15675890445709229,18.708274841308594,0.856,0.001
,,,,,24039,-104.51227,81,,,,,,
,,,,,24142,-248.28784,103,,,,,,
,,,,,24232,-337.6444,90,,,,,,
,,,,,24341,-156.98442,109,,,,,,
,,,,,24435,-248.2043,94,,,,,,
,,,,,24511,-76.656166,76,,,,,,
,,,,,24579,-135.73196,68,,,,,,
,,,,,24646,-134.28352,67,,,,,,
,,,,,24753,-132.32846,107,,,,,,
,,,,,24868,-332.88324,115,,,,,,
,,,,,24942,-144.84528,74,,,,,,
,,,,,25000,,,111.31822204589844,-6.585070610046387,-8.007181167602539,188.08084106445312,0.85,0.001
,,,,,25049,-330.05225,107,,,,,,
,,,,,25153,-290.63184,104,,,,,,
,,,,,25230,-107.41275,77,,,,,,
,,,,,25302,-130.33615,72,,,,,,
,,,,,25389,-154.5073,87,,,,,,
,,,,,25453,-77.539,64,,,,,,
,,,,,25568,-206.2908,115,,,,,,
,,,,,25667,-306.44537,99,,,,,,
,,,,,25742,-81.102585,75,,,,,,
,,,,,25830,-300.9454,88,,,,,,
,,,,,25919,-109.807655,89,,,,,,
,,,,,26000,,,12.327183723449707,-1.4815928936004639,-1.6065168380737305,42.31435012817383,0.844,0.001
,,,,,26009,-258.77988,90,,,,,,
,,,,,26108,-172.92801,99,,,,,,
,,,,,26175,-223.42123,67,,,,,,
,,,,,26300,-270.0675,125,,,,,,
,,,,,26436,-250.22728,136,,,,,,
,,,,,26505,-130.79778,69,,,,,,
,,,,,26587,-183.46036,82,,,,,,
,,,,,26686,-205.55219,99,,,,,,
,,,,,26767,-193.59503,81,,,,,,
,,,,,26865,-196.6915,98,,,,,,
,,,,,26960,-443.07074,95,,,,,,
,,,,,27000,,,16.674985885620117,-8.184292793273926,-7.946570873260498,64.83210754394531,0.838,0.001
,,,,,27025,-44.046677,65,,,,,,
,,,,,27098,-69.89317,73,,,,,,
,,,,,27213,-310.19397,115,,,,,,
,,,,,27288,-146.91988,75,,,,,,
,,,,,27372,-126.28995,84,,,,,,
,,,,,27498,-108.87064,126,,,,,,
,,,,,27591,-131.75946,93,,,,,,
,,,,,27705,-148.28464,114,,,,,,
,,,,,27820,-400.0898,115,,,,,,
,,,,,27901,-207.27515,81,,,,,,
,,,,,27981,21.431679,80,,,,,,
,,,,,28000,,,13.348480224609375,-4.6116509437561035,-4.4064788818359375,48.38395690917969,0.832,0.001
,,,,,28054,-179.31458,73,,,,,,
,,,,,28158,-141.96078,104,,,,,,
,,,,,28231,-242.57034,73,,,,,,
,,,,,28298,-81.00791,67,,,,,,
,,,,,28387,-11.129837,89,,,,,,
,,,,,28474,-110.16841,87,,,,,,
,,,,,28549,18.87371,75,,,,,,
,,,,,28659,-340.59875,110,,,,,,
,,,,,28762,-434.9445,103,,,,,,
,,,,,28850,-344.6102,88,,,,,,
,,,,,28952,-221.23427,102,,,,,,
,,,,,29000,,,60.03091812133789,-1.898705005645752,-2.0978939533233643,75.37364959716797,0.8260000000000001,0.001
,,,,,29062,-370.5268,110,,,,,,
,,,,,29165,-232.13524,103,,,,,,
,,,,,29260,-121.97276,95,,,,,,
,,,,,29366,-296.72156,106,,,,,,
,,,,,29440,-203.15858,74,,,,,,
,,,,,29508,-116.27475,68,,,,,,
,,,,,29591,-226.99243,83,,,,,,
,,,,,29659,-50.166637,68,,,,,,
,,,,,29726,-88.18926,67,,,,,,
,,,,,29842,-123.224106,116,,,,,,
,,,,,29962,-410.03757,120,,,,,,
-357.33606,79.26431,-270.2729,-508.5481,577.6,30000,,,3.477006196975708,-3.521716594696045,-3.3267385959625244,16.907386779785156,0.82,0.001
,,,,,30056,-273.70715,94,,,,,,
,,,,,30163,-81.27496,107,,,,,,
,,,,,30232,-79.49477,69,,,,,,
,,,,,30372,-104.457535,140,,,,,,
,,,,,30476,-274.6933,104,,,,,,
,,,,,30547,-93.2272,71,,,,,,
,,,,,30658,-370.4432,111,,,,,,
,,,,,30753,-466.42325,95,,,,,,
,,,,,30871,-225.34418,118,,,,,,
,,,,,30955,-110.68451,84,,,,,,
,,,,,31000,,,6.133306980133057,-2.221773386001587,-3.0657286643981934,57.308101654052734,0.8140000000000001,0.001
,,,,,31032,-66.847565,77,,,,,,
,,,,,31127,21.393692,95,,,,,,
,,,,,31208,-115.34562,81,,,,,,
,,,,,31308,-410.12344,100,,,,,,
,,,,,31437,-125.58136,129,,,,,,
,,,,,31556,-53.71162,119,,,,,,
,,,,,31658,-272.8903,102,,,,,,
,,,,,31760,-363.05283,102,,,,,,
,,,,,31818,-93.28711,58,,,,,,
,,,,,31908,-156.25673,90,,,,,,
,,,,,32000,,,271.0484619140625,-0.7787023782730103,1.4750449657440186,323.3168029785156,0.808,0.001
,,,,,32009,-121.38522,101,,,,,,
,,,,,32082,-132.06503,73,,,,,,
,,,,,32195,-73.22624,113,,,,,,
,,,,,32285,-377.25854,90,,,,,,
,,,,,32373,-152.8352,88,,,,,,
,,,,,32463,-191.73526,90,,,,,,
,,,,,32562,-278.66696,99,,,,,,
,,,,,32652,-65.973404,90,,,,,,
,,,,,32722,-122.55513,70,,,,,,
,,,,,32827,-99.64408,105,,,,,,
,,,,,32924,-215.98177,97,,,,,,
,,,,,33000,,,3.699951648712158,-1.30853271484375,-2.116792917251587,70.76468658447266,0.802,0.001
,,,,,33008,-147.59465,84,,,,,,
,,,,,33110,-170.67838,102,,,,,,
,,,,,33233,-361.9811,123,,,,,,
,,,,,33309,-67.76869,76,,,,,,
,,,,,33403,-453.04483,94,,,,,,
,,,,,33474,-214.74927,71,,,,,,
,,,,,33538,-251.59146,64,,,,,,
,,,,,33649,-137.36649,111,,,,,,
,,,,,33776,-355.1706,127,,,,,,
,,,,,33849,-69.85042,73,,,,,,
,,,,,33930,-278.33136,81,,,,,,
,,,,,33994,-82.697395,64,,,,,,
,,,,,34000,,,14.113455772399902,2.369701385498047,1.3707345724105835,106.49726104736328,0.796,0.001
,,,,,34096,-125.484985,102,,,,,,
,,,,,34175,-134.6076,79,,,,,,
,,,,,34236,-267.2768,61,,,,,,
,,,,,34356,-95.8653,120,,,,,,
,,,,,34453,-92.78226,97,,,,,,
,,,,,34531,-113.93369,78,,,,,,
,,,,,34630,-172.47362,99,,,,,,
,,,,,34729,-96.57211,99,,,,,,
,,,,,34797,-148.84598,68,,,,,,
,,,,,34920,-593.0994,123,,,,,,
,,,,,35000,,,5.21915864944458,2.2106406688690186,2.6165037155151367,40.830162048339844,0.79,0.001
,,,,,35006,-330.6504,86,,,,,,
,,,,,35090,-413.68848,84,,,,,,
,,,,,35177,-411.03183,87,,,,,,
,,,,,35253,-127.991394,76,,,,,,
,,,,,35351,-190.50745,98,,,,,,
,,,,,35420,-68.56383,69,,,,,,
,,,,,35514,-313.6941,94,,,,,,
,,,,,35589,-91.44973,75,,,,,,
,,,,,35721,-102.00419,132,,,,,,
,,,,,35823,-116.08344,102,,,,,,
,,,,,35896,-118.586105,73,,,,,,
,,,,,36000,,,260.9471740722656,3.363062858581543,4.706938743591309,323.483154296875,0.784,0.001
,,,,,36014,-191.16718,118,,,,,,
,,,,,36113,-76.05592,99,,,,,,
,,,,,36195,-77.10292,82,,,,,,
,,,,,36286,-214.17975,91,,,,,,
,,,,,36409,-215.42288,123,,,,,,
,,,,,36511,-128.99948,102,,,,,,
,,,,,36593,-88.62208,82,,,,,,
,,,,,36676,-129.52646,83,,,,,,
,,,,,36782,-268.079,106,,,,,,
,,,,,36909,-422.63223,127,,,,,,
,,,,,36992,-153.2323,83,,,,,,
,,,,,37000,,,10.40162467956543,2.05936861038208,1.484716773033142,44.44451904296875,0.778,0.001
,,,,,37118,-318.20648,126,,,,,,
,,,,,37203,-112.473694,85,,,,,,
,,,,,37333,-299.8103,130,,,,,,
,,,,,37420,-390.70178,87,,,,,,
,,,,,37489,-285.39838,69,,,,,,
,,,,,37596,-227.72192,107,,,,,,
,,,,,37658,-80.65998,62,,,,,,
,,,,,37744,-169.57666,86,,,,,,
,,,,,37850,-130.52338,106,,,,,,
,,,,,37950,-298.7237,100,,,,,,
,,,,,38000,,,22.204483032226562,0.013458818197250366,-0.6012787818908691,113.68885803222656,0.772,0.001
,,,,,38020,-97.93987,70,,,,,,
,,,,,38132,-516.33124,112,,,,,,
,,,,,38213,30.661758,81,,,,,,
,,,,,38274,-141.64319,61,,,,,,
,,,,,38361,-248.59299,87,,,,,,
,,,,,38464,-85.65999,103,,,,,,
,,,,,38577,-217.0212,113,,,,,,
,,,,,38652,-91.77987,75,,,,,,
,,,,,38750,-158.13504,98,,,,,,
,,,,,38853,-200.95114,103,,,,,,
,,,,,38941,-224.16081,88,,,,,,
,,,,,39000,,,6.6378021240234375,3.681234359741211,3.266655445098877,44.059776306152344,0.766,0.001
,,,,,39072,-323.1,131,,,,,,
,,,,,39133,-250.49503,61,,,,,,
,,,,,39240,-176.65182,107,,,,,,
,,,,,39299,-130.19572,59,,,,,,
,,,,,39383,-140.58571,84,,,,,,
,,,,,39472,-350.50818,89,,,,,,
,,,,,39569,-142.35641,97,,,,,,
,,,,,39661,-85.51809,92,,,,,,
,,,,,39757,-263.02405,96,,,,,,
,,,,,39858,-322.93866,101,,,,,,
,,,,,39922,-101.03515,64,,,,,,
,,,,,39988,-81.65761,66,,,,,,
-116.62685,37.444447,-41.327465,-161.59543,332.5,40000,,,154.41885375976562,-2.8450350761413574,-1.9500631093978882,449.2453308105469,0.76,0.001
,,,,,40081,-185.52167,93,,,,,,
,,,,,40184,-269.3518,103,,,,,,
,,,,,40278,-154.78778,94,,,,,,
,,,,,40344,-232.27682,66,,,,,,
,,,,,40447,-110.37358,103,,,,,,
,,,,,40541,-128.02443,94,,,,,,
,,,,,40622,-99.61633,81,,,,,,
,,,,,40702,-239.95949,80,,,,,,
,,,,,40806,-278.73465,104,,,,,,
,,,,,40895,-241.34763,89,,,,,,
,,,,,41000,,,2.647646427154541,6.496678352355957,6.32343864440918,38.24053192138672,0.754,0.001
,,,,,41020,-637.0541,125,,,,,,
,,,,,41113,-122.90612,93,,,,,,
,,,,,41219,-107.54086,106,,,,,,
,,,,,41283,-60.19091,64,,,,,,
,,,,,41375,-439.14194,92,,,,,,
,,,,,41445,-224.03337,70,,,,,,
,,,,,41540,-397.26895,95,,,,,,
,,,,,41673,-201.52689,133,,,,,,
,,,,,41778,-293.34332,105,,,,,,
,,,,,41856,-87.94168,78,,,,,,
,,,,,41940,-240.19893,84,,,,,,
,,,,,42000,,,4.356293201446533,8.29368782043457,7.869589805603027,53.749080657958984,0.748,0.001
,,,,,42003,-100.43605,63,,,,,,
,,,,,42118,-344.71198,115,,,,,,
,,,,,42255,-57.041958,137,,,,,,
,,,,,42355,-150.3473,100,,,,,,
,,,,,42441,-84.54084,86,,,,,,
,,,,,42572,-79.22586,131,,,,,,
,,,,,42643,-152.07773,71,,,,,,
,,,,,42710,-92.51315,67,,,,,,
,,,,,42804,-352.01233,94,,,,,,
,,,,,42919,-145.77855,115,,,,,,
,,,,,42982,-45.60257,63,,,,,,
,,,,,43000,,,12.672718048095703,17.41795539855957,15.942052841186523,143.7330780029297,0.742,0.001
,,,,,43072,-114.97523,90,,,,,,
,,,,,43144,-123.14918,72,,,,,,
,,,,,43247,-381.6263,103,,,,,,
,,,,,43312,-110.2405,65,,,,,,
,,,,,43399,-115.72202,87,,,,,,
,,,,,43462,-153.01224,63,,,,,,
,,,,,43591,-440.49295,129,,,,,,
,,,,,43710,-162.48651,119,,,,,,
,,,,,43826,-123.396545,116,,,,,,
,,,,,43946,-323.88092,120,,,,,,
,,,,,44000,,,4.17918586730957,5.917102813720703,5.597252368927002,47.38218688964844,0.736,0.001
,,,,,44056,-262.16013,110,,,,,,
,,,,,44136,-96.72055,80,,,,,,
,,,,,44236,-219.40738,100,,,,,,
,,,,,44334,-131.81728,98,,,,,,
,,,,,44408,-204.97131,74,,,,,,
,,,,,44528,-201.43517,120,,,,,,
,,,,,44642,-102.92635,114,,,,,,
,,,,,44724,-139.48453,82,,,,,,
,,,,,44783,-68.20363,59,,,,,,
,,,,,44890,-363.9758,107,,,,,,
,,,,,44996,-108.45705,106,,,,,,
,,,,,45000,,,6.527331829071045,7.3591156005859375,7.899446487426758,50.50301742553711,0.73,0.001
,,,,,45066,-66.09118,70,,,,,,
,,,,,45176,-246.0699,110,,,,,,
,,,,,45320,40.993057,144,,,,,,
,,,,,45398,-112.84079,78,,,,,,
,,,,,45477,-102.5398,79,,,,,,
,,,,,45595,-41.455986,118,,,,,,
,,,,,45695,-110.80918,100,,,,,,
,,,,,45803,-420.50586,108,,,,,,
,,,,,45924,-114.764786,121,,,,,,
,,,,,46000,,,7.953342437744141,-0.4365677833557129,-0.25804686546325684,77.21027374267578,0.724,0.001
,,,,,46016,-237.4858,92,,,,,,
,,,,,46137,-213.73195,121,,,,,,
,,,,,46232,-138.2608,95,,,,,,
,,,,,46299,-102.17017,67,,,,,,
,,,,,46407,-103.98766,108,,,,,,
,,,,,46496,-66.01164,89,,,,,,
,,,,,46561,-48.63025,65,,,,,,
,,,,,46648,-88.10678,87,,,,,,
,,,,,46721,-220.33536,73,,,,,,
,,,,,46843,-160.57355,122,,,,,,
,,,,,46963,-134.67401,120,,,,,,
,,,,,47000,,,6.412380695343018,1.0521132946014404,1.263009786605835,65.09235382080078,0.718,0.001
,,,,,47100,-348.51404,137,,,,,,
,,,,,47227,-294.5819,127,,,,,,
,,,,,47345,-74.25319,118,,,,,,
,,,,,47421,-151.51855,76,,,,,,
,,,,,47515,-343.26022,94,,,,,,
,,,,,47595,-113.55297,80,,,,,,
,,,,,47711,-283.40244,116,,,,,,
,,,,,47815,-256.60397,104,,,,,,
,,,,,47932,-116.48683,117,,,,,,
,,,,,48000,,,9.485861778259277,10.599637031555176,10.377767562866211,60.53324508666992,0.712,0.001
,,,,,48044,-219.78033,112,,,,,,
,,,,,48112,-61.77957,68,,,,,,
,,,,,48190,-73.02447,78,,,,,,
,,,,,48254,-43.326202,64,,,,,,
,,,,,48329,-97.38511,75,,,,,,
,,,,,48412,-87.29694,83,,,,,,
,,,,,48486,-80.29753,74,,,,,,
,,,,,48551,-129.74484,65,,,,,,
,,,,,48625,-98.093636,74,,,,,,
,,,,,48706,1.9407959,81,,,,,,
,,,,,48810,-111.808105,104,,,,,,
,,,,,48946,-5.00708,136,,,,,,
,,,,,49000,,,20.190807342529297,5.991048812866211,6.351245403289795,130.52610778808594,0.706,0.001
,,,,,49052,-207.81567,106,,,,,,
,,,,,49195,-134.56363,143,,,,,,
,,,,,49316,-222.21648,121,,,,,,
,,,,,49374,-97.62258,58,,,,,,
,,,,,49452,-89.765335,78,,,,,,
,,,,,49542,-113.87959,90,,,,,,
,,,,,49630,-111.95797,88,,,,,,
,,,,,49696,-94.14471,66,,,,,,
,,,,,49815,-96.934715,119,,,,,,
,,,,,49910,-95.02127,95,,,,,,
-155.21754,55.65085,-72.68463,-223.12512,254.2,50000,,,7.158116817474365,-0.1654013991355896,-0.6816352605819702,97.53562927246094,0.7,0.001
,,,,,50022,-139.26505,112,,,,,,
,,,,,50142,-61.82852,120,,,,,,
,,,,,50221,-75.862625,79,,,,,,
,,,,,50289,-258.97903,68,,,,,,
,,,,,50419,-78.34544,130,,,,,,
,,,,,50508,-72.50275,89,,,,,,
,,,,,50618,-312.07697,110,,,,,,
,,,,,50695,-86.64868,77,,,,,,
,,,,,50767,-87.65758,72,,,,,,
,,,,,50871,-111.48268,104,,,,,,
,,,,,50973,-148.24513,102,,,,,,
,,,,,51000,,,7.869956970214844,2.608365058898926,2.6746785640716553,56.94444274902344,0.694,0.001
,,,,,51048,-107.40276,75,,,,,,
,,,,,51134,-81.95427,86,,,,,,
,,,,,51200,-84.44806,66,,,,,,
,,,,,51272,-74.79694,72,,,,,,
,,,,,51341,-147.85065,69,,,,,,
,,,,,51470,-114.072525,129,,,,,,
,,,,,51601,-150.12408,131,,,,,,
,,,,,51664,-89.43815,63,,,,,,
,,,,,51766,-143.11479,102,,,,,,
,,,,,51838,-75.718994,72,,,,,,
,,,,,51908,-71.344505,70,,,,,,
,,,,,52000,,,21.093257904052734,0.22312045097351074,-0.5446758270263672,118.48481750488281,0.688,0.001
,,,,,52005,-233.33835,97,,,,,,
,,,,,52077,-92.134605,72,,,,,,
,,,,,52149,-68.237595,72,,,,,,
,,,,,52211,-146.2464,62,,,,,,
,,,,,52304,-123.029305,93,,,,,,
,,,,,52416,-434.61023,112,,,,,,
,,,,,52481,-79.66626,65,,,,,,
,,,,,52551,-132.53574,70,,,,,,
,,,,,52632,-50.729275,81,,,,,,
,,,,,52726,-226.68246,94,,,,,,
,,,,,52802,-88.82905,76,,,,,,
,,,,,52868,-68.7841,66,,,,,,
,,,,,52932,-55.6293,64,,,,,,
,,,,,53000,,,12.676813125610352,5.374013900756836,5.53260612487793,100.87248992919922,0.6819999999999999,0.001
,,,,,53040,-113.43058,108,,,,,,
,,,,,53117,-88.024956,77,,,,,,
,,,,,53207,-86.9803,90,,,,,,
,,,,,53333,-72.357895,126,,,,,,
,,,,,53415,-144.02899,82,,,,,,
,,,,,53545,-97.72918,130,,,,,,
,,,,,53608,-176.95993,63,,,,,,
,,,,,53741,-74.51786,133,,,,,,
,,,,,53847,-158.56136,106,,,,,,
,,,,,53920,-66.59665,73,,,,,,
,,,,,54000,,,13.954222679138184,5.730698108673096,6.926347732543945,121.85968017578125,0.6759999999999999,0.001
,,,,,54024,-93.28598,104,,,,,,
,,,,,54091,-62.32734,67,,,,,,
,,,,,54151,-121.98067,60,,,,,,
,,,,,54219,-77.37821,68,,,,,,
,,,,,54287,-77.2811,68,,,,,,
,,,,,54372,-100.753075,85,,,,,,
,,,,,54487,-84.18373,115,,,,,,
,,,,,54563,-91.80354,76,,,,,,
,,,,,54646,-122.15069,83,,,,,,
,,,,,54706,-78.669975,60,,,,,,
,,,,,54794,-134.7601,88,,,,,,
,,,,,54907,-155.962,113,,,,,,
,,,,,55000,,,5.52096700668335,15.428844451904297,15.674760818481445,45.30236053466797,0.67,0.001
,,,,,55005,-286.696,98,,,,,,
,,,,,55086,-210.62164,81,,,,,,
,,,,,55239,-106.60262,153,,,,,,
,,,,,55345,-132.05637,106,,,,,,
,,,,,55412,-133.83536,67,,,,,,
,,,,,55511,-280.27258,99,,,,,,
,,,,,55628,-190.3097,117,,,,,,
,,,,,55706,-129.44623,78,,,,,,
,,,,,55782,-79.86597,76,,,,,,
,,,,,55865,-143.51547,83,,,,,,
,,,,,55929,-107.24561,64,,,,,,
,,,,,56000,,,226.16311645507812,15.976106643676758,17.668441772460938,425.9278564453125,0.6639999999999999,0.001
,,,,,56020,-100.07946,91,,,,,,
,,,,,56086,-55.68395,66,,,,,,
,,,,,56185,-249.47255,99,,,,,,
,,,,,56288,-255.5989,103,,,,,,
,,,,,56357,-79.989494,69,,,,,,
,,,,,56462,-116.25692,105,,,,,,
,,,,,56539,-144.0367,77,,,,,,
,,,,,56621,-95.30712,82,,,,,,
,,,,,56753,-119.2421,132,,,,,,
,,,,,56877,2.2075424,124,,,,,,
,,,,,56999,-103.80982,122,,,,,,
,,,,,57000,,,3.993543863296509,12.88465404510498,12.632314682006836,36.70980453491211,0.6579999999999999,0.001
,,,,,57100,-76.801216,101,,,,,,
,,,,,57187,-97.48738,87,,,,,,
,,,,,57260,-104.418945,73,,,,,,
,,,,,57344,-82.387474,84,,,,,,
,,,,,57438,-100.41478,94,,,,,,
,,,,,57560,-69.68858,122,,,,,,
,,,,,57649,-103.35736,89,,,,,,
,,,,,57716,-91.50653,67,,,,,,
,,,,,57810,-93.75409,94,,,,,,
,,,,,57896,-77.46834,86,,,,,,
,,,,,58000,,,5.878914833068848,16.345842361450195,15.61258316040039,78.68473052978516,0.652,0.001
,,,,,58009,-108.80242,113,,,,,,
,,,,,58076,-101.41733,67,,,,,,
,,,,,58199,-220.65448,123,,,,,,
,,,,,58273,-50.768192,74,,,,,,
,,,,,58344,-30.20575,71,,,,,,
,,,,,58458,-117.98892,114,,,,,,
,,,,,58571,-170.88354,113,,,,,,
,,,,,58689,-117.37796,118,,,,,,
,,,,,58806,-76.123795,117,,,,,,
,,,,,58919,-188.54276,113,,,,,,
,,,,,59000,,,7.516729354858398,5.958155632019043,6.144044876098633,62.84497833251953,0.646,0.001
,,,,,59046,-102.706215,127,,,,,,
,,,,,59131,-94.91252,85,,,,,,
,,,,,59204,-135.7361,73,,,,,,
,,,,,59294,-99.68139,90,,,,,,
,,,,,59366,-51.141216,72,,,,,,
,,,,,59454,-103.64122,88,,,,,,
,,,,,59568,-183.12787,114,,,,,,
,,,,,59683,-92.07555,115,,,,,,
,,,,,59754,-89.0653,71,,,,,,
,,,,,59847,-127.50614,93,,,,,,
,,,,,59933,-143.94879,86,,,,,,
-154.66579,66.960686,-86.50901,-308.62976,384.3,60000,,,4.740365982055664,22.06519317626953,22.35348892211914,62.415897369384766,0.6399999999999999,0.001
,,,,,60003,-229.29688,70,,,,,,
,,,,,60100,-91.0696,97,,,,,,
,,,,,60205,-96.54826,105,,,,,,
,,,,,60283,-61.5817,78,,,,,,
,,,,,60360,-137.33578,77,,,,,,
,,,,,60456,-122.59235,96,,,,,,
,,,,,60563,-91.19048,107,,,,,,
,,,,,60653,-77.03305,90,,,,,,
,,,,,60740,-96.19964,87,,,,,,
,,,,,60819,-122.86798,79,,,,,,
,,,,,60937,-106.34913,118,,,,,,
,,,,,61000,,,5.129608154296875,28.876728057861328,28.785194396972656,60.70576095581055,0.634,0.001
,,,,,61017,-148.18565,80,,,,,,
,,,,,61129,-159.64896,112,,,,,,
,,,,,61205,-101.9157,76,,,,,,
,,,,,61316,-90.9432,111,,,,,,
,,,,,61395,-94.81183,79,,,,,,
,,,,,61466,-94.28031,71,,,,,,
,,,,,61588,-75.59667,122,,,,,,
,,,,,61710,-102.735176,122,,,,,,
,,,,,61824,-93.72599,114,,,,,,
,,,,,61892,-59.894707,68,,,,,,
,,,,,61995,-87.75189,103,,,,,,
,,,,,62000,,,13.454914093017578,15.425678253173828,14.934792518615723,100.98857879638672,0.628,0.001
,,,,,62101,-92.102684,106,,,,,,
,,,,,62210,-79.78607,109,,,,,,
,,,,,62323,-314.9112,113,,,,,,
,,,,,62398,-89.398155,75,,,,,,
,,,,,62511,-168.31596,113,,,,,,
,,,,,62603,-112.75746,92,,,,,,
,,,,,62679,-102.21302,76,,,,,,
,,,,,62754,-119.017654,75,,,,,,
,,,,,62819,-109.998276,65,,,,,,
,,,,,62921,-80.60362,102,,,,,,
,,,,,63000,,,15.64328670501709,11.848048210144043,10.752616882324219,104.59356689453125,0.622,0.001
,,,,,63019,-117.84701,98,,,,,,
,,,,,63118,-158.58093,99,,,,,,
,,,,,63187,-52.00029,69,,,,,,
,,,,,63269,-134.54109,82,,,,,,
,,,,,63349,-90.66128,80,,,,,,
,,,,,63422,-108.83226,73,,,,,,
,,,,,63526,-97.48611,104,,,,,,
,,,,,63633,-123.32986,107,,,,,,
,,,,,63720,-112.00332,87,,,,,,
,,,,,63841,-199.93074,121,,,,,,
,,,,,63930,-75.60933,89,,,,,,
,,,,,64000,,,5.20725679397583,8.574228286743164,9.281473159790039,84.85967254638672,0.616,0.001
,,,,,64006,-77.98244,76,,,,,,
,,,,,64097,-104.55837,91,,,,,,
,,,,,64221,-39.275616,124,,,,,,
,,,,,64307,-91.98529,86,,,,,,
,,,,,64400,-55.68889,93,,,,,,
,,,,,64484,-64.93086,84,,,,,,
,,,,,64581,-223.87672,97,,,,,,
,,,,,64672,-88.92542,91,,,,,,
,,,,,64780,-121.145805,108,,,,,,
,,,,,64853,-45.427315,73,,,,,,
,,,,,64926,-145.91678,73,,,,,,
,,,,,65000,,,29.273357391357422,6.137131690979004,4.8110032081604,120.08476257324219,0.61,0.001
,,,,,65018,-105.14817,92,,,,,,
,,,,,65097,-115.236725,79,,,,,,
,,,,,65198,-57.130623,101,,,,,,
,,,,,65280,-77.3263,82,,,,,,
,,,,,65346,-93.51843,66,,,,,,
,,,,,65465,-82.980774,119,,,,,,
,,,,,65541,-100.765816,76,,,,,,
,,,,,65633,-64.26988,92,,,,,,
,,,,,65730,-196.53748,97,,,,,,
,,,,,65833,-77.677505,103,,,,,,
,,,,,65959,-21.263237,126,,,,,,
,,,,,66000,,,4.123289108276367,19.98760414123535,20.792526245117188,96.55947875976562,0.604,0.001
,,,,,66038,-52.26109,79,,,,,,
,,,,,66156,-73.506516,118,,,,,,
,,,,,66255,-92.95789,99,,,,,,
,,,,,66369,-296.51788,114,,,,,,
,,,,,66476,-38.513554,107,,,,,,
,,,,,66545,-48.731876,69,,,,,,
,,,,,66641,-56.33307,96,,,,,,
,,,,,66746,-84.367226,105,,,,,,
,,,,,66820,-95.274925,74,,,,,,
,,,,,66898,-142.08928,78,,,,,,
,,,,,66997,-93.19171,99,,,,,,
,,,,,67000,,,9.90652084350586,2.1546177864074707,2.236321449279785,62.42262268066406,0.598,0.001
,,,,,67130,-58.812878,133,,,,,,
,,,,,67204,-87.26495,74,,,,,,
,,,,,67318,-135.55415,114,,,,,,
,,,,,67424,-112.61478,106,,,,,,
,,,,,67492,-71.68144,68,,,,,,
,,,,,67602,-137.74406,110,,,,,,
,,,,,67728,-180.83325,126,,,,,,
,,,,,67845,-167.35645,117,,,,,,
,,,,,67932,-104.01152,87,,,,,,
,,,,,68000,,,14.915639877319336,19.162067413330078,18.203079223632812,113.52833557128906,0.5920000000000001,0.001
,,,,,68047,-93.58193,115,,,,,,
,,,,,68112,-63.759106,65,,,,,,
,,,,,68205,-46.634365,93,,,,,,
,,,,,68285,-106.11631,80,,,,,,
,,,,,68371,-88.60178,86,,,,,,
,,,,,68474,-104.093185,103,,,,,,
,,,,,68568,-170.70026,94,,,,,,
,,,,,68640,-24.1503,72,,,,,,
,,,,,68703,-85.176254,63,,,,,,
,,,,,68826,-122.151474,123,,,,,,
,,,,,68940,-48.02864,114,,,,,,
,,,,,69000,,,4.614911079406738,12.244081497192383,12.29783821105957,62.131011962890625,0.586,0.001
,,,,,69049,-63.950203,109,,,,,,
,,,,,69134,-127.99098,85,,,,,,
,,,,,69237,-129.41199,103,,,,,,
,,,,,69310,-75.87424,73,,,,,,
,,,,,69380,-69.69058,70,,,,,,
,,,,,69467,-97.24793,87,,,,,,
,,,,,69576,-66.48497,109,,,,,,
,,,,,69669,-80.35308,93,,,,,,
,,,,,69736,-34.72863,67,,,,,,
,,,,,69853,-88.68726,117,,,,,,
,,,,,69954,-60.546204,101,,,,,,
-291.96237,87.4878,-147.07433,-397.1052,525.4,70000,,,7.494465351104736,35.11805725097656,35.1829948425293,72.92320251464844,0.58,0.001
,,,,,70034,-75.277084,80,,,,,,
,,,,,70121,-78.69632,87,,,,,,
,,,,,70223,-63.185143,102,,,,,,
,,,,,70290,-96.969246,67,,,,,,
,,,,,70375,-100.993645,85,,,,,,
,,,,,70439,-88.031876,64,,,,,,
,,,,,70520,-72.76247,81,,,,,,
,,,,,70616,-93.80026,96,,,,,,
,,,,,70675,-62.48887,59,,,,,,
,,,,,70782,-78.93232,107,,,,,,
,,,,,70869,-77.85637,87,,,,,,
,,,,,70974,-70.99442,105,,,,,,
,,,,,71000,,,18.892351150512695,25.462329864501953,24.723520278930664,122.9119873046875,0.5740000000000001,0.001
,,,,,71094,-126.13886,120,,,,,,
,,,,,71192,-59.321674,98,,,,,,
,,,,,71273,-76.85751,81,,,,,,
,,,,,71341,-69.06113,68,,,,,,
,,,,,71465,-130.63712,124,,,,,,
,,,,,71581,-57.17094,116,,,,,,
,,,,,71693,-64.172264,112,,,,,,
,,,,,71765,-90.99428,72,,,,,,
,,,,,71854,-45.876045,89,,,,,,
,,,,,71925,-76.58331,71,,,,,,
,,,,,72000,-22.894234,75,,,,,,
,,,,,72000,,,15.320834159851074,21.044879913330078,21.548112869262695,83.09149932861328,0.5680000000000001,0.001
,,,,,72081,-102.59079,81,,,,,,
,,,,,72204,-49.663452,123,,,,,,
,,,,,72315,-99.02522,111,,,,,,
,,,,,72405,-93.97168,90,,,,,,
,,,,,72477,-52.76379,72,,,,,,
,,,,,72565,-97.998215,88,,,,,,
,,,,,72671,-112.25923,106,,,,,,
,,,,,72775,-125.40185,104,,,,,,
,,,,,72864,-111.657455,89,,,,,,
,,,,,72989,-49.59629,125,,,,,,
,,,,,73000,,,5.36896276473999,9.967429161071777,9.937271118164062,51.38877487182617,0.5619999999999999,0.001
,,,,,73100,-44.91109,111,,,,,,
,,,,,73209,-52.343494,109,,,,,,
,,,,,73292,-99.68309,83,,,,,,
,,,,,73409,-87.256645,117,,,,,,
,,,,,73474,-71.599045,65,,,,,,
,,,,,73584,-87.32196,110,,,,,,
,,,,,73681,-76.78881,97,,,,,,
,,,,,73767,-39.582314,86,,,,,,
,,,,,73843,-37.127026,76,,,,,,
,,,,,73961,-132.30933,118,,,,,,
,,,,,74000,,,16.016088485717773,23.724994659423828,23.998388290405273,104.40216827392578,0.556,0.001
,,,,,74042,-124.63552,81,,,,,,
,,,,,74118,-18.309044,76,,,,,,
,,,,,74220,-102.183105,102,,,,,,
,,,,,74331,-75.39253,111,,,,,,
,,,,,74391,-81.97228,60,,,,,,
,,,,,74456,-90.29979,65,,,,,,
,,,,,74568,-66.449036,112,,,,,,
,,,,,74692,-99.39818,124,,,,,,
,,,,,74760,-95.39107,68,,,,,,
,,,,,74835,-78.357315,75,,,,,,
,,,,,74910,-56.30233,75,,,,,,
,,,,,74998,-88.69095,88,,,,,,
,,,,,75000,,,9.427976608276367,11.85391616821289,11.416515350341797,85.29651641845703,0.55,0.001
,,,,,75058,-47.68302,60,,,,,,
,,,,,75116,-63.872665,58,,,,,,
,,,,,75214,-46.175293,98,,,,,,
,,,,,75290,-85.76078,76,,,,,,
,,,,,75413,-72.07756,123,,,,,,
,,,,,75498,-32.752487,85,,,,,,
,,,,,75594,-115.68206,96,,,,,,
,,,,,75677,-67.567154,83,,,,,,
,,,,,75792,-69.79497,115,,,,,,
,,,,,75898,-71.2505,106,,,,,,
,,,,,75982,-17.671173,84,,,,,,
,,,,,76000,,,3.8064231872558594,28.074663162231445,27.769535064697266,36.203495025634766,0.5439999999999999,0.001
,,,,,76052,-49.37571,70,,,,,,
,,,,,76143,-108.40176,91,,,,,,
,,,,,76266,-61.50127,123,,,,,,
,,,,,76321,-66.281334,55,,,,,,
,,,,,76410,-90.53905,89,,,,,,
,,,,,76519,-67.72939,109,,,,,,
,,,,,76619,-97.6826,100,,,,,,
,,,,,76711,-128.27756,92,,,,,,
,,,,,76845,-75.18618,134,,,,,,
,,,,,76961,-50.648262,116,,,,,,
,,,,,77000,,,6.138639450073242,15.228103637695312,16.416460037231445,89.65382385253906,0.538,0.001
,,,,,77027,-25.189629,66,,,,,,
,,,,,77089,-48.226086,62,,,,,,
,,,,,77209,-63.551636,120,,,,,,
,,,,,77344,-221.22751,135,,,,,,
,,,,,77431,-154.44652,87,,,,,,
,,,,,77501,-76.79236,70,,,,,,
,,,,,77573,-67.093,72,,,,,,
,,,,,77650,-84.03526,77,,,,,,
,,,,,77753,-98.74859,103,,,,,,
,,,,,77866,-56.33165,113,,,,,,
,,,,,77992,-98.33838,126,,,,,,
,,,,,78000,,,4.145898818969727,23.95098114013672,23.316600799560547,57.54255294799805,0.532,0.001
,,,,,78112,-50.318157,120,,,,,,
,,,,,78224,-84.45139,112,,,,,,
,,,,,78300,-73.1551,76,,,,,,
,,,,,78402,-14.767281,102,,,,,,
,,,,,78483,-69.0375,81,,,,,,
,,,,,78555,-33.600525,72,,,,,,
,,,,,78706,-88.86551,151,,,,,,
,,,,,78825,-97.13817,119,,,,,,
,,,,,78913,-16.065674,88,,,,,,
,,,,,79000,,,5.251276969909668,20.508195877075195,21.398338317871094,109.64691162109375,0.526,0.001
,,,,,79009,-59.48846,96,,,,,,
,,,,,79082,-64.91734,73,,,,,,
,,,,,79160,-45.83093,78,,,,,,
,,,,,79249,-104.90196,89,,,,,,
,,,,,79344,-99.159904,95,,,,,,
,,,,,79445,-17.985184,101,,,,,,
,,,,,79531,-45.033077,86,,,,,,
,,,,,79611,-81.14302,80,,,,,,
,,,,,79678,-63.485817,67,,,,,,
,,,,,79803,-78.941666,125,,,,,,
,,,,,79885,-80.76691,82,,,,,,
,,,,,79963,-38.09037,78,,,,,,
-148.89667,51.75476,-73.277756,-263.5398,510.7,80000,,,21.23499298095703,23.273862838745117,23.669649124145508,61.80017852783203,0.52,0.001
,,,,,80099,-45.561745,136,,,,,,
,,,,,80192,-74.29547,93,,,,,,
,,,,,80263,-27.89016,71,,,,,,
,,,,,80332,-38.790356,69,,,,,,
,,,,,80443,-85.30771,111,,,,,,
,,,,,80520,-79.52789,77,,,,,,
,,,,,80652,-55.2629,132,,,,,,
,,,,,80753,-72.14159,101,,,,,,
,,,,,80878,-58.396305,125,,,,,,
,,,,,80986,-84.01772,108,,,,,,
,,,,,81000,,,9.324408531188965,29.094566345214844,29.16929817199707,50.75612258911133,0.514,0.001
,,,,,81073,-95.97842,87,,,,,,
,,,,,81181,-79.97238,108,,,,,,
,,,,,81299,-80.153824,118,,,,,,
,,,,,81389,-92.75539,90,,,,,,
,,,,,81463,-27.916763,74,,,,,,
,,,,,81580,-72.25809,117,,,,,,
,,,,,81654,-31.119781,74,,,,,,
,,,,,81727,-115.3421,73,,,,,,
,,,,,81858,-34.90114,131,,,,,,
,,,,,81982,-8.788055,124,,,,,,
,,,,,82000,,,4.79891300201416,34.67936706542969,33.830360412597656,103.37596130371094,0.508,0.001
,,,,,82124,-201.10397,142,,,,,,
,,,,,82211,-114.999435,87,,,,,,
,,,,,82323,-71.054504,112,,,,,,
,,,,,82424,-63.7358,101,,,,,,
,,,,,82502,-97.17078,78,,,,,,
,,,,,82585,-92.02624,83,,,,,,
,,,,,82665,-63.083656,80,,,,,,
,,,,,82741,-97.22793,76,,,,,,
,,,,,82853,-68.045456,112,,,,,,
,,,,,82922,-80.13214,69,,,,,,
,,,,,83000,,,81.5488052368164,12.893720626831055,14.44855785369873,147.2202911376953,0.502,0.001
,,,,,83038,-72.98088,116,,,,,,
,,,,,83115,-61.369125,77,,,,,,
,,,,,83213,-116.325516,98,,,,,,
,,,,,83281,-88.07335,68,,,,,,
,,,,,83402,-42.386982,121,,,,,,
,,,,,83470,-64.95121,68,,,,,,
,,,,,83593,-89.745514,123,,,,,,
,,,,,83714,-63.515717,121,,,,,,
,,,,,83801,-34.363014,87,,,,,,
,,,,,83908,-68.0629,107,,,,,,
,,,,,83993,-24.12738,85,,,,,,
,,,,,84000,,,7.523914337158203,18.55946922302246,18.48621940612793,77.71646118164062,0.4959999999999999,0.001
,,,,,84108,-66.19046,115,,,,,,
,,,,,84200,-55.431324,92,,,,,,
,,,,,84271,-48.11928,71,,,,,,
,,,,,84363,-72.6229,92,,,,,,
,,,,,84446,-76.48269,83,,,,,,
,,,,,84525,-35.18373,79,,,,,,
,,,,,84632,-102.548,107,,,,,,
,,,,,84770,-23.046494,138,,,,,,
,,,,,84866,-83.637146,96,,,,,,
,,,,,84977,-29.00557,111,,,,,,
,,,,,85000,,,19.181716918945312,29.28689193725586,29.504928588867188,97.4487533569336,0.49,0.001
,,,,,85040,-42.8834,63,,,,,,
,,,,,85137,-73.17871,97,,,,,,
,,,,,85221,-69.10259,84,,,,,,
,,,,,85334,-49.53649,113,,,,,,
,,,,,85416,-40.594322,82,,,,,,
,,,,,85481,-33.906456,65,,,,,,
,,,,,85565,-63.363953,84,,,,,,
,,,,,85661,-20.82048,96,,,,,,
,,,,,85747,-42.280506,86,,,,,,
,,,,,85878,-40.743034,131,,,,,,
,,,,,85968,-71.26851,90,,,,,,
,,,,,86000,,,4.930891513824463,38.896915435791016,38.970645904541016,37.34315490722656,0.484,0.001
,,,,,86076,-20.000702,108,,,,,,
,,,,,86158,-99.60338,82,,,,,,
,,,,,86250,-46.13584,92,,,,,,
,,,,,86342,-45.366547,92,,,,,,
,,,,,86484,0.9031906,142,,,,,,
,,,,,86559,-76.700836,75,,,,,,
,,,,,86633,-33.090164,74,,,,,,
,,,,,86725,-45.58593,92,,,,,,
,,,,,86797,-82.27037,72,,,,,,
,,,,,86909,-114.26816,112,,,,,,
,,,,,87000,,,5.950654983520508,40.84274673461914,40.97600555419922,56.32656478881836,0.478,0.001
,,,,,87012,21.434586,103,,,,,,
,,,,,87120,-4.5756683,108,,,,,,
,,,,,87193,-83.1897,73,,,,,,
,,,,,87264,-88.019165,71,,,,,,
,,,,,87359,-67.9859,95,,,,,,
,,,,,87497,-144.13522,138,,,,,,
,,,,,87610,-99.35787,113,,,,,,
,,,,,87759,-39.36169,149,,,,,,
,,,,,87843,-87.28637,84,,,,,,
,,,,,87911,-67.53162,68,,,,,,
,,,,,88000,,,8.684532165527344,28.772703170776367,29.08013153076172,55.34162521362305,0.472,0.001
,,,,,88032,2.1131744,121,,,,,,
,,,,,88160,-15.634987,128,,,,,,
,,,,,89000,,,86.35894775390625,25.13257598876953,26.849485397338867,135.2383270263672,0.46599999999999997,0.001
,,,,,89160,70.33354,1000,,,,,,
,,,,,89267,-53.452324,107,,,,,,
,,,,,89357,-72.0063,90,,,,,,
,,,,,89455,45.350494,98,,,,,,
,,,,,89587,-80.01178,132,,,,,,
,,,,,89670,-64.750015,83,,,,,,
,,,,,89789,-95.33743,119,,,,,,
,,,,,89879,-80.469246,90,,,,,,
,,,,,89950,-60.21365,71,,,,,,
-161.0202,41.169624,-115.056244,-261.4809,320.3,90000,,,4.871309280395508,28.458385467529297,28.311140060424805,51.65755081176758,0.45999999999999996,0.001
,,,,,90070,-34.881027,120,,,,,,
,,,,,90191,-85.87738,121,,,,,,
,,,,,90270,-85.35039,79,,,,,,
,,,,,90358,-93.015045,88,,,,,,
,,,,,90501,-75.28432,143,,,,,,
,,,,,90594,-46.387646,93,,,,,,
,,,,,90693,-85.705,99,,,,,,
,,,,,90801,-48.37796,108,,,,,,
,,,,,90896,-95.36348,95,,,,,,
,,,,,90977,-7.6773605,81,,,,,,
,,,,,91000,,,4.798233985900879,21.718870162963867,22.47296142578125,90.76636505126953,0.45399999999999996,0.001
,,,,,91054,-89.81848,77,,,,,,
,,,,,91174,-123.333984,120,,,,,,
,,,,,91271,-86.99056,97,,,,,,
,,,,,91382,-102.80678,111,,,,,,
,,,,,91495,-39.033154,113,,,,,,
,,,,,91602,-57.56471,107,,,,,,
,,,,,91691,-62.114582,89,,,,,,
,,,,,91813,-43.558475,122,,,,,,
,,,,,91932,-240.98225,119,,,,,,
,,,,,92000,,,5.155579566955566,31.979713439941406,32.262962341308594,54.68754577636719,0.44800000000000006,0.001
,,,,,92048,-40.0822,116,,,,,,
,,,,,92289,-44.981644,241,,,,,,
,,,,,92366,-72.04387,77,,,,,,
,,,,,92458,-38.488884,92,,,,,,
,,,,,92558,-86.70125,100,,,,,,
,,,,,92656,-52.007458,98,,,,,,
,,,,,92750,4.132286,94,,,,,,
,,,,,92866,-95.97055,116,,,,,,
,,,,,92959,-50.890114,93,,,,,,
,,,,,93000,,,55.8133430480957,27.157873153686523,27.301671981811523,151.71051025390625,0.44199999999999995,0.001
,,,,,93029,-59.89796,70,,,,,,
,,,,,93118,-38.52395,89,,,,,,
,,,,,93229,-2.4460907,111,,,,,,
,,,,,93361,-168.99777,132,,,,,,
,,,,,93471,-58.48163,110,,,,,,
,,,,,93597,-15.644089,126,,,,,,
,,,,,93704,-82.68048,107,,,,,,
,,,,,93868,0.9604187,164,,,,,,
,,,,,93951,-18.42221,83,,,,,,
,,,,,94000,,,27.65200424194336,33.329627990722656,33.04832077026367,87.3118896484375,0.43599999999999994,0.001
,,,,,94053,14.69519,102,,,,,,
,,,,,94181,-61.15272,128,,,,,,
,,,,,95000,,,4.731589317321777,39.524139404296875,39.709407806396484,61.5296745300293,0.43000000000000005,0.001
,,,,,95181,40.820984,1000,,,,,,
,,,,,95307,-40.96902,126,,,,,,
,,,,,95474,-39.19068,167,,,,,,
,,,,,95552,-52.65534,78,,,,,,
,,,,,95638,-27.126854,86,,,,,,
,,,,,95769,-108.17758,131,,,,,,
,,,,,95966,-84.07137,197,,,,,,
,,,,,96000,,,13.635210037231445,33.346858978271484,32.674015045166016,92.9639892578125,0.42399999999999993,0.001
,,,,,96097,-47.997913,131,,,,,,
,,,,,96178,-47.450016,81,,,,,,
,,,,,96273,-10.037537,95,,,,,,
,,,,,96399,-73.42012,126,,,,,,
,,,,,96517,-63.665783,118,,,,,,
,,,,,96670,-57.897125,153,,,,,,
,,,,,96759,-57.63065,89,,,,,,
,,,,,96878,-158.19719,119,,,,,,
,,,,,97000,,,16.7978458404541,27.79593276977539,28.192514419555664,123.15812683105469,0.41800000000000004,0.001
,,,,,97047,-67.03354,169,,,,,,
,,,,,97149,-58.54041,102,,,,,,
,,,,,97256,-75.543365,107,,,,,,
,,,,,97388,-16.10408,132,,,,,,
,,,,,97486,-10.867043,98,,,,,,
,,,,,97593,-11.018082,107,,,,,,
,,,,,97708,-72.19643,115,,,,,,
,,,,,98000,,,10.161084175109863,32.61537170410156,32.530391693115234,102.56205749511719,0.41200000000000003,0.001
,,,,,98029,1.1919556,321,,,,,,
,,,,,98135,-56.873512,106,,,,,,
,,,,,98268,0.5228195,133,,,,,,
,,,,,98406,-20.72998,138,,,,,,
,,,,,98500,-42.506245,94,,,,,,
,,,,,98614,-42.325394,114,,,,,,
,,,,,98730,-58.98326,116,,,,,,
,,,,,98823,-85.93535,93,,,,,,
,,,,,99000,,,7.0382914543151855,34.67613220214844,34.19426345825195,80.45630645751953,0.4059999999999999,0.001
,,,,,99194,-140.08548,371,,,,,,
,,,,,99297,19.22554,103,,,,,,
,,,,,99391,-24.897675,94,,,,,,
,,,,,99481,-47.28266,90,,,,,,
,,,,,99684,-130.96906,203,,,,,,
,,,,,99801,-57.369316,117,,,,,,
,,,,,99912,40.462555,111,,,,,,
-183.10901,53.563057,-31.386726,-233.0727,277.4,100000,,,37.307987213134766,31.880935668945312,31.882375717163086,297.22454833984375,0.4,0.001
,,,,,100077,-14.216423,165,,,,,,
,,,,,100207,-25.206688,130,,,,,,
,,,,,100325,-66.07023,118,,,,,,
,,,,,100432,-44.775112,107,,,,,,
,,,,,100539,-60.584206,107,,,,,,
,,,,,100648,-51.425865,109,,,,,,
,,,,,100764,-75.68175,116,,,,,,
,,,,,100868,-62.29596,104,,,,,,
,,,,,100999,-64.74391,131,,,,,,
,,,,,101000,,,10.514257431030273,44.064048767089844,44.00669479370117,69.94824981689453,0.394,0.001
,,,,,101114,-108.3892,115,,,,,,
,,,,,101198,-44.99895,84,,,,,,
,,,,,101351,-10.977615,153,,,,,,
,,,,,101474,-83.76695,123,,,,,,
,,,,,101567,-44.797073,93,,,,,,
,,,,,101681,-13.18203,114,,,,,,
,,,,,101815,2.9844284,134,,,,,,
,,,,,101946,-45.554214,131,,,,,,
,,,,,102000,,,18.664173126220703,39.82783508300781,38.74757385253906,139.72877502441406,0.3879999999999999,0.001
,,,,,102067,-50.625595,121,,,,,,
,,,,,102179,-27.775963,112,,,,,,
,,,,,102312,-83.922714,133,,,,,,
,,,,,102385,-20.380798,73,,,,,,
,,,,,102451,-68.394295,66,,,,,,
,,,,,102597,0.08988953,146,,,,,,
,,,,,102691,-50.281376,94,,,,,,
,,,,,102776,-91.18609,85,,,,,,
,,,,,102880,16.333237,104,,,,,,
,,,,,103000,,,2.8712005615234375,44.531856536865234,44.63697052001953,39.47679138183594,0.382,0.001
,,,,,103010,13.848953,130,,,,,,
,,,,,103148,-49.96007,138,,,,,,
,,,,,103256,-28.014198,108,,,,,,
,,,,,103370,-7.1292496,114,,,,,,
,,,,,103490,-43.012794,120,,,,,,
,,,,,103646,-44.780678,156,,,,,,
,,,,,103802,-16.945778,156,,,,,,
,,,,,103900,-40.857582,98,,,,,,
,,,,,103994,-4.272789,94,,,,,,
,,,,,104000,,,4.349381923675537,30.14624786376953,29.81097412109375,72.62432098388672,0.376,0.001
,,,,,104108,-207.66263,114,,,,,,
,,,,,104216,-57.666706,108,,,,,,
,,,,,104360,-39.377544,144,,,,,,
,,,,,104455,35.742508,95,,,,,,
,,,,,104603,-15.528595,148,,,,,,
,,,,,104708,-62.57113,105,,,,,,
,,,,,104804,-51.6268,96,,,,,,
,,,,,104940,-159.4731,136,,,,,,
,,,,,105000,,,12.157827377319336,34.742435455322266,36.091304779052734,132.66090393066406,0.37,0.001
,,,,,105094,-186.80002,154,,,,,,
,,,,,105206,-78.49794,112,,,,,,
,,,,,105303,-67.338875,97,,,,,,
,,,,,105431,-38.565487,128,,,,,,
,,,,,105606,-17.429398,175,,,,,,
,,,,,105772,-60.081203,166,,,,,,
,,,,,105896,-69.83406,124,,,,,,
,,,,,106000,,,8.873486518859863,25.905838012695312,25.95487403869629,57.55665588378906,0.364,0.001
,,,,,106029,-54.91835,133,,,,,,
,,,,,106202,-11.295418,173,,,,,,
,,,,,106297,-58.610134,95,,,,,,
,,,,,106428,-62.82644,131,,,,,,
,,,,,106864,-164.1309,436,,,,,,
,,,,,106958,-20.123825,94,,,,,,
,,,,,107000,,,22.695039749145508,47.923885345458984,48.08600616455078,86.0138931274414,0.358,0.001
,,,,,107114,11.7311325,156,,,,,,
,,,,,107746,-187.8489,632,,,,,,
,,,,,108000,,,22.893138885498047,33.687171936035156,32.891090393066406,127.06015014648438,0.352,0.001
,,,,,108746,66.59847,1000,,,,,,
,,,,,109000,,,8.315821647644043,35.625186920166016,35.629695892333984,64.59940338134766,0.346,0.001
,,,,,109746,14.756241,1000,,,,,,
,,,,,109895,-18.807335,149,,,,,,
-39.94717,125.66158,244.16098,-184.2955,804.2,110000,,,11.358237266540527,55.69585037231445,56.6303825378418,148.7806854248047,0.3400000000000001,0.001
,,,,,110895,-25.800335,1000,,,,,,
,,,,,110999,21.50772,104,,,,,,
,,,,,111000,,,10.25088119506836,38.4808235168457,39.553367614746094,83.86615753173828,0.33399999999999996,0.001
,,,,,111099,-82.32698,100,,,,,,
,,,,,111280,11.629082,181,,,,,,
,,,,,112000,,,6.545124530792236,43.3530387878418,43.362789154052734,58.317264556884766,0.32799999999999996,0.001
,,,,,112280,-42.508,1000,,,,,,
,,,,,113000,,,5.336764812469482,45.77140808105469,45.532657623291016,54.07229995727539,0.32200000000000006,0.001
,,,,,113280,-26.927202,1000,,,,,,
,,,,,113446,7.892479,166,,,,,,
,,,,,114000,,,15.523924827575684,44.52020263671875,43.71257019042969,128.84835815429688,0.31599999999999995,0.001
,,,,,114446,45.96112,1000,,,,,,
,,,,,114623,-53.74704,177,,,,,,
,,,,,114730,-27.660912,107,,,,,,
,,,,,115000,,,8.509681701660156,42.783660888671875,43.38395690917969,83.74685668945312,0.30999999999999994,0.001
,,,,,115730,-23.614372,1000,,,,,,
,,,,,116000,,,24.99599838256836,41.97260665893555,41.2618293762207,150.51803588867188,0.30400000000000005,0.001
,,,,,116730,-9.03541,1000,,,,,,
,,,,,116876,-15.099937,146,,,,,,
,,,,,117000,,,10.124627113342285,53.47941207885742,53.1104736328125,79.9582290649414,0.29799999999999993,0.001
,,,,,117876,-17.830534,1000,,,,,,
,,,,,117996,-71.48445,120,,,,,,
,,,,,118000,,,6.253704071044922,45.657447814941406,46.28449630737305,77.94754791259766,0.29200000000000004,0.001
,,,,,118072,3.1354065,76,,,,,,
,,,,,118221,17.684128,149,,,,,,
,,,,,119000,,,20.849605560302734,43.521949768066406,43.53517150878906,85.1202163696289,0.28600000000000003,0.001
,,,,,119221,-37.539856,1000,,,,,,
,,,,,119375,-15.785004,154,,,,,,
,,,,,119481,-36.612133,106,,,,,,
-86.99461,148.1183,243.11612,-350.98547,919.1,120000,,,8.457475662231445,41.251956939697266,41.47612380981445,57.22846221923828,0.2799999999999999,0.001
,,,,,120481,-41.70506,1000,,,,,,
,,,,,121000,,,21.18564796447754,64.55415344238281,64.882568359375,117.83275604248047,0.274,0.001
,,,,,121481,34.623188,1000,,,,,,
,,,,,121736,-163.12906,255,,,,,,
,,,,,121899,-13.131203,163,,,,,,
,,,,,122000,,,12.035744667053223,34.90107727050781,34.90105438232422,76.00553131103516,0.268,0.001
,,,,,122119,-189.65302,220,,,,,,
,,,,,123000,,,12.453853607177734,54.045467376708984,54.366294860839844,89.62378692626953,0.262,0.001
,,,,,123119,-15.178072,1000,,,,,,
,,,,,123727,-177.07747,608,,,,,,
,,,,,124000,,,8.576568603515625,51.15504837036133,50.332252502441406,116.82593536376953,0.256,0.001
,,,,,124727,-38.189262,1000,,,,,,
,,,,,125000,,,7.004998207092285,57.921512603759766,58.29958724975586,57.75979995727539,0.25,0.001
,,,,,125727,-70.74538,1000,,,,,,
,,,,,126000,,,14.86354923248291,53.04667663574219,53.25463104248047,67.99308013916016,0.244,0.001
,,,,,126727,-86.0408,1000,,,,,,
,,,,,127000,,,22.329914093017578,32.637725830078125,31.56355857849121,140.52236938476562,0.238,0.001
,,,,,127727,19.61936,1000,,,,,,
,,,,,128000,,,16.664430618286133,45.26142501831055,45.99317932128906,90.8276138305664,0.23199999999999998,0.001
,,,,,128727,-31.013151,1000,,,,,,
,,,,,129000,,,6.067476272583008,69.5995864868164,70.27995300292969,84.22367095947266,0.22599999999999998,0.001
,,,,,129727,-90.296455,1000,,,,,,
-44.11303,15.861893,-20.751507,-68.75143,1000.0,130000,,,8.960943222045898,54.755836486816406,54.7378044128418,60.593467712402344,0.21999999999999997,0.001
,,,,,130727,-88.89351,1000,,,,,,
,,,,,131000,,,9.822132110595703,57.56177520751953,56.50279998779297,88.8177490234375,0.21399999999999997,0.001
,,,,,131727,-21.980883,1000,,,,,,
,,,,,132000,,,6.595560073852539,48.196903228759766,47.61932373046875,66.10041046142578,0.20799999999999996,0.001
,,,,,132727,-50.362648,1000,,,,,,
,,,,,133000,,,9.201711654663086,65.37940979003906,65.26309967041016,55.45100784301758,0.20199999999999996,0.001
,,,,,133727,-106.29572,1000,,,,,,
,,,,,134000,,,8.9190092086792,47.990966796875,47.14091110229492,70.29769134521484,0.19599999999999995,0.001
,,,,,134727,-86.5789,1000,,,,,,
,,,,,135000,,,4.48454475402832,62.83206558227539,62.35957336425781,58.76970672607422,0.18999999999999995,0.001
,,,,,135727,-41.56998,1000,,,,,,
,,,,,136000,,,28.242450714111328,53.76779556274414,52.546363830566406,149.6700439453125,0.18400000000000005,0.001
,,,,,136727,-79.9775,1000,,,,,,
,,,,,136849,4.441902,122,,,,,,
,,,,,137000,,,34.586631774902344,52.827125549316406,53.940643310546875,141.064697265625,0.17799999999999994,0.001
,,,,,137849,-85.50459,1000,,,,,,
,,,,,138000,,,7.837562561035156,57.219444274902344,56.45237731933594,105.331298828125,0.17199999999999993,0.001
,,,,,138849,-50.086456,1000,,,,,,
,,,,,139000,,,9.604772567749023,57.47260284423828,59.077632904052734,150.96005249023438,0.16600000000000004,0.001
,,,,,139849,-92.461235,1000,,,,,,
-73.02412,36.037197,-18.55975,-142.49344,1000.0,140000,,,20.586095809936523,73.6246566772461,74.98594665527344,135.04214477539062,0.15999999999999992,0.001
,,,,,140849,-62.696835,1000,,,,,,
,,,,,141000,,,7.01190185546875,53.411354064941406,53.26251220703125,48.4759407043457,0.15400000000000003,0.001
,,,,,141372,180.86426,523,,,,,,
,,,,,142000,,,22.818099975585938,59.87226104736328,59.31813049316406,106.6617660522461,0.14800000000000002,0.001
,,,,,142372,-38.70306,1000,,,,,,
,,,,,143000,,,5.134626388549805,76.77546691894531,76.7530746459961,40.6126708984375,0.1419999999999999,0.001
,,,,,143372,-31.88365,1000,,,,,,
,,,,,144000,,,24.900497436523438,56.139793395996094,54.80162811279297,153.94300842285156,0.136,0.001
,,,,,144372,-63.862392,1000,,,,,,
,,,,,145000,,,11.261043548583984,51.9652099609375,51.096153259277344,93.01510620117188,0.13,0.001
,,,,,145372,-67.655205,1000,,,,,,
,,,,,146000,,,25.56540870666504,63.65928268432617,63.61423873901367,111.67687225341797,0.12399999999999989,0.001
,,,,,146372,-28.927336,1000,,,,,,
,,,,,147000,,,6.483501434326172,64.49494934082031,64.479248046875,51.852725982666016,0.118,0.001
,,,,,147372,-157.12497,1000,,,,,,
,,,,,148000,,,26.43165397644043,65.52892303466797,64.98766326904297,118.7967758178711,0.11199999999999999,0.001
,,,,,148372,-68.22624,1000,,,,,,
,,,,,149000,,,11.15690803527832,63.459014892578125,63.44655227661133,84.27286529541016,0.10599999999999998,0.001
,,,,,149372,-50.622692,1000,,,,,,
-83.24411,96.311134,-13.082783,-345.0016,952.9,150000,,,20.969289779663086,58.64640426635742,57.893821716308594,124.39910888671875,0.1,0.001
,,,,,150372,-48.19676,1000,,,,,,
,,,,,151000,,,13.91649341583252,80.4493408203125,80.37345123291016,65.22249603271484,0.09946666666666668,0.001
,,,,,151372,-97.4552,1000,,,,,,
,,,,,152000,,,7.875434875488281,64.30725860595703,64.70613098144531,77.79065704345703,0.09893333333333335,0.001
,,,,,152372,-44.887264,1000,,,,,,
,,,,,153000,,,24.86934471130371,71.36466217041016,71.39871215820312,129.574462890625,0.0984,0.001
,,,,,153372,-92.994026,1000,,,,,,
,,,,,154000,,,15.167975425720215,49.692283630371094,49.972816467285156,106.26736450195312,0.09786666666666667,0.001
,,,,,154372,-26.935316,1000,,,,,,
,,,,,155000,,,10.862207412719727,63.93661880493164,64.27633666992188,88.16472625732422,0.09733333333333334,0.001
,,,,,155372,-17.297462,1000,,,,,,
,,,,,155713,-110.558304,341,,,,,,
,,,,,156000,,,8.247101783752441,66.87300109863281,66.67779541015625,54.69819259643555,0.09680000000000001,0.001
,,,,,156337,-188.1456,624,,,,,,
,,,,,156693,-122.89879,356,,,,,,
,,,,,157000,,,26.806629180908203,54.437965393066406,53.381614685058594,197.7096710205078,0.09626666666666667,0.001
,,,,,157663,-266.83047,970,,,,,,
,,,,,158000,,,6.995660781860352,68.76769256591797,67.80345153808594,112.1058578491211,0.09573333333333334,0.001
,,,,,158037,-130.22514,374,,,,,,
,,,,,159000,,,15.311959266662598,63.44427490234375,63.6365966796875,57.241249084472656,0.0952,0.001
,,,,,159037,-30.240301,1000,,,,,,
-91.46532,124.18727,5.802739,-382.65988,930.9,160000,,,10.712427139282227,69.00074768066406,69.82980346679688,92.31127166748047,0.09466666666666668,0.001
,,,,,160037,-35.295933,1000,,,,,,
,,,,,161000,,,16.616764068603516,63.94856262207031,64.33160400390625,81.52237701416016,0.09413333333333333,0.001
,,,,,161037,-82.84131,1000,,,,,,
,,,,,162000,,,6.636412620544434,69.96086883544922,70.30867004394531,76.45438385009766,0.0936,0.001
,,,,,162037,-83.12017,1000,,,,,,
,,,,,163000,,,118.53778076171875,62.92401123046875,65.36402893066406,266.549560546875,0.09306666666666667,0.001
,,,,,163037,-147.40494,1000,,,,,,
,,,,,164000,,,10.201016426086426,78.1153335571289,77.85798645019531,74.78987121582031,0.09253333333333334,0.001
,,,,,164037,-11.089563,1000,,,,,,
,,,,,164655,-154.41814,618,,,,,,
,,,,,165000,,,16.13872528076172,64.09555053710938,65.18122863769531,107.84584045410156,0.092,0.001
,,,,,165655,-81.969246,1000,,,,,,
,,,,,166000,,,6.391217231750488,76.05722045898438,76.98252868652344,85.16083526611328,0.09146666666666667,0.001
,,,,,166655,-46.561493,1000,,,,,,
,,,,,167000,,,6.612748146057129,83.66345977783203,83.22364044189453,57.354583740234375,0.09093333333333334,0.001
,,,,,167655,-126.10453,1000,,,,,,
,,,,,168000,,,38.270294189453125,78.9354019165039,77.69000244140625,157.0572509765625,0.09040000000000001,0.001
,,,,,168655,-29.848078,1000,,,,,,
,,,,,169000,,,7.66633415222168,59.60762405395508,60.64918899536133,91.53120422363281,0.08986666666666668,0.001
,,,,,169456,-193.76225,801,,,,,,
-34.97811,36.323215,13.578532,-107.71404,1000.0,170000,,,20.6946964263916,79.05460357666016,79.78274536132812,116.07130432128906,0.08933333333333333,0.001
,,,,,170456,-35.59809,1000,,,,,,
,,,,,171000,,,7.625959873199463,72.1795654296875,72.01881408691406,63.229393005371094,0.0888,0.001
,,,,,171456,-45.164825,1000,,,,,,
,,,,,172000,,,15.065828323364258,69.81359100341797,70.44599151611328,87.92342376708984,0.08826666666666667,0.001
,,,,,172456,-41.63036,1000,,,,,,
,,,,,173000,,,4.8722615242004395,70.86306762695312,71.1234359741211,52.570213317871094,0.08773333333333334,0.001
,,,,,173456,47.235752,1000,,,,,,
,,,,,174000,,,4.977438449859619,63.34003829956055,63.36500930786133,41.847171783447266,0.0872,0.001
,,,,,174456,-19.737446,1000,,,,,,
,,,,,175000,,,118.7412338256836,75.29438781738281,77.2421646118164,334.3560485839844,0.08666666666666667,0.001
,,,,,175456,-36.901844,1000,,,,,,
,,,,,176000,,,11.312618255615234,73.77184295654297,73.22698974609375,117.07975006103516,0.08613333333333334,0.001
,,,,,176456,-28.373947,1000,,,,,,
,,,,,177000,,,10.816768646240234,83.45278930664062,83.20574188232422,85.60584259033203,0.08560000000000001,0.001
,,,,,177456,-36.14295,1000,,,,,,
,,,,,178000,,,192.98095703125,80.36943054199219,81.93943786621094,110.87788391113281,0.08506666666666667,0.001
,,,,,178456,-38.841026,1000,,,,,,
,,,,,179000,,,8.191102981567383,71.05736541748047,70.68623352050781,77.61984252929688,0.08453333333333334,0.001
,,,,,179121,114.11712,665,,,,,,
,,,,,179851,-288.8778,730,,,,,,
-26.93295,123.17486,223.54712,-164.61612,910.0,180000,,,18.60502815246582,76.83634948730469,76.26399230957031,153.64544677734375,0.084,0.001
,,,,,180851,27.963985,1000,,,,,,
,,,,,181000,,,8.319196701049805,64.17865753173828,63.27043151855469,104.99352264404297,0.08346666666666668,0.001
,,,,,181851,1.6676447,1000,,,,,,
,,,,,182000,,,5.408064842224121,67.24883270263672,67.16625213623047,57.17025375366211,0.08293333333333333,0.001
,,,,,182727,-377.13882,876,,,,,,
,,,,,183000,,,8.468091011047363,70.05919647216797,69.07389068603516,91.06562805175781,0.0824,0.001
,,,,,183643,-321.30658,916,,,,,,
,,,,,184000,,,9.510432243347168,69.26558685302734,69.226806640625,73.43998718261719,0.08186666666666667,0.001
,,,,,184227,192.92334,584,,,,,,
,,,,,184819,224.48651,592,,,,,,
,,,,,185000,,,11.208653450012207,60.718448638916016,61.22822189331055,81.28202056884766,0.08133333333333334,0.001
,,,,,185587,228.49683,768,,,,,,
,,,,,186000,,,6.490875244140625,74.02776336669922,74.65336608886719,87.15111541748047,0.08080000000000001,0.001
,,,,,186341,211.54272,754,,,,,,
,,,,,187000,,,11.632850646972656,67.09269714355469,66.53892517089844,115.72370910644531,0.08026666666666667,0.001
,,,,,187149,230.61563,808,,,,,,
,,,,,188000,,,6.178583145141602,75.30963134765625,75.62902069091797,52.188629150390625,0.07973333333333334,0.001
,,,,,188149,51.965347,1000,,,,,,
,,,,,188928,217.11844,779,,,,,,
,,,,,189000,,,8.29430103302002,70.4912338256836,69.91484069824219,93.1583023071289,0.0792,0.001
,,,,,189822,201.42029,894,,,,,,
27.036215,150.76598,213.50885,-303.32764,809.6,190000,,,10.732315063476562,75.7832260131836,75.6402816772461,86.56121063232422,0.07866666666666668,0.001
,,,,,190475,221.84842,653,,,,,,
,,,,,191000,,,7.732652187347412,75.897216796875,76.49009704589844,74.7223129272461,0.07813333333333333,0.001
,,,,,191420,228.1533,945,,,,,,
,,,,,192000,,,16.98984718322754,69.55181121826172,69.9097900390625,93.15113830566406,0.0776,0.001
,,,,,192420,-68.94008,1000,,,,,,
,,,,,193000,,,5.424800872802734,71.5096206665039,70.92345428466797,80.79664611816406,0.07706666666666667,0.001
,,,,,193111,189.3188,691,,,,,,
,,,,,193451,-141.38571,340,,,,,,
,,,,,193958,251.27113,507,,,,,,
,,,,,194000,,,41.385841369628906,74.9064712524414,75.9591064453125,186.6611328125,0.07653333333333334,0.001
,,,,,194915,210.17426,957,,,,,,
,,,,,195000,,,25.697181701660156,53.082374572753906,53.55660629272461,137.9974365234375,0.07600000000000001,0.001
,,,,,195915,107.46067,1000,,,,,,
,,,,,196000,,,4.662487030029297,73.60838317871094,74.00222778320312,52.94168472290039,0.07546666666666668,0.001
,,,,,196604,245.06154,689,,,,,,
,,,,,196911,217.05435,307,,,,,,
,,,,,197000,,,4.542653560638428,72.20401000976562,72.4123306274414,45.339969635009766,0.07493333333333334,0.001
,,,,,197737,134.89658,826,,,,,,
,,,,,198000,,,5.086245536804199,63.643394470214844,64.1326904296875,67.48018646240234,0.07440000000000001,0.001
,,,,,198292,243.3826,555,,,,,,
,,,,,198483,-163.05963,191,,,,,,
,,,,,199000,,,8.791176795959473,80.68932342529297,80.67365264892578,74.00019836425781,0.07386666666666666,0.001
,,,,,199176,204.26117,693,,,,,,
,,,,,199462,225.12244,286,,,,,,
,,,,,199795,288.2709,333,,,,,,
105.18925,122.026405,251.43224,-68.87489,801.5,200000,,,185.7178955078125,72.41740417480469,71.20906066894531,443.3121337890625,0.07333333333333333,0.001
,,,,,200024,-239.32535,229,,,,,,
,,,,,201000,,,7.80573844909668,80.97119140625,80.78153228759766,70.83242797851562,0.0728,0.001
,,,,,201024,-48.143806,1000,,,,,,
,,,,,202000,,,10.656479835510254,69.47218322753906,69.35302734375,83.05552673339844,0.07226666666666667,0.001
,,,,,202024,-96.98884,1000,,,,,,
,,,,,202913,252.93234,889,,,,,,
,,,,,203000,,,13.358598709106445,77.12078857421875,76.9302978515625,116.15423583984375,0.07173333333333334,0.001
,,,,,203271,236.08669,358,,,,,,
,,,,,203640,227.87305,369,,,,,,
,,,,,204000,,,7.8899006843566895,78.99617004394531,79.82506561279297,87.19851684570312,0.07120000000000001,0.001
,,,,,204197,233.32014,557,,,,,,
,,,,,204766,237.46207,569,,,,,,
,,,,,205000,,,15.134132385253906,60.48676681518555,60.17194747924805,95.22422790527344,0.07066666666666667,0.001
,,,,,205213,-224.40146,447,,,,,,
,,,,,205689,222.66742,476,,,,,,
,,,,,205929,-152.59737,240,,,,,,
,,,,,206000,,,7.678300857543945,78.94532012939453,79.00247955322266,78.54796600341797,0.07013333333333334,0.001
,,,,,206522,-108.43939,593,,,,,,
,,,,,207000,,,19.39531135559082,75.58216094970703,76.04312133789062,110.84012603759766,0.06960000000000001,0.001
,,,,,207186,191.0076,664,,,,,,
,,,,,207895,222.6373,709,,,,,,
,,,,,208000,,,8.399713516235352,73.09402465820312,72.72671508789062,85.56346130371094,0.06906666666666667,0.001
,,,,,208895,76.11433,1000,,,,,,
,,,,,209000,,,48.11448287963867,76.48993682861328,77.34628295898438,247.72445678710938,0.06853333333333333,0.001
,,,,,209559,279.4324,664,,,,,,
,,,,,209893,-207.24081,334,,,,,,
157.18793,139.91028,272.06177,-76.65226,600.3,210000,,,7.202703475952148,72.40433502197266,71.72637176513672,89.708251953125,0.068,0.001
,,,,,210893,59.47853,1000,,,,,,
,,,,,211000,,,21.972610473632812,68.94104766845703,68.81231689453125,172.34205627441406,0.06746666666666667,0.001
,,,,,211098,-117.32096,205,,,,,,
,,,,,212000,,,9.05453872680664,83.35127258300781,83.15874481201172,62.09440231323242,0.06693333333333334,0.001
,,,,,212098,107.53786,1000,,,,,,
,,,,,212964,188.3871,866,,,,,,
,,,,,213000,,,199.13653564453125,82.60845184326172,79.8138198852539,608.5150756835938,0.06640000000000001,0.001
,,,,,213846,217.10938,882,,,,,,
,,,,,214000,,,16.434616088867188,63.06591796875,62.70606994628906,142.92408752441406,0.06586666666666667,0.001
,,,,,214846,-62.892406,1000,,,,,,
,,,,,215000,,,17.185890197753906,78.63562774658203,77.87284088134766,131.60726928710938,0.06533333333333333,0.001
,,,,,215220,226.07764,374,,,,,,
,,,,,215723,263.50528,503,,,,,,
,,,,,216000,,,10.26248836517334,74.68548583984375,74.50570678710938,85.07406616210938,0.0648,0.001
,,,,,216157,261.89688,434,,,,,,
,,,,,216690,219.82681,533,,,,,,
,,,,,217000,,,30.13267707824707,87.4957275390625,88.50827026367188,142.72274780273438,0.06426666666666667,0.001
,,,,,217690,-32.64954,1000,,,,,,
,,,,,218000,,,5.724242210388184,82.5699691772461,82.50727844238281,58.89097595214844,0.06373333333333334,0.001
,,,,,218690,-68.72094,1000,,,,,,
,,,,,219000,,,40.127105712890625,79.91954040527344,79.1692123413086,161.1016082763672,0.0632,0.001
,,,,,219552,249.55716,862,,,,,,
223.73068,58.31333,284.6537,105.10855,549.2,220000,,,13.462813377380371,76.3712387084961,76.5714340209961,112.23204040527344,0.06266666666666668,0.001
,,,,,220154,215.61685,602,,,,,,
,,,,,221000,,,27.830135345458984,74.12279510498047,73.07918548583984,116.91424560546875,0.06213333333333334,0.001
,,,,,221154,26.19979,1000,,,,,,
,,,,,222000,,,7.023049354553223,82.89453125,82.6439208984375,80.21459197998047,0.06160000000000001,0.001
,,,,,222154,25.09827,1000,,,,,,
,,,,,222728,221.38664,574,,,,,,
,,,,,223000,,,6.81060791015625,71.47177124023438,71.74646759033203,63.191585540771484,0.06106666666666667,0.001
,,,,,223728,22.455555,1000,,,,,,
,,,,,224000,,,18.535764694213867,66.86582946777344,67.52511596679688,137.7677459716797,0.060533333333333335,0.001
,,,,,224728,-22.452934,1000,,,,,,
,,,,,225000,,,24.36269187927246,80.21814727783203,80.18595886230469,227.87908935546875,0.060000000000000005,0.001
,,,,,225184,260.1511,456,,,,,,
,,,,,225759,221.20099,575,,,,,,
,,,,,226000,,,9.49296760559082,67.29711151123047,67.6822509765625,75.59727478027344,0.05946666666666667,0.001
,,,,,226759,-91.768715,1000,,,,,,
,,,,,227000,,,15.549018859863281,78.52667236328125,77.97339630126953,105.8841552734375,0.05893333333333334,0.001
,,,,,227759,-99.817604,1000,,,,,,
,,,,,228000,,,11.504005432128906,77.36782836914062,77.82548522949219,83.57666015625,0.0584,0.001
,,,,,228440,137.69456,681,,,,,,
,,,,,228739,295.51056,299,,,,,,
,,,,,229000,,,39.401649475097656,70.63131713867188,71.70904541015625,252.29257202148438,0.05786666666666668,0.001
,,,,,229278,288.70435,539,,,,,,
,,,,,229607,261.7176,329,,,,,,
32.30344,136.47707,247.19418,-150.8822,923.2,230000,,,7.309595108032227,68.50480651855469,68.99695587158203,63.765567779541016,0.05733333333333334,0.001
,,,,,230607,-33.167236,1000,,,,,,
,,,,,231000,,,37.21540832519531,64.93292236328125,63.87021255493164,198.62521362304688,0.0568,0.001
,,,,,231302,240.39648,695,,,,,,
,,,,,231689,192.98424,387,,,,,,
,,,,,232000,,,8.213438034057617,79.45234680175781,78.85324096679688,117.56632995605469,0.05626666666666667,0.001
,,,,,232560,142.28308,871,,,,,,
,,,,,233000,,,10.707681655883789,84.39640045166016,83.97835540771484,92.40296173095703,0.055733333333333336,0.001
,,,,,233431,169.16483,871,,,,,,
,,,,,234000,,,20.196279525756836,75.51437377929688,75.47392272949219,148.72898864746094,0.0552,0.001
,,,,,234026,227.72583,595,,,,,,
,,,,,234605,216.11841,579,,,,,,
,,,,,235000,,,10.652539253234863,68.86424255371094,68.70439147949219,78.7936782836914,0.054666666666666676,0.001
,,,,,235197,230.77405,592,,,,,,
,,,,,236000,,,7.149907112121582,87.11836242675781,86.86186218261719,59.16456604003906,0.05413333333333334,0.001
,,,,,236197,-16.164175,1000,,,,,,
,,,,,236801,227.35384,604,,,,,,
,,,,,237000,,,484.27606201171875,68.23533630371094,66.75279235839844,491.8635559082031,0.05360000000000001,0.001
,,,,,237587,206.09772,786,,,,,,
,,,,,238000,,,13.537068367004395,85.43562316894531,85.3857650756836,90.64596557617188,0.05306666666666667,0.001
,,,,,238014,249.01093,427,,,,,,
,,,,,238996,149.23264,982,,,,,,
,,,,,239000,,,12.539167404174805,82.6203384399414,81.03422546386719,174.91944885253906,0.052533333333333335,0.001
,,,,,239996,-43.93755,1000,,,,,,
81.00249,189.28644,289.6648,-220.14081,670.3,240000,,,7.2200446128845215,77.92066955566406,77.42606353759766,67.75839233398438,0.052000000000000005,0.001
,,,,,240465,196.18135,469,,,,,,
,,,,,241000,,,33.62385940551758,83.07670593261719,82.66105651855469,129.78016662597656,0.05146666666666667,0.001
,,,,,241043,202.56366,578,,,,,,
,,,,,241324,263.0384,281,,,,,,
,,,,,241745,278.84244,421,,,,,,
,,,,,242000,,,17.332475662231445,80.12433624267578,80.95654296875,108.18741607666016,0.050933333333333344,0.001
,,,,,242745,-53.198463,1000,,,,,,
,,,,,243000,,,11.458355903625488,78.26153564453125,78.54756927490234,118.51199340820312,0.05040000000000001,0.001
,,,,,243745,-7.989541,1000,,,,,,
,,,,,244000,,,23.555776596069336,67.47027587890625,67.47236633300781,168.48782348632812,0.04986666666666667,0.001
,,,,,244075,226.37216,330,,,,,,
,,,,,245000,,,7.423449516296387,73.59928131103516,73.60784912109375,69.11825561523438,0.04933333333333334,0.001
,,,,,245075,-24.34776,1000,,,,,,
,,,,,246000,,,7.556827068328857,73.49774169921875,73.946533203125,63.18357467651367,0.0488,0.001
,,,,,246075,-89.72129,1000,,,,,,
,,,,,246569,197.6752,494,,,,,,
,,,,,247000,,,39.093666076660156,78.7822494506836,79.80467224121094,81.98825073242188,0.04826666666666667,0.001
,,,,,247569,125.22137,1000,,,,,,
,,,,,248000,,,19.15867805480957,89.51274108886719,90.68698120117188,145.92127990722656,0.047733333333333336,0.001
,,,,,248349,168.6124,780,,,,,,
,,,,,248739,249.86981,390,,,,,,
,,,,,249000,,,8.996797561645508,79.8704605102539,78.7254867553711,128.20413208007812,0.0472,0.001
,,,,,249424,227.65164,685,,,,,,
117.06504,149.64409,300.76575,-107.04852,618.5,250000,,,11.115228652954102,91.79060363769531,92.06864929199219,94.69744873046875,0.046666666666666676,0.001
,,,,,250424,0.39358175,1000,,,,,,
,,,,,251000,,,8.017984390258789,74.63095092773438,73.63862609863281,90.72517395019531,0.04613333333333334,0.001
,,,,,251127,-196.1401,703,,,,,,
,,,,,251729,228.78532,602,,,,,,
,,,,,252000,,,8.440239906311035,74.86152648925781,74.47425079345703,71.63229370117188,0.0456,0.001
,,,,,252364,225.61441,635,,,,,,
,,,,,253000,,,4.484094142913818,89.21662902832031,89.78752136230469,61.419857025146484,0.04506666666666667,0.001
,,,,,253166,159.64835,802,,,,,,
,,,,,254000,,,6.9830827713012695,81.42478942871094,80.9873046875,62.22352600097656,0.044533333333333334,0.001
,,,,,254166,54.21021,1000,,,,,,
,,,,,254783,215.3317,617,,,,,,
,,,,,255000,,,23.69060516357422,90.1279296875,89.94011688232422,133.380126953125,0.04400000000000001,0.001
,,,,,255129,265.2895,346,,,,,,
,,,,,256000,,,9.103459358215332,80.859375,81.37870788574219,75.10829162597656,0.043466666666666674,0.001
,,,,,256129,-95.94215,1000,,,,,,
,,,,,256443,266.1637,314,,,,,,
,,,,,256770,287.91168,327,,,,,,
,,,,,257000,,,5.502822399139404,93.29907989501953,93.1031265258789,49.6975212097168,0.04293333333333334,0.001
,,,,,257279,240.81609,509,,,,,,
,,,,,257589,273.0941,310,,,,,,
,,,,,258000,,,8.483859062194824,80.42049407958984,80.25733947753906,63.884552001953125,0.04240000000000001,0.001
,,,,,258145,252.64311,556,,,,,,
,,,,,258952,175.91646,807,,,,,,
,,,,,259000,,,15.761296272277832,83.57213592529297,83.55586242675781,84.04386901855469,0.04186666666666667,0.001
,,,,,259838,-244.00429,886,,,,,,
142.6453,97.432785,251.47835,-25.81851,705.3,260000,,,42.02558517456055,84.24896240234375,82.85840606689453,157.84036254882812,0.04133333333333334,0.001
,,,,,260507,266.57806,669,,,,,,
,,,,,261000,,,7.168497085571289,83.29133605957031,82.86669921875,102.82901763916016,0.0408,0.001
,,,,,261507,-59.81343,1000,,,,,,
,,,,,262000,,,6.716451168060303,96.01240539550781,95.14175415039062,84.3888931274414,0.040266666666666666,0.001
,,,,,262441,150.88217,934,,,,,,
,,,,,263000,,,13.909078598022461,84.51408386230469,83.1614761352539,130.6136932373047,0.03973333333333334,0.001
,,,,,263441,-13.02547,1000,,,,,,
,,,,,263912,236.66603,471,,,,,,
,,,,,264000,,,7.8816752433776855,79.41654968261719,78.8115005493164,94.05164337158203,0.039200000000000006,0.001
,,,,,264407,229.42668,495,,,,,,
,,,,,264734,282.62512,327,,,,,,
,,,,,265000,,,5.46168327331543,94.49784851074219,93.93407440185547,74.23385620117188,0.03866666666666667,0.001
,,,,,265259,247.34956,525,,,,,,
,,,,,266000,,,10.765586853027344,83.82176971435547,84.50131225585938,84.65289306640625,0.03813333333333334,0.001
,,,,,266154,157.07532,895,,,,,,
,,,,,267000,,,6.885265827178955,85.4464111328125,84.89190673828125,72.94435119628906,0.0376,0.001
,,,,,267154,18.147242,1000,,,,,,
,,,,,268000,,,10.033914566040039,82.94293975830078,83.26231384277344,100.67191314697266,0.03706666666666668,0.001
,,,,,268141,195.46262,987,,,,,,
,,,,,268679,263.13098,538,,,,,,
,,,,,269000,,,4.734908103942871,70.32474517822266,70.39396667480469,57.99818420410156,0.036533333333333334,0.001
,,,,,269047,226.57205,368,,,,,,
,,,,,269932,220.77295,885,,,,,,
139.86131,123.87481,267.74048,-157.9979,660.6,270000,,,18.006765365600586,79.17263793945312,79.39683532714844,106.78665161132812,0.036000000000000004,0.001
,,,,,270932,87.46709,1000,,,,,,
,,,,,271000,,,9.350943565368652,77.40361785888672,77.92259979248047,74.8292236328125,0.035466666666666674,0.001
,,,,,271341,269.78375,409,,,,,,
,,,,,271856,207.12163,515,,,,,,
,,,,,272000,,,7.457352638244629,80.26917266845703,80.38374328613281,102.93633270263672,0.03493333333333333,0.001
,,,,,272838,201.97298,982,,,,,,
,,,,,272988,-55.99672,150,,,,,,
,,,,,273000,,,7.634129524230957,90.43907165527344,89.59272003173828,97.61735534667969,0.034400000000000014,0.001
,,,,,273425,260.30936,437,,,,,,
,,,,,274000,,,9.704538345336914,87.18939971923828,86.45755004882812,101.85863494873047,0.03386666666666667,0.001
,,,,,274425,-17.49868,1000,,,,,,
,,,,,274774,-135.79013,349,,,,,,
,,,,,275000,,,15.608732223510742,92.20901489257812,91.57734680175781,83.42005157470703,0.03333333333333334,0.001
,,,,,275058,253.89616,284,,,,,,
,,,,,276000,,,10.292166709899902,86.55018615722656,86.49624633789062,88.04459381103516,0.03280000000000001,0.001
,,,,,276058,92.4499,1000,,,,,,
,,,,,276504,231.55194,446,,,,,,
,,,,,276963,231.79027,459,,,,,,
,,,,,277000,,,9.181450843811035,79.78804016113281,79.6517562866211,58.871639251708984,0.032266666666666666,0.001
,,,,,277277,272.69427,314,,,,,,
,,,,,277586,222.4213,309,,,,,,
,,,,,278000,,,43.80693054199219,66.146240234375,67.00128173828125,200.81790161132812,0.031733333333333336,0.001
,,,,,278026,-291.5219,440,,,,,,
,,,,,279000,,,8.809671401977539,84.28263854980469,84.0062255859375,85.80384826660156,0.031200000000000006,0.001
,,,,,279026,-132.63771,1000,,,,,,
173.80869,116.07761,256.63855,-138.01077,705.4,280000,,,5.896342754364014,85.41851806640625,85.60490417480469,67.88268280029297,0.03066666666666666,0.001
,,,,,280026,-15.650562,1000,,,,,,
,,,,,280302,286.49158,276,,,,,,
,,,,,280822,233.06479,520,,,,,,
,,,,,281000,,,28.744104385375977,87.9005355834961,88.36466217041016,61.88489532470703,0.030133333333333345,0.001
,,,,,281822,29.305704,1000,,,,,,
,,,,,281974,-23.119942,152,,,,,,
,,,,,282000,,,6.059241771697998,79.82255554199219,80.23929595947266,73.65552520751953,0.0296,0.001
,,,,,282341,216.89294,367,,,,,,
,,,,,282762,277.71375,421,,,,,,
,,,,,283000,,,200.32571411132812,76.85757446289062,75.20291137695312,346.53411865234375,0.02906666666666667,0.001
,,,,,283629,68.3007,867,,,,,,
,,,,,284000,,,12.900243759155273,91.64479064941406,91.48500061035156,93.16867065429688,0.02853333333333334,0.001
,,,,,284027,275.94617,398,,,,,,
,,,,,284301,286.8706,274,,,,,,
,,,,,284787,262.34637,486,,,,,,
,,,,,285000,,,9.779572486877441,89.95452880859375,90.08136749267578,75.86994171142578,0.027999999999999997,0.001
,,,,,285360,239.2886,573,,,,,,
,,,,,285690,241.9241,330,,,,,,
,,,,,286000,,,13.87557315826416,89.52349090576172,90.308837890625,101.91934204101562,0.02746666666666668,0.001
,,,,,286091,239.08864,401,,,,,,
,,,,,286607,249.96484,516,,,,,,
,,,,,287000,,,11.122285842895508,85.48051452636719,85.70942687988281,74.90789031982422,0.026933333333333337,0.001
,,,,,287066,202.86208,459,,,,,,
,,,,,287553,261.74512,487,,,,,,
,,,,,288000,,,11.144312858581543,92.3926773071289,92.44207000732422,78.01040649414062,0.026400000000000007,0.001
,,,,,288553,-148.98691,1000,,,,,,
,,,,,289000,,,8.302286148071289,83.08464813232422,83.6612777709961,76.9253921508789,0.025866666666666677,0.001
,,,,,289108,257.93237,555,,,,,,
,,,,,289480,256.58148,372,,,,,,
,,,,,289918,227.86044,438,,,,,,
-9.405417,143.99405,225.9076,-219.06026,756.0,290000,,,8.916448593139648,88.64045715332031,88.9798812866211,74.93431854248047,0.025333333333333333,0.001
,,,,,290260,258.11145,342,,,,,,
,,,,,290455,249.70078,195,,,,,,
,,,,,290955,-120.64586,500,,,,,,
,,,,,291000,,,37.630821228027344,85.65162658691406,86.5805435180664,83.81430053710938,0.024800000000000003,0.001
,,,,,291188,315.43854,233,,,,,,
,,,,,291710,243.64584,522,,,,,,
,,,,,291876,-134.90176,166,,,,,,
,,,,,292000,,,25.637575149536133,93.18868255615234,92.41404724121094,118.39081573486328,0.024266666666666672,0.001
,,,,,292661,248.04674,785,,,,,,
,,,,,293000,,,30.138214111328125,87.16419982910156,87.06863403320312,189.9688262939453,0.02373333333333333,0.001
,,,,,293021,264.1225,360,,,,,,
,,,,,293581,238.5664,560,,,,,,
,,,,,293839,-50.41714,258,,,,,,
,,,,,294000,,,29.096710205078125,83.50445556640625,83.05717468261719,188.77084350585938,0.023200000000000012,0.001
,,,,,294662,233.04309,823,,,,,,
,,,,,294893,287.15115,231,,,,,,
,,,,,295000,,,26.8211669921875,84.00421905517578,84.6190185546875,102.95703125,0.02266666666666667,0.001
,,,,,295167,228.77777,274,,,,,,
,,,,,296000,,,7.743412971496582,73.58983612060547,74.48002624511719,88.18712615966797,0.022133333333333338,0.001
,,,,,296167,64.36488,1000,,,,,,
,,,,,296797,213.7337,630,,,,,,
,,,,,297000,,,11.31120491027832,84.1551284790039,84.0923843383789,50.578495025634766,0.021600000000000008,0.001
,,,,,297136,263.8098,339,,,,,,
,,,,,297558,290.4193,422,,,,,,
,,,,,297891,202.11998,333,,,,,,
,,,,,298000,,,41.22834396362305,97.241455078125,96.55865478515625,179.2360382080078,0.021066666666666664,0.001
,,,,,298205,275.8767,314,,,,,,
,,,,,298467,252.5865,262,,,,,,
,,,,,298898,236.54683,431,,,,,,
,,,,,299000,,,6.509017467498779,105.52076721191406,105.85773468017578,55.13206100463867,0.020533333333333334,0.001
,,,,,299579,184.05948,681,,,,,,
170.69775,123.33457,269.15292,-170.05139,584.9,300000,,,7.109513282775879,84.42456817626953,83.97561645507812,69.73784637451172,0.02,0.001
,,,,,300510,157.91008,931,,,,,,
,,,,,300872,246.8404,362,,,,,,
,,,,,301000,,,6.3411641120910645,86.69853973388672,86.54379272460938,63.513267517089844,0.02,0.001
,,,,,301139,231.61368,267,,,,,,
,,,,,301400,289.6145,261,,,,,,
,,,,,301949,200.55325,549,,,,,,
,,,,,302000,,,7.2616658210754395,77.35356140136719,76.8544692993164,62.19021987915039,0.02,0.001
,,,,,302275,256.27866,326,,,,,,
,,,,,302602,217.0752,327,,,,,,
,,,,,303000,,,9.250295639038086,82.2637939453125,81.91593933105469,73.20228576660156,0.02,0.001
,,,,,303602,108.54384,1000,,,,,,
,,,,,304000,,,24.823322296142578,88.15737915039062,87.69273376464844,92.88687896728516,0.02,0.001
,,,,,304152,-218.27705,550,,,,,,
,,,,,304933,227.6575,781,,,,,,
,,,,,305000,,,7.61881685256958,84.9101791381836,84.71680450439453,80.7788314819336,0.02,0.001
,,,,,305207,250.38344,274,,,,,,
,,,,,305514,222.37416,307,,,,,,
,,,,,305888,222.21802,374,,,,,,
,,,,,306000,,,6.286655902862549,93.9372787475586,93.89485168457031,62.481414794921875,0.02,0.001
,,,,,306379,221.18344,491,,,,,,
,,,,,306690,239.18541,311,,,,,,
,,,,,307000,,,19.78940200805664,88.29071807861328,89.08934783935547,140.3154754638672,0.02,0.001
,,,,,307038,213.22939,348,,,,,,
,,,,,307402,273.17627,364,,,,,,
,,,,,308000,,,8.290046691894531,85.84595489501953,85.04928588867188,115.6720199584961,0.02,0.001
,,,,,308104,125.83206,702,,,,,,
,,,,,308382,228.22394,278,,,,,,
,,,,,308546,-3.6934357,164,,,,,,
,,,,,309000,,,6.048626899719238,86.15048217773438,85.52349853515625,77.8590316772461,0.02,0.001
,,,,,309151,179.96706,605,,,,,,
,,,,,309478,227.25891,327,,,,,,
,,,,,309857,273.00284,379,,,,,,
141.19771,147.37589,268.83447,-162.14172,604.1,310000,,,13.960556983947754,82.49078369140625,81.5282211303711,92.7713394165039,0.02,0.001
,,,,,310854,163.37863,997,,,,,,
,,,,,311000,,,7.6737895011901855,95.7420425415039,95.58616638183594,58.81672286987305,0.02,0.001
,,,,,311391,205.8016,537,,,,,,
,,,,,311701,232.56747,310,,,,,,
,,,,,312000,,,11.686359405517578,86.71774291992188,86.74864196777344,76.07333374023438,0.02,0.001
,,,,,312156,259.20087,455,,,,,,
,,,,,313000,,,11.343636512756348,99.3199691772461,98.98531341552734,109.68981170654297,0.02,0.001
,,,,,313156,98.648476,1000,,,,,,
,,,,,313653,237.21776,497,,,,,,
,,,,,314000,,,7.2163825035095215,88.81041717529297,88.81293487548828,68.72566986083984,0.02,0.001
,,,,,314236,224.9017,583,,,,,,
,,,,,314698,275.13727,462,,,,,,
,,,,,315000,,,5.926009178161621,85.40531921386719,85.90412902832031,62.41837692260742,0.02,0.001
,,,,,315193,191.71877,495,,,,,,
,,,,,315373,-2.3865051,180,,,,,,
,,,,,315880,252.33081,507,,,,,,
,,,,,316000,,,4.38323450088501,95.23249816894531,94.95735931396484,58.644187927246094,0.02,0.001
,,,,,316261,215.13284,381,,,,,,
,,,,,316567,239.94258,306,,,,,,
,,,,,316957,257.81213,390,,,,,,
,,,,,317000,,,474.131103515625,90.53948974609375,88.28687286376953,513.36376953125,0.02,0.001
,,,,,317180,274.99506,223,,,,,,
,,,,,317532,-154.625,352,,,,,,
,,,,,318000,,,5.322901248931885,85.64718627929688,85.12422943115234,67.89088439941406,0.02,0.001
,,,,,318310,186.54828,778,,,,,,
,,,,,318491,242.81303,181,,,,,,
,,,,,318786,311.12537,295,,,,,,
,,,,,318964,-51.594418,178,,,,,,
,,,,,319000,,,8.717812538146973,98.90023040771484,99.37957763671875,91.92819213867188,0.02,0.001
,,,,,319584,217.29288,620,,,,,,
,,,,,319863,259.093,279,,,,,,
228.86201,72.215866,292.76965,34.77063,388.3,320000,,,7.5886759757995605,85.19660949707031,85.70953369140625,76.5700454711914,0.02,0.001
,,,,,320289,-184.6273,426,,,,,,
,,,,,320499,269.88342,210,,,,,,
,,,,,320867,241.96312,368,,,,,,
,,,,,321000,,,8.417792320251465,88.62728881835938,89.03897094726562,76.90966033935547,0.02,0.001
,,,,,321085,251.39526,218,,,,,,
,,,,,321351,228.05573,266,,,,,,
,,,,,321599,267.3266,248,,,,,,
,,,,,322000,,,6.408419132232666,95.94066619873047,96.18223571777344,64.57395935058594,0.02,0.001
,,,,,322257,169.6081,658,,,,,,
,,,,,322632,266.13702,375,,,,,,
,,,,,322973,261.50958,341,,,,,,
,,,,,323000,,,5.666005611419678,92.22102355957031,92.23223114013672,51.56515121459961,0.02,0.001
,,,,,323373,235.22697,400,,,,,,
,,,,,323751,259.855,378,,,,,,
,,,,,324000,,,8.47665786743164,84.35518646240234,84.82181549072266,71.49559783935547,0.02,0.001
,,,,,324135,248.29225,384,,,,,,
,,,,,324363,280.46167,228,,,,,,
,,,,,324884,261.53375,521,,,,,,
,,,,,325000,,,20.57468605041504,89.74302673339844,89.75460815429688,98.24143981933594,0.02,0.001
,,,,,325300,225.38109,416,,,,,,
,,,,,325723,252.99826,423,,,,,,
,,,,,326000,,,45.704750061035156,87.38088989257812,86.14160919189453,267.94354248046875,0.02,0.001
,,,,,326089,236.4246,366,,,,,,
,,,,,326611,210.18698,522,,,,,,
,,,,,326795,226.13129,184,,,,,,
,,,,,327000,,,11.549088478088379,89.76978302001953,90.17647552490234,81.9211654663086,0.02,0.001
,,,,,327343,257.30444,548,,,,,,
,,,,,327831,-140.39928,488,,,,,,
,,,,,328000,,,19.318408966064453,83.81874084472656,83.47860717773438,119.8125228881836,0.02,0.001
,,,,,328033,-26.09954,202,,,,,,
,,,,,328229,257.39154,196,,,,,,
,,,,,328538,251.69336,309,,,,,,
,,,,,329000,,,11.577445030212402,98.86344146728516,98.19290161132812,87.07917022705078,0.02,0.001
,,,,,329373,219.55923,835,,,,,,
,,,,,329759,237.3433,386,,,,,,
231.62004,68.96688,318.68073,44.31427,359.2,330000,,,35.108978271484375,95.39878845214844,96.34585571289062,186.38853454589844,0.02,0.001
,,,,,330440,208.04538,681,,,,,,
,,,,,330675,253.45186,235,,,,,,
,,,,,331000,,,13.763355255126953,97.14765930175781,97.69966888427734,119.78726196289062,0.02,0.001
,,,,,331350,222.2403,675,,,,,,
,,,,,331694,202.82787,344,,,,,,
,,,,,332000,,,4.729197978973389,104.8943099975586,104.3482894897461,56.200538635253906,0.02,0.001
,,,,,332016,290.08374,322,,,,,,
,,,,,332577,217.85498,561,,,,,,
,,,,,333000,,,10.972835540771484,98.30560302734375,98.84252166748047,70.577880859375,0.02,0.001
,,,,,333047,245.1356,470,,,,,,
,,,,,333446,273.46014,399,,,,,,
,,,,,334000,,,9.057987213134766,89.71819305419922,89.72730255126953,83.81409454345703,0.02,0.001
,,,,,334008,282.2921,562,,,,,,
,,,,,334427,249.3249,419,,,,,,
,,,,,335000,,,4.727570056915283,90.3046875,90.37025451660156,44.420921325683594,0.02,0.001
,,,,,335427,64.46606,1000,,,,,,
,,,,,335769,275.3023,342,,,,,,
,,,,,335998,290.16486,229,,,,,,
,,,,,336000,,,8.471086502075195,91.72004699707031,91.39247131347656,82.01812744140625,0.02,0.001
,,,,,336375,173.28767,377,,,,,,
,,,,,337000,,,16.804683685302734,87.37484741210938,87.87844848632812,103.80976104736328,0.02,0.001
,,,,,337061,178.5918,686,,,,,,
,,,,,337510,200.02786,449,,,,,,
,,,,,338000,,,9.266511917114258,98.97042846679688,99.31887817382812,73.64483642578125,0.02,0.001
,,,,,338075,175.5206,565,,,,,,
,,,,,338546,195.26083,471,,,,,,
,,,,,338836,259.91718,290,,,,,,
,,,,,339000,,,16.358409881591797,81.68486022949219,80.80001831054688,108.63853454589844,0.02,0.001
,,,,,339302,133.7016,466,,,,,,
,,,,,339672,-83.80142,370,,,,,,
,,,,,339901,237.16565,229,,,,,,
116.68294,154.21722,227.99152,-271.0849,390.0,340000,,,10.670808792114258,95.53729248046875,96.24139404296875,80.50968933105469,0.02,0.001
,,,,,340488,281.34174,587,,,,,,
,,,,,341000,,,9.196548461914062,84.16500854492188,84.84295654296875,129.46316528320312,0.02,0.001
,,,,,341013,239.34027,525,,,,,,
,,,,,341919,184.73781,906,,,,,,
,,,,,342000,,,16.056013107299805,76.12779235839844,76.13465881347656,103.05961608886719,0.02,0.001
,,,,,342276,209.32742,357,,,,,,
,,,,,342515,262.0609,239,,,,,,
,,,,,342838,-2.7818832,323,,,,,,
,,,,,343000,,,11.413878440856934,90.9351806640625,90.22689819335938,124.99466705322266,0.02,0.001
,,,,,343168,235.00299,330,,,,,,
,,,,,343533,289.5269,365,,,,,,
,,,,,344000,,,9.15240478515625,84.52149963378906,84.19470977783203,79.43394470214844,0.02,0.001
,,,,,344052,196.05908,519,,,,,,
,,,,,344516,252.13165,464,,,,,,
,,,,,344797,-87.02747,281,,,,,,
,,,,,345000,,,83.77239990234375,78.82647705078125,77.12385559082031,393.6753845214844,0.02,0.001
,,,,,345100,246.55783,303,,,,,,
,,,,,345724,115.80159,624,,,,,,
,,,,,346000,,,7.403334140777588,85.46236419677734,85.18394470214844,52.23018264770508,0.02,0.001
,,,,,346272,-290.53497,548,,,,,,
,,,,,346511,285.27786,239,,,,,,
,,,,,347000,,,18.5673885345459,88.66690063476562,87.9381103515625,140.68505859375,0.02,0.001
,,,,,347022,193.83325,511,,,,,,
,,,,,347291,250.35408,269,,,,,,
,,,,,347555,255.5553,264,,,,,,
,,,,,348000,,,5.30988073348999,84.59236145019531,84.29866790771484,60.09701919555664,0.02,0.001
,,,,,348111,133.42258,556,,,,,,
,,,,,349000,,,176.1114501953125,79.15322875976562,81.35459899902344,629.3387451171875,0.02,0.001
,,,,,349111,-145.33957,1000,,,,,,
,,,,,349451,274.52472,340,,,,,,
,,,,,349642,249.41866,191,,,,,,
174.53891,72.20677,261.4499,5.508663,700.4,350000,,,3.4046053886413574,99.28655242919922,99.23521423339844,34.85631561279297,0.02,0.001
,,,,,350058,216.15073,416,,,,,,
,,,,,350503,207.55891,445,,,,,,
,,,,,350915,286.992,412,,,,,,
,,,,,351000,,,10.924192428588867,78.42623901367188,78.29461669921875,83.61125183105469,0.02,0.001
,,,,,351229,268.77155,314,,,,,,
,,,,,351651,193.37375,422,,,,,,
,,,,,352000,,,11.88011646270752,84.74049377441406,85.0023193359375,123.62770080566406,0.02,0.001
,,,,,352146,181.78804,495,,,,,,
,,,,,352866,188.23917,720,,,,,,
,,,,,353000,,,16.069232940673828,84.10826110839844,84.6096420288086,113.22369384765625,0.02,0.001
,,,,,353453,243.16756,587,,,,,,
,,,,,354000,,,3.167635679244995,92.39655303955078,91.94007110595703,50.88317108154297,0.02,0.001
,,,,,354027,190.83978,574,,,,,,
,,,,,354421,197.68898,394,,,,,,
,,,,,354751,215.50653,330,,,,,,
,,,,,355000,,,21.296091079711914,80.91555786132812,81.32233428955078,109.692138671875,0.02,0.001
,,,,,355203,248.02814,452,,,,,,
,,,,,355602,211.25595,399,,,,,,
,,,,,355984,193.55951,382,,,,,,
,,,,,356000,,,5.890480041503906,92.81340789794922,93.04669189453125,56.404293060302734,0.02,0.001
,,,,,356214,296.31293,230,,,,,,
,,,,,356821,211.35751,607,,,,,,
,,,,,357000,,,6.184752464294434,85.03296661376953,84.47866821289062,54.03040313720703,0.02,0.001
,,,,,357016,-62.932785,195,,,,,,
,,,,,357245,263.92453,229,,,,,,
,,,,,357558,264.27924,313,,,,,,
,,,,,357732,251.7938,174,,,,,,
,,,,,358000,,,15.72838020324707,79.45571899414062,78.47196960449219,116.94747161865234,0.02,0.001
,,,,,358515,138.72441,783,,,,,,
,,,,,358927,206.13037,412,,,,,,
,,,,,359000,,,4.815743923187256,93.36210632324219,93.71636199951172,68.56975555419922,0.02,0.001
,,,,,359927,-143.52737,1000,,,,,,
244.92155,28.375467,288.5343,198.69745,324.9,360000,,,4.912872314453125,85.97784423828125,85.87164306640625,45.99114227294922,0.02,0.001
,,,,,360263,264.98874,336,,,,,,
,,,,,360518,283.42725,255,,,,,,
,,,,,360834,247.36835,316,,,,,,
,,,,,361000,,,7.059130668640137,89.77244567871094,88.97531127929688,68.51895141601562,0.02,0.001
,,,,,361214,258.42618,380,,,,,,
,,,,,361487,294.7179,273,,,,,,
,,,,,361778,305.23676,291,,,,,,
,,,,,362000,,,8.526117324829102,89.26054382324219,89.84149932861328,83.645751953125,0.02,0.001
,,,,,362181,204.31732,403,,,,,,
,,,,,362497,207.87952,316,,,,,,
,,,,,362833,277.2285,336,,,,,,
,,,,,363000,,,4.267602920532227,81.35330963134766,81.00566864013672,41.74864196777344,0.02,0.001
,,,,,363114,281.58325,281,,,,,,
,,,,,363501,289.76617,387,,,,,,
,,,,,363750,246.69388,249,,,,,,
,,,,,364000,,,5.970508575439453,83.99702453613281,84.25199890136719,66.14216613769531,0.02,0.001
,,,,,364225,148.97195,475,,,,,,
,,,,,364591,227.45622,366,,,,,,
,,,,,364900,278.2459,309,,,,,,
,,,,,365000,,,30.676998138427734,79.80489349365234,80.76801300048828,211.94940185546875,0.02,0.001
,,,,,365079,221.3197,179,,,,,,
,,,,,365389,272.83948,310,,,,,,
,,,,,365643,-33.548965,254,,,,,,
,,,,,366000,,,8.5908784866333,88.51123046875,88.44622039794922,54.036949157714844,0.02,0.001
,,,,,366111,292.7962,468,,,,,,
,,,,,366468,298.27695,357,,,,,,
,,,,,366736,275.61948,268,,,,,,
,,,,,367000,,,563.0222778320312,85.9369888305664,88.6650161743164,1113.3929443359375,0.02,0.001
,,,,,367065,248.45581,329,,,,,,
,,,,,367359,297.6394,294,,,,,,
,,,,,367883,282.0381,524,,,,,,
,,,,,368000,,,8.975526809692383,72.85581970214844,73.01824188232422,83.97406768798828,0.02,0.001
,,,,,368091,-67.8373,208,,,,,,
,,,,,368395,257.7597,304,,,,,,
,,,,,368623,268.95184,228,,,,,,
,,,,,368979,232.69685,356,,,,,,
,,,,,369000,,,9.348785400390625,81.42899322509766,80.65524291992188,78.68512725830078,0.02,0.001
,,,,,369861,218.76608,882,,,,,,
171.64334,90.53961,252.7571,2.457306,399.8,370000,,,8.680257797241211,83.41934967041016,83.3259048461914,77.8667221069336,0.02,0.001
,,,,,370052,262.22723,191,,,,,,
,,,,,370396,258.3174,344,,,,,,
,,,,,370701,234.93146,305,,,,,,
,,,,,371000,,,7.590470314025879,82.85943603515625,83.05656433105469,63.93798065185547,0.02,0.001
,,,,,371010,235.3918,309,,,,,,
,,,,,371394,227.84639,384,,,,,,
,,,,,371834,210.99374,440,,,,,,
,,,,,372000,,,3.80214524269104,85.58098602294922,86.03565216064453,48.59918212890625,0.02,0.001
,,,,,372311,265.91235,477,,,,,,
,,,,,372638,281.72983,327,,,,,,
,,,,,372963,294.2986,325,,,,,,
,,,,,373000,,,4.053704261779785,88.07640075683594,88.0499038696289,42.74028015136719,0.02,0.001
,,,,,373623,146.07416,660,,,,,,
,,,,,374000,,,31.156442642211914,71.89094543457031,72.81961059570312,91.7607650756836,0.02,0.001
,,,,,374086,236.93962,463,,,,,,
,,,,,374725,228.56331,639,,,,,,
,,,,,375000,,,37.17306900024414,86.50425720214844,86.7896728515625,150.23008728027344,0.02,0.001
,,,,,375154,215.17532,429,,,,,,
,,,,,375668,225.84695,514,,,,,,
,,,,,376000,,,19.815671920776367,87.02819061279297,86.6051025390625,169.91342163085938,0.02,0.001
,,,,,376387,-432.6996,719,,,,,,
,,,,,376862,257.8949,475,,,,,,
,,,,,377000,,,31.62567901611328,90.2608642578125,89.44308471679688,202.3799591064453,0.02,0.001
,,,,,377152,298.3971,290,,,,,,
,,,,,377679,254.34174,527,,,,,,
,,,,,378000,,,22.876644134521484,79.6964111328125,79.09102630615234,159.5065460205078,0.02,0.001
,,,,,378066,284.34085,387,,,,,,
,,,,,378364,226.07382,298,,,,,,
,,,,,378623,268.6947,259,,,,,,
,,,,,378862,230.82935,239,,,,,,
,,,,,379000,,,17.869638442993164,83.37994384765625,83.8642349243164,122.12565612792969,0.02,0.001
,,,,,379100,236.76064,238,,,,,,
,,,,,379465,-61.905987,365,,,,,,
170.94742,117.2911,265.66785,-129.30669,450.0,380000,,,9.428987503051758,78.73558044433594,79.47278594970703,74.11492919921875,0.02,0.001
,,,,,380013,-203.2388,548,,,,,,
,,,,,380356,233.53767,343,,,,,,
,,,,,381000,,,10.142091751098633,89.21755981445312,89.44081115722656,88.12519073486328,0.02,0.001
,,,,,381346,207.12299,990,,,,,,
,,,,,381871,190.55095,525,,,,,,
,,,,,382000,,,13.373113632202148,81.1080093383789,81.61085510253906,106.80438232421875,0.02,0.001
,,,,,382148,257.9227,277,,,,,,
,,,,,382523,249.30121,375,,,,,,
,,,,,382841,269.63766,318,,,,,,
,,,,,383000,,,16.71551513671875,82.1240463256836,81.76602172851562,118.93255615234375,0.02,0.001
,,,,,383238,193.94263,397,,,,,,
,,,,,383614,-223.54549,376,,,,,,
,,,,,383892,261.00266,278,,,,,,
,,,,,384000,,,10.579706192016602,79.41328430175781,80.12772369384766,88.53422546386719,0.02,0.001
,,,,,384323,261.9013,431,,,,,,
,,,,,384648,242.76701,325,,,,,,
,,,,,385000,,,19.848691940307617,81.29667663574219,82.37271118164062,89.43380737304688,0.02,0.001
,,,,,385188,191.33638,540,,,,,,
,,,,,385562,253.9973,374,,,,,,
,,,,,385873,211.90097,311,,,,,,
,,,,,386000,,,17.564857482910156,90.26457977294922,89.68138122558594,104.54356384277344,0.02,0.001
,,,,,386402,260.3805,529,,,,,,
,,,,,386570,9.978363,168,,,,,,
,,,,,386909,230.82939,339,,,,,,
,,,,,387000,,,10.362207412719727,74.1297836303711,73.59782409667969,106.27936553955078,0.02,0.001
,,,,,387235,205.30722,326,,,,,,
,,,,,387520,250.77348,285,,,,,,
,,,,,387996,183.61292,476,,,,,,
,,,,,388000,,,5.690179347991943,75.21919250488281,75.43341064453125,47.52203369140625,0.02,0.001
,,,,,388335,255.5115,339,,,,,,
,,,,,389000,,,6.518503665924072,82.71961975097656,82.86820983886719,62.60976028442383,0.02,0.001
,,,,,389335,120.0124,1000,,,,,,
,,,,,389709,203.41594,374,,,,,,
168.54716,65.35855,257.113,37.555145,652.6,390000,,,7.099721908569336,79.07218933105469,79.05458068847656,52.06829833984375,0.02,0.001
,,,,,390457,221.9544,748,,,,,,
,,,,,390653,30.3974,196,,,,,,
,,,,,390890,249.19225,237,,,,,,
,,,,,391000,,,10.93398666381836,88.05644989013672,88.1611099243164,79.73835754394531,0.02,0.001
,,,,,391393,187.3023,503,,,,,,
,,,,,391802,224.75717,409,,,,,,
,,,,,392000,,,6.292742729187012,90.81802368164062,92.04930114746094,97.388916015625,0.02,0.001
,,,,,392394,234.10373,592,,,,,,
,,,,,393000,,,11.732008934020996,80.86344909667969,80.15022277832031,101.23448944091797,0.02,0.001
,,,,,393034,156.96402,640,,,,,,
,,,,,393782,200.49289,748,,,,,,
,,,,,394000,,,11.704062461853027,87.41022491455078,87.0882568359375,87.17642974853516,0.02,0.001
,,,,,394063,272.36188,281,,,,,,
,,,,,394508,196.96756,445,,,,,,
,,,,,395000,,,5.713591575622559,85.257080078125,85.51598358154297,53.73410415649414,0.02,0.001
,,,,,395299,-232.9568,791,,,,,,
,,,,,395862,239.5596,563,,,,,,
,,,,,396000,,,7.5677690505981445,87.32192993164062,86.4190673828125,68.84538269042969,0.02,0.001
,,,,,396277,205.27274,415,,,,,,
,,,,,396802,-95.77512,525,,,,,,
,,,,,397000,,,5.201633930206299,81.36087036132812,81.3764419555664,35.68095397949219,0.02,0.001
,,,,,397802,-67.49807,1000,,,,,,
,,,,,398000,,,10.103569030761719,73.5202407836914,73.81578063964844,85.890380859375,0.02,0.001
,,,,,398165,234.81816,363,,,,,,
,,,,,398528,254.28917,363,,,,,,
,,,,,399000,,,10.000079154968262,78.48165130615234,78.66356658935547,73.30554962158203,0.02,0.001
,,,,,399025,208.89923,497,,,,,,
,,,,,399292,257.8368,267,,,,,,
,,,,,399655,245.15985,363,,,,,,
,,,,,399993,239.07042,338,,,,,,
-144.72163,173.4616,206.81737,-334.63647,632.4,400000,,,6.230448246002197,84.68455505371094,84.65046691894531,58.97202682495117,0.02,0.001
,,,,,400312,231.22775,319,,,,,,
,,,,,400685,253.18771,373,,,,,,
,,,,,401000,,,3.5903139114379883,88.11234283447266,88.49368286132812,48.92879867553711,0.02,0.001
,,,,,401249,247.24992,564,,,,,,
,,,,,402000,,,35.58268737792969,79.04547119140625,79.45246887207031,142.34571838378906,0.02,0.001
,,,,,402001,240.47134,752,,,,,,
,,,,,402282,259.41333,281,,,,,,
,,,,,402407,-3.284523,125,,,,,,
,,,,,402784,260.47955,377,,,,,,
,,,,,403000,,,8.80363655090332,71.82492065429688,71.88006591796875,70.66460418701172,0.02,0.001
,,,,,403240,296.1123,456,,,,,,
,,,,,403701,244.10696,461,,,,,,
,,,,,404000,,,4.007285118103027,80.22379302978516,80.26295471191406,45.65313720703125,0.02,0.001
,,,,,404478,176.54398,777,,,,,,
,,,,,404847,262.83948,369,,,,,,
,,,,,405000,,,9.207826614379883,80.78411865234375,80.16444396972656,86.70721435546875,0.02,0.001
,,,,,405185,239.6818,338,,,,,,
,,,,,405424,234.22453,239,,,,,,
,,,,,405753,264.54456,329,,,,,,
,,,,,405997,199.85635,244,,,,,,
,,,,,406000,,,6.0799336433410645,80.8353500366211,81.02352905273438,68.82678985595703,0.02,0.001
,,,,,406385,225.5751,388,,,,,,
,,,,,406743,277.90546,358,,,,,,
,,,,,407000,,,15.785660743713379,81.29808044433594,81.68115234375,100.86634063720703,0.02,0.001
,,,,,407034,265.32312,291,,,,,,
,,,,,407290,281.58173,256,,,,,,
,,,,,407596,295.18,306,,,,,,
,,,,,408000,,,9.05275821685791,85.25828552246094,85.08965301513672,68.03779602050781,0.02,0.001
,,,,,408343,248.27043,747,,,,,,
,,,,,408632,242.1529,289,,,,,,
,,,,,408903,264.54468,271,,,,,,
,,,,,409000,,,6.332117557525635,87.41305541992188,87.97752380371094,76.32704162597656,0.02,0.001
,,,,,409176,293.39108,273,,,,,,
,,,,,409512,271.03522,336,,,,,,
,,,,,409883,198.94193,371,,,,,,
167.75412,162.9347,281.23907,-310.41736,543.9,410000,,,9.271834373474121,74.07221221923828,73.20379638671875,111.87672424316406,0.02,0.001
,,,,,410124,266.02954,241,,,,,,
,,,,,410368,-6.5327835,244,,,,,,
,,,,,410642,-5.7310257,274,,,,,,
,,,,,410929,235.33679,287,,,,,,
,,,,,411000,,,17.33150863647461,72.11953735351562,71.82772827148438,65.91630554199219,0.02,0.001
,,,,,411506,232.03032,577,,,,,,
,,,,,411711,254.80971,205,,,,,,
,,,,,411946,226.02646,235,,,,,,
,,,,,412000,,,39.9400520324707,83.30473327636719,83.77061462402344,116.68647766113281,0.02,0.001
,,,,,412469,284.29504,523,,,,,,
,,,,,413000,,,6.693681716918945,78.50607299804688,78.67198944091797,48.41292190551758,0.02,0.001
,,,,,413230,164.99161,761,,,,,,
,,,,,413452,279.7928,222,,,,,,
,,,,,413725,259.39322,273,,,,,,
,,,,,413877,-2.0899658,152,,,,,,
,,,,,414000,,,11.073339462280273,79.61540985107422,79.01630401611328,92.67601776123047,0.02,0.001
,,,,,414573,225.37012,696,,,,,,
,,,,,415000,,,5.777939796447754,72.75874328613281,72.95702362060547,55.12870788574219,0.02,0.001
,,,,,415321,225.99057,748,,,,,,
,,,,,415629,259.672,308,,,,,,
,,,,,415911,221.0112,282,,,,,,
,,,,,416000,,,7.109009265899658,82.20484161376953,82.41432189941406,57.490577697753906,0.02,0.001
,,,,,416125,253.4411,214,,,,,,
,,,,,416343,267.27478,218,,,,,,
,,,,,416648,249.626,305,,,,,,
,,,,,416897,266.19543,249,,,,,,
,,,,,417000,,,7.3552350997924805,85.15568542480469,85.156494140625,47.88595962524414,0.02,0.001
,,,,,417136,242.71642,239,,,,,,
,,,,,417393,253.00563,257,,,,,,
,,,,,417666,276.8293,273,,,,,,
,,,,,417863,252.2606,197,,,,,,
,,,,,418000,,,7.404309272766113,80.77812957763672,80.38810729980469,44.48926544189453,0.02,0.001
,,,,,418341,228.87814,478,,,,,,
,,,,,418743,-73.30111,402,,,,,,
,,,,,418991,273.9786,248,,,,,,
,,,,,419000,,,399.2739562988281,87.33769226074219,85.12040710449219,793.9752807617188,0.02,0.001
,,,,,419507,-144.65952,516,,,,,,
,,,,,419864,255.56319,357,,,,,,
120.31621,12.233963,139.56262,96.67876,1000.0,420000,,,7.609348297119141,82.70738220214844,82.45213317871094,72.34097290039062,0.02,0.001
,,,,,420154,264.46844,290,,,,,,
,,,,,420460,262.04608,306,,,,,,
,,,,,420862,274.43045,402,,,,,,
,,,,,421000,,,5.657820701599121,77.80366516113281,77.66541290283203,53.879432678222656,0.02,0.001
,,,,,421054,18.054947,192,,,,,,
,,,,,421297,241.25856,243,,,,,,
,,,,,421585,250.33627,288,,,,,,
,,,,,421888,280.7591,303,,,,,,
,,,,,422000,,,6.658116817474365,83.3769760131836,83.44367980957031,61.83304977416992,0.02,0.001
,,,,,422348,281.72076,460,,,,,,
,,,,,422573,238.39635,225,,,,,,
,,,,,422785,242.55194,212,,,,,,
,,,,,423000,,,5.106602191925049,80.23636627197266,79.80361938476562,58.450374603271484,0.02,0.001
,,,,,423032,259.0606,247,,,,,,
,,,,,423237,-35.65798,205,,,,,,
,,,,,423818,227.91167,581,,,,,,
,,,,,424000,,,12.417730331420898,73.95256805419922,74.69277954101562,104.97516632080078,0.02,0.001
,,,,,424203,276.6811,385,,,,,,
,,,,,424535,244.6683,332,,,,,,
,,,,,424880,250.93698,345,,,,,,
,,,,,425000,,,14.83617877960205,82.39165496826172,81.51858520507812,82.23597717285156,0.02,0.001
,,,,,425107,231.68839,227,,,,,,
,,,,,425400,247.16959,293,,,,,,
,,,,,425748,287.65247,348,,,,,,
,,,,,426000,,,9.410472869873047,88.67543029785156,88.37652587890625,76.02339172363281,0.02,0.001
,,,,,426078,228.99669,330,,,,,,
,,,,,426346,27.060524,268,,,,,,
,,,,,426614,289.92886,268,,,,,,
,,,,,427000,,,41.52622604370117,86.86784362792969,87.51930236816406,182.857177734375,0.02,0.001
,,,,,427176,-11.00312,562,,,,,,
,,,,,427517,238.09267,341,,,,,,
,,,,,427871,231.36555,354,,,,,,
,,,,,428000,,,60.411537170410156,83.9083480834961,84.75666809082031,242.8346710205078,0.02,0.001
,,,,,428102,304.38593,231,,,,,,
,,,,,428266,-3.251854,164,,,,,,
,,,,,428592,312.70505,326,,,,,,
,,,,,428818,240.85095,226,,,,,,
,,,,,429000,,,5.559629440307617,86.07209777832031,85.63643646240234,62.42768096923828,0.02,0.001
,,,,,429003,256.23428,185,,,,,,
,,,,,429540,216.83066,537,,,,,,
,,,,,429842,279.3012,302,,,,,,
255.81401,34.002735,299.4788,186.05745,321.5,430000,,,30.122549057006836,81.32283020019531,82.13656616210938,120.47318267822266,0.02,0.001
,,,,,430202,255.44821,360,,,,,,
,,,,,430487,257.0528,285,,,,,,
,,,,,430747,276.70734,260,,,,,,
,,,,,430912,-131.25885,165,,,,,,
,,,,,431000,,,6.38887357711792,84.64361572265625,84.98210906982422,72.4866714477539,0.02,0.001
,,,,,431454,246.59958,542,,,,,,
,,,,,431712,260.65656,258,,,,,,
,,,,,432000,,,7.222376823425293,83.63150024414062,83.92472839355469,58.680145263671875,0.02,0.001
,,,,,432135,234.77303,423,,,,,,
,,,,,432592,249.08463,457,,,,,,
,,,,,432945,271.2124,353,,,,,,
,,,,,433000,,,3.9977681636810303,84.8219223022461,84.48139953613281,49.09762954711914,0.02,0.001
,,,,,433631,202.18051,686,,,,,,
,,,,,434000,,,12.106295585632324,76.43889617919922,75.93801879882812,145.11346435546875,0.02,0.001
,,,,,434005,245.75241,374,,,,,,
,,,,,434335,257.4955,330,,,,,,
,,,,,434668,276.83472,333,,,,,,
,,,,,434902,286.09265,234,,,,,,
,,,,,435000,,,6.333367824554443,82.57281494140625,83.20178985595703,56.329593658447266,0.02,0.001
,,,,,435124,275.8209,222,,,,,,
,,,,,435756,-132.11282,632,,,,,,
,,,,,436000,,,8.092989921569824,82.3483657836914,82.86186981201172,66.06717681884766,0.02,0.001
,,,,,436054,270.9753,298,,,,,,
,,,,,436378,257.5727,324,,,,,,
,,,,,437000,,,10.04581069946289,84.39579772949219,84.73187255859375,67.70440673828125,0.02,0.001
,,,,,437137,270.78827,759,,,,,,
,,,,,437351,277.80832,214,,,,,,
,,,,,437721,241.51683,370,,,,,,
,,,,,438000,,,11.319488525390625,68.68016815185547,69.31234741210938,67.41565704345703,0.02,0.001
,,,,,438160,220.4864,439,,,,,,
,,,,,438720,209.23062,560,,,,,,
,,,,,438985,240.51259,265,,,,,,
,,,,,439000,,,8.812198638916016,76.7887954711914,77.70450592041016,82.53533935546875,0.02,0.001
,,,,,439414,263.35828,429,,,,,,
,,,,,439779,199.17789,365,,,,,,
149.20488,104.67094,250.45195,-28.125565,480.7,440000,,,4.190990924835205,83.86896514892578,83.94632720947266,40.5903205871582,0.02,0.001
,,,,,440168,232.39832,389,,,,,,
,,,,,440482,279.71396,314,,,,,,
,,,,,440811,269.6053,329,,,,,,
,,,,,441000,,,7.103879451751709,76.62047576904297,76.24134826660156,59.757408142089844,0.02,0.001
,,,,,441102,262.0605,291,,,,,,
,,,,,441393,266.99628,291,,,,,,
,,,,,441755,255.79662,362,,,,,,
,,,,,442000,,,8.107293128967285,83.5209732055664,84.25637817382812,89.29074096679688,0.02,0.001
,,,,,442116,263.4051,361,,,,,,
,,,,,442438,255.48235,322,,,,,,
,,,,,443000,,,22.687894821166992,81.0990982055664,81.79090881347656,48.656620025634766,0.02,0.001
,,,,,443438,137.8634,1000,,,,,,
,,,,,443699,255.83406,261,,,,,,
,,,,,443984,218.55563,285,,,,,,
,,,,,444000,,,12.335981369018555,79.80311584472656,79.73536682128906,114.52601623535156,0.02,0.001
,,,,,444234,247.7004,250,,,,,,
,,,,,444473,224.22595,239,,,,,,
,,,,,444725,263.8937,252,,,,,,
,,,,,444972,265.19403,247,,,,,,
,,,,,445000,,,5.449136734008789,74.35877990722656,74.28819274902344,56.66240692138672,0.02,0.001
,,,,,445293,284.86905,321,,,,,,
,,,,,445759,246.53087,466,,,,,,
,,,,,445956,9.016533,197,,,,,,
,,,,,446000,,,43.6134033203125,83.4537124633789,84.08186340332031,141.24464416503906,0.02,0.001
,,,,,446197,309.3314,241,,,,,,
,,,,,446447,200.20958,250,,,,,,
,,,,,446590,-27.779167,143,,,,,,
,,,,,446778,16.550026,188,,,,,,
,,,,,447000,,,4.455611705780029,77.38986206054688,77.24024200439453,41.53486633300781,0.02,0.001
,,,,,447008,275.74243,230,,,,,,
,,,,,447222,252.69002,214,,,,,,
,,,,,447464,225.7038,242,,,,,,
,,,,,447766,255.45738,302,,,,,,
,,,,,448000,,,10.236214637756348,81.65327453613281,80.3766860961914,96.45695495605469,0.02,0.001
,,,,,448269,200.63614,503,,,,,,
,,,,,448742,242.9983,473,,,,,,
,,,,,449000,,,4.599310398101807,76.48674774169922,76.11308288574219,64.05953979492188,0.02,0.001
,,,,,449160,253.84349,418,,,,,,
,,,,,449529,199.28944,369,,,,,,
,,,,,449822,281.4248,293,,,,,,
186.50015,123.15062,291.96198,-70.92671,262.6,450000,,,8.551955223083496,79.9347915649414,80.01403045654297,71.17696380615234,0.02,0.001
,,,,,450122,-170.44876,300,,,,,,
,,,,,450437,-60.62639,315,,,,,,
,,,,,450633,204.5198,196,,,,,,
,,,,,450831,-62.11071,198,,,,,,
,,,,,451000,,,9.071562767028809,74.96521759033203,74.41691589355469,51.609527587890625,0.02,0.001
,,,,,451245,-146.62442,414,,,,,,
,,,,,451497,258.28107,252,,,,,,
,,,,,451797,286.84778,300,,,,,,
,,,,,452000,,,8.811327934265137,79.54767608642578,79.31243133544922,61.04533767700195,0.02,0.001
,,,,,452013,289.39233,216,,,,,,
,,,,,452265,233.61557,252,,,,,,
,,,,,452900,242.87392,635,,,,,,
,,,,,453000,,,40.16800308227539,87.60891723632812,88.2433090209961,144.736328125,0.02,0.001
,,,,,453284,210.29085,384,,,,,,
,,,,,453637,185.09894,353,,,,,,
,,,,,453947,255.043,310,,,,,,
,,,,,454000,,,7.219534873962402,80.46064758300781,81.00086212158203,45.917057037353516,0.02,0.001
,,,,,454174,264.91324,227,,,,,,
,,,,,454532,227.92928,358,,,,,,
,,,,,455000,,,11.309420585632324,74.45453643798828,74.68257904052734,88.21843719482422,0.02,0.001
,,,,,455009,218.38657,477,,,,,,
,,,,,455485,254.3127,476,,,,,,
,,,,,455704,289.44513,219,,,,,,
,,,,,455851,-5.4354095,147,,,,,,
,,,,,456000,,,15.162044525146484,81.78064727783203,82.12901306152344,91.04732513427734,0.02,0.001
,,,,,456044,251.59468,193,,,,,,
,,,,,456375,280.04303,331,,,,,,
,,,,,456641,294.42847,266,,,,,,
,,,,,456821,280.28915,180,,,,,,
,,,,,456982,268.3386,161,,,,,,
,,,,,457000,,,12.808618545532227,78.84522247314453,78.28755187988281,101.685791015625,0.02,0.001
,,,,,457301,202.00667,319,,,,,,
,,,,,457715,269.1287,414,,,,,,
,,,,,458000,,,17.825515747070312,89.08253479003906,88.11831665039062,125.74382781982422,0.02,0.001
,,,,,458407,138.53647,692,,,,,,
,,,,,458650,254.39877,243,,,,,,
,,,,,458907,-187.01254,257,,,,,,
,,,,,459000,,,7.705641746520996,88.11103820800781,88.29710388183594,68.10309600830078,0.02,0.001
,,,,,459135,278.11163,228,,,,,,
,,,,,459640,-68.13361,505,,,,,,
,,,,,459895,251.7369,255,,,,,,
189.03775,127.52301,303.04755,-125.79448,381.8,460000,,,24.17534065246582,84.237060546875,85.08179473876953,85.91046905517578,0.02,0.001
,,,,,460103,277.84442,208,,,,,,
,,,,,460301,235.66522,198,,,,,,
,,,,,460802,176.25955,501,,,,,,
,,,,,461000,,,7.716712951660156,86.29777526855469,86.52317810058594,65.2900161743164,0.02,0.001
,,,,,461016,236.08653,214,,,,,,
,,,,,461475,243.45598,459,,,,,,
,,,,,461830,254.2278,355,,,,,,
,,,,,462000,,,30.218334197998047,72.51651000976562,71.94977569580078,287.8235778808594,0.02,0.001
,,,,,462042,250.01038,212,,,,,,
,,,,,462338,212.49637,296,,,,,,
,,,,,462506,242.8069,168,,,,,,
,,,,,462717,276.0066,211,,,,,,
,,,,,462930,280.95966,213,,,,,,
,,,,,463000,,,15.848846435546875,82.59344482421875,83.22525787353516,80.0555648803711,0.02,0.001
,,,,,463282,-210.09949,352,,,,,,
,,,,,463444,24.442772,162,,,,,,
,,,,,463651,305.3891,207,,,,,,
,,,,,463887,312.04736,236,,,,,,
,,,,,464000,,,9.834183692932129,84.13587951660156,84.70964050292969,73.21226501464844,0.02,0.001
,,,,,464071,271.77008,184,,,,,,
,,,,,465000,,,19.68344497680664,92.42977905273438,92.44522857666016,91.42436981201172,0.02,0.001
,,,,,465069,195.7229,998,,,,,,
,,,,,465346,307.33203,277,,,,,,
,,,,,465535,212.45396,189,,,,,,
,,,,,465888,215.88426,353,,,,,,
,,,,,466000,,,26.031579971313477,90.72322082519531,90.97248077392578,113.82843780517578,0.02,0.001
,,,,,466141,262.7567,253,,,,,,
,,,,,466460,289.34106,319,,,,,,
,,,,,467000,,,60.78255081176758,73.35397338867188,73.818115234375,269.1390380859375,0.02,0.001
,,,,,467263,233.3715,803,,,,,,
,,,,,467454,295.6407,191,,,,,,
,,,,,467746,298.88586,292,,,,,,
,,,,,468000,,,6.0120344161987305,90.23196411132812,89.96070098876953,65.06734466552734,0.02,0.001
,,,,,468221,292.33832,475,,,,,,
,,,,,468436,250.97119,215,,,,,,
,,,,,468650,235.27083,214,,,,,,
,,,,,469000,,,2.2242941856384277,86.00843811035156,85.95155334472656,32.05802536010742,0.02,0.001
,,,,,469174,224.71124,524,,,,,,
,,,,,469402,267.49133,228,,,,,,
,,,,,469626,274.98508,224,,,,,,
,,,,,469897,244.7178,271,,,,,,
122.19231,187.57697,270.14117,-219.18845,273.4,470000,,,5.720148086547852,81.05260467529297,81.46821594238281,65.87849426269531,0.02,0.001
,,,,,470260,252.47096,363,,,,,,
,,,,,470575,264.4284,315,,,,,,
,,,,,470923,236.35208,348,,,,,,
,,,,,471000,,,4.273188591003418,85.57762145996094,86.37905883789062,42.051456451416016,0.02,0.001
,,,,,471200,267.83704,277,,,,,,
,,,,,471445,261.12994,245,,,,,,
,,,,,471687,287.4439,242,,,,,,
,,,,,472000,,,8.547855377197266,82.0350112915039,82.17394256591797,68.03416442871094,0.02,0.001
,,,,,472150,229.24945,463,,,,,,
,,,,,472402,253.42795,252,,,,,,
,,,,,472749,262.63754,347,,,,,,
,,,,,472981,211.58218,232,,,,,,
,,,,,473000,,,5.453669548034668,86.87530517578125,86.58731842041016,49.759342193603516,0.02,0.001
,,,,,473293,283.95575,312,,,,,,
,,,,,473511,257.39023,218,,,,,,
,,,,,473928,250.58604,417,,,,,,
,,,,,474000,,,4.347277641296387,89.75025177001953,89.86483001708984,43.1368408203125,0.02,0.001
,,,,,474148,301.93378,220,,,,,,
,,,,,474501,260.22485,353,,,,,,
,,,,,474672,266.40686,171,,,,,,
,,,,,474983,275.3678,311,,,,,,
,,,,,475000,,,13.48263168334961,89.80562591552734,89.35482788085938,66.31412506103516,0.02,0.001
,,,,,475163,274.54556,180,,,,,,
,,,,,475436,310.84515,273,,,,,,
,,,,,475674,237.81464,238,,,,,,
,,,,,475888,261.00397,214,,,,,,
,,,,,476000,,,4.241692543029785,72.30316162109375,72.28443145751953,60.35246658325195,0.02,0.001
,,,,,476202,297.47345,314,,,,,,
,,,,,476624,-150.31888,422,,,,,,
,,,,,476930,300.53378,306,,,,,,
,,,,,477000,,,31.286352157592773,74.25801086425781,73.72651672363281,244.56707763671875,0.02,0.001
,,,,,477257,213.17355,327,,,,,,
,,,,,477600,284.93768,343,,,,,,
,,,,,477933,259.565,333,,,,,,
,,,,,478000,,,7.546456336975098,78.7266845703125,79.15151977539062,63.570316314697266,0.02,0.001
,,,,,478426,193.40065,493,,,,,,
,,,,,478630,254.23248,204,,,,,,
,,,,,479000,,,7.271187782287598,81.04988098144531,81.03878021240234,56.08572006225586,0.02,0.001
,,,,,479050,197.95119,420,,,,,,
,,,,,479253,273.936,203,,,,,,
,,,,,479425,221.48242,172,,,,,,
,,,,,479665,284.3889,240,,,,,,
170.94328,98.27633,264.04178,-61.337555,422.0,480000,,,3.537609577178955,89.2445068359375,89.1198501586914,52.874305725097656,0.02,0.001
,,,,,480084,198.05342,419,,,,,,
,,,,,480253,-14.180611,169,,,,,,
,,,,,480687,-114.72997,434,,,,,,
,,,,,480871,231.40646,184,,,,,,
,,,,,481000,,,9.50207805633545,78.56590270996094,77.5088119506836,105.10017395019531,0.02,0.001
,,,,,481095,236.51201,224,,,,,,
,,,,,481240,-14.84803,145,,,,,,
,,,,,481512,260.42383,272,,,,,,
,,,,,481851,283.73663,339,,,,,,
,,,,,482000,,,14.538064956665039,92.21298217773438,92.6756362915039,139.4739990234375,0.02,0.001
,,,,,482051,301.6885,200,,,,,,
,,,,,482276,265.9413,225,,,,,,
,,,,,482515,252.53456,239,,,,,,
,,,,,482738,219.13522,223,,,,,,
,,,,,482975,281.693,237,,,,,,
,,,,,483000,,,14.047070503234863,77.03286743164062,76.25062561035156,173.40541076660156,0.02,0.001
,,,,,483465,260.0398,490,,,,,,
,,,,,483685,298.06244,220,,,,,,
,,,,,484000,,,4.540661334991455,83.02205657958984,81.93605041503906,87.756591796875,0.02,0.001
,,,,,484160,250.24385,475,,,,,,
,,,,,484417,254.72415,257,,,,,,
,,,,,484607,222.64786,190,,,,,,
,,,,,485000,,,14.670648574829102,90.33472442626953,91.10127258300781,108.64183807373047,0.02,0.001
,,,,,485070,272.66418,463,,,,,,
,,,,,485438,248.32106,368,,,,,,
,,,,,485629,265.10297,191,,,,,,
,,,,,485980,164.863,351,,,,,,
,,,,,486000,,,10.620622634887695,86.16378021240234,87.03768920898438,103.75760650634766,0.02,0.001
,,,,,486362,266.919,382,,,,,,
,,,,,486810,257.78973,448,,,,,,
,,,,,486983,273.2703,173,,,,,,
,,,,,487000,,,4.772191524505615,92.08785247802734,91.3092041015625,100.42578887939453,0.02,0.001
,,,,,487210,232.21083,227,,,,,,
,,,,,487674,206.94687,464,,,,,,
,,,,,487977,296.08926,303,,,,,,
,,,,,488000,,,10.582989692687988,67.98271179199219,67.53861999511719,79.84154510498047,0.02,0.001
,,,,,488381,227.81418,404,,,,,,
,,,,,488665,225.16132,284,,,,,,
,,,,,488902,231.16417,237,,,,,,
,,,,,489000,,,6.163645267486572,75.96404266357422,76.2548599243164,54.659603118896484,0.02,0.001
,,,,,489451,216.08109,549,,,,,,
,,,,,489795,278.17957,344,,,,,,
223.38847,83.715965,288.53305,-4.2099533,299.9,490000,,,12.690116882324219,85.00067138671875,84.16746520996094,168.6632843017578,0.02,0.001
,,,,,490078,228.4447,283,,,,,,
,,,,,490391,209.14348,313,,,,,,
,,,,,490709,289.64578,318,,,,,,
,,,,,490961,289.99747,252,,,,,,
,,,,,491000,,,9.628621101379395,84.8992691040039,84.81086730957031,68.8548583984375,0.02,0.001
,,,,,491133,33.87184,172,,,,,,
,,,,,491696,195.30212,563,,,,,,
,,,,,492000,,,2.3551862239837646,88.29470825195312,88.31459045410156,30.80915069580078,0.02,0.001
,,,,,492515,156.94281,819,,,,,,
,,,,,492728,267.93835,213,,,,,,
,,,,,492980,225.006,252,,,,,,
,,,,,493000,,,13.133894920349121,97.02860260009766,97.85276794433594,72.88175964355469,0.02,0.001
,,,,,493237,217.1909,257,,,,,,
,,,,,493442,283.9383,205,,,,,,
,,,,,493613,284.83923,171,,,,,,
,,,,,493945,290.15527,332,,,,,,
,,,,,494000,,,15.821264266967773,79.85908508300781,79.54190063476562,138.75741577148438,0.02,0.001
,,,,,494238,-208.19885,293,,,,,,
,,,,,494498,227.67316,260,,,,,,
,,,,,494978,259.74872,480,,,,,,
,,,,,495000,,,7.653797149658203,84.09520721435547,83.97309112548828,67.20576477050781,0.02,0.001
,,,,,495397,165.01341,419,,,,,,
,,,,,495714,284.76263,317,,,,,,
,,,,,495973,260.65054,259,,,,,,
,,,,,496000,,,6.720492839813232,80.5695571899414,79.86308288574219,77.21043395996094,0.02,0.001
,,,,,496189,246.0918,216,,,,,,
,,,,,496544,248.52711,355,,,,,,
,,,,,496892,270.911,348,,,,,,
,,,,,497000,,,2.9369587898254395,87.9579086303711,88.03543853759766,43.10559844970703,0.02,0.001
,,,,,497352,186.98419,460,,,,,,
,,,,,497550,270.03955,198,,,,,,
,,,,,497774,268.1077,224,,,,,,
,,,,,498000,,,16.72039794921875,83.89701080322266,84.05616760253906,86.66255187988281,0.02,0.001
,,,,,498072,241.71362,298,,,,,,
,,,,,498280,261.05176,208,,,,,,
,,,,,498529,241.03297,249,,,,,,
,,,,,498705,241.34364,176,,,,,,
,,,,,499000,,,12.267349243164062,92.06023406982422,91.90394592285156,96.49657440185547,0.02,0.001
,,,,,499289,214.64853,584,,,,,,
,,,,,499568,220.80556,279,,,,,,
,,,,,499811,280.93103,243,,,,,,
