Eval_AverageReturn,Eval_StdReturn,Eval_MaxReturn,Eval_MinReturn,Eval_AverageEpLen,step,Train_EpisodeReturn,Train_EpisodeLen,actor_loss,entropy,critic_loss,q_values,target_values,alpha,alpha_loss,actor_lr,critic_lr,temperature
-240.6511,77.01127,-151.5459,-386.58572,1000.0,0,,,,,,,,,,,,
,,,,,999,-229.5821,1000,,,,,,,,,,
,,,,,1999,-384.46875,1000,,,,,,,,,,
,,,,,2999,-229.48683,1000,,,,,,,,,,
,,,,,3999,-168.73242,1000,,,,,,,,,,
,,,,,4999,-161.92464,1000,,,,,,,,,,
-244.06668,46.773197,-185.85043,-358.06522,1000.0,5000,,,,,,,,,,,,
,,,,,5999,-178.00175,1000,,,,,,,,,,
,,,,,6999,-283.8097,1000,,,,,,,,,,
,,,,,7999,-313.17233,1000,,,,,,,,,,
,,,,,8999,-176.45105,1000,,,,,,,,,,
,,,,,9999,-309.14844,1000,,,,,,,,,,
-270.01883,83.20889,-109.84903,-392.69366,1000.0,10000,,,-0.36381712555885315,3.7708239555358887,0.4700925350189209,-0.029204323887825012,0.06649117171764374,0.09999999403953552,-22.608837127685547,0.0003,0.0003,0.09999001026153564
,,,,,10999,-245.61646,1000,,,,,,,,,,
,,,,,11000,,,-2.2035040855407715,2.247694730758667,0.34204185009002686,1.4027676582336426,1.3595237731933594,0.09079056233167648,-19.705970764160156,0.0003,0.0003,0.09078186005353928
,,,,,11999,-219.2094,1000,,,,,,,,,,
,,,,,12000,,,-3.1190574169158936,2.4104034900665283,0.5832642912864685,2.61867356300354,2.6514499187469482,0.08204922825098038,-21.2211971282959,0.0003,0.0003,0.08204097300767899
,,,,,12999,-238.61534,1000,,,,,,,,,,
,,,,,13000,,,-4.711495399475098,1.8995496034622192,0.5409911274909973,4.073653697967529,4.032683849334717,0.07455438375473022,-20.61817741394043,0.0003,0.0003,0.07454730570316315
,,,,,13999,-145.77325,1000,,,,,,,,,,
,,,,,14000,,,-6.8708624839782715,1.5308524370193481,0.4573991894721985,6.231402397155762,6.0907440185546875,0.0678122341632843,-20.768543243408203,0.0003,0.0003,0.06780578941106796
,,,,,14999,-188.13052,1000,,,,,,,,,,
-106.0576,22.80116,-64.545204,-132.87602,1000.0,15000,,,-8.366353988647461,1.1130074262619019,0.4826752245426178,7.610983848571777,7.617871284484863,0.061663419008255005,-19.62007713317871,0.0003,0.0003,0.06165754050016403
,,,,,15999,-23.91685,1000,,,,,,,,,,
,,,,,16000,,,-10.337706565856934,0.7731030583381653,0.49669066071510315,9.65475082397461,9.648764610290527,0.05604946240782738,-18.5798397064209,0.0003,0.0003,0.05604416877031326
,,,,,16999,61.629932,1000,,,,,,,,,,
,,,,,17000,,,-12.120220184326172,0.37623727321624756,0.5345034003257751,11.386435508728027,11.252442359924316,0.05101429671049118,-19.412660598754883,0.0003,0.0003,0.051009517163038254
,,,,,17999,189.12239,1000,,,,,,,,,,
,,,,,18000,,,-13.291607856750488,0.16605696082115173,0.4099728465080261,12.682385444641113,12.661775588989258,0.04641836881637573,-19.444875717163086,0.0003,0.0003,0.04641401022672653
,,,,,18999,631.1369,1000,,,,,,,,,,
,,,,,19000,,,-16.48766326904297,-0.6880072951316833,0.4078976511955261,15.944421768188477,16.004091262817383,0.04227954521775246,-16.48047637939453,0.0003,0.0003,0.04227563366293907
,,,,,19999,643.4652,1000,,,,,,,,,,
664.83453,240.27853,1091.2034,368.3112,1000.0,20000,,,-17.33812141418457,-1.6394294500350952,0.3924132287502289,16.656103134155273,16.675254821777344,0.03867444023489952,-14.644182205200195,0.0003,0.0003,0.038671184331178665
,,,,,20999,695.0601,1000,,,,,,,,,,
,,,,,21000,,,-21.031103134155273,-1.8510136604309082,0.5170763731002808,20.255569458007812,20.334016799926758,0.03554271161556244,-13.433911323547363,0.0003,0.0003,0.03553976118564606
,,,,,21999,446.22305,1000,,,,,,,,,,
,,,,,22000,,,-23.176034927368164,-2.6479294300079346,0.36250731348991394,22.321950912475586,22.350404739379883,0.032730236649513245,-11.276751518249512,0.0003,0.0003,0.03272748738527298
,,,,,22999,1330.6833,1000,,,,,,,,,,
,,,,,23000,,,-25.609249114990234,-3.3147356510162354,0.48509910702705383,24.84579849243164,24.933319091796875,0.030095098540186882,-10.620613098144531,0.0003,0.0003,0.030092637985944748
,,,,,23999,1142.9495,1000,,,,,,,,,,
,,,,,24000,,,-29.726919174194336,-3.875272274017334,0.47864004969596863,28.918222427368164,28.890714645385742,0.027766631916165352,-7.514575004577637,0.0003,0.0003,0.02776450105011463
,,,,,24999,1373.0281,1000,,,,,,,,,,
1304.2244,271.006,1511.7871,608.2381,1000.0,25000,,,-34.59331512451172,-3.534698486328125,0.5028507709503174,33.75566482543945,33.82154846191406,0.025646859779953957,-7.672294616699219,0.0003,0.0003,0.025644805282354355
,,,,,25999,1545.1587,1000,,,,,,,,,,
,,,,,26000,,,-38.98003387451172,-4.402616024017334,0.4878934323787689,38.076412200927734,37.960086822509766,0.02373463474214077,-6.921624183654785,0.0003,0.0003,0.023732738569378853
,,,,,26999,1760.5142,1000,,,,,,,,,,
,,,,,27000,,,-42.628318786621094,-5.022184371948242,0.5663511157035828,41.67390060424805,41.65542221069336,0.022157084196805954,-3.3571245670318604,0.0003,0.0003,0.022155869752168655
,,,,,27999,1290.7634,1000,,,,,,,,,,
,,,,,28000,,,-44.024391174316406,-5.692695617675781,0.465973436832428,43.10829544067383,43.06954574584961,0.020994286984205246,0.18992319703102112,0.0003,0.0003,0.02099335752427578
,,,,,28999,1954.1676,1000,,,,,,,,,,
,,,,,29000,,,-52.70569610595703,-6.028791904449463,0.5099422335624695,51.69233322143555,51.6944580078125,0.020253075286746025,-0.1381337195634842,0.0003,0.0003,0.02025279588997364
,,,,,29999,1096.939,1000,,,,,,,,,,
1865.7854,456.03516,2102.4106,507.08322,1000.0,30000,,,-56.48562240600586,-5.672733306884766,0.5674525499343872,55.506675720214844,55.4533805847168,0.020295418798923492,-0.7277023792266846,0.0003,0.0003,0.02029501646757126
,,,,,30999,2083.8364,1000,,,,,,,,,,
,,,,,31000,,,-60.764225006103516,-5.931731224060059,0.5558189153671265,59.831443786621094,59.90367126464844,0.020177790895104408,0.0363621860742569,0.0003,0.0003,0.020177623257040977
,,,,,31999,2047.2174,1000,,,,,,,,,,
,,,,,32000,,,-69.43299102783203,-6.114777565002441,0.6824217438697815,68.45964813232422,68.4180908203125,0.020617276430130005,-1.0621771812438965,0.0003,0.0003,0.020617075264453888
,,,,,32999,2191.795,1000,,,,,,,,,,
,,,,,33000,,,-67.6910171508789,-5.967028617858887,0.8102911710739136,66.71824645996094,66.83575439453125,0.020983269438147545,-0.3863855004310608,0.0003,0.0003,0.020984109491109848
,,,,,33999,2225.6094,1000,,,,,,,,,,
,,,,,34000,,,-76.1688003540039,-5.788444995880127,0.5368105173110962,75.24752807617188,75.21370697021484,0.021685542538762093,-1.8181912899017334,0.0003,0.0003,0.021685950458049774
,,,,,34999,1735.8057,1000,,,,,,,,,,
2321.2627,37.045498,2403.8528,2285.1575,1000.0,35000,,,-81.59290313720703,-6.194831848144531,0.6954693794250488,80.3669204711914,80.41690063476562,0.02260582521557808,0.20755402743816376,0.0003,0.0003,0.022606659680604935
,,,,,35999,2359.6985,1000,,,,,,,,,,
,,,,,36000,,,-86.5934066772461,-5.814720153808594,0.579382061958313,85.62206268310547,85.48914337158203,0.02291041798889637,-0.4989814758300781,0.0003,0.0003,0.022910330444574356
,,,,,36999,2460.3684,1000,,,,,,,,,,
,,,,,37000,,,-94.06138610839844,-5.711301326751709,0.5740018486976624,93.12581634521484,93.1021728515625,0.02325599454343319,-1.7210084199905396,0.0003,0.0003,0.023255595937371254
,,,,,37999,2340.9167,1000,,,,,,,,,,
,,,,,38000,,,-96.25717163085938,-6.171559810638428,0.507749617099762,95.14456176757812,95.15784454345703,0.023550912737846375,0.51783686876297,0.0003,0.0003,0.02355150692164898
,,,,,38999,1889.1841,1000,,,,,,,,,,
,,,,,39000,,,-103.08905029296875,-6.2362565994262695,0.7630001902580261,101.95835876464844,102.0435562133789,0.023693565279245377,-0.3512631356716156,0.0003,0.0003,0.023693637922406197
,,,,,39999,2567.294,1000,,,,,,,,,,
2708.5774,47.18799,2776.9316,2622.921,1000.0,40000,,,-105.94361877441406,-6.40515661239624,0.6746019124984741,104.95880889892578,104.80140686035156,0.02414076030254364,1.6406320333480835,0.0003,0.0003,0.024140615016222
,,,,,40999,2638.1924,1000,,,,,,,,,,
,,,,,41000,,,-108.68248748779297,-6.160198211669922,0.755397379398346,107.888427734375,107.9018783569336,0.024592772126197815,1.1513915061950684,0.0003,0.0003,0.024594249203801155
,,,,,41999,2668.9006,1000,,,,,,,,,,
,,,,,42000,,,-116.23001098632812,-5.730863094329834,0.7415401935577393,115.14559936523438,115.2213134765625,0.024934561923146248,0.3777950406074524,0.0003,0.0003,0.024934448301792145
,,,,,42999,2667.9294,1000,,,,,,,,,,
,,,,,43000,,,-114.36698913574219,-6.062380313873291,0.46556365489959717,113.32546997070312,113.24209594726562,0.0253264382481575,0.525005578994751,0.0003,0.0003,0.02532702498137951
,,,,,43999,2694.8892,1000,,,,,,,,,,
,,,,,44000,,,-122.52604675292969,-6.002976417541504,0.6479911804199219,121.47193908691406,121.49066925048828,0.026030661538243294,0.33033448457717896,0.0003,0.0003,0.026032498106360435
,,,,,44999,2743.5642,1000,,,,,,,,,,
2423.5059,655.4234,2807.496,720.17175,1000.0,45000,,,-127.4883804321289,-5.747502326965332,0.6144535541534424,126.46128845214844,126.3597183227539,0.026719167828559875,-1.446927785873413,0.0003,0.0003,0.02671911008656025
,,,,,45999,2796.7102,1000,,,,,,,,,,
,,,,,46000,,,-130.77169799804688,-5.9769287109375,0.5019522309303284,129.86187744140625,129.89402770996094,0.027673590928316116,-0.23644661903381348,0.0003,0.0003,0.02767503634095192
,,,,,46999,2823.2966,1000,,,,,,,,,,
,,,,,47000,,,-137.87884521484375,-6.116360664367676,0.5398869514465332,136.83773803710938,136.84315490722656,0.02828163281083107,-0.25662875175476074,0.0003,0.0003,0.02828042581677437
,,,,,47999,2922.643,1000,,,,,,,,,,
,,,,,48000,,,-145.3392791748047,-5.978543281555176,0.6504995226860046,144.17694091796875,144.15203857421875,0.028972918167710304,-0.39996615052223206,0.0003,0.0003,0.02897324226796627
,,,,,48999,381.28555,1000,,,,,,,,,,
,,,,,49000,,,-140.97308349609375,-5.892021179199219,0.710399866104126,139.8158416748047,139.88470458984375,0.02928658202290535,-0.3472173810005188,0.0003,0.0003,0.02928495593369007
,,,,,49999,2983.1497,1000,,,,,,,,,,
3051.8757,31.125444,3102.7947,3003.81,1000.0,50000,,,-152.0480194091797,-6.0400238037109375,0.5123222470283508,150.7365264892578,150.73538208007812,0.028613343834877014,0.39124032855033875,0.0003,0.0003,0.02861287258565426
,,,,,50999,3051.7988,1000,,,,,,,,,,
,,,,,51000,,,-156.11508178710938,-5.889543056488037,0.4222966432571411,155.06149291992188,155.01364135742188,0.028036465868353844,-0.7466622591018677,0.0003,0.0003,0.028036151081323624
,,,,,51999,3016.6936,1000,,,,,,,,,,
,,,,,52000,,,-156.0760955810547,-5.647536277770996,0.539295494556427,155.14657592773438,155.23304748535156,0.027898885309696198,-1.0690199136734009,0.0003,0.0003,0.02789798006415367
,,,,,52999,3071.1443,1000,,,,,,,,,,
,,,,,53000,,,-169.32200622558594,-6.244100570678711,0.6616877317428589,168.25131225585938,168.03082275390625,0.028537018224596977,0.632858395576477,0.0003,0.0003,0.028536951169371605
,,,,,53999,3177.1035,1000,,,,,,,,,,
,,,,,54000,,,-164.8722686767578,-6.341032981872559,0.6635943055152893,163.61074829101562,163.6109619140625,0.0292445570230484,1.5932544469833374,0.0003,0.0003,0.029244709759950638
,,,,,54999,3162.0637,1000,,,,,,,,,,
3185.3389,49.15119,3241.0781,3084.9102,1000.0,55000,,,-170.65086364746094,-6.386277198791504,0.7731443643569946,169.47080993652344,169.52854919433594,0.029780449345707893,1.498584270477295,0.0003,0.0003,0.02978280745446682
,,,,,55999,3130.5867,1000,,,,,,,,,,
,,,,,56000,,,-167.02500915527344,-6.086124897003174,0.7221339344978333,165.93865966796875,165.9177703857422,0.03028000332415104,0.9446365833282471,0.0003,0.0003,0.030280357226729393
,,,,,56999,3103.1848,1000,,,,,,,,,,
,,,,,57000,,,-180.24722290039062,-5.888548851013184,0.5972301363945007,179.25364685058594,179.29074096679688,0.030962375923991203,-0.32208260893821716,0.0003,0.0003,0.030963674187660217
,,,,,57999,3211.204,1000,,,,,,,,,,
,,,,,58000,,,-183.2169189453125,-5.9606804847717285,0.7904249429702759,182.23809814453125,182.2974853515625,0.03154134750366211,-0.08407189697027206,0.0003,0.0003,0.031542520970106125
,,,,,58999,3200.081,1000,,,,,,,,,,
,,,,,59000,,,-186.08982849121094,-6.090397834777832,0.6030145883560181,185.0614471435547,185.03977966308594,0.03204478323459625,-1.0065569877624512,0.0003,0.0003,0.03204524889588356
,,,,,59999,3235.9292,1000,,,,,,,,,,
3256.4478,32.336834,3313.9102,3204.799,1000.0,60000,,,-189.4117889404297,-5.627476692199707,0.594704270362854,188.58238220214844,188.4964599609375,0.032845258712768555,-0.8401937484741211,0.0003,0.0003,0.032844528555870056
,,,,,60999,3217.8855,1000,,,,,,,,,,
,,,,,61000,,,-190.38897705078125,-6.4450907707214355,0.631358802318573,189.17820739746094,189.21693420410156,0.03358781710267067,1.5193772315979004,0.0003,0.0003,0.033590249717235565
,,,,,61999,3262.8345,1000,,,,,,,,,,
,,,,,62000,,,-197.39942932128906,-6.273585319519043,0.5888410210609436,196.0960235595703,196.00112915039062,0.03453391045331955,1.3892066478729248,0.0003,0.0003,0.03453508019447327
,,,,,62999,3309.6116,1000,,,,,,,,,,
,,,,,63000,,,-201.66946411132812,-5.897848129272461,0.6383933424949646,200.536865234375,200.61973571777344,0.03540370613336563,0.17259061336517334,0.0003,0.0003,0.035403233021497726
,,,,,63999,3389.279,1000,,,,,,,,,,
,,,,,64000,,,-204.37899780273438,-6.176680564880371,0.6681708693504333,203.10971069335938,203.17904663085938,0.035894230008125305,1.3419634103775024,0.0003,0.0003,0.03589613735675812
,,,,,64999,2754.1094,1000,,,,,,,,,,
3319.2688,43.37108,3398.4124,3256.9531,1000.0,65000,,,-209.59463500976562,-5.916099548339844,0.6279827356338501,208.33535766601562,208.42430114746094,0.036722589284181595,-0.9913055896759033,0.0003,0.0003,0.03672274574637413
,,,,,65999,3322.6587,1000,,,,,,,,,,
,,,,,66000,,,-216.76377868652344,-6.579565525054932,0.8997631072998047,215.63470458984375,215.51502990722656,0.03652819246053696,1.94778311252594,0.0003,0.0003,0.03652779012918472
,,,,,66999,3223.1519,1000,,,,,,,,,,
,,,,,67000,,,-222.14822387695312,-5.897041320800781,0.837996244430542,221.14463806152344,221.08047485351562,0.035094212740659714,0.2772459387779236,0.0003,0.0003,0.03509363532066345
,,,,,67999,3323.3965,1000,,,,,,,,,,
,,,,,68000,,,-220.74583435058594,-6.287680625915527,1.2376987934112549,219.51148986816406,219.53805541992188,0.03448396921157837,1.255280613899231,0.0003,0.0003,0.03448466956615448
,,,,,68999,3243.3818,1000,,,,,,,,,,
,,,,,69000,,,-224.43910217285156,-6.081615447998047,1.8611738681793213,223.3592987060547,223.29075622558594,0.03448155149817467,-0.09320619702339172,0.0003,0.0003,0.03448259085416794
,,,,,69999,3451.1472,1000,,,,,,,,,,
3484.9688,48.05148,3558.4595,3365.2222,1000.0,70000,,,-225.866455078125,-5.877624988555908,0.7768590450286865,224.63912963867188,224.78887939453125,0.03442284092307091,0.05689430236816406,0.0003,0.0003,0.03442182019352913
,,,,,70999,3383.88,1000,,,,,,,,,,
,,,,,71000,,,-227.51956176757812,-6.095861911773682,0.5894399881362915,226.59695434570312,226.56539916992188,0.03493369743227959,0.09728427231311798,0.0003,0.0003,0.034934788942337036
,,,,,71999,3402.8384,1000,,,,,,,,,,
,,,,,72000,,,-231.62135314941406,-5.717345237731934,0.47704270482063293,230.68150329589844,230.7111053466797,0.03598317876458168,0.3621554970741272,0.0003,0.0003,0.035985067486763
,,,,,72999,3438.657,1000,,,,,,,,,,
,,,,,73000,,,-240.96807861328125,-6.260468482971191,0.7622201442718506,239.873291015625,239.9104766845703,0.03642214834690094,0.8197587728500366,0.0003,0.0003,0.03642170503735542
,,,,,73999,3462.4407,1000,,,,,,,,,,
,,,,,74000,,,-239.23719787597656,-6.034507751464844,0.6458079814910889,238.20291137695312,238.28782653808594,0.037108417600393295,0.33990225195884705,0.0003,0.0003,0.03711085021495819
,,,,,74999,3397.3176,1000,,,,,,,,,,
3258.5837,390.1033,3413.6106,2090.3748,1000.0,75000,,,-244.83908081054688,-6.134925365447998,0.6524617671966553,243.94635009765625,243.9523468017578,0.038222648203372955,0.2537987530231476,0.0003,0.0003,0.03822612017393112
,,,,,75999,3375.3364,1000,,,,,,,,,,
,,,,,76000,,,-238.68775939941406,-6.040101051330566,0.6878634095191956,237.52407836914062,237.5683135986328,0.039250802248716354,0.38234421610832214,0.0003,0.0003,0.03925151377916336
,,,,,76999,3452.03,1000,,,,,,,,,,
,,,,,77000,,,-250.4093017578125,-6.188007831573486,0.69444739818573,249.14263916015625,249.17184448242188,0.04029121622443199,1.0889403820037842,0.0003,0.0003,0.040292561054229736
,,,,,77999,3516.3438,1000,,,,,,,,,,
,,,,,78000,,,-247.5100860595703,-6.265533447265625,1.1096991300582886,246.48367309570312,246.57603454589844,0.04188941419124603,0.8804676532745361,0.0003,0.0003,0.041890084743499756
,,,,,78999,3510.8726,1000,,,,,,,,,,
,,,,,79000,,,-250.4992218017578,-6.131492614746094,1.0602160692214966,249.34226989746094,249.40679931640625,0.0430447943508625,-0.42227521538734436,0.0003,0.0003,0.043046578764915466
,,,,,79999,3576.5835,1000,,,,,,,,,,
3545.2183,30.696503,3591.4626,3487.9482,1000.0,80000,,,-256.895751953125,-6.064253807067871,0.8512660264968872,255.538818359375,255.25318908691406,0.04423495754599571,0.5578156113624573,0.0003,0.0003,0.04423563554883003
,,,,,80999,3558.5698,1000,,,,,,,,,,
,,,,,81000,,,-257.089111328125,-5.833107948303223,0.9420984387397766,256.02813720703125,256.13641357421875,0.04520652815699577,0.26315760612487793,0.0003,0.0003,0.04520796239376068
,,,,,81999,3550.5808,1000,,,,,,,,,,
,,,,,82000,,,-262.8921813964844,-6.0356645584106445,0.9008382558822632,261.69586181640625,261.6409912109375,0.0462787039577961,-0.11297363042831421,0.0003,0.0003,0.046278394758701324
,,,,,82999,1994.3519,1000,,,,,,,,,,
,,,,,83000,,,-266.8694763183594,-5.717833995819092,1.4424740076065063,265.7935791015625,265.62457275390625,0.04726741090416908,0.3400341272354126,0.0003,0.0003,0.04726431146264076
,,,,,83999,3619.7864,1000,,,,,,,,,,
,,,,,84000,,,-263.117919921875,-5.52065896987915,1.457457184791565,262.03692626953125,262.01214599609375,0.04416021704673767,-0.924264132976532,0.0003,0.0003,0.04415661469101906
,,,,,84999,3592.6118,1000,,,,,,,,,,
3606.0437,36.17679,3662.552,3532.2336,1000.0,85000,,,-264.72369384765625,-5.221173286437988,0.8006181716918945,263.8014831542969,263.82586669921875,0.04052753746509552,-2.360177993774414,0.0003,0.0003,0.04052417352795601
,,,,,85999,3667.6187,1000,,,,,,,,,,
,,,,,86000,,,-269.78741455078125,-5.5117902755737305,0.716652512550354,268.85443115234375,268.9453125,0.038455020636320114,-1.3581286668777466,0.0003,0.0003,0.038452282547950745
,,,,,86999,3651.8123,1000,,,,,,,,,,
,,,,,87000,,,-270.9655456542969,-6.415572643280029,0.7011423707008362,269.8840026855469,270.0168762207031,0.037283483892679214,0.9003111124038696,0.0003,0.0003,0.03728384152054787
,,,,,87999,3596.4995,1000,,,,,,,,,,
,,,,,88000,,,-274.8038330078125,-5.943180084228516,0.714138388633728,273.8014221191406,273.81903076171875,0.03703205659985542,0.317538321018219,0.0003,0.0003,0.03703263774514198
,,,,,88999,3715.2717,1000,,,,,,,,,,
,,,,,89000,,,-271.59124755859375,-6.01799201965332,0.7670832872390747,270.6990051269531,270.6653137207031,0.037431761622428894,0.1000882089138031,0.0003,0.0003,0.037432264536619186
,,,,,89999,3729.1836,1000,,,,,,,,,,
3800.3667,57.75156,3869.4082,3660.9558,1000.0,90000,,,-277.3318786621094,-6.326241493225098,0.6173225045204163,276.3075866699219,276.423583984375,0.038159530609846115,0.8214426636695862,0.0003,0.0003,0.03816225007176399
,,,,,90999,2404.7861,1000,,,,,,,,,,
,,,,,91000,,,-276.9125061035156,-6.351805686950684,0.8888723850250244,276.02032470703125,275.96417236328125,0.038615066558122635,0.9336901307106018,0.0003,0.0003,0.038616422563791275
,,,,,91999,3542.508,1000,,,,,,,,,,
,,,,,92000,,,-286.8056335449219,-6.718533992767334,0.6819559335708618,285.76300048828125,285.6760559082031,0.03890778124332428,1.3519232273101807,0.0003,0.0003,0.03890829160809517
,,,,,92999,3819.9448,1000,,,,,,,,,,
,,,,,93000,,,-278.2831726074219,-6.253616809844971,0.6269576549530029,277.37908935546875,277.2855529785156,0.03892926126718521,1.1171926259994507,0.0003,0.0003,0.0389297790825367
,,,,,93999,3745.3157,1000,,,,,,,,,,
,,,,,94000,,,-288.9368591308594,-6.537216663360596,0.5818552374839783,287.9722900390625,287.9548034667969,0.03913477435708046,1.993924617767334,0.0003,0.0003,0.03913646191358566
,,,,,94999,3720.916,1000,,,,,,,,,,
3871.6094,34.174816,3928.6562,3819.2925,1000.0,95000,,,-288.9961242675781,-5.904021739959717,0.808628499507904,288.0601806640625,288.2035217285156,0.03951521962881088,-1.1503620147705078,0.0003,0.0003,0.03951489180326462
,,,,,95999,3830.437,1000,,,,,,,,,,
,,,,,96000,,,-286.8502502441406,-5.681559085845947,0.6841973662376404,286.0205078125,286.05206298828125,0.03958168625831604,-1.2342900037765503,0.0003,0.0003,0.03958134725689888
,,,,,96999,3806.0364,1000,,,,,,,,,,
,,,,,97000,,,-291.1824951171875,-5.97775936126709,0.6476951241493225,290.3259582519531,290.3177185058594,0.040117595344781876,0.08008988201618195,0.0003,0.0003,0.0401180163025856
,,,,,97999,3891.3857,1000,,,,,,,,,,
,,,,,98000,,,-297.2032775878906,-5.837100028991699,0.984220027923584,295.93658447265625,296.1372985839844,0.040803391486406326,0.16019198298454285,0.0003,0.0003,0.040803369134664536
,,,,,98999,3882.5127,1000,,,,,,,,,,
,,,,,99000,,,-292.5894470214844,-6.075483322143555,0.7769247889518738,291.6904296875,291.54193115234375,0.041707057505846024,-0.4218815565109253,0.0003,0.0003,0.04170998930931091
,,,,,99999,3847.9773,1000,,,,,,,,,,
3789.7454,520.6194,4017.0205,2231.1824,1000.0,100000,,,-304.57720947265625,-6.094113349914551,0.733110785484314,303.71142578125,303.6401062011719,0.04271532595157623,0.25298628211021423,0.0003,0.0003,0.0427168533205986
,,,,,100999,3911.2031,1000,,,,,,,,,,
,,,,,101000,,,-297.62847900390625,-6.192989349365234,0.7516684532165527,296.7012023925781,296.7117614746094,0.044879548251628876,-0.33333179354667664,0.0003,0.0003,0.044882241636514664
,,,,,101999,3945.6875,1000,,,,,,,,,,
,,,,,102000,,,-298.4651184082031,-6.193502426147461,0.9287285804748535,297.24273681640625,297.26641845703125,0.04684820771217346,-0.016551047563552856,0.0003,0.0003,0.04684891179203987
,,,,,102999,3898.2295,1000,,,,,,,,,,
,,,,,103000,,,-300.7981262207031,-6.234891414642334,1.0594227313995361,299.76812744140625,299.7103271484375,0.04939040169119835,0.14774620532989502,0.0003,0.0003,0.04939237982034683
,,,,,103999,3833.7124,1000,,,,,,,,,,
,,,,,104000,,,-296.4578552246094,-6.236403942108154,1.7376384735107422,295.20294189453125,295.2267761230469,0.05153072252869606,0.15885433554649353,0.0003,0.0003,0.05153154581785202
,,,,,104999,3912.8816,1000,,,,,,,,,,
4034.134,25.451365,4075.4788,3994.3877,1000.0,105000,,,-301.3717346191406,-5.937874794006348,1.4934413433074951,300.1501159667969,300.1978454589844,0.05297335982322693,-0.1085110604763031,0.0003,0.0003,0.05297534540295601
,,,,,105999,4000.1975,1000,,,,,,,,,,
,,,,,106000,,,-308.03985595703125,-6.115033149719238,1.2892017364501953,306.9110107421875,306.9466247558594,0.05391702055931091,1.2625387907028198,0.0003,0.0003,0.05391678959131241
,,,,,106999,3983.2256,1000,,,,,,,,,,
,,,,,107000,,,-309.1495361328125,-5.918557167053223,1.1285678148269653,308.0599365234375,307.7985534667969,0.05402708053588867,0.3627251088619232,0.0003,0.0003,0.054027918726205826
,,,,,107999,3990.1646,1000,,,,,,,,,,
,,,,,108000,,,-313.78973388671875,-5.88101863861084,1.1351838111877441,312.78546142578125,312.83648681640625,0.05338698998093605,-1.0481221675872803,0.0003,0.0003,0.053383708000183105
,,,,,108999,4032.9016,1000,,,,,,,,,,
,,,,,109000,,,-311.8949279785156,-5.878044128417969,0.8737284541130066,311.0088195800781,310.8902282714844,0.0525243878364563,-0.35466575622558594,0.0003,0.0003,0.05252078175544739
,,,,,109999,4044.8225,1000,,,,,,,,,,
4090.08,74.49699,4143.9175,3878.798,1000.0,110000,,,-310.68511962890625,-5.919279098510742,1.2147982120513916,309.694091796875,309.88446044921875,0.05311297997832298,-0.6027011871337891,0.0003,0.0003,0.0531139150261879
,,,,,110999,4131.9927,1000,,,,,,,,,,
,,,,,111000,,,-321.77972412109375,-5.813966751098633,0.9987287521362305,320.6263732910156,320.7872314453125,0.054034654051065445,-0.2795444428920746,0.0003,0.0003,0.054033584892749786
,,,,,111999,4161.4927,1000,,,,,,,,,,
,,,,,112000,,,-314.0020446777344,-6.4207844734191895,0.9435995817184448,312.7916259765625,312.8133850097656,0.054698601365089417,1.1847599744796753,0.0003,0.0003,0.054700229316949844
,,,,,112999,4181.4272,1000,,,,,,,,,,
,,,,,113000,,,-326.865966796875,-5.875899314880371,1.2964556217193604,325.88201904296875,325.7279357910156,0.055626556277275085,0.09037555009126663,0.0003,0.0003,0.055626168847084045
,,,,,113999,4188.051,1000,,,,,,,,,,
,,,,,114000,,,-324.5821838378906,-5.623234272003174,1.328858733177185,323.6895751953125,323.5169982910156,0.05699526518583298,-0.5411686301231384,0.0003,0.0003,0.05699337646365166
,,,,,114999,4167.4146,1000,,,,,,,,,,
4143.667,49.85925,4211.2935,4048.8228,1000.0,115000,,,-330.2961730957031,-6.011910915374756,1.0131162405014038,329.3046569824219,329.23907470703125,0.057964447885751724,-1.113825798034668,0.0003,0.0003,0.05796469748020172
,,,,,115999,4176.3945,1000,,,,,,,,,,
,,,,,116000,,,-327.72125244140625,-6.222084999084473,0.9275928139686584,326.568359375,326.5768127441406,0.05758101865649223,0.11284524202346802,0.0003,0.0003,0.057577766478061676
,,,,,116999,4268.054,1000,,,,,,,,,,
,,,,,117000,,,-335.70751953125,-6.043747901916504,0.8266729116439819,334.9700012207031,335.0252380371094,0.05710428208112717,-0.8261897563934326,0.0003,0.0003,0.05710453912615776
,,,,,117999,4205.1777,1000,,,,,,,,,,
,,,,,118000,,,-335.5362243652344,-6.119133949279785,0.85116046667099,334.48980712890625,334.4487609863281,0.05671755224466324,-0.37767183780670166,0.0003,0.0003,0.05671679228544235
,,,,,118999,4245.0317,1000,,,,,,,,,,
,,,,,119000,,,-330.5328674316406,-5.484827518463135,1.0048213005065918,329.4510498046875,329.27471923828125,0.05599270761013031,-1.1490905284881592,0.0003,0.0003,0.05598846450448036
,,,,,119999,4249.6816,1000,,,,,,,,,,
4263.728,32.65825,4307.6406,4223.0723,1000.0,120000,,,-335.36468505859375,-6.025876522064209,0.9086969494819641,334.35711669921875,334.2438659667969,0.054922230541706085,-0.18953095376491547,0.0003,0.0003,0.054921746253967285
,,,,,120999,4127.788,1000,,,,,,,,,,
,,,,,121000,,,-334.14471435546875,-5.702028274536133,0.8418689370155334,333.07928466796875,333.1103515625,0.054857946932315826,-0.2670260965824127,0.0003,0.0003,0.054858796298503876
,,,,,121999,4239.3384,1000,,,,,,,,,,
,,,,,122000,,,-342.2709045410156,-6.853174209594727,0.8898865580558777,341.1249694824219,341.08380126953125,0.05434548109769821,1.0708863735198975,0.0003,0.0003,0.05434846132993698
,,,,,122999,4212.1543,1000,,,,,,,,,,
,,,,,123000,,,-347.86773681640625,-6.045085430145264,0.7745827436447144,347.1710510253906,347.2388000488281,0.0536726675927639,0.7758530378341675,0.0003,0.0003,0.053672756999731064
,,,,,123999,4315.044,1000,,,,,,,,,,
,,,,,124000,,,-339.9222412109375,-6.342860698699951,0.8743574619293213,338.7407531738281,338.8957214355469,0.053859833627939224,0.5561295747756958,0.0003,0.0003,0.053861748427152634
,,,,,124999,4362.17,1000,,,,,,,,,,
4324.3926,45.6622,4376.962,4216.1143,1000.0,125000,,,-336.1621398925781,-6.413599014282227,0.978909969329834,335.08148193359375,334.9532165527344,0.05523323640227318,1.764575481414795,0.0003,0.0003,0.055238477885723114
,,,,,125999,4284.3193,1000,,,,,,,,,,
,,,,,126000,,,-342.4693298339844,-6.075891017913818,0.9028276205062866,341.5997619628906,341.4871826171875,0.05611253157258034,0.469776451587677,0.0003,0.0003,0.056112904101610184
,,,,,126999,4275.7246,1000,,,,,,,,,,
,,,,,127000,,,-336.2582092285156,-6.211760520935059,0.8908401131629944,335.3374938964844,335.24664306640625,0.05673079192638397,0.4533718526363373,0.0003,0.0003,0.056730762124061584
,,,,,127999,4361.7803,1000,,,,,,,,,,
,,,,,128000,,,-345.54425048828125,-6.345771789550781,0.8900366425514221,344.33929443359375,344.3697814941406,0.05739833787083626,0.11549964547157288,0.0003,0.0003,0.05739573761820793
,,,,,128999,4347.276,1000,,,,,,,,,,
,,,,,129000,,,-349.42803955078125,-6.202279090881348,0.820332944393158,348.11737060546875,348.15185546875,0.05738341063261032,0.5244889259338379,0.0003,0.0003,0.05738347768783569
,,,,,129999,4367.62,1000,,,,,,,,,,
4018.0984,822.5839,4368.194,1557.8503,1000.0,130000,,,-356.7211608886719,-6.2281060218811035,0.7461373209953308,355.6328430175781,355.6004638671875,0.058384232223033905,0.31933826208114624,0.0003,0.0003,0.058384884148836136
,,,,,130999,4370.2524,1000,,,,,,,,,,
,,,,,131000,,,-356.68072509765625,-6.108429431915283,0.7309966683387756,355.6875,355.7322998046875,0.05853714421391487,0.62718665599823,0.0003,0.0003,0.05853736773133278
,,,,,131999,4349.3555,1000,,,,,,,,,,
,,,,,132000,,,-351.9016418457031,-6.256352424621582,0.9993801116943359,350.6205139160156,350.6583251953125,0.05886729061603546,1.806032419204712,0.0003,0.0003,0.05886780843138695
,,,,,132999,4428.387,1000,,,,,,,,,,
,,,,,133000,,,-352.6316223144531,-5.633148670196533,0.838118314743042,351.595947265625,351.80328369140625,0.05931800231337547,-0.7740134000778198,0.0003,0.0003,0.05931515991687775
,,,,,133999,4429.1934,1000,,,,,,,,,,
,,,,,134000,,,-350.6675109863281,-5.7819719314575195,1.1791447401046753,349.7735900878906,349.8257141113281,0.05955309048295021,0.3495699167251587,0.0003,0.0003,0.05955331772565842
,,,,,134999,4436.915,1000,,,,,,,,,,
4081.7793,1065.0203,4507.0337,890.5758,1000.0,135000,,,-359.0245666503906,-5.839756011962891,0.7114423513412476,357.72869873046875,357.79302978515625,0.059754639863967896,0.009973421692848206,0.0003,0.0003,0.059754084795713425
,,,,,135999,4487.562,1000,,,,,,,,,,
,,,,,136000,,,-361.1651916503906,-6.00595235824585,0.8041961193084717,359.987548828125,360.13653564453125,0.06060958281159401,-0.0829572081565857,0.0003,0.0003,0.06061138957738876
,,,,,136999,4367.9487,1000,,,,,,,,,,
,,,,,137000,,,-369.61090087890625,-6.265316963195801,0.7521177530288696,368.5699462890625,368.48028564453125,0.061678651720285416,-0.42140746116638184,0.0003,0.0003,0.061678446829319
,,,,,137999,4444.287,1000,,,,,,,,,,
,,,,,138000,,,-365.87066650390625,-5.564449310302734,0.9255588054656982,364.706298828125,364.687744140625,0.06183074787259102,-0.6994451284408569,0.0003,0.0003,0.06182987615466118
,,,,,138999,4504.96,1000,,,,,,,,,,
,,,,,139000,,,-365.80120849609375,-5.764964580535889,1.0514978170394897,364.8092346191406,364.7598571777344,0.062057726085186005,0.4026895761489868,0.0003,0.0003,0.062060315161943436
,,,,,139999,4523.378,1000,,,,,,,,,,
4450.064,36.95228,4498.0376,4386.4224,1000.0,140000,,,-373.3719177246094,-6.541053295135498,0.7452480792999268,372.526611328125,372.5796813964844,0.061914168298244476,0.5057171583175659,0.0003,0.0003,0.061918165534734726
,,,,,140999,4494.8564,1000,,,,,,,,,,
,,,,,141000,,,-365.0000915527344,-6.0282697677612305,1.0760234594345093,363.77886962890625,363.6832580566406,0.061736781150102615,0.35727760195732117,0.0003,0.0003,0.06173800304532051
,,,,,141999,3601.8806,1000,,,,,,,,,,
,,,,,142000,,,-365.90496826171875,-5.96926212310791,0.885130763053894,364.95220947265625,364.9095458984375,0.06149113550782204,0.6549921631813049,0.0003,0.0003,0.0614929273724556
,,,,,142999,4569.192,1000,,,,,,,,,,
,,,,,143000,,,-371.07647705078125,-5.6542277336120605,1.5430278778076172,370.12237548828125,369.911376953125,0.06083086133003235,-1.2289960384368896,0.0003,0.0003,0.06082935258746147
,,,,,143999,4562.501,1000,,,,,,,,,,
,,,,,144000,,,-366.33575439453125,-6.00293493270874,0.973499059677124,365.3070983886719,365.2563171386719,0.059557605534791946,0.6554696559906006,0.0003,0.0003,0.059558670967817307
,,,,,144999,4576.8354,1000,,,,,,,,,,
4542.2593,87.02079,4595.0537,4286.431,1000.0,145000,,,-367.4565734863281,-6.465236663818359,1.3022264242172241,366.5917663574219,366.671875,0.05885181203484535,1.3810088634490967,0.0003,0.0003,0.05885086953639984
,,,,,145999,4629.3965,1000,,,,,,,,,,
,,,,,146000,,,-370.8919982910156,-5.531153678894043,0.827279806137085,369.89031982421875,369.9679870605469,0.05805801600217819,-1.2726666927337646,0.0003,0.0003,0.058055371046066284
,,,,,146999,4597.3203,1000,,,,,,,,,,
,,,,,147000,,,-376.5091247558594,-5.6738176345825195,0.9203305840492249,375.59649658203125,375.64288330078125,0.057531069964170456,-0.6861686706542969,0.0003,0.0003,0.05753053352236748
,,,,,147999,4402.899,1000,,,,,,,,,,
,,,,,148000,,,-374.773681640625,-6.335860729217529,1.297763466835022,373.5927734375,373.8563232421875,0.058444101363420486,0.707926869392395,0.0003,0.0003,0.058442529290914536
,,,,,148999,4586.192,1000,,,,,,,,,,
,,,,,149000,,,-380.3443603515625,-6.417977333068848,0.8686487078666687,379.57427978515625,379.6288146972656,0.05960141494870186,-0.13410049676895142,0.0003,0.0003,0.059604041278362274
,,,,,149999,4617.0913,1000,,,,,,,,,,
4669.471,32.317917,4741.229,4627.3345,1000.0,150000,,,-380.10394287109375,-5.828444480895996,0.8832195997238159,379.2001647949219,378.9515075683594,0.06090477108955383,-0.28267037868499756,0.0003,0.0003,0.060906294733285904
,,,,,150999,4625.0435,1000,,,,,,,,,,
,,,,,151000,,,-378.57916259765625,-6.234291076660156,1.2203104496002197,377.6888427734375,377.7935791015625,0.061842747032642365,0.8912366032600403,0.0003,0.0003,0.06184374913573265
,,,,,151999,4647.3584,1000,,,,,,,,,,
,,,,,152000,,,-388.14337158203125,-6.038365364074707,0.9381606578826904,387.1646728515625,387.18841552734375,0.062202565371990204,1.0083067417144775,0.0003,0.0003,0.06220744550228119
,,,,,152999,4653.058,1000,,,,,,,,,,
,,,,,153000,,,-380.492919921875,-6.167629718780518,1.2071807384490967,379.3460693359375,379.3223876953125,0.06304578483104706,0.5944364070892334,0.0003,0.0003,0.06304727494716644
,,,,,153999,4572.7524,1000,,,,,,,,,,
,,,,,154000,,,-378.60968017578125,-5.655412673950195,2.027157783508301,377.609375,377.4165344238281,0.06335104256868362,-0.8739546537399292,0.0003,0.0003,0.06335070729255676
,,,,,154999,4700.547,1000,,,,,,,,,,
4683.808,43.448544,4741.3184,4603.0547,1000.0,155000,,,-380.4008483886719,-6.07749605178833,1.2660393714904785,379.002685546875,378.9704895019531,0.0640784278512001,0.20118236541748047,0.0003,0.0003,0.06407801806926727
,,,,,155999,4680.8647,1000,,,,,,,,,,
,,,,,156000,,,-386.4938659667969,-5.999989032745361,1.1218477487564087,385.4871826171875,385.38995361328125,0.06548760086297989,0.9513852000236511,0.0003,0.0003,0.06548569351434708
,,,,,156999,4680.1187,1000,,,,,,,,,,
,,,,,157000,,,-385.9013366699219,-6.554813385009766,1.2777316570281982,384.5928039550781,384.7103271484375,0.06604808568954468,2.0361855030059814,0.0003,0.0003,0.06605438888072968
,,,,,157999,4796.6714,1000,,,,,,,,,,
,,,,,158000,,,-391.2898864746094,-5.864885330200195,1.462528109550476,390.33905029296875,390.0331115722656,0.0672602653503418,-0.1993100345134735,0.0003,0.0003,0.06726424396038055
,,,,,158999,4719.3516,1000,,,,,,,,,,
,,,,,159000,,,-393.591552734375,-5.962985515594482,1.1613011360168457,392.74981689453125,392.6999206542969,0.06833920627832413,-1.1978776454925537,0.0003,0.0003,0.06834005564451218
,,,,,159999,4751.609,1000,,,,,,,,,,
4776.1904,33.6029,4822.923,4713.127,1000.0,160000,,,-392.4972839355469,-5.841544151306152,1.4131728410720825,391.4732971191406,391.6218566894531,0.0683799684047699,-0.6402953863143921,0.0003,0.0003,0.06837870925664902
,,,,,160999,4779.745,1000,,,,,,,,,,
,,,,,161000,,,-394.9713134765625,-6.064359664916992,1.1586939096450806,394.0704345703125,393.939208984375,0.06881082057952881,-1.1966352462768555,0.0003,0.0003,0.0688093975186348
,,,,,161999,4764.0,1000,,,,,,,,,,
,,,,,162000,,,-395.9990539550781,-6.073415279388428,1.425907015800476,394.7945556640625,394.9078369140625,0.06837973743677139,0.005929857492446899,0.0003,0.0003,0.06838028132915497
,,,,,162999,4712.338,1000,,,,,,,,,,
,,,,,163000,,,-399.3191223144531,-5.81394624710083,1.42283296585083,398.2320251464844,397.94482421875,0.06914544105529785,0.07115097343921661,0.0003,0.0003,0.06914450228214264
,,,,,163999,4826.4165,1000,,,,,,,,,,
,,,,,164000,,,-395.4940490722656,-6.266693115234375,1.8686418533325195,394.1384582519531,394.3307189941406,0.06776855140924454,0.7825252413749695,0.0003,0.0003,0.06776971369981766
,,,,,164999,4774.8984,1000,,,,,,,,,,
4758.5444,41.554348,4816.3896,4676.3535,1000.0,165000,,,-402.28509521484375,-5.72520637512207,1.291634202003479,401.086669921875,400.9314880371094,0.06792601943016052,-0.9236174821853638,0.0003,0.0003,0.067923903465271
,,,,,165999,4825.24,1000,,,,,,,,,,
,,,,,166000,,,-403.0107421875,-5.786532402038574,1.1927036046981812,401.50738525390625,401.4330749511719,0.06872360408306122,-0.9678300619125366,0.0003,0.0003,0.06872004270553589
,,,,,166999,4820.6616,1000,,,,,,,,,,
,,,,,167000,,,-400.4762268066406,-6.24804162979126,1.3765186071395874,399.5930480957031,399.3048400878906,0.06860949099063873,0.49400970339775085,0.0003,0.0003,0.06860780715942383
,,,,,167999,4827.7563,1000,,,,,,,,,,
,,,,,168000,,,-403.6280822753906,-5.729878902435303,1.3270455598831177,402.38165283203125,402.59161376953125,0.06835608929395676,-0.4466857612133026,0.0003,0.0003,0.06835455447435379
,,,,,168999,4767.657,1000,,,,,,,,,,
,,,,,169000,,,-410.60504150390625,-6.036535739898682,1.070931077003479,409.57452392578125,409.6240539550781,0.06802432984113693,-0.8873509764671326,0.0003,0.0003,0.06802307069301605
,,,,,169999,4847.719,1000,,,,,,,,,,
4803.138,22.987612,4847.3335,4764.9414,1000.0,170000,,,-407.6763000488281,-6.046008110046387,1.0860875844955444,406.59881591796875,406.4365234375,0.06839289516210556,0.2101234495639801,0.0003,0.0003,0.06839731335639954
,,,,,170999,4861.336,1000,,,,,,,,,,
,,,,,171000,,,-401.7552795410156,-6.384859085083008,1.332953691482544,400.62188720703125,400.6310729980469,0.0694798156619072,0.45638641715049744,0.0003,0.0003,0.06948202103376389
,,,,,171999,4908.546,1000,,,,,,,,,,
,,,,,172000,,,-404.5019226074219,-5.632760047912598,1.2955368757247925,403.4841613769531,403.5389099121094,0.06996256113052368,-1.374120831489563,0.0003,0.0003,0.06995910406112671
,,,,,172999,4920.137,1000,,,,,,,,,,
,,,,,173000,,,-412.4413146972656,-6.568018913269043,1.2865499258041382,411.340087890625,411.35443115234375,0.07036727666854858,1.2318586111068726,0.0003,0.0003,0.07037009298801422
,,,,,173999,4890.295,1000,,,,,,,,,,
,,,,,174000,,,-411.7392883300781,-6.0740766525268555,1.3917080163955688,410.62188720703125,410.486328125,0.07075126469135284,1.01506769657135,0.0003,0.0003,0.07075212895870209
,,,,,174999,4896.03,1000,,,,,,,,,,
4939.667,37.4898,5024.692,4901.954,1000.0,175000,,,-414.6864929199219,-6.049373149871826,0.9932802319526672,413.582275390625,413.69744873046875,0.07147781550884247,0.4692958891391754,0.0003,0.0003,0.07147723436355591
,,,,,175999,4932.111,1000,,,,,,,,,,
,,,,,176000,,,-416.796630859375,-6.001136779785156,0.932994544506073,415.5322265625,415.7406005859375,0.0706978291273117,-0.1733296811580658,0.0003,0.0003,0.07069892436265945
,,,,,176999,4985.818,1000,,,,,,,,,,
,,,,,177000,,,-420.14617919921875,-5.6523871421813965,1.2071340084075928,419.05975341796875,419.1230773925781,0.07064131647348404,-1.1516873836517334,0.0003,0.0003,0.07063845545053482
,,,,,177999,4901.865,1000,,,,,,,,,,
,,,,,178000,,,-423.5688781738281,-5.73805046081543,1.2181724309921265,422.63037109375,422.69476318359375,0.07072866708040237,-0.895721435546875,0.0003,0.0003,0.07072603702545166
,,,,,178999,4897.885,1000,,,,,,,,,,
,,,,,179000,,,-423.3307800292969,-6.14875602722168,1.2686086893081665,422.3202819824219,422.3300476074219,0.0708877295255661,0.1130145788192749,0.0003,0.0003,0.07088879495859146
,,,,,179999,4852.643,1000,,,,,,,,,,
4935.997,34.39882,4992.66,4881.1763,1000.0,180000,,,-418.73016357421875,-5.60107421875,1.0545746088027954,417.6304931640625,417.760498046875,0.07051790505647659,-0.3684563636779785,0.0003,0.0003,0.07051829248666763
,,,,,180999,4983.9146,1000,,,,,,,,,,
,,,,,181000,,,-419.8874206542969,-5.8070573806762695,1.2243142127990723,418.80743408203125,418.7225341796875,0.07083024084568024,0.7735433578491211,0.0003,0.0003,0.07083692401647568
,,,,,181999,4897.373,1000,,,,,,,,,,
,,,,,182000,,,-418.952880859375,-5.996252536773682,0.9804458618164062,417.7973327636719,417.7962341308594,0.0708429217338562,-0.2335415780544281,0.0003,0.0003,0.07084737718105316
,,,,,182999,4953.89,1000,,,,,,,,,,
,,,,,183000,,,-427.5323181152344,-5.896102428436279,1.0725282430648804,426.4737548828125,426.3014831542969,0.07155874371528625,-0.10700046271085739,0.0003,0.0003,0.07156156003475189
,,,,,183999,5010.004,1000,,,,,,,,,,
,,,,,184000,,,-425.80084228515625,-5.797357082366943,1.2312891483306885,424.80157470703125,424.57879638671875,0.07172434031963348,-1.1765419244766235,0.0003,0.0003,0.07172558456659317
,,,,,184999,5045.371,1000,,,,,,,,,,
4995.167,28.23714,5030.86,4942.174,1000.0,185000,,,-424.74517822265625,-5.774632453918457,1.1582512855529785,423.83551025390625,423.80047607421875,0.07196036726236343,0.16328217089176178,0.0003,0.0003,0.0719594955444336
,,,,,185999,5020.222,1000,,,,,,,,,,
,,,,,186000,,,-430.16168212890625,-6.015701770782471,1.2230571508407593,429.11358642578125,429.18975830078125,0.07166449725627899,0.33484458923339844,0.0003,0.0003,0.07166612148284912
,,,,,186999,4972.4277,1000,,,,,,,,,,
,,,,,187000,,,-430.74365234375,-6.0873894691467285,1.0785439014434814,429.81268310546875,429.90875244140625,0.07110815495252609,0.7877013683319092,0.0003,0.0003,0.07110624015331268
,,,,,187999,5051.814,1000,,,,,,,,,,
,,,,,188000,,,-432.7112121582031,-6.137436389923096,1.491438627243042,431.47662353515625,431.56195068359375,0.07056247442960739,-0.4580169916152954,0.0003,0.0003,0.07056072354316711
,,,,,188999,5026.164,1000,,,,,,,,,,
,,,,,189000,,,-432.600341796875,-6.5172438621521,1.265173077583313,431.483154296875,431.6455078125,0.07128456979990005,1.3473570346832275,0.0003,0.0003,0.07128560543060303
,,,,,189999,5038.33,1000,,,,,,,,,,
4991.292,47.59084,5083.537,4919.986,1000.0,190000,,,-424.9936218261719,-6.301491737365723,1.2248713970184326,423.6419677734375,423.46173095703125,0.07204554975032806,0.34721896052360535,0.0003,0.0003,0.07204718142747879
,,,,,190999,5068.5654,1000,,,,,,,,,,
,,,,,191000,,,-437.3713684082031,-5.825982093811035,1.1823810338974,436.28076171875,436.4998779296875,0.07208047807216644,1.1408743858337402,0.0003,0.0003,0.07208089530467987
,,,,,191999,5060.089,1000,,,,,,,,,,
,,,,,192000,,,-435.2898254394531,-6.0512824058532715,1.194428563117981,434.1982421875,434.2052307128906,0.0726524293422699,-0.41373080015182495,0.0003,0.0003,0.07265212386846542
,,,,,192999,5099.2583,1000,,,,,,,,,,
,,,,,193000,,,-436.1628112792969,-5.857950687408447,1.0822124481201172,435.1941833496094,435.2322082519531,0.07301511615514755,-0.8377364277839661,0.0003,0.0003,0.073015496134758
,,,,,193999,5083.1255,1000,,,,,,,,,,
,,,,,194000,,,-440.21197509765625,-6.4247612953186035,1.0542594194412231,439.1701354980469,439.0515441894531,0.07392989099025726,0.6539683938026428,0.0003,0.0003,0.07393334060907364
,,,,,194999,5134.423,1000,,,,,,,,,,
4582.439,1646.5419,5186.6816,-355.39792,1000.0,195000,,,-441.9503479003906,-6.103938102722168,1.69100022315979,441.0566711425781,441.14849853515625,0.07404416054487228,-0.5578798651695251,0.0003,0.0003,0.07404176145792007
,,,,,195999,5103.8594,1000,,,,,,,,,,
,,,,,196000,,,-436.8489685058594,-6.219015598297119,1.2113100290298462,435.6407470703125,435.42083740234375,0.07422863692045212,0.23329371213912964,0.0003,0.0003,0.07423097640275955
,,,,,196999,5175.8413,1000,,,,,,,,,,
,,,,,197000,,,-440.21478271484375,-5.997195243835449,1.2154531478881836,438.99664306640625,439.1710205078125,0.075041763484478,0.07134418934583664,0.0003,0.0003,0.07504398375749588
,,,,,197999,5136.5957,1000,,,,,,,,,,
,,,,,198000,,,-442.2801513671875,-5.7093000411987305,1.34645676612854,441.1079406738281,440.9501037597656,0.07512136548757553,-0.9722064137458801,0.0003,0.0003,0.07511936128139496
,,,,,198999,5169.979,1000,,,,,,,,,,
,,,,,199000,,,-441.9546813964844,-5.955596446990967,1.5232279300689697,440.7962341308594,440.8074035644531,0.0753287523984909,-0.15158027410507202,0.0003,0.0003,0.07533126324415207
,,,,,199999,5150.5986,1000,,,,,,,,,,
4903.874,502.06467,5201.31,3827.284,1000.0,200000,,,-445.5036926269531,-5.720885753631592,1.3213677406311035,444.390869140625,444.316650390625,0.07531720399856567,-0.1426556557416916,0.0003,0.0003,0.0753142237663269
,,,,,200999,5258.4136,1000,,,,,,,,,,
,,,,,201000,,,-440.6426696777344,-6.048299312591553,1.3863856792449951,439.43206787109375,439.4683532714844,0.0758148655295372,0.054218292236328125,0.0003,0.0003,0.07581523060798645
,,,,,201999,5239.9355,1000,,,,,,,,,,
,,,,,202000,,,-445.83758544921875,-5.922523498535156,1.478062629699707,444.6130676269531,444.8631591796875,0.07687865942716599,0.5928175449371338,0.0003,0.0003,0.07688109576702118
,,,,,202999,2853.6157,1000,,,,,,,,,,
,,,,,203000,,,-448.2978515625,-6.011512756347656,1.4243955612182617,447.13336181640625,446.9514465332031,0.07793696969747543,0.17330974340438843,0.0003,0.0003,0.07793949544429779
,,,,,203999,5176.5835,1000,,,,,,,,,,
,,,,,204000,,,-440.2047119140625,-5.98582649230957,2.4754652976989746,438.9613342285156,439.0111083984375,0.07800857722759247,0.050908416509628296,0.0003,0.0003,0.07800621539354324
,,,,,204999,5267.338,1000,,,,,,,,,,
5245.6367,81.680016,5335.9443,5067.0947,1000.0,205000,,,-449.80877685546875,-6.4763312339782715,1.3861582279205322,448.5295104980469,448.5880432128906,0.07754283398389816,1.1870882511138916,0.0003,0.0003,0.07754410803318024
,,,,,205999,5299.1714,1000,,,,,,,,,,
,,,,,206000,,,-445.115478515625,-5.922524452209473,1.2348889112472534,443.97674560546875,443.91156005859375,0.07618238776922226,0.19245469570159912,0.0003,0.0003,0.07618223875761032
,,,,,206999,5207.8457,1000,,,,,,,,,,
,,,,,207000,,,-451.3770751953125,-6.3793463706970215,1.5020921230316162,450.36431884765625,450.5183410644531,0.07453570514917374,0.5695964097976685,0.0003,0.0003,0.07453673332929611
,,,,,207999,5272.1406,1000,,,,,,,,,,
,,,,,208000,,,-449.5389099121094,-6.085810661315918,2.4496169090270996,448.3744201660156,448.6347961425781,0.07361278682947159,0.048295438289642334,0.0003,0.0003,0.07361246645450592
,,,,,208999,5202.7227,1000,,,,,,,,,,
,,,,,209000,,,-451.4043273925781,-5.940134525299072,1.535528540611267,450.1968078613281,450.134765625,0.07220757752656937,0.010288313031196594,0.0003,0.0003,0.07220444083213806
,,,,,209999,5232.674,1000,,,,,,,,,,
5246.1997,41.543926,5312.272,5181.1094,1000.0,210000,,,-456.1217041015625,-6.325439929962158,1.3575515747070312,455.0180358886719,455.26318359375,0.07136405259370804,0.42201659083366394,0.0003,0.0003,0.07136291265487671
,,,,,210999,5190.725,1000,,,,,,,,,,
,,,,,211000,,,-451.43475341796875,-6.036794662475586,1.1919772624969482,450.582763671875,450.4569396972656,0.0713694840669632,0.10247785598039627,0.0003,0.0003,0.07137004286050797
,,,,,211999,5167.972,1000,,,,,,,,,,
,,,,,212000,,,-449.7982177734375,-6.263134479522705,1.527721643447876,448.913330078125,448.9729309082031,0.07231023907661438,0.08331802487373352,0.0003,0.0003,0.07231220602989197
,,,,,212999,5209.9653,1000,,,,,,,,,,
,,,,,213000,,,-453.70147705078125,-6.0255584716796875,1.705648422241211,452.304931640625,452.1177673339844,0.07446305453777313,0.30184483528137207,0.0003,0.0003,0.07446771115064621
,,,,,213999,5252.6587,1000,,,,,,,,,,
,,,,,214000,,,-456.6392517089844,-5.984969139099121,1.519036054611206,455.22637939453125,455.34075927734375,0.07641606777906418,-0.043571650981903076,0.0003,0.0003,0.07642040401697159
,,,,,214999,5328.5435,1000,,,,,,,,,,
5242.38,34.260715,5288.587,5176.092,1000.0,215000,,,-455.44122314453125,-5.99229097366333,1.327282190322876,454.324951171875,454.2295227050781,0.07812990248203278,-0.16091573238372803,0.0003,0.0003,0.07813058793544769
,,,,,215999,5348.648,1000,,,,,,,,,,
,,,,,216000,,,-461.0649719238281,-5.583586692810059,1.4574636220932007,459.9524230957031,459.9917297363281,0.07926808297634125,-0.6853245496749878,0.0003,0.0003,0.07926645874977112
,,,,,216999,5328.367,1000,,,,,,,,,,
,,,,,217000,,,-454.94110107421875,-6.2677764892578125,1.5557167530059814,453.94744873046875,453.90753173828125,0.07919158041477203,0.46991997957229614,0.0003,0.0003,0.07919199019670486
,,,,,217999,5349.7783,1000,,,,,,,,,,
,,,,,218000,,,-459.882568359375,-6.091401100158691,1.8047373294830322,458.85565185546875,458.68048095703125,0.07958658039569855,-0.16156184673309326,0.0003,0.0003,0.07958916574716568
,,,,,218999,5263.8237,1000,,,,,,,,,,
,,,,,219000,,,-460.71673583984375,-6.12764310836792,1.2451547384262085,459.5705871582031,459.7682189941406,0.08028942346572876,-0.0010145902633666992,0.0003,0.0003,0.08028921484947205
,,,,,219999,5316.14,1000,,,,,,,,,,
5261.468,281.8448,5410.4624,4424.7695,1000.0,220000,,,-461.9913024902344,-5.93853759765625,1.168653130531311,460.8288879394531,460.8829650878906,0.08044309169054031,1.1774219274520874,0.0003,0.0003,0.08044781535863876
,,,,,220999,5427.4473,1000,,,,,,,,,,
,,,,,221000,,,-465.1418151855469,-6.342161178588867,1.200780987739563,464.20703125,464.0684509277344,0.08042838424444199,0.7739307284355164,0.0003,0.0003,0.0804310142993927
,,,,,221999,5300.748,1000,,,,,,,,,,
,,,,,222000,,,-469.093505859375,-5.908024787902832,1.5294100046157837,468.2966613769531,467.9784851074219,0.08038210868835449,-0.7264819145202637,0.0003,0.0003,0.08038298785686493
,,,,,222999,5391.943,1000,,,,,,,,,,
,,,,,223000,,,-470.9412841796875,-5.512083053588867,1.642343521118164,469.8580017089844,469.7911376953125,0.08078929036855698,-0.9836714267730713,0.0003,0.0003,0.08078744262456894
,,,,,223999,5447.907,1000,,,,,,,,,,
,,,,,224000,,,-464.4418029785156,-6.1771416664123535,1.1556771993637085,462.7864685058594,462.90460205078125,0.080732062458992,0.9061138033866882,0.0003,0.0003,0.08073090761899948
,,,,,224999,5507.2334,1000,,,,,,,,,,
5437.6157,59.998833,5529.0938,5358.6357,1000.0,225000,,,-464.0263977050781,-5.83405065536499,1.181095838546753,463.12591552734375,462.9641418457031,0.08139148354530334,-0.3702529966831207,0.0003,0.0003,0.08139509707689285
,,,,,225999,5477.882,1000,,,,,,,,,,
,,,,,226000,,,-468.45465087890625,-5.706765651702881,1.6973708868026733,467.43182373046875,467.54351806640625,0.08185125142335892,-0.8407804369926453,0.0003,0.0003,0.08185060322284698
,,,,,226999,5473.204,1000,,,,,,,,,,
,,,,,227000,,,-470.1159362792969,-6.003081798553467,1.3024367094039917,469.06829833984375,469.21282958984375,0.08290856331586838,-0.49789145588874817,0.0003,0.0003,0.08290678262710571
,,,,,227999,5396.895,1000,,,,,,,,,,
,,,,,228000,,,-472.9747314453125,-5.602389335632324,1.9679063558578491,472.11376953125,471.7994079589844,0.08349258452653885,-0.3852367699146271,0.0003,0.0003,0.08349509537220001
,,,,,228999,5479.3706,1000,,,,,,,,,,
,,,,,229000,,,-475.8222961425781,-5.887486457824707,1.6621956825256348,474.9571533203125,474.70843505859375,0.08385103195905685,-0.012055531144142151,0.0003,0.0003,0.08384978771209717
,,,,,229999,5503.979,1000,,,,,,,,,,
5329.151,236.38026,5487.197,4681.6772,1000.0,230000,,,-474.2962341308594,-5.659966468811035,1.6960763931274414,473.159912109375,472.90399169921875,0.08402109146118164,-0.528797447681427,0.0003,0.0003,0.08402225375175476
,,,,,230999,5519.7275,1000,,,,,,,,,,
,,,,,231000,,,-473.5349426269531,-5.981530666351318,2.5000083446502686,472.57708740234375,472.5502624511719,0.08348321169614792,-1.64958655834198,0.0003,0.0003,0.08348142355680466
,,,,,231999,5536.304,1000,,,,,,,,,,
,,,,,232000,,,-477.1199645996094,-5.980946063995361,1.3443526029586792,476.0189208984375,476.23443603515625,0.08456414937973022,0.4342837929725647,0.0003,0.0003,0.08456946909427643
,,,,,232999,5434.016,1000,,,,,,,,,,
,,,,,233000,,,-478.6376647949219,-6.05944299697876,1.7682594060897827,477.73779296875,477.81134033203125,0.08523180335760117,-0.49324315786361694,0.0003,0.0003,0.0852297693490982
,,,,,233999,5446.67,1000,,,,,,,,,,
,,,,,234000,,,-481.379638671875,-6.024118423461914,1.8267629146575928,480.3623046875,480.34442138671875,0.08520516753196716,-0.20202121138572693,0.0003,0.0003,0.08520957082509995
,,,,,234999,5523.0674,1000,,,,,,,,,,
5626.9233,71.42776,5686.946,5437.1934,1000.0,235000,,,-476.3591003417969,-5.721981525421143,2.1079816818237305,475.158447265625,475.41583251953125,0.08483591675758362,-0.7212367057800293,0.0003,0.0003,0.08483413606882095
,,,,,235999,5627.676,1000,,,,,,,,,,
,,,,,236000,,,-479.0863342285156,-6.25762414932251,1.8536163568496704,477.87567138671875,477.78619384765625,0.08544337749481201,0.6742185354232788,0.0003,0.0003,0.08544562011957169
,,,,,236999,5578.826,1000,,,,,,,,,,
,,,,,237000,,,-483.89288330078125,-5.9733428955078125,1.300583839416504,482.84112548828125,482.808837890625,0.08597519248723984,-0.17370834946632385,0.0003,0.0003,0.08597344905138016
,,,,,237999,5605.082,1000,,,,,,,,,,
,,,,,238000,,,-482.2088623046875,-5.999154090881348,1.5062193870544434,481.29107666015625,481.2310791015625,0.08587546646595001,-0.8445802927017212,0.0003,0.0003,0.08587321639060974
,,,,,238999,5707.6387,1000,,,,,,,,,,
,,,,,239000,,,-477.10845947265625,-6.1069841384887695,1.6928199529647827,475.8731689453125,475.8668518066406,0.08600983768701553,0.723835825920105,0.0003,0.0003,0.08600889891386032
,,,,,239999,5334.283,1000,,,,,,,,,,
5642.5483,237.86139,5830.4688,4944.7656,1000.0,240000,,,-480.98516845703125,-5.8122239112854,1.3321452140808105,479.69146728515625,479.8227844238281,0.08594037592411041,-0.1336957812309265,0.0003,0.0003,0.08593906462192535
,,,,,240999,5636.56,1000,,,,,,,,,,
,,,,,241000,,,-486.39605712890625,-5.69886589050293,1.4020930528640747,485.4248046875,485.375732421875,0.08613434433937073,-0.06431032717227936,0.0003,0.0003,0.08613549172878265
,,,,,241999,5793.5864,1000,,,,,,,,,,
,,,,,242000,,,-484.9715881347656,-6.114165782928467,1.314486026763916,483.883544921875,483.7335510253906,0.08742257952690125,-0.2914574444293976,0.0003,0.0003,0.08742397278547287
,,,,,242999,5547.055,1000,,,,,,,,,,
,,,,,243000,,,-492.16461181640625,-5.87995719909668,1.575079083442688,491.0068359375,491.21527099609375,0.08765044063329697,0.20917871594429016,0.0003,0.0003,0.08765430748462677
,,,,,243999,5730.508,1000,,,,,,,,,,
,,,,,244000,,,-485.3812255859375,-6.378225326538086,1.8644731044769287,483.9857177734375,484.0914306640625,0.08789519965648651,1.4023983478546143,0.0003,0.0003,0.08789907395839691
,,,,,244999,5826.9756,1000,,,,,,,,,,
5730.9424,115.79152,5866.075,5459.8477,1000.0,245000,,,-487.68243408203125,-6.003020286560059,1.5797443389892578,486.45635986328125,486.32855224609375,0.0883890837430954,0.5003130435943604,0.0003,0.0003,0.08839310705661774
,,,,,245999,4963.256,1000,,,,,,,,,,
,,,,,246000,,,-490.588623046875,-6.279510021209717,2.007406234741211,489.1652526855469,489.04644775390625,0.08954586088657379,0.869360089302063,0.0003,0.0003,0.08955087512731552
,,,,,246999,5618.843,1000,,,,,,,,,,
,,,,,247000,,,-494.8277893066406,-6.069004535675049,1.3792102336883545,493.7755126953125,493.74249267578125,0.08979228883981705,-0.3081730306148529,0.0003,0.0003,0.08979464322328568
,,,,,247999,5783.9443,1000,,,,,,,,,,
,,,,,248000,,,-490.24761962890625,-6.121279716491699,1.570730447769165,488.9493408203125,489.1186218261719,0.08921172469854355,0.8882185220718384,0.0003,0.0003,0.08921119570732117
,,,,,248999,5808.783,1000,,,,,,,,,,
,,,,,249000,,,-491.00543212890625,-5.796508312225342,1.4035465717315674,489.9790344238281,490.029541015625,0.08848048746585846,-0.10131381452083588,0.0003,0.0003,0.08848274499177933
,,,,,249999,5787.0903,1000,,,,,,,,,,
5839.214,55.55406,5958.8774,5781.5225,1000.0,250000,,,-491.477294921875,-6.239133358001709,1.6267815828323364,490.3406066894531,490.0345153808594,0.08895992487668991,-0.38007083535194397,0.0003,0.0003,0.08896242827177048
,,,,,250999,5853.4126,1000,,,,,,,,,,
,,,,,251000,,,-489.77972412109375,-5.776373386383057,1.7436236143112183,488.4241943359375,488.5665283203125,0.08931688219308853,0.19229426980018616,0.0003,0.0003,0.08931481838226318
,,,,,251999,5696.6533,1000,,,,,,,,,,
,,,,,252000,,,-491.15057373046875,-6.170173645019531,1.659932017326355,489.8787536621094,489.95257568359375,0.09004858881235123,0.03209561109542847,0.0003,0.0003,0.09005440771579742
,,,,,252999,5840.774,1000,,,,,,,,,,
,,,,,253000,,,-495.6614685058594,-6.3518147468566895,1.865992546081543,494.49615478515625,494.231689453125,0.0909106656908989,0.4919557273387909,0.0003,0.0003,0.09090817719697952
,,,,,253999,5893.8916,1000,,,,,,,,,,
,,,,,254000,,,-496.4226989746094,-6.326457500457764,1.735073208808899,494.9484558105469,495.106201171875,0.09207361191511154,0.8635484576225281,0.0003,0.0003,0.09208054840564728
,,,,,254999,5862.2393,1000,,,,,,,,,,
5898.04,146.35008,6036.2393,5489.9727,1000.0,255000,,,-495.2434387207031,-6.189894199371338,1.7570903301239014,494.1199951171875,493.9001159667969,0.09246576577425003,0.43948549032211304,0.0003,0.0003,0.09246855974197388
,,,,,255999,5892.418,1000,,,,,,,,,,
,,,,,256000,,,-504.35687255859375,-6.390549182891846,1.3738412857055664,503.19476318359375,503.4319152832031,0.09213650226593018,0.4156385660171509,0.0003,0.0003,0.09213951230049133
,,,,,256999,5940.713,1000,,,,,,,,,,
,,,,,257000,,,-495.5964660644531,-6.4045796394348145,1.726413369178772,494.5458679199219,494.24664306640625,0.09297458082437515,0.1493288278579712,0.0003,0.0003,0.09297433495521545
,,,,,257999,5866.6924,1000,,,,,,,,,,
,,,,,258000,,,-503.68402099609375,-6.185740947723389,1.6108622550964355,502.3118591308594,502.41351318359375,0.09347064048051834,0.7887910604476929,0.0003,0.0003,0.09346948564052582
,,,,,258999,5913.331,1000,,,,,,,,,,
,,,,,259000,,,-500.5141906738281,-6.330837249755859,1.7799142599105835,499.5531005859375,499.3551330566406,0.09356269985437393,0.9835801720619202,0.0003,0.0003,0.09356444329023361
,,,,,259999,5584.982,1000,,,,,,,,,,
5804.477,318.02823,6015.339,4870.7695,1000.0,260000,,,-501.70770263671875,-5.77009391784668,1.8443684577941895,500.47784423828125,500.3352355957031,0.0945461317896843,-0.2378423511981964,0.0003,0.0003,0.0945497378706932
,,,,,260999,5894.9805,1000,,,,,,,,,,
,,,,,261000,,,-504.1468200683594,-5.708054542541504,1.6346642971038818,503.17535400390625,503.43365478515625,0.09572990238666534,-0.735804557800293,0.0003,0.0003,0.09573446959257126
,,,,,261999,5978.364,1000,,,,,,,,,,
,,,,,262000,,,-498.5715026855469,-6.00030517578125,2.0587382316589355,496.97344970703125,497.0628662109375,0.09639310091733932,0.7629982233047485,0.0003,0.0003,0.09639353305101395
,,,,,262999,5963.63,1000,,,,,,,,,,
,,,,,263000,,,-508.8865966796875,-6.31595516204834,2.2420296669006348,507.98016357421875,507.6466064453125,0.09763257950544357,0.3432188332080841,0.0003,0.0003,0.09763281047344208
,,,,,263999,6016.7886,1000,,,,,,,,,,
,,,,,264000,,,-508.0770568847656,-6.007404327392578,1.6970577239990234,507.1951599121094,506.9938659667969,0.09761400520801544,-0.7401582598686218,0.0003,0.0003,0.09761323779821396
,,,,,264999,6004.662,1000,,,,,,,,,,
6016.8823,69.30105,6162.0425,5906.364,1000.0,265000,,,-507.9014587402344,-5.604402542114258,1.3509128093719482,507.0592041015625,507.29901123046875,0.09742400050163269,-0.6431578993797302,0.0003,0.0003,0.09742063283920288
,,,,,265999,6025.0107,1000,,,,,,,,,,
,,,,,266000,,,-503.31756591796875,-6.109475612640381,1.6915661096572876,501.7064514160156,501.6524963378906,0.09759312868118286,0.28750622272491455,0.0003,0.0003,0.0975971594452858
,,,,,266999,5969.5493,1000,,,,,,,,,,
,,,,,267000,,,-510.9232482910156,-5.857319355010986,1.8762037754058838,509.765380859375,509.9035949707031,0.09777749329805374,-0.23192742466926575,0.0003,0.0003,0.09777936339378357
,,,,,267999,5922.028,1000,,,,,,,,,,
,,,,,268000,,,-503.4764709472656,-6.083613395690918,1.9386787414550781,502.09588623046875,502.06256103515625,0.09878506511449814,0.55048006772995,0.0003,0.0003,0.09878530353307724
,,,,,268999,6029.117,1000,,,,,,,,,,
,,,,,269000,,,-516.4762573242188,-5.583860874176025,1.8485242128372192,515.155029296875,514.990478515625,0.09961692988872528,-0.4458322525024414,0.0003,0.0003,0.09960968047380447
,,,,,269999,6021.5044,1000,,,,,,,,,,
5857.8433,314.66107,6059.495,4934.812,1000.0,270000,,,-515.6400756835938,-5.640988826751709,2.027798891067505,514.6134033203125,514.5819091796875,0.10031422227621078,-0.5338096022605896,0.0003,0.0003,0.10031307488679886
,,,,,270999,6032.9053,1000,,,,,,,,,,
,,,,,271000,,,-515.7484741210938,-6.410131454467773,2.6337690353393555,514.8594360351562,514.268798828125,0.1002705842256546,0.36711710691452026,0.0003,0.0003,0.10027211904525757
,,,,,271999,6047.929,1000,,,,,,,,,,
,,,,,272000,,,-515.08740234375,-5.79537296295166,1.9343584775924683,514.1858520507812,513.875244140625,0.09991098940372467,-0.339802086353302,0.0003,0.0003,0.09990958124399185
,,,,,272999,6044.516,1000,,,,,,,,,,
,,,,,273000,,,-511.35076904296875,-5.757842540740967,2.1475841999053955,509.9444885253906,510.26812744140625,0.10028043389320374,-0.5010586380958557,0.0003,0.0003,0.10028211027383804
,,,,,273999,6018.779,1000,,,,,,,,,,
,,,,,274000,,,-515.8161010742188,-6.484131813049316,1.8654580116271973,514.720458984375,514.7949829101562,0.10057470202445984,0.8876121044158936,0.0003,0.0003,0.10057815909385681
,,,,,274999,5950.7725,1000,,,,,,,,,,
5982.5146,416.34116,6180.922,4738.479,1000.0,275000,,,-521.895263671875,-6.119194984436035,2.349297046661377,520.4228515625,520.3446044921875,0.1009419858455658,0.7105653882026672,0.0003,0.0003,0.10094290226697922
,,,,,275999,6161.2334,1000,,,,,,,,,,
,,,,,276000,,,-516.169189453125,-5.893063545227051,2.0518617630004883,515.1011352539062,514.8395385742188,0.10031513124704361,0.2768206000328064,0.0003,0.0003,0.10031372308731079
,,,,,276999,6193.195,1000,,,,,,,,,,
,,,,,277000,,,-521.6640625,-6.231330394744873,1.7977122068405151,520.2013549804688,520.2704467773438,0.10140024125576019,0.051202282309532166,0.0003,0.0003,0.10140533745288849
,,,,,277999,6193.023,1000,,,,,,,,,,
,,,,,278000,,,-524.7503662109375,-6.015440940856934,2.001260995864868,523.4627075195312,523.4600830078125,0.10201278328895569,0.25336742401123047,0.0003,0.0003,0.1020156741142273
,,,,,278999,5162.9067,1000,,,,,,,,,,
,,,,,279000,,,-523.491455078125,-6.421935558319092,2.1648995876312256,522.3304443359375,522.1653442382812,0.10262513905763626,0.5459430813789368,0.0003,0.0003,0.10262932628393173
,,,,,279999,6102.5356,1000,,,,,,,,,,
5861.6836,668.7603,6266.359,3973.6572,1000.0,280000,,,-520.513427734375,-5.979053497314453,2.014976739883423,518.7259521484375,519.0173950195312,0.10361102223396301,-0.035234235227108,0.0003,0.0003,0.10360944271087646
,,,,,280999,6157.985,1000,,,,,,,,,,
,,,,,281000,,,-528.730712890625,-5.857076168060303,2.115865707397461,527.61328125,527.546630859375,0.10325741767883301,-0.6536442041397095,0.0003,0.0003,0.1032559871673584
,,,,,281999,4024.7556,1000,,,,,,,,,,
,,,,,282000,,,-528.049072265625,-5.997760772705078,2.348052501678467,526.7119140625,526.852783203125,0.10166792571544647,-0.20052814483642578,0.0003,0.0003,0.10166523605585098
,,,,,282999,6158.727,1000,,,,,,,,,,
,,,,,283000,,,-526.4408569335938,-6.1058855056762695,2.1834254264831543,525.0170288085938,525.17236328125,0.10126984864473343,0.3749394118785858,0.0003,0.0003,0.1012682318687439
,,,,,283999,6217.9985,1000,,,,,,,,,,
,,,,,284000,,,-524.2846069335938,-6.268157482147217,2.2849016189575195,523.34326171875,523.380126953125,0.09997453540563583,0.4503784775733948,0.0003,0.0003,0.09997189044952393
,,,,,284999,6077.2476,1000,,,,,,,,,,
5941.7793,385.50006,6242.6113,4893.661,1000.0,285000,,,-532.7493286132812,-6.277868270874023,1.7360491752624512,531.6004638671875,531.5575561523438,0.09808265417814255,1.075925350189209,0.0003,0.0003,0.09808754175901413
,,,,,285999,6078.8516,1000,,,,,,,,,,
,,,,,286000,,,-529.3478393554688,-6.129759311676025,2.21547794342041,528.2194213867188,528.2388916015625,0.09869024157524109,0.7118996381759644,0.0003,0.0003,0.09869127720594406
,,,,,286999,6137.361,1000,,,,,,,,,,
,,,,,287000,,,-525.4793090820312,-5.935975074768066,2.9571845531463623,524.3920288085938,524.1597290039062,0.09854843467473984,-0.11908620595932007,0.0003,0.0003,0.09854674339294434
,,,,,287999,6045.39,1000,,,,,,,,,,
,,,,,288000,,,-529.173095703125,-6.723341464996338,2.888709783554077,527.8845825195312,527.7396240234375,0.09851780533790588,1.016831874847412,0.0003,0.0003,0.09852147102355957
,,,,,288999,6171.4214,1000,,,,,,,,,,
,,,,,289000,,,-533.3983764648438,-5.381927013397217,2.4074161052703857,532.0147705078125,532.16650390625,0.09880775213241577,-0.7934142351150513,0.0003,0.0003,0.09879861027002335
,,,,,289999,6094.3267,1000,,,,,,,,,,
6192.904,59.105015,6293.847,6099.5093,1000.0,290000,,,-532.0712280273438,-5.951024532318115,2.0923428535461426,530.6277465820312,530.7550048828125,0.09956266731023788,0.2313341200351715,0.0003,0.0003,0.09956430643796921
,,,,,290999,6216.07,1000,,,,,,,,,,
,,,,,291000,,,-530.6610107421875,-5.724643230438232,4.872225761413574,529.4815673828125,529.3846435546875,0.1011759415268898,-0.02240927517414093,0.0003,0.0003,0.10117847472429276
,,,,,291999,6178.373,1000,,,,,,,,,,
,,,,,292000,,,-536.8673095703125,-6.1255598068237305,1.8678627014160156,535.4249877929688,535.3095092773438,0.10131826996803284,0.09639821946620941,0.0003,0.0003,0.10131971538066864
,,,,,292999,5893.037,1000,,,,,,,,,,
,,,,,293000,,,-537.8546142578125,-5.5216875076293945,2.4798007011413574,536.1829833984375,536.1118774414062,0.10219467431306839,-1.1347306966781616,0.0003,0.0003,0.1021910011768341
,,,,,293999,6231.97,1000,,,,,,,,,,
,,,,,294000,,,-532.1153564453125,-5.982492923736572,3.074347734451294,530.9312744140625,530.8221435546875,0.10205552726984024,0.23144793510437012,0.0003,0.0003,0.1020597591996193
,,,,,294999,6257.7085,1000,,,,,,,,,,
6182.902,89.060646,6343.305,6056.433,1000.0,295000,,,-535.8114624023438,-6.167945384979248,3.010800361633301,534.7045288085938,534.5211791992188,0.10268213599920273,-0.015466004610061646,0.0003,0.0003,0.10268370807170868
,,,,,295999,6234.8223,1000,,,,,,,,,,
,,,,,296000,,,-545.9317626953125,-5.946451187133789,2.0086636543273926,544.2060546875,544.4364624023438,0.10330038517713547,0.20932476222515106,0.0003,0.0003,0.10329777002334595
,,,,,296999,6023.4023,1000,,,,,,,,,,
,,,,,297000,,,-544.408935546875,-5.995486259460449,2.128267765045166,543.4041137695312,543.2483520507812,0.10422611236572266,-0.27732351422309875,0.0003,0.0003,0.10422477126121521
,,,,,297999,6266.806,1000,,,,,,,,,,
,,,,,298000,,,-537.9973754882812,-6.319345474243164,2.6679744720458984,536.5136108398438,536.2579345703125,0.10411889851093292,0.30457761883735657,0.0003,0.0003,0.1041201576590538
,,,,,298999,6257.6904,1000,,,,,,,,,,
,,,,,299000,,,-545.3917846679688,-6.309751033782959,3.0991013050079346,544.0704345703125,543.89501953125,0.10369458049535751,0.19870629906654358,0.0003,0.0003,0.1036943793296814
,,,,,299999,6207.8,1000,,,,,,,,,,
6203.581,73.39725,6313.586,6024.437,1000.0,300000,,,-539.1865844726562,-6.127121925354004,2.8616719245910645,538.1154174804688,538.0279541015625,0.10410410165786743,0.746705174446106,0.0003,0.0003,0.1041080504655838
,,,,,300999,6175.529,1000,,,,,,,,,,
,,,,,301000,,,-538.4369506835938,-5.636770725250244,3.711000442504883,537.2544555664062,537.556640625,0.10471894592046738,-1.1968140602111816,0.0003,0.0003,0.10471951961517334
,,,,,301999,6245.6978,1000,,,,,,,,,,
,,,,,302000,,,-542.96630859375,-6.177204608917236,1.768432855606079,541.5925903320312,541.5679321289062,0.10658223181962967,0.09119870513677597,0.0003,0.0003,0.10658421367406845
,,,,,302999,6225.9644,1000,,,,,,,,,,
,,,,,303000,,,-552.595458984375,-6.403787612915039,2.2863762378692627,551.3989868164062,551.5714111328125,0.10595450550317764,0.11648131161928177,0.0003,0.0003,0.10595177114009857
,,,,,303999,6159.488,1000,,,,,,,,,,
,,,,,304000,,,-548.5829467773438,-6.259096145629883,2.4904961585998535,547.2135620117188,547.5321655273438,0.10547064244747162,0.6276262998580933,0.0003,0.0003,0.1054709404706955
,,,,,304999,6297.6426,1000,,,,,,,,,,
6180.1123,55.950676,6244.6875,6038.931,1000.0,305000,,,-549.7625122070312,-5.906552314758301,2.185115337371826,548.8595581054688,548.4749755859375,0.10537173599004745,-0.44584423303604126,0.0003,0.0003,0.10537193715572357
,,,,,305999,6268.984,1000,,,,,,,,,,
,,,,,306000,,,-553.2679443359375,-5.615229606628418,2.2020959854125977,551.709228515625,552.0033569335938,0.10587175190448761,-0.4470407962799072,0.0003,0.0003,0.1058698371052742
,,,,,306999,6184.0713,1000,,,,,,,,,,
,,,,,307000,,,-546.3811645507812,-5.856141090393066,2.2359373569488525,545.117431640625,545.1286010742188,0.10516443103551865,0.2932334840297699,0.0003,0.0003,0.1051616445183754
,,,,,307999,5949.938,1000,,,,,,,,,,
,,,,,308000,,,-552.263427734375,-5.98371696472168,2.344623565673828,550.8353271484375,551.0989379882812,0.1055174246430397,-0.26952967047691345,0.0003,0.0003,0.10551737248897552
,,,,,308999,6321.896,1000,,,,,,,,,,
,,,,,309000,,,-563.15625,-5.932407855987549,2.568788766860962,561.7890014648438,561.6973266601562,0.10449117422103882,0.2616501748561859,0.0003,0.0003,0.10449134558439255
,,,,,309999,6234.018,1000,,,,,,,,,,
6250.957,174.10165,6423.569,5909.39,1000.0,310000,,,-556.6228637695312,-6.203698635101318,1.9068729877471924,555.7255859375,555.7279663085938,0.10496476292610168,0.2273544818162918,0.0003,0.0003,0.10496438294649124
,,,,,310999,6268.2617,1000,,,,,,,,,,
,,,,,311000,,,-553.8970947265625,-5.599942207336426,2.615952730178833,552.8341064453125,552.7293090820312,0.10562469810247421,-0.9172737002372742,0.0003,0.0003,0.10562849789857864
,,,,,311999,6182.6187,1000,,,,,,,,,,
,,,,,312000,,,-550.4586181640625,-6.299352169036865,3.402970314025879,548.997314453125,549.3319702148438,0.10547760874032974,0.2695327699184418,0.0003,0.0003,0.10547825694084167
,,,,,312999,6359.298,1000,,,,,,,,,,
,,,,,313000,,,-558.8472900390625,-5.531726837158203,2.350196123123169,557.0274658203125,557.5577392578125,0.10635854303836823,-1.0657116174697876,0.0003,0.0003,0.10636293143033981
,,,,,313999,6276.665,1000,,,,,,,,,,
,,,,,314000,,,-556.2144165039062,-5.754626274108887,2.0467891693115234,554.8674926757812,554.6989135742188,0.1057995855808258,-0.4101616144180298,0.0003,0.0003,0.10579519718885422
,,,,,314999,6406.6714,1000,,,,,,,,,,
6265.054,227.59808,6405.5376,5595.4565,1000.0,315000,,,-557.38671875,-5.9121928215026855,2.462615966796875,556.2987060546875,555.750732421875,0.1054045781493187,-0.36892324686050415,0.0003,0.0003,0.10540512949228287
,,,,,315999,6362.439,1000,,,,,,,,,,
,,,,,316000,,,-557.9173583984375,-5.917195796966553,3.8497886657714844,556.32861328125,556.7903442382812,0.10561046749353409,-0.8077600002288818,0.0003,0.0003,0.10560578852891922
,,,,,316999,6377.682,1000,,,,,,,,,,
,,,,,317000,,,-558.3112182617188,-6.187345504760742,4.537809371948242,557.52685546875,557.0542602539062,0.10567124933004379,-0.06694486737251282,0.0003,0.0003,0.10567157715559006
,,,,,317999,6355.9614,1000,,,,,,,,,,
,,,,,318000,,,-561.4639892578125,-6.069936752319336,2.3900647163391113,559.9644775390625,559.883056640625,0.1046396791934967,0.5621300935745239,0.0003,0.0003,0.10463935881853104
,,,,,318999,6481.4136,1000,,,,,,,,,,
,,,,,319000,,,-564.177001953125,-5.565742492675781,2.067357301712036,562.7349853515625,562.9007568359375,0.10432782024145126,-1.2381196022033691,0.0003,0.0003,0.10432028770446777
,,,,,319999,5576.6426,1000,,,,,,,,,,
6141.088,276.6485,6363.9175,5357.4165,1000.0,320000,,,-564.3961791992188,-5.786538124084473,2.369466781616211,563.4840087890625,563.537353515625,0.10379514843225479,-0.01895260438323021,0.0003,0.0003,0.10379396378993988
,,,,,320999,6334.2925,1000,,,,,,,,,,
,,,,,321000,,,-564.5956420898438,-6.29514217376709,2.698148727416992,563.4424438476562,563.0918579101562,0.1037081778049469,0.45024871826171875,0.0003,0.0003,0.10371258109807968
,,,,,321999,6461.782,1000,,,,,,,,,,
,,,,,322000,,,-572.0722045898438,-5.756730079650879,1.7422397136688232,571.0741577148438,571.0342407226562,0.10391435027122498,-0.3607637286186218,0.0003,0.0003,0.1039128378033638
,,,,,322999,6249.4604,1000,,,,,,,,,,
,,,,,323000,,,-558.567138671875,-5.480689525604248,2.6743950843811035,556.9967041015625,556.7675170898438,0.10230576992034912,-0.9842486381530762,0.0003,0.0003,0.10229983925819397
,,,,,323999,6425.6235,1000,,,,,,,,,,
,,,,,324000,,,-570.295166015625,-6.0503740310668945,3.029864549636841,569.3504638671875,569.2439575195312,0.10179455578327179,-0.03044356405735016,0.0003,0.0003,0.10179135203361511
,,,,,324999,6397.677,1000,,,,,,,,,,
6435.452,66.37553,6551.6973,6295.272,1000.0,325000,,,-566.79638671875,-5.853518486022949,1.971993327140808,565.3145751953125,565.4118041992188,0.10282712429761887,-0.1593102216720581,0.0003,0.0003,0.10283124446868896
,,,,,325999,6445.1655,1000,,,,,,,,,,
,,,,,326000,,,-568.1433715820312,-6.206676959991455,2.138963460922241,566.7202758789062,566.8475952148438,0.10343975573778152,-0.03634142875671387,0.0003,0.0003,0.10344288498163223
,,,,,326999,6432.7314,1000,,,,,,,,,,
,,,,,327000,,,-566.7864379882812,-6.367605209350586,2.128742218017578,565.73193359375,565.9978637695312,0.10361851006746292,0.10701929032802582,0.0003,0.0003,0.10361962020397186
,,,,,327999,6447.733,1000,,,,,,,,,,
,,,,,328000,,,-576.4884643554688,-5.633169174194336,1.631793737411499,574.8756103515625,574.9249267578125,0.10501056909561157,-0.941789984703064,0.0003,0.0003,0.105008564889431
,,,,,328999,6052.032,1000,,,,,,,,,,
,,,,,329000,,,-572.9064331054688,-6.054988384246826,2.2684731483459473,571.740478515625,571.7125244140625,0.10569629073143005,-0.17827185988426208,0.0003,0.0003,0.10569349676370621
,,,,,329999,6410.308,1000,,,,,,,,,,
6450.4985,44.132324,6514.095,6364.7637,1000.0,330000,,,-572.492431640625,-5.6291399002075195,2.6765191555023193,571.43603515625,571.387451171875,0.10539517551660538,0.21379370987415314,0.0003,0.0003,0.10539701581001282
,,,,,330999,5539.071,1000,,,,,,,,,,
,,,,,331000,,,-576.1981201171875,-5.820301532745361,2.1639909744262695,574.901123046875,575.0453491210938,0.10481318831443787,-0.39696332812309265,0.0003,0.0003,0.10480726510286331
,,,,,331999,6505.7417,1000,,,,,,,,,,
,,,,,332000,,,-571.11328125,-5.956221580505371,2.3476431369781494,570.039306640625,569.9994506835938,0.10528241097927094,-0.5558103919029236,0.0003,0.0003,0.10527965426445007
,,,,,332999,6523.155,1000,,,,,,,,,,
,,,,,333000,,,-576.8762817382812,-5.91495418548584,2.4279212951660156,575.8848266601562,576.1068115234375,0.10547179728746414,-0.4255009889602661,0.0003,0.0003,0.10546623915433884
,,,,,333999,6530.554,1000,,,,,,,,,,
,,,,,334000,,,-570.6390380859375,-5.9247331619262695,2.0964884757995605,569.189697265625,569.0986938476562,0.10392708331346512,0.15449562668800354,0.0003,0.0003,0.10392708331346512
,,,,,334999,6481.3433,1000,,,,,,,,,,
6457.9956,44.82824,6509.129,6340.025,1000.0,335000,,,-577.5681762695312,-5.844534873962402,2.1650190353393555,576.6815795898438,576.7526245117188,0.10432595759630203,-0.33160021901130676,0.0003,0.0003,0.10432827472686768
,,,,,335999,6521.797,1000,,,,,,,,,,
,,,,,336000,,,-577.311279296875,-5.98471736907959,1.9032342433929443,575.8358764648438,575.8248291015625,0.1042945459485054,0.11153854429721832,0.0003,0.0003,0.10429292917251587
,,,,,336999,6443.153,1000,,,,,,,,,,
,,,,,337000,,,-577.1622314453125,-5.708407402038574,2.211273431777954,575.62939453125,575.4337768554688,0.10462670773267746,0.3969792425632477,0.0003,0.0003,0.10463132709264755
,,,,,337999,6446.9067,1000,,,,,,,,,,
,,,,,338000,,,-575.7882690429688,-6.046220779418945,2.202186107635498,574.711181640625,574.6473999023438,0.10427888482809067,0.08687975257635117,0.0003,0.0003,0.10428206622600555
,,,,,338999,6510.3545,1000,,,,,,,,,,
,,,,,339000,,,-572.7072143554688,-6.141134262084961,2.2428040504455566,571.2020874023438,571.5350341796875,0.10377723723649979,0.36432895064353943,0.0003,0.0003,0.10377735644578934
,,,,,339999,6505.726,1000,,,,,,,,,,
6244.287,473.5397,6479.5703,4831.195,1000.0,340000,,,-578.3563842773438,-5.747131824493408,2.8595104217529297,577.1195678710938,576.60595703125,0.1044088676571846,0.24227005243301392,0.0003,0.0003,0.10441048443317413
,,,,,340999,6524.5713,1000,,,,,,,,,,
,,,,,341000,,,-580.6878051757812,-5.768823623657227,2.4292166233062744,578.9480590820312,578.946533203125,0.10501401871442795,-0.46191146969795227,0.0003,0.0003,0.10501274466514587
,,,,,341999,6577.8477,1000,,,,,,,,,,
,,,,,342000,,,-582.1321411132812,-6.544119358062744,1.999727725982666,580.706298828125,580.4768676757812,0.10340984165668488,0.9521597027778625,0.0003,0.0003,0.103411003947258
,,,,,342999,6560.4526,1000,,,,,,,,,,
,,,,,343000,,,-585.7035522460938,-5.863379955291748,2.348266363143921,584.4833984375,584.426513671875,0.10370711237192154,-0.32464340329170227,0.0003,0.0003,0.10370679199695587
,,,,,343999,6565.2397,1000,,,,,,,,,,
,,,,,344000,,,-581.3382568359375,-6.166624069213867,2.5208754539489746,580.0189819335938,579.9608764648438,0.10397442430257797,0.12780854105949402,0.0003,0.0003,0.10397278517484665
,,,,,344999,5918.9775,1000,,,,,,,,,,
6517.7725,33.79359,6580.769,6458.692,1000.0,345000,,,-584.0512084960938,-6.111056327819824,2.476141929626465,582.7988891601562,582.8868408203125,0.10438258200883865,0.08157745003700256,0.0003,0.0003,0.10438651591539383
,,,,,345999,6564.051,1000,,,,,,,,,,
,,,,,346000,,,-586.6343383789062,-6.143243789672852,2.629734992980957,585.1564331054688,585.3637084960938,0.10397417098283768,0.46183863282203674,0.0003,0.0003,0.10397112369537354
,,,,,346999,6574.8706,1000,,,,,,,,,,
,,,,,347000,,,-586.9131469726562,-5.926532745361328,2.896803140640259,585.4349365234375,585.3726806640625,0.10365260392427444,-0.16583503782749176,0.0003,0.0003,0.1036549061536789
,,,,,347999,6622.6636,1000,,,,,,,,,,
,,,,,348000,,,-586.5076293945312,-6.156599044799805,1.8727446794509888,585.2576904296875,585.2456665039062,0.10479065030813217,0.04450693726539612,0.0003,0.0003,0.10479454696178436
,,,,,348999,6601.8955,1000,,,,,,,,,,
,,,,,349000,,,-586.3908081054688,-6.3554229736328125,2.272562265396118,585.1513061523438,585.1983642578125,0.1051466315984726,0.6043850779533386,0.0003,0.0003,0.10514968633651733
,,,,,349999,4091.5046,1000,,,,,,,,,,
6501.9766,98.86114,6577.0054,6224.376,1000.0,350000,,,-583.8050537109375,-6.437726020812988,2.1211259365081787,582.2476196289062,582.3513793945312,0.10372353345155716,0.7116892337799072,0.0003,0.0003,0.10372892767190933
,,,,,350999,6569.4316,1000,,,,,,,,,,
,,,,,351000,,,-587.8223876953125,-5.845864295959473,2.542306900024414,586.5191040039062,586.6079711914062,0.10406258702278137,-0.08735876530408859,0.0003,0.0003,0.10405611246824265
,,,,,351999,6608.6997,1000,,,,,,,,,,
,,,,,352000,,,-584.5376586914062,-5.743494987487793,1.5702471733093262,583.476806640625,583.5553588867188,0.10448240488767624,0.017927944660186768,0.0003,0.0003,0.10448524355888367
,,,,,352999,6618.6626,1000,,,,,,,,,,
,,,,,353000,,,-591.7957763671875,-6.239381790161133,2.0783488750457764,590.78125,590.7735595703125,0.10416671633720398,-0.14488042891025543,0.0003,0.0003,0.1041659489274025
,,,,,353999,6662.6104,1000,,,,,,,,,,
,,,,,354000,,,-592.3936767578125,-6.246032238006592,1.9998327493667603,591.3660278320312,591.5158081054688,0.1032094731926918,-0.21849964559078217,0.0003,0.0003,0.10321057587862015
,,,,,354999,6665.7085,1000,,,,,,,,,,
6430.5693,492.31006,6720.4927,4968.1167,1000.0,355000,,,-590.2550659179688,-5.76482629776001,2.4894845485687256,588.8590698242188,588.50146484375,0.10348227620124817,-0.047439053654670715,0.0003,0.0003,0.10347993671894073
,,,,,355999,6659.2417,1000,,,,,,,,,,
,,,,,356000,,,-588.0804443359375,-5.9215874671936035,2.6258022785186768,587.084228515625,586.951171875,0.10322152823209763,0.2957445979118347,0.0003,0.0003,0.10322211682796478
,,,,,356999,6687.774,1000,,,,,,,,,,
,,,,,357000,,,-589.6997680664062,-6.666922569274902,2.4342236518859863,588.27734375,588.3349609375,0.10436481982469559,1.655777931213379,0.0003,0.0003,0.1043706163764
,,,,,357999,6493.3955,1000,,,,,,,,,,
,,,,,358000,,,-587.9608764648438,-6.299295902252197,2.657205104827881,586.3941650390625,586.65380859375,0.10553337633609772,0.3160930275917053,0.0003,0.0003,0.10554081946611404
,,,,,358999,6685.2036,1000,,,,,,,,,,
,,,,,359000,,,-591.5545654296875,-5.82112979888916,1.9195592403411865,590.3350219726562,590.1767578125,0.10467910766601562,0.384065181016922,0.0003,0.0003,0.1046815812587738
,,,,,359999,6708.3887,1000,,,,,,,,,,
6623.1704,154.46823,6736.6997,6222.091,1000.0,360000,,,-589.353271484375,-5.887204170227051,2.1310529708862305,588.1870727539062,587.8638916015625,0.10528688132762909,-0.5941507816314697,0.0003,0.0003,0.10528693348169327
,,,,,360999,6605.022,1000,,,,,,,,,,
,,,,,361000,,,-595.5043334960938,-6.3254828453063965,2.672041654586792,594.0379028320312,594.1981811523438,0.10534448176622391,0.5500441789627075,0.0003,0.0003,0.10534699261188507
,,,,,361999,6668.41,1000,,,,,,,,,,
,,,,,362000,,,-589.3974609375,-6.088133811950684,1.8175468444824219,587.8414306640625,587.6796875,0.10536078363656998,0.1921471357345581,0.0003,0.0003,0.1053590252995491
,,,,,362999,6750.9746,1000,,,,,,,,,,
,,,,,363000,,,-595.5615234375,-6.2167487144470215,2.05371356010437,594.0466918945312,594.3453369140625,0.10482708364725113,1.1262129545211792,0.0003,0.0003,0.10483328253030777
,,,,,363999,6691.8076,1000,,,,,,,,,,
,,,,,364000,,,-597.0078125,-5.798395156860352,2.506334066390991,595.3251953125,595.381591796875,0.1051158756017685,-0.295949786901474,0.0003,0.0003,0.10511301457881927
,,,,,364999,6753.872,1000,,,,,,,,,,
6576.06,306.30005,6795.1304,5691.274,1000.0,365000,,,-595.6080932617188,-6.269954204559326,2.545833110809326,594.7481079101562,594.6498413085938,0.10484770685434341,0.22598347067832947,0.0003,0.0003,0.10484892874956131
,,,,,365999,6723.4985,1000,,,,,,,,,,
,,,,,366000,,,-598.4296264648438,-5.770076274871826,2.018099308013916,597.203125,596.99560546875,0.10489080846309662,-1.125070571899414,0.0003,0.0003,0.10488385707139969
,,,,,366999,6777.6445,1000,,,,,,,,,,
,,,,,367000,,,-598.6384887695312,-5.905102729797363,2.3543570041656494,597.6669921875,597.6525268554688,0.10493496060371399,0.8772761821746826,0.0003,0.0003,0.1049407422542572
,,,,,367999,6677.507,1000,,,,,,,,,,
,,,,,368000,,,-597.2112426757812,-6.361502170562744,2.1153054237365723,595.690185546875,595.6409301757812,0.10432431846857071,0.39649587869644165,0.0003,0.0003,0.10432469099760056
,,,,,368999,6725.2666,1000,,,,,,,,,,
,,,,,369000,,,-596.6886596679688,-6.1607208251953125,1.893052339553833,594.9930419921875,594.8921508789062,0.10538507997989655,0.11000724136829376,0.0003,0.0003,0.10538420081138611
,,,,,369999,6672.7734,1000,,,,,,,,,,
6828.409,82.11262,6933.7656,6639.359,1000.0,370000,,,-599.72265625,-5.980681419372559,1.7256330251693726,598.7201538085938,598.80615234375,0.10578452795743942,-0.2870175540447235,0.0003,0.0003,0.10578356683254242
,,,,,370999,6745.8765,1000,,,,,,,,,,
,,,,,371000,,,-602.9722290039062,-6.242061614990234,2.5505034923553467,601.9114990234375,601.999755859375,0.10649719089269638,0.2836252748966217,0.0003,0.0003,0.10649944841861725
,,,,,371999,6787.0244,1000,,,,,,,,,,
,,,,,372000,,,-594.2633666992188,-5.824377059936523,2.142184019088745,592.7528076171875,592.8602905273438,0.10597388446331024,0.02586042881011963,0.0003,0.0003,0.1059703454375267
,,,,,372999,5879.7256,1000,,,,,,,,,,
,,,,,373000,,,-597.0974731445312,-5.809947967529297,2.4123404026031494,595.53662109375,595.469482421875,0.1069561317563057,-0.7017588019371033,0.0003,0.0003,0.10695959627628326
,,,,,373999,6792.2134,1000,,,,,,,,,,
,,,,,374000,,,-601.262939453125,-5.732113838195801,2.706211566925049,600.08740234375,599.9962158203125,0.10662445425987244,-0.22750705480575562,0.0003,0.0003,0.10662226378917694
,,,,,374999,6716.5674,1000,,,,,,,,,,
6366.4062,1298.8864,6876.736,2472.0273,1000.0,375000,,,-605.362548828125,-5.989484786987305,2.382957696914673,603.6315307617188,603.9183959960938,0.10773831605911255,-0.03824014216661453,0.0003,0.0003,0.10773978382349014
,,,,,375999,6850.0664,1000,,,,,,,,,,
,,,,,376000,,,-602.552001953125,-5.982947826385498,2.2247464656829834,601.521728515625,601.2179565429688,0.10756924748420715,0.19068127870559692,0.0003,0.0003,0.107570581138134
,,,,,376999,6535.183,1000,,,,,,,,,,
,,,,,377000,,,-607.1425170898438,-6.191522121429443,2.476959705352783,605.9691162109375,606.5191650390625,0.10805990546941757,-0.12219308316707611,0.0003,0.0003,0.10805882513523102
,,,,,377999,6809.8457,1000,,,,,,,,,,
,,,,,378000,,,-598.3654174804688,-6.161621570587158,2.7380294799804688,596.9853515625,597.119384765625,0.10870407521724701,-0.3046189844608307,0.0003,0.0003,0.10870666801929474
,,,,,378999,6898.673,1000,,,,,,,,,,
,,,,,379000,,,-601.0928955078125,-5.5156073570251465,2.731489419937134,599.862060546875,600.0367431640625,0.10906076431274414,-0.9157402515411377,0.0003,0.0003,0.10905636847019196
,,,,,379999,6899.8755,1000,,,,,,,,,,
6819.146,53.21727,6902.111,6717.5234,1000.0,380000,,,-605.6631469726562,-5.646607398986816,2.391057014465332,604.0784301757812,603.875732421875,0.10840260982513428,-0.16410404443740845,0.0003,0.0003,0.10840506851673126
,,,,,380999,6832.999,1000,,,,,,,,,,
,,,,,381000,,,-601.9508056640625,-6.126201629638672,2.17616868019104,600.3367309570312,600.5437622070312,0.10886026173830032,0.3399770259857178,0.0003,0.0003,0.10886070132255554
,,,,,381999,6816.0693,1000,,,,,,,,,,
,,,,,382000,,,-605.6419067382812,-6.519955158233643,3.144550323486328,604.3489379882812,603.9939575195312,0.10958951711654663,1.0846829414367676,0.0003,0.0003,0.1095864325761795
,,,,,382999,6738.471,1000,,,,,,,,,,
,,,,,383000,,,-598.0525512695312,-5.753215789794922,3.450911045074463,596.6181640625,596.628662109375,0.11076582968235016,0.11221542954444885,0.0003,0.0003,0.11076786369085312
,,,,,383999,6924.1753,1000,,,,,,,,,,
,,,,,384000,,,-614.1127319335938,-6.199769020080566,2.246687889099121,612.6053466796875,612.7272338867188,0.11148416996002197,0.24795466661453247,0.0003,0.0003,0.11147704720497131
,,,,,384999,6809.4253,1000,,,,,,,,,,
6882.303,77.15073,6978.626,6698.14,1000.0,385000,,,-608.7047119140625,-6.486957550048828,3.249828338623047,607.410400390625,607.0011596679688,0.11073292791843414,0.7988798022270203,0.0003,0.0003,0.11072955280542374
,,,,,385999,6936.464,1000,,,,,,,,,,
,,,,,386000,,,-610.6065063476562,-5.65228796005249,2.6795616149902344,609.099365234375,609.3761596679688,0.1107809916138649,-0.6811833381652832,0.0003,0.0003,0.11078186333179474
,,,,,386999,6800.445,1000,,,,,,,,,,
,,,,,387000,,,-609.04296875,-5.674072742462158,2.770310401916504,607.2987060546875,607.6377563476562,0.11056670546531677,-0.8836668729782104,0.0003,0.0003,0.11056359112262726
,,,,,387999,6622.307,1000,,,,,,,,,,
,,,,,388000,,,-611.2991333007812,-6.1987223625183105,3.0428903102874756,609.8079833984375,609.5716552734375,0.10975335538387299,0.44777339696884155,0.0003,0.0003,0.10975804179906845
,,,,,388999,6873.7773,1000,,,,,,,,,,
,,,,,389000,,,-612.8580932617188,-5.612030029296875,2.7679827213287354,611.5523681640625,611.707275390625,0.10976788401603699,-0.9962434768676758,0.0003,0.0003,0.10976330190896988
,,,,,389999,6901.213,1000,,,,,,,,,,
7010.3506,53.891464,7069.6104,6878.414,1000.0,390000,,,-605.9440307617188,-6.461879253387451,2.7761125564575195,604.2385864257812,604.24609375,0.10958001017570496,0.9335567951202393,0.0003,0.0003,0.10958585888147354
,,,,,390999,6947.79,1000,,,,,,,,,,
,,,,,391000,,,-611.8927001953125,-6.22907018661499,2.5670626163482666,610.1583862304688,610.5193481445312,0.10937356948852539,0.26549094915390015,0.0003,0.0003,0.10937292128801346
,,,,,391999,6957.264,1000,,,,,,,,,,
,,,,,392000,,,-613.64599609375,-6.328851222991943,2.336397171020508,612.3568725585938,612.284423828125,0.10985422879457474,0.7522567510604858,0.0003,0.0003,0.10985760390758514
,,,,,392999,6789.8677,1000,,,,,,,,,,
,,,,,393000,,,-613.7703857421875,-5.774240493774414,2.753415584564209,612.2274169921875,612.4695434570312,0.10973229259252548,0.1078035831451416,0.0003,0.0003,0.10972889512777328
,,,,,393999,6825.9507,1000,,,,,,,,,,
,,,,,394000,,,-616.8248901367188,-5.829417705535889,2.6792731285095215,615.8636474609375,615.9209594726562,0.11033084243535995,-0.4763082265853882,0.0003,0.0003,0.11033005267381668
,,,,,394999,6885.44,1000,,,,,,,,,,
6845.529,67.551926,6967.69,6734.7954,1000.0,395000,,,-616.821533203125,-5.432129383087158,2.338601589202881,615.12255859375,615.1495971679688,0.10924152284860611,-1.2134844064712524,0.0003,0.0003,0.10923586785793304
,,,,,395999,6895.683,1000,,,,,,,,,,
,,,,,396000,,,-618.4028930664062,-5.931834697723389,2.893566131591797,617.1971435546875,616.8514404296875,0.10979502648115158,-0.9293000102043152,0.0003,0.0003,0.10978701710700989
,,,,,396999,6908.3394,1000,,,,,,,,,,
,,,,,397000,,,-617.7327270507812,-6.389700412750244,2.2381436824798584,616.0620727539062,616.1873168945312,0.11050580441951752,1.4112803936004639,0.0003,0.0003,0.11050505936145782
,,,,,397999,6866.7183,1000,,,,,,,,,,
,,,,,398000,,,-614.9423217773438,-6.367459774017334,2.826091766357422,613.5537719726562,613.692626953125,0.11148831248283386,0.2874642014503479,0.0003,0.0003,0.11149086803197861
,,,,,398999,6931.3335,1000,,,,,,,,,,
,,,,,399000,,,-615.9452514648438,-5.963260173797607,3.3328800201416016,614.8499755859375,614.2957763671875,0.11084304749965668,0.8029118180274963,0.0003,0.0003,0.11084751784801483
,,,,,399999,6898.8203,1000,,,,,,,,,,
6955.284,80.955376,7077.442,6809.4795,1000.0,400000,,,-621.8190307617188,-6.224349498748779,1.8533086776733398,620.4791259765625,620.4771728515625,0.11118292063474655,-0.011445358395576477,0.0003,0.0003,0.11117926239967346
,,,,,400999,6971.3677,1000,,,,,,,,,,
,,,,,401000,,,-620.3359375,-5.943984508514404,2.1300134658813477,618.6757202148438,618.4834594726562,0.11119039356708527,-0.3521231412887573,0.0003,0.0003,0.11119188368320465
,,,,,401999,6230.3193,1000,,,,,,,,,,
,,,,,402000,,,-624.56103515625,-5.94758415222168,1.8245006799697876,622.874755859375,623.1346435546875,0.11074525862932205,0.0018829405307769775,0.0003,0.0003,0.11074452102184296
,,,,,402999,7038.1304,1000,,,,,,,,,,
,,,,,403000,,,-617.068359375,-6.2301859855651855,2.8059518337249756,615.6470947265625,615.5794677734375,0.11138172447681427,0.21850089728832245,0.0003,0.0003,0.11138196289539337
,,,,,403999,6149.0225,1000,,,,,,,,,,
,,,,,404000,,,-619.8766479492188,-6.324709892272949,2.503824472427368,618.4133911132812,618.2523803710938,0.11158519238233566,-0.06123857945203781,0.0003,0.0003,0.11158500611782074
,,,,,404999,7041.394,1000,,,,,,,,,,
6858.9556,255.03772,7035.738,6110.141,1000.0,405000,,,-621.1610107421875,-6.084393501281738,2.603545904159546,619.8928833007812,619.568115234375,0.11119469255208969,-0.013382405042648315,0.0003,0.0003,0.11119193583726883
,,,,,405999,6949.4844,1000,,,,,,,,,,
,,,,,406000,,,-621.0806884765625,-5.837793350219727,2.717349052429199,619.9370727539062,619.8408813476562,0.11191458255052567,-0.0574604868888855,0.0003,0.0003,0.1119115948677063
,,,,,406999,6817.5684,1000,,,,,,,,,,
,,,,,407000,,,-623.0184326171875,-5.774631500244141,2.8582286834716797,621.5736694335938,621.7322387695312,0.11168172210454941,-0.353870153427124,0.0003,0.0003,0.11168084293603897
,,,,,407999,7030.2134,1000,,,,,,,,,,
,,,,,408000,,,-627.6441650390625,-5.542007923126221,3.0341527462005615,626.240234375,626.0463256835938,0.11318928748369217,-1.1864371299743652,0.0003,0.0003,0.11319195479154587
,,,,,408999,6728.6,1000,,,,,,,,,,
,,,,,409000,,,-634.8976440429688,-5.858861923217773,2.381118059158325,633.7613525390625,633.6998901367188,0.1125003769993782,-0.9596622586250305,0.0003,0.0003,0.11249686032533646
,,,,,409999,7094.323,1000,,,,,,,,,,
6963.401,159.66328,7117.4014,6555.3447,1000.0,410000,,,-625.0338745117188,-6.013230800628662,2.7937471866607666,623.77880859375,623.756591796875,0.11128322035074234,-0.0035548359155654907,0.0003,0.0003,0.1112828180193901
,,,,,410999,6842.4414,1000,,,,,,,,,,
,,,,,411000,,,-626.4386596679688,-6.060671806335449,2.712418556213379,625.4746704101562,625.13525390625,0.11221213638782501,-0.4382835924625397,0.0003,0.0003,0.1122099980711937
,,,,,411999,7051.0747,1000,,,,,,,,,,
,,,,,412000,,,-626.1239624023438,-5.416126251220703,2.8614163398742676,624.5509033203125,624.551025390625,0.1117425337433815,-0.5548189282417297,0.0003,0.0003,0.11173933744430542
,,,,,412999,7083.2217,1000,,,,,,,,,,
,,,,,413000,,,-620.851806640625,-6.072808742523193,2.400146007537842,619.0416259765625,619.3050537109375,0.11239351332187653,1.0393450260162354,0.0003,0.0003,0.11239662021398544
,,,,,413999,6971.5806,1000,,,,,,,,,,
,,,,,414000,,,-630.6708374023438,-6.162258148193359,2.4292378425598145,629.9974365234375,629.845703125,0.11219839006662369,-0.6741052865982056,0.0003,0.0003,0.11219886690378189
,,,,,414999,7011.4634,1000,,,,,,,,,,
7063.9873,60.980873,7177.887,6926.2886,1000.0,415000,,,-627.4053955078125,-6.103588581085205,2.2568066120147705,626.1206665039062,625.9136352539062,0.11198990792036057,-0.9949356317520142,0.0003,0.0003,0.11198766529560089
,,,,,415999,7004.2812,1000,,,,,,,,,,
,,,,,416000,,,-621.568603515625,-5.929089546203613,2.606466054916382,620.2767333984375,619.882080078125,0.11318885535001755,-0.1158691793680191,0.0003,0.0003,0.1131880134344101
,,,,,416999,6980.728,1000,,,,,,,,,,
,,,,,417000,,,-633.055908203125,-5.658446311950684,2.223314046859741,631.5137939453125,631.4594116210938,0.1123998612165451,-1.7883356809616089,0.0003,0.0003,0.11239123344421387
,,,,,417999,7120.885,1000,,,,,,,,,,
,,,,,418000,,,-630.6240844726562,-6.142139911651611,2.4164352416992188,629.1891479492188,629.3215942382812,0.11188361048698425,0.7930638790130615,0.0003,0.0003,0.11188451200723648
,,,,,418999,5625.1733,1000,,,,,,,,,,
,,,,,419000,,,-635.574951171875,-5.330600261688232,3.043396472930908,634.6831665039062,634.5316772460938,0.11219750344753265,-1.382266879081726,0.0003,0.0003,0.11219426989555359
,,,,,419999,7106.5776,1000,,,,,,,,,,
7048.1045,74.60341,7139.668,6941.3994,1000.0,420000,,,-631.0046997070312,-5.851794719696045,2.7094311714172363,629.592041015625,629.6936645507812,0.11246580630540848,-0.6281164884567261,0.0003,0.0003,0.1124640628695488
,,,,,420999,7054.836,1000,,,,,,,,,,
,,,,,421000,,,-636.6449584960938,-5.917754173278809,6.293416500091553,635.4619750976562,635.5533447265625,0.11187189817428589,-0.1797620952129364,0.0003,0.0003,0.11187109351158142
,,,,,421999,6998.6675,1000,,,,,,,,,,
,,,,,422000,,,-636.4400024414062,-5.586216449737549,2.6854262351989746,635.2896118164062,635.3363647460938,0.11059863120317459,-1.0689359903335571,0.0003,0.0003,0.11059064418077469
,,,,,422999,7160.7573,1000,,,,,,,,,,
,,,,,423000,,,-632.522705078125,-5.462501525878906,2.3271725177764893,631.2666015625,631.0856323242188,0.11085901409387589,-1.2870286703109741,0.0003,0.0003,0.11085671186447144
,,,,,423999,7120.8335,1000,,,,,,,,,,
,,,,,424000,,,-629.0867309570312,-6.104011058807373,2.973229169845581,627.7706909179688,627.8477172851562,0.11014105379581451,0.08956799656152725,0.0003,0.0003,0.11014454811811447
,,,,,424999,7068.61,1000,,,,,,,,,,
7145.129,97.52156,7296.0156,6968.53,1000.0,425000,,,-637.2471313476562,-5.974575996398926,2.094799041748047,635.796142578125,636.0087280273438,0.11104457825422287,0.006555214524269104,0.0003,0.0003,0.11105082929134369
,,,,,425999,5920.0044,1000,,,,,,,,,,
,,,,,426000,,,-636.89013671875,-5.916561603546143,3.4888665676116943,635.449462890625,635.4417114257812,0.11199719458818436,-0.023305758833885193,0.0003,0.0003,0.11199396103620529
,,,,,426999,7179.0522,1000,,,,,,,,,,
,,,,,427000,,,-639.5897827148438,-6.59745979309082,2.732264280319214,637.9998779296875,637.9114379882812,0.11166273802518845,1.2544589042663574,0.0003,0.0003,0.1116669774055481
,,,,,427999,6976.98,1000,,,,,,,,,,
,,,,,428000,,,-644.0907592773438,-5.889854907989502,2.7831714153289795,643.087158203125,643.1468505859375,0.1111202985048294,0.05382438749074936,0.0003,0.0003,0.11112011224031448
,,,,,428999,7144.0425,1000,,,,,,,,,,
,,,,,429000,,,-637.0427856445312,-5.746488094329834,2.3139307498931885,635.6804809570312,635.7152099609375,0.11119195818901062,0.15010978281497955,0.0003,0.0003,0.11119169741868973
,,,,,429999,7195.7197,1000,,,,,,,,,,
7202.5947,190.37653,7381.945,6664.893,1000.0,430000,,,-629.5769653320312,-5.932570457458496,4.123200416564941,628.216552734375,628.09716796875,0.11238424479961395,-0.40695250034332275,0.0003,0.0003,0.1123836487531662
,,,,,430999,7175.2437,1000,,,,,,,,,,
,,,,,431000,,,-634.4481201171875,-6.454530715942383,3.3582024574279785,633.0606689453125,633.11279296875,0.11323093622922897,0.5938711166381836,0.0003,0.0003,0.11322828382253647
,,,,,431999,7219.3667,1000,,,,,,,,,,
,,,,,432000,,,-630.0952758789062,-5.423671722412109,3.3275492191314697,628.5148315429688,628.3985595703125,0.11374001204967499,-1.0511412620544434,0.0003,0.0003,0.11373450607061386
,,,,,432999,7175.2036,1000,,,,,,,,,,
,,,,,433000,,,-638.8065185546875,-5.6693620681762695,3.9444286823272705,637.1616821289062,637.5255737304688,0.11499258875846863,-0.17576730251312256,0.0003,0.0003,0.1149967610836029
,,,,,433999,7274.5566,1000,,,,,,,,,,
,,,,,434000,,,-640.2586669921875,-5.997859001159668,2.634465217590332,638.8441162109375,638.8656005859375,0.116190604865551,-0.11462920904159546,0.0003,0.0003,0.11619116365909576
,,,,,434999,7289.3115,1000,,,,,,,,,,
7198.9463,86.3541,7356.2144,7034.2974,1000.0,435000,,,-641.5469970703125,-5.569109916687012,2.302438735961914,640.1812744140625,640.1444702148438,0.11455394327640533,-0.8914180397987366,0.0003,0.0003,0.11455195397138596
,,,,,435999,7143.566,1000,,,,,,,,,,
,,,,,436000,,,-645.1179809570312,-5.806262969970703,2.5687646865844727,644.2948608398438,643.8565673828125,0.11475532501935959,-0.3136010468006134,0.0003,0.0003,0.11475322395563126
,,,,,436999,7305.753,1000,,,,,,,,,,
,,,,,437000,,,-636.4835205078125,-6.228541374206543,2.661259174346924,635.080322265625,634.9653930664062,0.11580315232276917,0.13109132647514343,0.0003,0.0003,0.11580494046211243
,,,,,437999,7233.797,1000,,,,,,,,,,
,,,,,438000,,,-644.3573608398438,-5.850002765655518,3.256763219833374,642.6622924804688,642.97802734375,0.11621936410665512,-0.7491954565048218,0.0003,0.0003,0.11621307581663132
,,,,,438999,7246.5547,1000,,,,,,,,,,
,,,,,439000,,,-650.2802124023438,-5.7634406089782715,3.689878463745117,649.1405029296875,649.1395263671875,0.11582314223051071,-0.5262914896011353,0.0003,0.0003,0.11582805216312408
,,,,,439999,7266.514,1000,,,,,,,,,,
7236.1064,87.85877,7358.202,7101.28,1000.0,440000,,,-647.8517456054688,-6.127878189086914,2.1025147438049316,646.4987182617188,646.5550537109375,0.11675365269184113,0.06442542374134064,0.0003,0.0003,0.11675409972667694
,,,,,440999,7442.309,1000,,,,,,,,,,
,,,,,441000,,,-638.9007568359375,-6.333459854125977,2.8350648880004883,637.048095703125,636.9039916992188,0.11672879755496979,0.7511236667633057,0.0003,0.0003,0.11673367023468018
,,,,,441999,7203.337,1000,,,,,,,,,,
,,,,,442000,,,-642.6395874023438,-6.430161952972412,2.639230728149414,641.7018432617188,641.3499755859375,0.11651264131069183,0.5238454937934875,0.0003,0.0003,0.1165163666009903
,,,,,442999,7399.142,1000,,,,,,,,,,
,,,,,443000,,,-644.7532958984375,-6.140626430511475,3.296726703643799,643.2357177734375,643.073974609375,0.1171184554696083,0.7818973064422607,0.0003,0.0003,0.11712317913770676
,,,,,443999,7315.557,1000,,,,,,,,,,
,,,,,444000,,,-649.0889892578125,-5.789394855499268,2.6461944580078125,647.59326171875,647.4962768554688,0.11669590324163437,-0.23591367900371552,0.0003,0.0003,0.11669743806123734
,,,,,444999,7290.7505,1000,,,,,,,,,,
7209.7827,133.45332,7482.724,7014.549,1000.0,445000,,,-645.7825927734375,-5.789834499359131,3.4076104164123535,644.9082641601562,644.7890014648438,0.11811909079551697,-0.5562343001365662,0.0003,0.0003,0.11812024563550949
,,,,,445999,7263.11,1000,,,,,,,,,,
,,,,,446000,,,-646.8134155273438,-5.713608264923096,3.3177690505981445,645.3583374023438,645.3954467773438,0.11903228610754013,-0.6025157570838928,0.0003,0.0003,0.1190318614244461
,,,,,446999,7341.8916,1000,,,,,,,,,,
,,,,,447000,,,-645.9691772460938,-5.877008438110352,3.58435320854187,643.8841552734375,644.463134765625,0.11914850026369095,0.039501480758190155,0.0003,0.0003,0.11915042996406555
,,,,,447999,7194.7866,1000,,,,,,,,,,
,,,,,448000,,,-649.0281372070312,-5.771332740783691,2.8411242961883545,647.8016357421875,647.588134765625,0.11928803473711014,-0.5747750401496887,0.0003,0.0003,0.11928731948137283
,,,,,448999,7329.691,1000,,,,,,,,,,
,,,,,449000,,,-649.6759033203125,-6.4130401611328125,2.853463888168335,648.2518920898438,648.2180786132812,0.11788459867238998,0.10168713331222534,0.0003,0.0003,0.11788732558488846
,,,,,449999,6288.573,1000,,,,,,,,,,
7194.703,56.024883,7274.702,7118.1187,1000.0,450000,,,-650.6685180664062,-6.026185035705566,3.8118677139282227,649.073486328125,648.9716186523438,0.11838328838348389,0.20278367400169373,0.0003,0.0003,0.11838306486606598
,,,,,450999,7356.6533,1000,,,,,,,,,,
,,,,,451000,,,-652.63427734375,-6.755568504333496,3.3792383670806885,650.700439453125,650.8758544921875,0.1182514950633049,1.4056401252746582,0.0003,0.0003,0.11825671792030334
,,,,,451999,7413.5728,1000,,,,,,,,,,
,,,,,452000,,,-657.7015991210938,-5.583704948425293,2.6374173164367676,656.06982421875,656.1726684570312,0.11873821169137955,-0.3826904892921448,0.0003,0.0003,0.11873722076416016
,,,,,452999,7450.281,1000,,,,,,,,,,
,,,,,453000,,,-655.5473022460938,-6.256711483001709,2.575226068496704,653.9600219726562,654.0762939453125,0.11860441416501999,0.5536525845527649,0.0003,0.0003,0.11860418319702148
,,,,,453999,7502.8135,1000,,,,,,,,,,
,,,,,454000,,,-650.552978515625,-6.015033721923828,3.1625711917877197,648.9724731445312,649.1259765625,0.11920803040266037,0.9202120900154114,0.0003,0.0003,0.11920851469039917
,,,,,454999,7419.375,1000,,,,,,,,,,
7409.797,62.893497,7474.443,7253.3335,1000.0,455000,,,-657.2244873046875,-5.7975239753723145,2.997164487838745,656.4312744140625,655.8970336914062,0.11978817731142044,-0.4056509733200073,0.0003,0.0003,0.11978772282600403
,,,,,455999,7194.025,1000,,,,,,,,,,
,,,,,456000,,,-651.4058837890625,-6.229701042175293,3.189894437789917,649.6399536132812,649.5732421875,0.11903310567140579,0.5057182908058167,0.0003,0.0003,0.11902803182601929
,,,,,456999,7492.2446,1000,,,,,,,,,,
,,,,,457000,,,-655.6141967773438,-6.429873466491699,2.538944721221924,654.367431640625,654.0081176757812,0.11989910155534744,0.37988245487213135,0.0003,0.0003,0.11990507692098618
,,,,,457999,7437.9077,1000,,,,,,,,,,
,,,,,458000,,,-658.2637939453125,-5.887119770050049,4.565167427062988,656.6021118164062,656.8987426757812,0.12024641036987305,-0.08273376524448395,0.0003,0.0003,0.12024512141942978
,,,,,458999,7365.3447,1000,,,,,,,,,,
,,,,,459000,,,-656.6002807617188,-5.983376502990723,4.4873433113098145,655.0651245117188,655.171630859375,0.11964757740497589,0.21009132266044617,0.0003,0.0003,0.11964860558509827
,,,,,459999,7363.066,1000,,,,,,,,,,
7408.017,244.72153,7629.124,6785.428,1000.0,460000,,,-661.0986328125,-6.222946643829346,4.108983039855957,659.8072509765625,659.6884155273438,0.11979985982179642,0.05000436305999756,0.0003,0.0003,0.1198016032576561
,,,,,460999,7372.181,1000,,,,,,,,,,
,,,,,461000,,,-662.9591064453125,-6.109335899353027,2.742845058441162,661.5023193359375,661.6607055664062,0.12065445631742477,0.18006367981433868,0.0003,0.0003,0.12065595388412476
,,,,,461999,7383.0586,1000,,,,,,,,,,
,,,,,462000,,,-656.9640502929688,-5.788042068481445,3.4485373497009277,655.1163330078125,655.4354248046875,0.12261027842760086,-0.32813766598701477,0.0003,0.0003,0.12260598689317703
,,,,,462999,7590.321,1000,,,,,,,,,,
,,,,,463000,,,-654.575439453125,-5.957847595214844,5.392370223999023,653.3732299804688,653.2210083007812,0.12258516997098923,-0.2849130630493164,0.0003,0.0003,0.12258543819189072
,,,,,463999,7527.5205,1000,,,,,,,,,,
,,,,,464000,,,-662.8226318359375,-5.554885387420654,3.181992530822754,661.4388427734375,661.2625122070312,0.12214773148298264,-0.8514314293861389,0.0003,0.0003,0.12214188277721405
,,,,,464999,7453.3853,1000,,,,,,,,,,
6970.737,1903.431,7717.1367,1269.4185,1000.0,465000,,,-662.8455200195312,-6.274203777313232,3.4228386878967285,660.9061889648438,661.2223510742188,0.1224614605307579,0.6820549964904785,0.0003,0.0003,0.1224634200334549
,,,,,465999,7567.406,1000,,,,,,,,,,
,,,,,466000,,,-659.8828125,-5.441743850708008,3.8705596923828125,658.0504760742188,658.7017822265625,0.12256161868572235,-0.6439594030380249,0.0003,0.0003,0.12256412953138351
,,,,,466999,7602.528,1000,,,,,,,,,,
,,,,,467000,,,-668.3643798828125,-5.6720805168151855,4.751498222351074,667.3515014648438,667.3536987304688,0.12303949147462845,-0.20406806468963623,0.0003,0.0003,0.12303908169269562
,,,,,467999,7261.08,1000,,,,,,,,,,
,,,,,468000,,,-660.418701171875,-6.016390800476074,2.8284525871276855,658.6754150390625,658.8525390625,0.12461899220943451,-0.22680482268333435,0.0003,0.0003,0.12461584061384201
,,,,,468999,7607.833,1000,,,,,,,,,,
,,,,,469000,,,-660.598388671875,-6.029918193817139,3.73366117477417,659.1695556640625,659.0140380859375,0.12445307523012161,0.4870428442955017,0.0003,0.0003,0.12445292621850967
,,,,,469999,7493.109,1000,,,,,,,,,,
7539.2554,186.69145,7758.0557,7138.0,1000.0,470000,,,-675.1163940429688,-6.221702575683594,2.771876573562622,673.9432373046875,673.7954711914062,0.12440712004899979,-0.6557461023330688,0.0003,0.0003,0.12440836429595947
,,,,,470999,7315.9497,1000,,,,,,,,,,
,,,,,471000,,,-664.9418334960938,-6.027839183807373,3.072549343109131,663.34521484375,663.4019775390625,0.1245993822813034,-0.5043889284133911,0.0003,0.0003,0.12460193783044815
,,,,,471999,7634.3354,1000,,,,,,,,,,
,,,,,472000,,,-665.882080078125,-5.813775062561035,7.521378517150879,665.0650024414062,664.8968505859375,0.12494362890720367,-0.19304488599300385,0.0003,0.0003,0.12494618445634842
,,,,,472999,7572.4253,1000,,,,,,,,,,
,,,,,473000,,,-667.638671875,-6.459800720214844,3.522402048110962,665.8744506835938,666.1483764648438,0.12521210312843323,0.8264256715774536,0.0003,0.0003,0.1252160668373108
,,,,,473999,7572.346,1000,,,,,,,,,,
,,,,,474000,,,-668.605712890625,-5.6629486083984375,3.9721531867980957,667.4046630859375,667.4478759765625,0.12514781951904297,-0.7050585746765137,0.0003,0.0003,0.1251544952392578
,,,,,474999,7743.6855,1000,,,,,,,,,,
7449.0728,312.7834,7675.826,6612.1,1000.0,475000,,,-667.6300659179688,-6.0743408203125,7.8855204582214355,666.04638671875,665.991943359375,0.12547846138477325,-0.007071763277053833,0.0003,0.0003,0.12548205256462097
,,,,,475999,7578.819,1000,,,,,,,,,,
,,,,,476000,,,-661.794921875,-6.051109790802002,3.772303819656372,660.4085083007812,660.22998046875,0.12486560642719269,0.18360206484794617,0.0003,0.0003,0.12486205995082855
,,,,,476999,7673.655,1000,,,,,,,,,,
,,,,,477000,,,-669.6119995117188,-5.537646770477295,2.6069865226745605,668.0784912109375,668.03857421875,0.12606796622276306,-1.0376511812210083,0.0003,0.0003,0.1260656863451004
,,,,,477999,6406.2593,1000,,,,,,,,,,
,,,,,478000,,,-663.5582275390625,-6.333584785461426,3.181515693664551,662.0948486328125,662.124755859375,0.12715919315814972,0.47227582335472107,0.0003,0.0003,0.1271648108959198
,,,,,478999,7574.347,1000,,,,,,,,,,
,,,,,479000,,,-671.0294799804688,-5.84959602355957,2.0937650203704834,669.638671875,669.4658813476562,0.1271960437297821,-0.41922450065612793,0.0003,0.0003,0.12720106542110443
,,,,,479999,7672.7393,1000,,,,,,,,,,
7598.8735,51.80992,7674.704,7519.4146,1000.0,480000,,,-675.8132934570312,-5.524389266967773,2.8743927478790283,674.4876708984375,674.5548095703125,0.12689758837223053,-0.9412863850593567,0.0003,0.0003,0.12689459323883057
,,,,,480999,7535.2173,1000,,,,,,,,,,
,,,,,481000,,,-675.09521484375,-5.693913459777832,3.0084402561187744,674.179443359375,674.0407104492188,0.1259821653366089,-1.068052887916565,0.0003,0.0003,0.1259859800338745
,,,,,481999,7705.5493,1000,,,,,,,,,,
,,,,,482000,,,-670.53173828125,-5.733571529388428,4.502038955688477,669.010009765625,669.05859375,0.1262311339378357,-0.18133071064949036,0.0003,0.0003,0.12623050808906555
,,,,,482999,7604.3745,1000,,,,,,,,,,
,,,,,483000,,,-675.6280517578125,-6.007633209228516,3.3075389862060547,674.2701416015625,674.0133056640625,0.12685303390026093,-0.48139825463294983,0.0003,0.0003,0.1268511563539505
,,,,,483999,7688.9106,1000,,,,,,,,,,
,,,,,484000,,,-673.6644287109375,-5.584680557250977,3.6434967517852783,672.109130859375,672.393798828125,0.12601856887340546,-0.2800244390964508,0.0003,0.0003,0.12602126598358154
,,,,,484999,7704.8936,1000,,,,,,,,,,
7651.8057,63.019505,7727.8145,7502.6177,1000.0,485000,,,-676.6430053710938,-5.698405742645264,3.5051891803741455,675.3433227539062,675.5031127929688,0.12607614696025848,-0.320817768573761,0.0003,0.0003,0.12607792019844055
,,,,,485999,7705.7695,1000,,,,,,,,,,
,,,,,486000,,,-680.3204345703125,-5.816993236541748,2.484407424926758,678.8216552734375,678.753662109375,0.1269352287054062,-0.6864241361618042,0.0003,0.0003,0.1269371658563614
,,,,,486999,7471.666,1000,,,,,,,,,,
,,,,,487000,,,-674.3544921875,-6.465451717376709,3.3265280723571777,672.7653198242188,672.9312744140625,0.12693528831005096,0.5405397415161133,0.0003,0.0003,0.1269351691007614
,,,,,487999,7644.87,1000,,,,,,,,,,
,,,,,488000,,,-674.8715209960938,-6.315323352813721,5.017280578613281,673.3546142578125,673.403076171875,0.126737579703331,0.9408739805221558,0.0003,0.0003,0.12674254179000854
,,,,,488999,7787.216,1000,,,,,,,,,,
,,,,,489000,,,-675.4205932617188,-6.501220226287842,3.297393560409546,673.2747802734375,673.642333984375,0.12790919840335846,0.6597394943237305,0.0003,0.0003,0.12791365385055542
,,,,,489999,7765.822,1000,,,,,,,,,,
7765.478,96.21483,7915.3286,7594.221,1000.0,490000,,,-676.0048217773438,-6.02254581451416,3.813732862472534,674.353759765625,674.2291259765625,0.127853125333786,0.15650077164173126,0.0003,0.0003,0.12785904109477997
,,,,,490999,7800.287,1000,,,,,,,,,,
,,,,,491000,,,-681.5736694335938,-5.618426322937012,3.659322738647461,679.8265991210938,679.9052734375,0.12817849218845367,-0.6551220417022705,0.0003,0.0003,0.1281772404909134
,,,,,491999,7853.614,1000,,,,,,,,,,
,,,,,492000,,,-678.69287109375,-5.7801513671875,3.834139823913574,677.1214599609375,677.1243896484375,0.12877297401428223,-0.7245718836784363,0.0003,0.0003,0.1287672072649002
,,,,,492999,7772.97,1000,,,,,,,,,,
,,,,,493000,,,-677.4349975585938,-6.319453239440918,3.329371690750122,675.9052734375,676.0035400390625,0.1286146491765976,0.23360151052474976,0.0003,0.0003,0.12861308455467224
,,,,,493999,7881.8154,1000,,,,,,,,,,
,,,,,494000,,,-680.7137451171875,-6.33917760848999,4.570806980133057,679.478759765625,679.1585083007812,0.12880487740039825,0.4863113760948181,0.0003,0.0003,0.1288057416677475
,,,,,494999,7829.1143,1000,,,,,,,,,,
7821.4336,59.279552,7901.3193,7708.5146,1000.0,495000,,,-684.7164916992188,-5.544051170349121,3.2944552898406982,683.0590209960938,682.8746337890625,0.12970806658267975,-0.6799933314323425,0.0003,0.0003,0.12970536947250366
,,,,,495999,7280.6367,1000,,,,,,,,,,
,,,,,496000,,,-681.3944091796875,-6.193051338195801,3.837900400161743,679.8074340820312,679.232666015625,0.1305605173110962,0.48248255252838135,0.0003,0.0003,0.1305607557296753
,,,,,496999,7698.3125,1000,,,,,,,,,,
,,,,,497000,,,-688.7724609375,-5.983023643493652,2.7158193588256836,686.9367065429688,687.15869140625,0.13209488987922668,0.32120269536972046,0.0003,0.0003,0.13209860026836395
,,,,,497999,7697.215,1000,,,,,,,,,,
,,,,,498000,,,-684.6126708984375,-6.13810920715332,3.528406858444214,682.664306640625,682.6090698242188,0.13293646275997162,0.46599000692367554,0.0003,0.0003,0.1329381763935089
,,,,,498999,7844.318,1000,,,,,,,,,,
,,,,,499000,,,-690.115478515625,-5.34004020690918,3.2023329734802246,688.4290771484375,688.5128784179688,0.13128890097141266,-1.1889960765838623,0.0003,0.0003,0.13128718733787537
,,,,,499999,7777.056,1000,,,,,,,,,,
7792.677,74.22347,7903.0923,7679.0747,1000.0,500000,,,-685.323974609375,-5.336848258972168,3.8709447383880615,683.8216552734375,683.938720703125,0.1325235515832901,-0.6184065341949463,0.0003,0.0003,0.13252563774585724
,,,,,500999,7921.9756,1000,,,,,,,,,,
,,,,,501000,,,-683.7879028320312,-6.458668231964111,4.753271102905273,681.5707397460938,682.1661987304688,0.13225480914115906,0.38105088472366333,0.0003,0.0003,0.13224974274635315
,,,,,501999,7747.9326,1000,,,,,,,,,,
,,,,,502000,,,-687.537841796875,-6.053124904632568,3.467433452606201,686.1188354492188,686.362548828125,0.13322436809539795,-0.09840866923332214,0.0003,0.0003,0.1332223266363144
,,,,,502999,7834.069,1000,,,,,,,,,,
,,,,,503000,,,-684.8970336914062,-5.913384914398193,4.325942039489746,683.7776489257812,683.730224609375,0.13320638239383698,0.11515995115041733,0.0003,0.0003,0.13320867717266083
,,,,,503999,7801.2837,1000,,,,,,,,,,
,,,,,504000,,,-694.2844848632812,-5.781944274902344,3.021838426589966,692.9637451171875,693.3538208007812,0.133928120136261,-0.47869038581848145,0.0003,0.0003,0.13392221927642822
,,,,,504999,7771.08,1000,,,,,,,,,,
7915.6064,52.985214,7980.4077,7821.1787,1000.0,505000,,,-692.6420288085938,-5.9700541496276855,2.6296424865722656,691.514892578125,691.8154296875,0.13412047922611237,-0.2397443950176239,0.0003,0.0003,0.13411827385425568
,,,,,505999,7906.245,1000,,,,,,,,,,
,,,,,506000,,,-691.3934936523438,-6.7638959884643555,3.167585849761963,689.649169921875,689.5210571289062,0.1331925094127655,0.9079849123954773,0.0003,0.0003,0.1331956535577774
,,,,,506999,7672.8047,1000,,,,,,,,,,
,,,,,507000,,,-696.8606567382812,-5.8788251876831055,4.000181674957275,695.3990478515625,695.6502075195312,0.1329299658536911,0.3201928734779358,0.0003,0.0003,0.13293468952178955
,,,,,507999,6687.1123,1000,,,,,,,,,,
,,,,,508000,,,-684.2339477539062,-6.4986701011657715,4.076955795288086,682.5106201171875,682.4041137695312,0.13339532911777496,0.4051631987094879,0.0003,0.0003,0.13339409232139587
,,,,,508999,7884.0747,1000,,,,,,,,,,
,,,,,509000,,,-694.382080078125,-5.807575225830078,2.5918941497802734,692.565673828125,692.91796875,0.1330966204404831,0.18640244007110596,0.0003,0.0003,0.13309410214424133
,,,,,509999,7886.4985,1000,,,,,,,,,,
7893.779,337.26794,8108.5244,6905.6875,1000.0,510000,,,-691.23388671875,-6.469696044921875,3.543972969055176,689.1705932617188,689.3729248046875,0.13224343955516815,0.7370753288269043,0.0003,0.0003,0.13224460184574127
,,,,,510999,7316.753,1000,,,,,,,,,,
,,,,,511000,,,-691.13671875,-5.984289169311523,3.4974021911621094,689.7118530273438,689.723388671875,0.13291002810001373,-0.393546462059021,0.0003,0.0003,0.1329014152288437
,,,,,511999,7844.024,1000,,,,,,,,,,
,,,,,512000,,,-694.7384033203125,-6.238176345825195,3.5203375816345215,693.6138916015625,693.46484375,0.13400043547153473,0.7001398801803589,0.0003,0.0003,0.13400037586688995
,,,,,512999,6925.463,1000,,,,,,,,,,
,,,,,513000,,,-691.2461547851562,-6.5266852378845215,3.7941980361938477,689.8713989257812,689.762451171875,0.13459129631519318,0.9024243354797363,0.0003,0.0003,0.13459354639053345
,,,,,513999,8054.673,1000,,,,,,,,,,
,,,,,514000,,,-696.9794311523438,-5.676663398742676,3.763137102127075,695.6165161132812,695.1862182617188,0.13531853258609772,-1.046513319015503,0.0003,0.0003,0.13531611859798431
,,,,,514999,7851.7607,1000,,,,,,,,,,
7609.464,1063.3647,8037.2334,4424.953,1000.0,515000,,,-698.2515258789062,-5.919058799743652,4.303643226623535,696.2160034179688,696.34375,0.13519811630249023,0.11383016407489777,0.0003,0.0003,0.13519831001758575
,,,,,515999,7865.694,1000,,,,,,,,,,
,,,,,516000,,,-695.8720703125,-6.173436641693115,4.20512580871582,694.3755493164062,694.545166015625,0.13585367798805237,-0.09450345486402512,0.0003,0.0003,0.13585762679576874
,,,,,516999,7962.3677,1000,,,,,,,,,,
,,,,,517000,,,-694.4592895507812,-6.612417221069336,4.3528218269348145,692.9208374023438,692.783935546875,0.1345515251159668,0.7775411009788513,0.0003,0.0003,0.13454674184322357
,,,,,517999,7971.178,1000,,,,,,,,,,
,,,,,518000,,,-703.80224609375,-6.060624122619629,4.556946754455566,701.6743774414062,702.1719360351562,0.13472354412078857,-0.49621713161468506,0.0003,0.0003,0.1347215473651886
,,,,,518999,7962.927,1000,,,,,,,,,,
,,,,,519000,,,-703.6593627929688,-5.94404411315918,3.0740842819213867,701.501953125,701.3711547851562,0.13417097926139832,-0.31016188859939575,0.0003,0.0003,0.13417412340641022
,,,,,519999,7663.481,1000,,,,,,,,,,
7732.2705,328.349,7968.877,6779.6665,1000.0,520000,,,-704.1807861328125,-6.0219550132751465,2.3913283348083496,703.0648803710938,703.1117553710938,0.13438871502876282,-0.7412008047103882,0.0003,0.0003,0.13438667356967926
,,,,,520999,7917.926,1000,,,,,,,,,,
,,,,,521000,,,-702.6691284179688,-6.055108547210693,3.6945574283599854,701.4288940429688,701.23095703125,0.13493479788303375,0.4090549647808075,0.0003,0.0003,0.13493534922599792
,,,,,521999,8005.0454,1000,,,,,,,,,,
,,,,,522000,,,-710.8636474609375,-5.775308132171631,3.696427822113037,709.1436767578125,709.5498657226562,0.13487598299980164,-0.32070857286453247,0.0003,0.0003,0.13487543165683746
,,,,,522999,7963.1953,1000,,,,,,,,,,
,,,,,523000,,,-704.46630859375,-5.478081226348877,2.8645660877227783,703.1190795898438,702.8203125,0.1344720870256424,-0.5021315813064575,0.0003,0.0003,0.13446547091007233
,,,,,523999,7836.0283,1000,,,,,,,,,,
,,,,,524000,,,-705.5352783203125,-5.674095153808594,3.7844529151916504,704.0401611328125,704.306396484375,0.13510467112064362,-0.40776997804641724,0.0003,0.0003,0.13510718941688538
,,,,,524999,7869.164,1000,,,,,,,,,,
7800.396,649.46,8150.7505,5885.802,1000.0,525000,,,-705.214111328125,-6.18998908996582,3.948103666305542,703.98779296875,703.70068359375,0.13474644720554352,-0.2758479416370392,0.0003,0.0003,0.13474589586257935
,,,,,525999,7958.9897,1000,,,,,,,,,,
,,,,,526000,,,-711.3465576171875,-5.853250980377197,2.977224826812744,709.8615112304688,709.872314453125,0.13461652398109436,-0.15193599462509155,0.0003,0.0003,0.1346145123243332
,,,,,526999,7793.063,1000,,,,,,,,,,
,,,,,527000,,,-711.7607421875,-5.881955146789551,3.7188732624053955,710.6668090820312,710.7189331054688,0.13417427241802216,-0.5086697340011597,0.0003,0.0003,0.13417552411556244
,,,,,527999,7999.0176,1000,,,,,,,,,,
,,,,,528000,,,-700.2957763671875,-6.502401351928711,3.603131055831909,698.6624755859375,698.9900512695312,0.13346360623836517,0.645016610622406,0.0003,0.0003,0.13346613943576813
,,,,,528999,7966.9224,1000,,,,,,,,,,
,,,,,529000,,,-703.0503540039062,-5.877264022827148,3.4604225158691406,701.53857421875,701.765380859375,0.1342347264289856,-0.6370294094085693,0.0003,0.0003,0.1342328041791916
,,,,,529999,8075.5664,1000,,,,,,,,,,
8087.6475,62.65166,8164.547,7960.1963,1000.0,530000,,,-709.951171875,-6.431201934814453,3.1595826148986816,708.3482666015625,708.4658203125,0.13506293296813965,0.13445889949798584,0.0003,0.0003,0.13506773114204407
,,,,,530999,7739.352,1000,,,,,,,,,,
,,,,,531000,,,-711.1257934570312,-5.826889991760254,3.210143566131592,709.60205078125,709.5489501953125,0.13563260436058044,-0.4117763042449951,0.0003,0.0003,0.13563522696495056
,,,,,531999,7896.248,1000,,,,,,,,,,
,,,,,532000,,,-704.6572875976562,-6.14316987991333,4.488455295562744,703.1503295898438,703.23095703125,0.1356307715177536,0.04782941937446594,0.0003,0.0003,0.13563357293605804
,,,,,532999,7916.2246,1000,,,,,,,,,,
,,,,,533000,,,-716.6815795898438,-5.7426862716674805,3.6475279331207275,715.02490234375,714.72607421875,0.13601642847061157,-0.8064368963241577,0.0003,0.0003,0.13601647317409515
,,,,,533999,8042.9023,1000,,,,,,,,,,
,,,,,534000,,,-715.3553466796875,-5.9916205406188965,3.1304848194122314,713.662353515625,713.913330078125,0.13651449978351593,0.5730957388877869,0.0003,0.0003,0.13651718199253082
,,,,,534999,8058.979,1000,,,,,,,,,,
7945.7017,311.3484,8138.6514,7025.546,1000.0,535000,,,-707.438720703125,-5.7119269371032715,3.7816481590270996,705.3090209960938,705.5128173828125,0.13666623830795288,-0.6848434209823608,0.0003,0.0003,0.13666312396526337
,,,,,535999,8073.511,1000,,,,,,,,,,
,,,,,536000,,,-714.40771484375,-6.141081809997559,3.5219855308532715,712.9789428710938,712.655517578125,0.13670286536216736,0.02620711922645569,0.0003,0.0003,0.1367066353559494
,,,,,536999,8173.2573,1000,,,,,,,,,,
,,,,,537000,,,-715.12890625,-6.0453782081604,4.296604633331299,713.660400390625,713.3276977539062,0.13755325973033905,-0.6642990112304688,0.0003,0.0003,0.13754941523075104
,,,,,537999,7930.3076,1000,,,,,,,,,,
,,,,,538000,,,-711.8309936523438,-5.86235237121582,4.173652648925781,710.3927001953125,710.4783935546875,0.1382494866847992,0.13184241950511932,0.0003,0.0003,0.13825567066669464
,,,,,538999,8029.3364,1000,,,,,,,,,,
,,,,,539000,,,-715.2133178710938,-6.021028995513916,3.9519031047821045,713.7876586914062,713.7433471679688,0.13728585839271545,-0.6958035826683044,0.0003,0.0003,0.13728420436382294
,,,,,539999,7052.185,1000,,,,,,,,,,
8141.7007,28.604836,8192.778,8093.7104,1000.0,540000,,,-715.7445068359375,-6.266753196716309,4.118728160858154,714.2800903320312,713.993896484375,0.13740375638008118,0.5594549179077148,0.0003,0.0003,0.1373978853225708
,,,,,540999,8148.0874,1000,,,,,,,,,,
,,,,,541000,,,-712.8768310546875,-5.94070291519165,3.7983341217041016,711.6784057617188,711.6073608398438,0.1374056041240692,-0.4804575741291046,0.0003,0.0003,0.13740456104278564
,,,,,541999,7987.847,1000,,,,,,,,,,
,,,,,542000,,,-711.2378540039062,-6.558745861053467,3.5354533195495605,709.2634887695312,709.586669921875,0.13774921000003815,0.9043340682983398,0.0003,0.0003,0.13775910437107086
,,,,,542999,8111.2793,1000,,,,,,,,,,
,,,,,543000,,,-721.4143676757812,-6.025250434875488,3.6651835441589355,719.7582397460938,719.7988891601562,0.13680052757263184,0.06175079941749573,0.0003,0.0003,0.1367986649274826
,,,,,543999,8065.6025,1000,,,,,,,,,,
,,,,,544000,,,-719.9002075195312,-6.620654106140137,3.012502908706665,718.4595947265625,718.184326171875,0.13685117661952972,1.4360674619674683,0.0003,0.0003,0.13685818016529083
,,,,,544999,8188.945,1000,,,,,,,,,,
8185.2764,63.70161,8317.158,8074.343,1000.0,545000,,,-717.8058471679688,-5.979948043823242,3.6959316730499268,716.2933959960938,716.4088134765625,0.13768050074577332,-0.5213918685913086,0.0003,0.0003,0.1376810073852539
,,,,,545999,8044.717,1000,,,,,,,,,,
,,,,,546000,,,-711.4072265625,-5.888099670410156,4.415154457092285,709.6858520507812,710.2073974609375,0.13691778481006622,0.011562809348106384,0.0003,0.0003,0.1369185745716095
,,,,,546999,8074.514,1000,,,,,,,,,,
,,,,,547000,,,-719.6260986328125,-5.813439846038818,7.2410502433776855,718.6771850585938,718.6974487304688,0.13751183450222015,0.07631891965866089,0.0003,0.0003,0.137515589594841
,,,,,547999,8011.4277,1000,,,,,,,,,,
,,,,,548000,,,-716.6950073242188,-6.57612419128418,6.070040702819824,715.307861328125,714.919677734375,0.1373021900653839,0.7338387966156006,0.0003,0.0003,0.13729853928089142
,,,,,548999,8258.944,1000,,,,,,,,,,
,,,,,549000,,,-722.847900390625,-6.022382736206055,5.764357566833496,720.943115234375,721.1666259765625,0.13736756145954132,-0.03993254154920578,0.0003,0.0003,0.13736622035503387
,,,,,549999,8036.877,1000,,,,,,,,,,
8189.294,73.37414,8271.235,8001.7026,1000.0,550000,,,-724.503662109375,-5.569769382476807,4.1560444831848145,722.6945190429688,722.8319702148438,0.13755834102630615,0.1738925576210022,0.0003,0.0003,0.13755561411380768
,,,,,550999,8216.551,1000,,,,,,,,,,
,,,,,551000,,,-719.8624877929688,-5.96919584274292,4.105799198150635,718.0128173828125,718.8275756835938,0.13813357055187225,0.1571168154478073,0.0003,0.0003,0.13813699781894684
,,,,,551999,8240.345,1000,,,,,,,,,,
,,,,,552000,,,-726.2138671875,-5.758185863494873,3.6125471591949463,724.7272338867188,724.6389770507812,0.138040229678154,-0.3104090690612793,0.0003,0.0003,0.13803556561470032
,,,,,552999,8197.335,1000,,,,,,,,,,
,,,,,553000,,,-719.9830932617188,-6.19047737121582,4.432559967041016,718.6401977539062,717.946044921875,0.13843245804309845,0.44361570477485657,0.0003,0.0003,0.13843299448490143
,,,,,553999,8196.541,1000,,,,,,,,,,
,,,,,554000,,,-724.5155029296875,-5.974870681762695,5.778610706329346,722.7083740234375,722.4130859375,0.1392272412776947,-0.2821263372898102,0.0003,0.0003,0.13922493159770966
,,,,,554999,8133.4434,1000,,,,,,,,,,
8012.0576,289.34515,8183.6753,7151.8506,1000.0,555000,,,-720.5947265625,-5.852402687072754,4.387532711029053,718.909912109375,718.7799072265625,0.13943983614444733,-0.3614465892314911,0.0003,0.0003,0.13943958282470703
,,,,,555999,8052.809,1000,,,,,,,,,,
,,,,,556000,,,-733.655517578125,-5.814638614654541,3.835400104522705,731.5953369140625,731.7762451171875,0.13860982656478882,0.4174443185329437,0.0003,0.0003,0.13861185312271118
,,,,,556999,8112.383,1000,,,,,,,,,,
,,,,,557000,,,-727.2218017578125,-5.97210693359375,4.588315010070801,725.550048828125,725.4447631835938,0.1389293521642685,0.22790618240833282,0.0003,0.0003,0.13893099129199982
,,,,,557999,8006.778,1000,,,,,,,,,,
,,,,,558000,,,-721.0427856445312,-5.883658409118652,3.6264984607696533,719.2854614257812,719.4215698242188,0.13871921598911285,-0.7802397012710571,0.0003,0.0003,0.1387149691581726
,,,,,558999,8295.784,1000,,,,,,,,,,
,,,,,559000,,,-726.2042846679688,-5.973340034484863,3.543001890182495,724.2039184570312,724.3261108398438,0.13805337250232697,-0.28145232796669006,0.0003,0.0003,0.13805066049098969
,,,,,559999,8321.69,1000,,,,,,,,,,
8239.938,52.66684,8315.689,8135.499,1000.0,560000,,,-724.7076416015625,-6.115830421447754,5.1169610023498535,722.8327026367188,722.6395263671875,0.1393330693244934,-0.04074104130268097,0.0003,0.0003,0.1393287032842636
,,,,,560999,8073.2275,1000,,,,,,,,,,
,,,,,561000,,,-735.4345703125,-5.985517978668213,3.9183731079101562,734.1639404296875,733.706298828125,0.13940952718257904,-0.5757739543914795,0.0003,0.0003,0.13940653204917908
,,,,,561999,8136.4307,1000,,,,,,,,,,
,,,,,562000,,,-720.9060668945312,-6.2240118980407715,7.169475555419922,719.089111328125,719.14111328125,0.13898243010044098,0.10120472311973572,0.0003,0.0003,0.13898023962974548
,,,,,562999,8239.563,1000,,,,,,,,,,
,,,,,563000,,,-731.7939453125,-6.160275459289551,4.709989547729492,729.974609375,730.5394287109375,0.13858462870121002,0.3145553469657898,0.0003,0.0003,0.13858859241008759
,,,,,563999,8302.294,1000,,,,,,,,,,
,,,,,564000,,,-735.9113159179688,-6.145916938781738,5.1251420974731445,734.4000854492188,734.3447875976562,0.1394682377576828,0.3005799651145935,0.0003,0.0003,0.13946743309497833
,,,,,564999,8282.592,1000,,,,,,,,,,
7222.0654,1119.5844,8042.145,4240.982,1000.0,565000,,,-729.91552734375,-5.694718837738037,3.4833359718322754,728.7521362304688,728.5044555664062,0.1403331309556961,-0.7161548137664795,0.0003,0.0003,0.1403300017118454
,,,,,565999,8117.8574,1000,,,,,,,,,,
,,,,,566000,,,-735.5855712890625,-6.313477993011475,8.534320831298828,734.0361328125,733.69970703125,0.1405039280653,-0.11888552457094193,0.0003,0.0003,0.1405070573091507
,,,,,566999,8234.621,1000,,,,,,,,,,
,,,,,567000,,,-730.6734619140625,-5.786255836486816,5.942604064941406,728.90576171875,728.8297119140625,0.14126801490783691,0.16350212693214417,0.0003,0.0003,0.14126846194267273
,,,,,567999,8176.6255,1000,,,,,,,,,,
,,,,,568000,,,-741.2379760742188,-6.264671802520752,3.918062686920166,739.9110717773438,739.8069458007812,0.1413176953792572,0.43437376618385315,0.0003,0.0003,0.14132097363471985
,,,,,568999,8257.163,1000,,,,,,,,,,
,,,,,569000,,,-736.9144897460938,-5.387580394744873,3.377028465270996,735.1494750976562,735.399658203125,0.1400810182094574,-0.8365174531936646,0.0003,0.0003,0.14007283747196198
,,,,,569999,8301.112,1000,,,,,,,,,,
8399.545,110.07179,8533.479,8142.701,1000.0,570000,,,-731.9921875,-6.366565227508545,4.8524065017700195,730.193359375,730.4201049804688,0.1394103467464447,0.1190069168806076,0.0003,0.0003,0.1394093930721283
,,,,,570999,8309.758,1000,,,,,,,,,,
,,,,,571000,,,-738.1030883789062,-5.986775875091553,4.785022735595703,736.8275146484375,736.8610229492188,0.1396949738264084,-0.3777606189250946,0.0003,0.0003,0.13969112932682037
,,,,,571999,8403.46,1000,,,,,,,,,,
,,,,,572000,,,-743.0825805664062,-6.128250598907471,5.497530937194824,741.8602294921875,741.6407470703125,0.14073459804058075,0.3384479880332947,0.0003,0.0003,0.1407397836446762
,,,,,572999,8446.75,1000,,,,,,,,,,
,,,,,573000,,,-735.6975708007812,-6.6593403816223145,4.712606906890869,734.137939453125,733.9859619140625,0.14071838557720184,0.5305454730987549,0.0003,0.0003,0.14071352779865265
,,,,,573999,8232.242,1000,,,,,,,,,,
,,,,,574000,,,-735.3750610351562,-5.664757251739502,4.593130588531494,733.9393310546875,734.0409545898438,0.1407853215932846,-0.031639304012060165,0.0003,0.0003,0.140781968832016
,,,,,574999,8312.159,1000,,,,,,,,,,
8284.315,58.18447,8408.94,8171.1743,1000.0,575000,,,-729.142822265625,-6.026946067810059,4.841408729553223,727.448486328125,727.3143920898438,0.1409069448709488,0.2162380963563919,0.0003,0.0003,0.14090143144130707
,,,,,575999,8310.6,1000,,,,,,,,,,
,,,,,576000,,,-733.4468994140625,-6.207458972930908,3.7795848846435547,731.3690185546875,731.4986572265625,0.14049272239208221,0.587337076663971,0.0003,0.0003,0.14049363136291504
,,,,,576999,8300.277,1000,,,,,,,,,,
,,,,,577000,,,-734.7823486328125,-6.20803165435791,4.415243148803711,732.9630126953125,732.9248046875,0.14041659235954285,-0.4850529730319977,0.0003,0.0003,0.14041993021965027
,,,,,577999,8267.127,1000,,,,,,,,,,
,,,,,578000,,,-742.9436645507812,-5.780323028564453,3.791353702545166,741.5496826171875,741.537841796875,0.14022202789783478,-0.9441564083099365,0.0003,0.0003,0.14022639393806458
,,,,,578999,8416.201,1000,,,,,,,,,,
,,,,,579000,,,-747.61181640625,-6.227947235107422,3.9418041706085205,746.1925659179688,746.376708984375,0.14084231853485107,0.06804372370243073,0.0003,0.0003,0.14084602892398834
,,,,,579999,8231.742,1000,,,,,,,,,,
8351.495,112.938194,8506.043,8104.721,1000.0,580000,,,-736.2485961914062,-5.9085516929626465,4.419060230255127,734.2825927734375,734.75146484375,0.14096839725971222,-0.4433518946170807,0.0003,0.0003,0.14096219837665558
,,,,,580999,6937.8213,1000,,,,,,,,,,
,,,,,581000,,,-750.5506591796875,-5.998227596282959,3.629462718963623,749.00390625,748.7386474609375,0.14184992015361786,0.0673961192369461,0.0003,0.0003,0.14185427129268646
,,,,,581999,8406.748,1000,,,,,,,,,,
,,,,,582000,,,-740.7255859375,-6.1863322257995605,3.767814874649048,738.5640869140625,738.6276245117188,0.1428639441728592,0.39117535948753357,0.0003,0.0003,0.14286233484745026
,,,,,582999,8308.567,1000,,,,,,,,,,
,,,,,583000,,,-743.1577758789062,-5.909799575805664,5.675467491149902,741.24609375,741.3252563476562,0.14234904944896698,0.2973000407218933,0.0003,0.0003,0.1423443853855133
,,,,,583999,8345.144,1000,,,,,,,,,,
,,,,,584000,,,-746.8616943359375,-6.372714042663574,3.2786450386047363,745.0364990234375,745.35498046875,0.14189448952674866,0.7822608947753906,0.0003,0.0003,0.1418946236371994
,,,,,584999,8349.505,1000,,,,,,,,,,
8395.006,74.400604,8509.864,8257.332,1000.0,585000,,,-741.8549194335938,-6.333949089050293,3.2312726974487305,740.018798828125,740.2477416992188,0.14140991866588593,0.674981951713562,0.0003,0.0003,0.14141398668289185
,,,,,585999,8250.147,1000,,,,,,,,,,
,,,,,586000,,,-746.8265380859375,-5.810220241546631,3.732272148132324,745.353759765625,745.091552734375,0.14179925620555878,-0.5940937995910645,0.0003,0.0003,0.14180143177509308
,,,,,586999,8364.799,1000,,,,,,,,,,
,,,,,587000,,,-741.4275512695312,-6.027871131896973,4.14049768447876,739.4075927734375,739.6666259765625,0.14196819067001343,-0.8403943181037903,0.0003,0.0003,0.14196613430976868
,,,,,587999,8367.742,1000,,,,,,,,,,
,,,,,588000,,,-741.6351318359375,-5.477162837982178,4.445587158203125,739.9803466796875,739.7612915039062,0.14182284474372864,-0.4513189196586609,0.0003,0.0003,0.1418173462152481
,,,,,588999,8320.581,1000,,,,,,,,,,
,,,,,589000,,,-748.90869140625,-6.031793594360352,3.650613784790039,747.242431640625,747.3271484375,0.14048461616039276,0.2088729441165924,0.0003,0.0003,0.1404843032360077
,,,,,589999,8265.394,1000,,,,,,,,,,
7090.1694,1898.3143,8499.353,2782.5562,1000.0,590000,,,-741.7938842773438,-5.994129180908203,5.243741035461426,740.146728515625,739.8822021484375,0.14049334824085236,-0.2969518303871155,0.0003,0.0003,0.14048375189304352
,,,,,590999,8411.932,1000,,,,,,,,,,
,,,,,591000,,,-744.6326904296875,-6.109097003936768,3.7400543689727783,742.4293823242188,742.750244140625,0.1406899243593216,1.0491796731948853,0.0003,0.0003,0.14069294929504395
,,,,,591999,8386.139,1000,,,,,,,,,,
,,,,,592000,,,-746.0986938476562,-6.0891289710998535,5.591437339782715,744.487548828125,744.5518798828125,0.1408218890428543,0.16435100138187408,0.0003,0.0003,0.14082196354866028
,,,,,592999,8499.915,1000,,,,,,,,,,
,,,,,593000,,,-739.06689453125,-5.564874649047852,4.164412975311279,737.4832763671875,737.4130859375,0.14103223383426666,-0.1886959671974182,0.0003,0.0003,0.14103516936302185
,,,,,593999,8357.132,1000,,,,,,,,,,
,,,,,594000,,,-754.38134765625,-5.9168009757995605,4.599072456359863,752.3317260742188,752.5136108398438,0.1416579931974411,0.04983007162809372,0.0003,0.0003,0.1416708379983902
,,,,,594999,8477.414,1000,,,,,,,,,,
8325.877,98.75256,8444.921,8137.6143,1000.0,595000,,,-749.8659057617188,-6.348654747009277,4.186574935913086,748.3515625,748.2484130859375,0.14089833199977875,0.6765022277832031,0.0003,0.0003,0.1409073770046234
,,,,,595999,8389.074,1000,,,,,,,,,,
,,,,,596000,,,-750.8452758789062,-6.093617916107178,4.760835647583008,749.2626953125,749.1849365234375,0.14027833938598633,0.33833441138267517,0.0003,0.0003,0.14027324318885803
,,,,,596999,8438.922,1000,,,,,,,,,,
,,,,,597000,,,-753.2446899414062,-5.726811408996582,5.84525728225708,751.539306640625,751.9097290039062,0.14160533249378204,-0.8132568001747131,0.0003,0.0003,0.1416076272726059
,,,,,597999,8395.753,1000,,,,,,,,,,
,,,,,598000,,,-747.1272583007812,-6.2251386642456055,5.912953853607178,745.6724853515625,745.3087768554688,0.142329141497612,0.4552205204963684,0.0003,0.0003,0.14233510196208954
,,,,,598999,8365.532,1000,,,,,,,,,,
,,,,,599000,,,-751.1658935546875,-5.897059917449951,4.0942063331604,749.9505004882812,750.1599731445312,0.1406754106283188,-0.16833345592021942,0.0003,0.0003,0.14066925644874573
,,,,,599999,8438.517,1000,,,,,,,,,,
8179.7266,444.02237,8493.707,7063.2197,1000.0,600000,,,-744.460205078125,-5.834664344787598,5.806816577911377,742.674560546875,742.6494750976562,0.14089494943618774,-0.7551873326301575,0.0003,0.0003,0.1408957988023758
,,,,,600999,8320.083,1000,,,,,,,,,,
,,,,,601000,,,-758.4837646484375,-5.9962873458862305,5.486943244934082,757.5064086914062,756.8389892578125,0.14030903577804565,-0.028994359076023102,0.0003,0.0003,0.1403014361858368
,,,,,601999,8462.11,1000,,,,,,,,,,
,,,,,602000,,,-754.3794555664062,-5.678231239318848,5.405845642089844,753.024169921875,752.9114990234375,0.1412920504808426,-0.23121166229248047,0.0003,0.0003,0.14129434525966644
,,,,,602999,8499.601,1000,,,,,,,,,,
,,,,,603000,,,-756.806396484375,-5.827094078063965,3.9547712802886963,754.9071044921875,754.9478149414062,0.14199750125408173,0.23722127079963684,0.0003,0.0003,0.14199821650981903
,,,,,603999,8552.514,1000,,,,,,,,,,
,,,,,604000,,,-749.8633422851562,-6.1879096031188965,4.264196395874023,748.1409912109375,748.2139282226562,0.14194446802139282,0.6821916103363037,0.0003,0.0003,0.1419493854045868
,,,,,604999,8630.977,1000,,,,,,,,,,
8445.716,47.864315,8504.389,8373.4795,1000.0,605000,,,-751.2661743164062,-6.127490043640137,4.708920001983643,749.330322265625,749.2559204101562,0.14213402569293976,0.14774039387702942,0.0003,0.0003,0.14213456213474274
,,,,,605999,8392.713,1000,,,,,,,,,,
,,,,,606000,,,-753.0668334960938,-6.15641450881958,4.511654376983643,750.9981079101562,750.7969360351562,0.1408272087574005,0.477668434381485,0.0003,0.0003,0.140830859541893
,,,,,606999,8534.111,1000,,,,,,,,,,
,,,,,607000,,,-756.4264526367188,-6.304708480834961,3.2953548431396484,754.5431518554688,754.93408203125,0.1414240300655365,1.014670729637146,0.0003,0.0003,0.14143307507038116
,,,,,607999,8280.682,1000,,,,,,,,,,
,,,,,608000,,,-762.1707153320312,-6.729109764099121,4.228400230407715,760.0425415039062,760.0601806640625,0.1416524201631546,1.4891972541809082,0.0003,0.0003,0.14165610074996948
,,,,,608999,8408.855,1000,,,,,,,,,,
,,,,,609000,,,-764.0787353515625,-5.481918811798096,4.7946038246154785,762.3782348632812,762.444091796875,0.14095281064510345,-0.4242490231990814,0.0003,0.0003,0.14095039665699005
,,,,,609999,8484.131,1000,,,,,,,,,,
8549.484,91.807594,8648.23,8384.805,1000.0,610000,,,-760.6365966796875,-5.598615646362305,2.976153612136841,759.1439208984375,759.5032348632812,0.14114217460155487,-0.34526389837265015,0.0003,0.0003,0.14114081859588623
,,,,,610999,8637.978,1000,,,,,,,,,,
,,,,,611000,,,-758.66748046875,-6.344987869262695,5.172431945800781,757.1810302734375,756.8646850585938,0.14174123108386993,0.4941180348396301,0.0003,0.0003,0.14174458384513855
,,,,,611999,8578.335,1000,,,,,,,,,,
,,,,,612000,,,-767.6878662109375,-6.13223123550415,3.381068229675293,766.2415771484375,765.968505859375,0.14227169752120972,-0.42480507493019104,0.0003,0.0003,0.14227700233459473
,,,,,612999,8475.057,1000,,,,,,,,,,
,,,,,613000,,,-761.1442260742188,-6.183844566345215,6.67973518371582,759.948974609375,760.0095825195312,0.1422361582517624,0.6235890984535217,0.0003,0.0003,0.14224188029766083
,,,,,613999,8491.127,1000,,,,,,,,,,
,,,,,614000,,,-768.9712524414062,-5.455909252166748,4.269885063171387,767.309326171875,767.2225341796875,0.14154675602912903,-0.3504369258880615,0.0003,0.0003,0.14155153930187225
,,,,,614999,8530.415,1000,,,,,,,,,,
8572.514,67.52434,8651.625,8406.959,1000.0,615000,,,-766.2438354492188,-5.859235763549805,3.9171347618103027,764.4955444335938,763.9224243164062,0.14263089001178741,-0.048526912927627563,0.0003,0.0003,0.1426306515932083
,,,,,615999,8587.303,1000,,,,,,,,,,
,,,,,616000,,,-759.3757934570312,-6.380005359649658,6.167086124420166,757.1481323242188,757.519775390625,0.1432313472032547,1.3151497840881348,0.0003,0.0003,0.14323726296424866
,,,,,616999,7384.201,1000,,,,,,,,,,
,,,,,617000,,,-756.3147583007812,-5.809529781341553,4.581330299377441,754.2086791992188,754.572265625,0.14422541856765747,-0.5972124338150024,0.0003,0.0003,0.14423009753227234
,,,,,617999,8598.684,1000,,,,,,,,,,
,,,,,618000,,,-763.6362915039062,-5.842036247253418,4.472154140472412,761.7914428710938,761.8181762695312,0.144815132021904,-0.4018304646015167,0.0003,0.0003,0.14481619000434875
,,,,,618999,8643.468,1000,,,,,,,,,,
,,,,,619000,,,-764.5935668945312,-6.225611686706543,5.822324275970459,763.087158203125,762.6970825195312,0.1438334882259369,0.12102393805980682,0.0003,0.0003,0.1438339203596115
,,,,,619999,8559.9795,1000,,,,,,,,,,
8419.253,357.93237,8599.155,7352.581,1000.0,620000,,,-767.1744995117188,-5.706927299499512,5.948825836181641,765.2676391601562,765.0040283203125,0.14338362216949463,-0.7712090015411377,0.0003,0.0003,0.14337459206581116
,,,,,620999,8530.111,1000,,,,,,,,,,
,,,,,621000,,,-761.0670166015625,-5.990865707397461,6.497467041015625,759.3182983398438,759.2730712890625,0.14242617785930634,-0.09788542985916138,0.0003,0.0003,0.14242936670780182
,,,,,621999,8516.486,1000,,,,,,,,,,
,,,,,622000,,,-760.2708129882812,-5.837086200714111,5.19510555267334,758.7240600585938,758.9850463867188,0.14198708534240723,0.3638472259044647,0.0003,0.0003,0.14198645949363708
,,,,,622999,8558.556,1000,,,,,,,,,,
,,,,,623000,,,-766.3182983398438,-5.9503173828125,3.8761203289031982,764.7022705078125,764.7462768554688,0.14190267026424408,0.39554157853126526,0.0003,0.0003,0.14190389215946198
,,,,,623999,8346.293,1000,,,,,,,,,,
,,,,,624000,,,-762.0975952148438,-6.094769477844238,4.860166549682617,760.5330810546875,760.3978881835938,0.1430744230747223,-0.0619652196764946,0.0003,0.0003,0.1430734246969223
,,,,,624999,8592.563,1000,,,,,,,,,,
8013.151,1535.0614,8636.868,3414.7002,1000.0,625000,,,-771.5711669921875,-5.614243507385254,7.059926986694336,770.1322631835938,769.9170532226562,0.14332298934459686,-0.4249192774295807,0.0003,0.0003,0.1433209925889969
,,,,,625999,8403.836,1000,,,,,,,,,,
,,,,,626000,,,-764.9336547851562,-6.232814788818359,5.632545471191406,763.6162109375,763.5816650390625,0.1418904960155487,0.8057661056518555,0.0003,0.0003,0.14189761877059937
,,,,,626999,8521.588,1000,,,,,,,,,,
,,,,,627000,,,-769.16650390625,-5.89697790145874,5.307379245758057,767.6888427734375,767.9738159179688,0.14171059429645538,0.10249556601047516,0.0003,0.0003,0.14171366393566132
,,,,,627999,8577.144,1000,,,,,,,,,,
,,,,,628000,,,-769.2686157226562,-5.989276885986328,5.47379207611084,767.9639892578125,767.8304443359375,0.14193284511566162,-0.4252163767814636,0.0003,0.0003,0.1419352889060974
,,,,,628999,8577.882,1000,,,,,,,,,,
,,,,,629000,,,-772.46875,-5.722579002380371,4.889845371246338,770.7974853515625,771.321533203125,0.14065498113632202,-0.7045628428459167,0.0003,0.0003,0.14065605401992798
,,,,,629999,8510.832,1000,,,,,,,,,,
8614.95,97.34314,8736.66,8423.62,1000.0,630000,,,-771.4653930664062,-6.07710075378418,4.5437774658203125,769.4439697265625,768.9594116210938,0.14157134294509888,0.12793485820293427,0.0003,0.0003,0.14157390594482422
,,,,,630999,8471.071,1000,,,,,,,,,,
,,,,,631000,,,-773.2984619140625,-5.702356815338135,4.39877986907959,771.69189453125,771.7247314453125,0.14104807376861572,-0.6902981400489807,0.0003,0.0003,0.1410391479730606
,,,,,631999,8454.519,1000,,,,,,,,,,
,,,,,632000,,,-771.7000732421875,-5.873538970947266,3.4284005165100098,770.060791015625,770.11669921875,0.1401916891336441,0.06079278886318207,0.0003,0.0003,0.14019307494163513
,,,,,632999,8476.794,1000,,,,,,,,,,
,,,,,633000,,,-772.4130249023438,-6.521874904632568,3.83670711517334,770.5186767578125,770.6316528320312,0.14075370132923126,0.34932997822761536,0.0003,0.0003,0.14075453579425812
,,,,,633999,8396.217,1000,,,,,,,,,,
,,,,,634000,,,-777.0409545898438,-6.23234224319458,4.5364885330200195,775.6270141601562,775.3282470703125,0.14209704101085663,0.3289962410926819,0.0003,0.0003,0.1421050876379013
,,,,,634999,8489.439,1000,,,,,,,,,,
8371.953,537.5758,8723.665,7156.998,1000.0,635000,,,-773.8124389648438,-6.052978515625,4.145454406738281,771.6646728515625,771.824951171875,0.14313147962093353,0.2473812699317932,0.0003,0.0003,0.14313147962093353
,,,,,635999,8185.507,1000,,,,,,,,,,
,,,,,636000,,,-771.4829711914062,-6.3973565101623535,3.858973503112793,769.7962646484375,769.771728515625,0.14221499860286713,0.8636040091514587,0.0003,0.0003,0.14221888780593872
,,,,,636999,8614.198,1000,,,,,,,,,,
,,,,,637000,,,-767.5226440429688,-6.400704383850098,6.426915645599365,765.7998046875,765.3123779296875,0.14250898361206055,0.9651811718940735,0.0003,0.0003,0.14251379668712616
,,,,,637999,8550.624,1000,,,,,,,,,,
,,,,,638000,,,-772.7181396484375,-5.816398620605469,4.138917922973633,770.8699340820312,771.0870971679688,0.14132456481456757,0.36304137110710144,0.0003,0.0003,0.14132477343082428
,,,,,638999,8499.29,1000,,,,,,,,,,
,,,,,639000,,,-775.6177368164062,-6.11215877532959,4.4025163650512695,773.6124877929688,773.759521484375,0.14024071395397186,-0.09745986759662628,0.0003,0.0003,0.14024227857589722
,,,,,639999,8570.032,1000,,,,,,,,,,
8312.275,158.99275,8498.611,8006.542,1000.0,640000,,,-773.1471557617188,-6.256784915924072,5.078980445861816,771.51220703125,771.5145263671875,0.1402832567691803,0.19080659747123718,0.0003,0.0003,0.14029061794281006
,,,,,640999,8525.403,1000,,,,,,,,,,
,,,,,641000,,,-770.6619262695312,-6.021174430847168,3.9600682258605957,769.1259765625,769.1936645507812,0.14012844860553741,0.7734110951423645,0.0003,0.0003,0.14013299345970154
,,,,,641999,8690.13,1000,,,,,,,,,,
,,,,,642000,,,-769.1749877929688,-6.039664268493652,4.225527763366699,767.6434936523438,767.5006713867188,0.1411416083574295,0.5068361163139343,0.0003,0.0003,0.14114604890346527
,,,,,642999,8666.391,1000,,,,,,,,,,
,,,,,643000,,,-770.1766357421875,-6.023129463195801,5.4736151695251465,768.097412109375,768.1475219726562,0.14136983454227448,-0.16645248234272003,0.0003,0.0003,0.14136742055416107
,,,,,643999,8630.555,1000,,,,,,,,,,
,,,,,644000,,,-787.3515014648438,-6.086287975311279,4.441704273223877,785.23828125,785.4531860351562,0.14122316241264343,-0.10818498581647873,0.0003,0.0003,0.14121848344802856
,,,,,644999,8453.26,1000,,,,,,,,,,
6025.6123,767.30756,7051.0415,4740.057,1000.0,645000,,,-774.2960815429688,-6.4473490715026855,6.461816787719727,772.6654052734375,772.7484741210938,0.14146395027637482,1.0960261821746826,0.0003,0.0003,0.1414668709039688
,,,,,645999,8395.683,1000,,,,,,,,,,
,,,,,646000,,,-767.0284423828125,-6.676743030548096,5.482942581176758,765.32373046875,764.9701538085938,0.14317815005779266,1.1731071472167969,0.0003,0.0003,0.14318686723709106
,,,,,646999,8540.61,1000,,,,,,,,,,
,,,,,647000,,,-778.768798828125,-6.46126651763916,4.1673994064331055,777.5529174804688,777.096435546875,0.1421196013689041,0.47284823656082153,0.0003,0.0003,0.14211918413639069
,,,,,647999,8614.305,1000,,,,,,,,,,
,,,,,648000,,,-785.4769287109375,-6.435544490814209,3.6603143215179443,783.4150390625,783.6945190429688,0.14134745299816132,0.3300934433937073,0.0003,0.0003,0.14135396480560303
,,,,,648999,8692.69,1000,,,,,,,,,,
,,,,,649000,,,-767.9395141601562,-6.0008544921875,6.273646354675293,765.6604614257812,766.29150390625,0.14156921207904816,0.4228001832962036,0.0003,0.0003,0.1415654420852661
,,,,,649999,8655.597,1000,,,,,,,,,,
8274.74,1138.8932,8742.4,4869.425,1000.0,650000,,,-778.146240234375,-6.151276588439941,4.972604751586914,776.4144287109375,776.168212890625,0.139785036444664,0.6604179739952087,0.0003,0.0003,0.1397877335548401
,,,,,650999,8556.154,1000,,,,,,,,,,
,,,,,651000,,,-784.0465698242188,-5.902616024017334,5.3789544105529785,782.805419921875,782.549560546875,0.140462264418602,-0.2092113494873047,0.0003,0.0003,0.14045965671539307
,,,,,651999,8608.901,1000,,,,,,,,,,
,,,,,652000,,,-782.0645751953125,-5.741032123565674,4.1443281173706055,780.1571655273438,780.564453125,0.13952699303627014,0.40447568893432617,0.0003,0.0003,0.1395270824432373
,,,,,652999,8729.583,1000,,,,,,,,,,
,,,,,653000,,,-778.1255493164062,-6.378964900970459,4.914114475250244,776.4593505859375,776.3212890625,0.13876746594905853,0.7694679498672485,0.0003,0.0003,0.13877904415130615
,,,,,653999,8600.378,1000,,,,,,,,,,
,,,,,654000,,,-784.2781372070312,-5.787217617034912,3.9869956970214844,782.2706298828125,782.49462890625,0.1400943249464035,-0.47335320711135864,0.0003,0.0003,0.14009752869606018
,,,,,654999,8575.55,1000,,,,,,,,,,
8578.372,392.26312,8842.662,7471.055,1000.0,655000,,,-783.10888671875,-5.73538875579834,5.1172332763671875,781.197509765625,780.9398803710938,0.14090010523796082,0.10136169195175171,0.0003,0.0003,0.14089444279670715
,,,,,655999,8629.447,1000,,,,,,,,,,
,,,,,656000,,,-778.2658081054688,-6.438106060028076,4.532951354980469,776.1825561523438,776.3201293945312,0.1403741091489792,0.5013258457183838,0.0003,0.0003,0.1403716653585434
,,,,,656999,8622.64,1000,,,,,,,,,,
,,,,,657000,,,-786.1754150390625,-6.422721862792969,4.256705284118652,784.202392578125,784.283203125,0.13957856595516205,0.7068372368812561,0.0003,0.0003,0.13956913352012634
,,,,,657999,8653.457,1000,,,,,,,,,,
,,,,,658000,,,-788.6265258789062,-6.086014270782471,4.059702396392822,786.8251342773438,786.8787231445312,0.1389128565788269,0.7915678024291992,0.0003,0.0003,0.13891474902629852
,,,,,658999,8583.332,1000,,,,,,,,,,
,,,,,659000,,,-769.0154418945312,-6.171248912811279,4.661992073059082,767.6197509765625,767.5360717773438,0.14005273580551147,0.2781129479408264,0.0003,0.0003,0.14005863666534424
,,,,,659999,8734.55,1000,,,,,,,,,,
8752.316,55.678165,8884.24,8695.057,1000.0,660000,,,-790.446533203125,-5.860229969024658,3.476222038269043,789.191162109375,789.2952880859375,0.1401105672121048,-0.5281190276145935,0.0003,0.0003,0.14010274410247803
,,,,,660999,8631.585,1000,,,,,,,,,,
,,,,,661000,,,-790.090576171875,-5.641167163848877,3.948505401611328,788.6211547851562,788.980712890625,0.14060693979263306,-0.9618245363235474,0.0003,0.0003,0.14059597253799438
,,,,,661999,8618.093,1000,,,,,,,,,,
,,,,,662000,,,-787.598876953125,-6.035245895385742,5.953155994415283,786.0870361328125,786.126220703125,0.14072339236736298,-0.25619032979011536,0.0003,0.0003,0.14072439074516296
,,,,,662999,8702.818,1000,,,,,,,,,,
,,,,,663000,,,-779.4437255859375,-5.573104381561279,5.771502494812012,777.2290649414062,777.2462158203125,0.14217902719974518,-0.9694048762321472,0.0003,0.0003,0.142177551984787
,,,,,663999,8480.645,1000,,,,,,,,,,
,,,,,664000,,,-791.1162719726562,-6.017393112182617,5.982189655303955,789.5930786132812,789.118896484375,0.14170731604099274,0.0682036504149437,0.0003,0.0003,0.14170800149440765
,,,,,664999,8703.222,1000,,,,,,,,,,
8703.87,99.40842,8762.564,8427.741,1000.0,665000,,,-789.6987915039062,-5.874425888061523,5.142541885375977,787.5327758789062,787.4710083007812,0.14090238511562347,-0.35104453563690186,0.0003,0.0003,0.14089788496494293
,,,,,665999,8670.334,1000,,,,,,,,,,
,,,,,666000,,,-788.8745727539062,-6.052687644958496,5.157829761505127,787.5235595703125,787.2695922851562,0.14124616980552673,-0.37504851818084717,0.0003,0.0003,0.14124271273612976
,,,,,666999,1847.0266,1000,,,,,,,,,,
,,,,,667000,,,-798.1144409179688,-5.595037460327148,4.887678146362305,797.275634765625,796.6109619140625,0.1414014995098114,-0.2554817199707031,0.0003,0.0003,0.1414010375738144
,,,,,667999,8784.446,1000,,,,,,,,,,
,,,,,668000,,,-787.1830444335938,-5.745675563812256,4.804177284240723,785.1771240234375,784.9937133789062,0.1414910852909088,-0.23227322101593018,0.0003,0.0003,0.14148835837841034
,,,,,668999,1936.138,1000,,,,,,,,,,
,,,,,669000,,,-789.8929443359375,-5.763794422149658,5.619053363800049,788.327392578125,788.1653442382812,0.13956318795681,-1.0208390951156616,0.0003,0.0003,0.1395593136548996
,,,,,669999,8809.676,1000,,,,,,,,,,
8731.24,67.8927,8822.752,8598.956,1000.0,670000,,,-795.6371459960938,-5.740896224975586,4.966845512390137,794.4496459960938,794.2701416015625,0.13948902487754822,-0.515751302242279,0.0003,0.0003,0.13948915898799896
,,,,,670999,8756.497,1000,,,,,,,,,,
,,,,,671000,,,-777.3334350585938,-6.222785949707031,6.847412109375,775.2752075195312,775.1839599609375,0.13899454474449158,0.6082314252853394,0.0003,0.0003,0.13899651169776917
,,,,,671999,8813.848,1000,,,,,,,,,,
,,,,,672000,,,-786.2037353515625,-5.921382427215576,3.9135022163391113,784.7127685546875,784.4472045898438,0.1387673169374466,0.009057015180587769,0.0003,0.0003,0.13876624405384064
,,,,,672999,8798.936,1000,,,,,,,,,,
,,,,,673000,,,-784.1663818359375,-6.251835823059082,5.661563396453857,782.8775634765625,782.4397583007812,0.13925127685070038,0.538078248500824,0.0003,0.0003,0.1392490565776825
,,,,,673999,8612.332,1000,,,,,,,,,,
,,,,,674000,,,-786.6158447265625,-5.872311592102051,6.421874046325684,784.6969604492188,785.383056640625,0.13916073739528656,-0.19988149404525757,0.0003,0.0003,0.13916295766830444
,,,,,674999,8503.378,1000,,,,,,,,,,
8861.119,59.78128,8944.937,8737.67,1000.0,675000,,,-795.070556640625,-5.9930949211120605,5.208307266235352,793.690673828125,793.1937255859375,0.1399524062871933,0.3512818217277527,0.0003,0.0003,0.13994883000850677
,,,,,675999,8799.876,1000,,,,,,,,,,
,,,,,676000,,,-789.1793212890625,-6.203823566436768,4.136974334716797,787.6050415039062,787.4321899414062,0.1386837214231491,0.49806612730026245,0.0003,0.0003,0.13868145644664764
,,,,,676999,8833.936,1000,,,,,,,,,,
,,,,,677000,,,-786.05419921875,-5.796768665313721,5.401111602783203,783.8534545898438,783.5440063476562,0.13987518846988678,0.5149011611938477,0.0003,0.0003,0.13987785577774048
,,,,,677999,8706.276,1000,,,,,,,,,,
,,,,,678000,,,-796.4462280273438,-5.582319736480713,4.225340366363525,794.7825927734375,794.907470703125,0.13939128816127777,-0.6671739816665649,0.0003,0.0003,0.13939078152179718
,,,,,678999,8795.23,1000,,,,,,,,,,
,,,,,679000,,,-785.5856323242188,-5.981003761291504,4.641489028930664,783.8895874023438,784.318115234375,0.1392778754234314,0.24055391550064087,0.0003,0.0003,0.1392783373594284
,,,,,679999,8647.696,1000,,,,,,,,,,
8747.849,66.20217,8815.833,8580.276,1000.0,680000,,,-787.4790649414062,-6.031607151031494,6.688751220703125,785.5868530273438,785.885986328125,0.13963347673416138,0.3181971609592438,0.0003,0.0003,0.1396401822566986
,,,,,680999,8750.521,1000,,,,,,,,,,
,,,,,681000,,,-795.5105590820312,-5.962339878082275,5.8275251388549805,793.7882080078125,793.3514404296875,0.13853074610233307,-0.02819053828716278,0.0003,0.0003,0.13853345811367035
,,,,,681999,8728.421,1000,,,,,,,,,,
,,,,,682000,,,-782.8433837890625,-5.983450412750244,5.8617048263549805,781.068603515625,781.0136108398438,0.13977326452732086,-0.5060554146766663,0.0003,0.0003,0.13977020978927612
,,,,,682999,8566.165,1000,,,,,,,,,,
,,,,,683000,,,-796.0545654296875,-5.32484769821167,5.46644401550293,794.4000244140625,794.541748046875,0.14084360003471375,-1.347705364227295,0.0003,0.0003,0.14084815979003906
,,,,,683999,8663.502,1000,,,,,,,,,,
,,,,,684000,,,-789.7207641601562,-5.430800437927246,4.771937847137451,788.68896484375,788.884033203125,0.1412685215473175,-1.2753875255584717,0.0003,0.0003,0.14127029478549957
,,,,,684999,8494.54,1000,,,,,,,,,,
8749.779,49.531,8819.875,8684.461,1000.0,685000,,,-794.5741577148438,-5.425313949584961,3.457705020904541,792.8974609375,793.0457763671875,0.14104348421096802,-0.543644368648529,0.0003,0.0003,0.14104324579238892
,,,,,685999,8573.469,1000,,,,,,,,,,
,,,,,686000,,,-792.6524658203125,-6.223229885101318,5.081251621246338,790.7737426757812,790.8292846679688,0.14042171835899353,0.5827786922454834,0.0003,0.0003,0.1404273360967636
,,,,,686999,8845.347,1000,,,,,,,,,,
,,,,,687000,,,-789.0350341796875,-5.761012077331543,4.892084121704102,787.3792114257812,787.2470703125,0.14025190472602844,-0.2686266005039215,0.0003,0.0003,0.14025114476680756
,,,,,687999,8847.306,1000,,,,,,,,,,
,,,,,688000,,,-797.4413452148438,-5.772496223449707,5.866821765899658,795.7736206054688,796.6177368164062,0.13993965089321136,-0.5200512409210205,0.0003,0.0003,0.13994371891021729
,,,,,688999,8890.361,1000,,,,,,,,,,
,,,,,689000,,,-802.873779296875,-6.058305740356445,3.6526222229003906,801.47021484375,801.41455078125,0.1400509625673294,-0.4031113088130951,0.0003,0.0003,0.1400487869977951
,,,,,689999,8731.398,1000,,,,,,,,,,
8824.511,43.73538,8882.091,8738.826,1000.0,690000,,,-793.6534423828125,-5.723816394805908,4.913127899169922,792.5987548828125,792.82568359375,0.1401681751012802,-0.7598711848258972,0.0003,0.0003,0.14017243683338165
,,,,,690999,8858.024,1000,,,,,,,,,,
,,,,,691000,,,-792.4098510742188,-5.58399772644043,4.676568508148193,790.6602783203125,790.8773193359375,0.14034421741962433,-0.646730899810791,0.0003,0.0003,0.14034704864025116
,,,,,691999,8766.687,1000,,,,,,,,,,
,,,,,692000,,,-798.4815673828125,-5.910519599914551,5.410775184631348,796.6981201171875,796.8829956054688,0.140175461769104,-0.00721890851855278,0.0003,0.0003,0.1401713341474533
,,,,,692999,8816.426,1000,,,,,,,,,,
,,,,,693000,,,-788.3572998046875,-6.463217258453369,4.513116359710693,786.030029296875,786.309326171875,0.13923503458499908,0.6330382227897644,0.0003,0.0003,0.13924238085746765
,,,,,693999,8815.757,1000,,,,,,,,,,
,,,,,694000,,,-803.939453125,-5.900063514709473,3.0609688758850098,802.2232666015625,802.20556640625,0.13972990214824677,-0.15024340152740479,0.0003,0.0003,0.139725923538208
,,,,,694999,8766.895,1000,,,,,,,,,,
8917.584,55.38043,8988.306,8818.629,1000.0,695000,,,-800.9637451171875,-5.817313194274902,5.662353038787842,799.31884765625,799.934326171875,0.14053645730018616,-0.2259828746318817,0.0003,0.0003,0.1405337005853653
,,,,,695999,8859.218,1000,,,,,,,,,,
,,,,,696000,,,-792.10595703125,-5.474893093109131,4.671966075897217,790.0234985351562,789.7498168945312,0.14023736119270325,-0.7987608909606934,0.0003,0.0003,0.14023616909980774
,,,,,696999,8863.197,1000,,,,,,,,,,
,,,,,697000,,,-799.9527587890625,-5.943887233734131,5.501126766204834,798.3828735351562,797.9838256835938,0.14105960726737976,0.2331710159778595,0.0003,0.0003,0.14106275141239166
,,,,,697999,8762.044,1000,,,,,,,,,,
,,,,,698000,,,-802.6370849609375,-5.41853141784668,4.543754577636719,800.8951416015625,801.0958251953125,0.14080151915550232,-0.2345501184463501,0.0003,0.0003,0.1408008188009262
,,,,,698999,8829.549,1000,,,,,,,,,,
,,,,,699000,,,-799.9695434570312,-6.29525089263916,5.318653106689453,798.2723999023438,798.0731201171875,0.14053963124752045,0.48716846108436584,0.0003,0.0003,0.14053867757320404
,,,,,699999,8916.69,1000,,,,,,,,,,
8888.858,44.456657,8952.436,8803.327,1000.0,700000,,,-801.1270141601562,-5.881887912750244,3.7147483825683594,799.7781982421875,799.5789184570312,0.14060372114181519,-0.020348306745290756,0.0003,0.0003,0.14060913026332855
,,,,,700999,8870.08,1000,,,,,,,,,,
,,,,,701000,,,-799.8917236328125,-6.039299488067627,5.616246223449707,798.2481079101562,798.3846435546875,0.1402195543050766,-0.21563789248466492,0.0003,0.0003,0.14022193849086761
,,,,,701999,8900.116,1000,,,,,,,,,,
,,,,,702000,,,-798.5338745117188,-5.987307548522949,4.699267864227295,796.7694091796875,796.5336303710938,0.1407654732465744,-0.5114848613739014,0.0003,0.0003,0.14076268672943115
,,,,,702999,8949.912,1000,,,,,,,,,,
,,,,,703000,,,-801.0118408203125,-5.733220100402832,5.690189361572266,799.1382446289062,799.520751953125,0.14080150425434113,-0.9189438819885254,0.0003,0.0003,0.1407976895570755
,,,,,703999,8803.479,1000,,,,,,,,,,
,,,,,704000,,,-801.2174072265625,-6.300520896911621,5.084700584411621,799.3289794921875,799.5196533203125,0.14117808640003204,0.08673904836177826,0.0003,0.0003,0.14117150008678436
,,,,,704999,8769.038,1000,,,,,,,,,,
8646.041,457.74893,8951.914,7591.489,1000.0,705000,,,-800.5450439453125,-6.368078231811523,4.810150146484375,798.6751098632812,798.99658203125,0.1405263990163803,0.43152865767478943,0.0003,0.0003,0.1405242383480072
,,,,,705999,8944.695,1000,,,,,,,,,,
,,,,,706000,,,-799.2113037109375,-6.211298942565918,4.61696720123291,797.4813232421875,797.6539306640625,0.1396719515323639,0.45983195304870605,0.0003,0.0003,0.13967710733413696
,,,,,706999,8915.482,1000,,,,,,,,,,
,,,,,707000,,,-800.8787231445312,-6.083049297332764,4.271202564239502,798.8924560546875,799.1773071289062,0.13983190059661865,0.3758676052093506,0.0003,0.0003,0.13983097672462463
,,,,,707999,8641.848,1000,,,,,,,,,,
,,,,,708000,,,-796.512451171875,-5.939794540405273,5.125386714935303,794.228271484375,794.5347900390625,0.13923196494579315,-0.41304636001586914,0.0003,0.0003,0.13922648131847382
,,,,,708999,8872.224,1000,,,,,,,,,,
,,,,,709000,,,-802.5408325195312,-5.578252792358398,5.246227741241455,800.9253540039062,800.5164794921875,0.1381838321685791,-0.15120339393615723,0.0003,0.0003,0.13818517327308655
,,,,,709999,8774.432,1000,,,,,,,,,,
8998.56,61.60585,9087.63,8861.0,1000.0,710000,,,-806.9629516601562,-5.963782787322998,5.380848407745361,805.3948974609375,804.9401245117188,0.13821041584014893,-0.02730850875377655,0.0003,0.0003,0.13821379840373993
,,,,,710999,8981.853,1000,,,,,,,,,,
,,,,,711000,,,-801.0318603515625,-6.515074729919434,5.188831329345703,799.487548828125,799.322021484375,0.1382308006286621,0.9527304172515869,0.0003,0.0003,0.1382342427968979
,,,,,711999,8837.875,1000,,,,,,,,,,
,,,,,712000,,,-795.9131469726562,-5.957817554473877,6.6423020362854,794.7097778320312,794.4600830078125,0.13845288753509521,0.3791201114654541,0.0003,0.0003,0.13846147060394287
,,,,,712999,8968.915,1000,,,,,,,,,,
,,,,,713000,,,-805.6790161132812,-6.157630920410156,5.974968433380127,804.1280517578125,803.7312622070312,0.13833852112293243,1.2536238431930542,0.0003,0.0003,0.13834242522716522
,,,,,713999,8956.039,1000,,,,,,,,,,
,,,,,714000,,,-804.9335327148438,-6.175541877746582,4.482237815856934,803.130615234375,803.034423828125,0.1378478705883026,0.993650496006012,0.0003,0.0003,0.1378515362739563
,,,,,714999,8925.978,1000,,,,,,,,,,
8732.986,259.81085,8880.961,7968.673,1000.0,715000,,,-806.7554931640625,-6.226478576660156,6.568220615386963,805.3572998046875,804.4652709960938,0.13845139741897583,0.37930411100387573,0.0003,0.0003,0.13845142722129822
,,,,,715999,9000.921,1000,,,,,,,,,,
,,,,,716000,,,-808.2371826171875,-5.75669002532959,3.981276512145996,806.41552734375,806.60205078125,0.1393502801656723,0.20545269548892975,0.0003,0.0003,0.13934609293937683
,,,,,716999,7639.207,1000,,,,,,,,,,
,,,,,717000,,,-810.4241943359375,-5.9707417488098145,6.334989070892334,808.7160034179688,808.6957397460938,0.13997791707515717,0.17646397650241852,0.0003,0.0003,0.13996994495391846
,,,,,717999,8684.256,1000,,,,,,,,,,
,,,,,718000,,,-808.5169067382812,-6.191938877105713,3.960829257965088,806.6196899414062,806.8501586914062,0.14007604122161865,0.15532338619232178,0.0003,0.0003,0.14007368683815002
,,,,,718999,8993.22,1000,,,,,,,,,,
,,,,,719000,,,-815.5003662109375,-5.727649211883545,5.235955238342285,814.2783203125,814.0149536132812,0.1402980089187622,-0.48449018597602844,0.0003,0.0003,0.1402941644191742
,,,,,719999,8938.339,1000,,,,,,,,,,
9044.24,85.078606,9154.208,8917.64,1000.0,720000,,,-802.3048706054688,-6.283971786499023,6.221749305725098,800.490234375,800.252197265625,0.1391337811946869,0.8081040382385254,0.0003,0.0003,0.13913501799106598
,,,,,720999,8858.147,1000,,,,,,,,,,
,,,,,721000,,,-814.7835693359375,-5.316450595855713,4.1090826988220215,813.4545288085938,812.7952880859375,0.14040440320968628,-1.237650752067566,0.0003,0.0003,0.14040231704711914
,,,,,721999,8838.518,1000,,,,,,,,,,
,,,,,722000,,,-810.1509399414062,-6.152291774749756,4.735970497131348,808.4669189453125,808.424560546875,0.1399582326412201,-0.4532654881477356,0.0003,0.0003,0.13995641469955444
,,,,,722999,9022.579,1000,,,,,,,,,,
,,,,,723000,,,-811.076904296875,-5.91120719909668,4.477989196777344,809.3961181640625,809.1961669921875,0.13954700529575348,0.03015466406941414,0.0003,0.0003,0.13954521715641022
,,,,,723999,8804.574,1000,,,,,,,,,,
,,,,,724000,,,-808.7409057617188,-5.957998752593994,5.387671947479248,806.7564697265625,806.4619140625,0.13929930329322815,0.025053247809410095,0.0003,0.0003,0.13930222392082214
,,,,,724999,9002.258,1000,,,,,,,,,,
8913.627,165.1402,9127.173,8516.059,1000.0,725000,,,-807.5546875,-5.721552848815918,5.69154691696167,806.2073974609375,805.6007080078125,0.13929235935211182,0.05465451627969742,0.0003,0.0003,0.13929380476474762
,,,,,725999,9110.112,1000,,,,,,,,,,
,,,,,726000,,,-810.5965576171875,-6.368731498718262,5.9969563484191895,808.8553466796875,808.512451171875,0.13880476355552673,0.41823142766952515,0.0003,0.0003,0.13880504667758942
,,,,,726999,9028.286,1000,,,,,,,,,,
,,,,,727000,,,-822.5639038085938,-5.8874921798706055,3.7098445892333984,821.0531616210938,821.0223999023438,0.13891874253749847,-0.903003990650177,0.0003,0.0003,0.13892579078674316
,,,,,727999,9028.736,1000,,,,,,,,,,
,,,,,728000,,,-808.7160034179688,-6.39267635345459,4.280518054962158,806.9091796875,807.0890502929688,0.13837341964244843,0.45303595066070557,0.0003,0.0003,0.13836658000946045
,,,,,728999,8942.786,1000,,,,,,,,,,
,,,,,729000,,,-807.7591552734375,-5.774328231811523,6.078058242797852,806.0779418945312,806.2645263671875,0.1378505527973175,-1.0379127264022827,0.0003,0.0003,0.13784898817539215
,,,,,729999,8989.579,1000,,,,,,,,,,
9064.558,85.36584,9218.008,8903.596,1000.0,730000,,,-814.4719848632812,-6.426605701446533,6.316458225250244,812.65869140625,812.9892578125,0.1373451203107834,1.1625232696533203,0.0003,0.0003,0.13734379410743713
,,,,,730999,8947.341,1000,,,,,,,,,,
,,,,,731000,,,-818.423828125,-5.559672832489014,4.412269115447998,816.7606201171875,817.1306762695312,0.13754954934120178,-0.9761602878570557,0.0003,0.0003,0.13755100965499878
,,,,,731999,9027.912,1000,,,,,,,,,,
,,,,,732000,,,-813.8514404296875,-5.6661224365234375,5.761561870574951,812.5029296875,812.1193237304688,0.13854317367076874,-0.6821991205215454,0.0003,0.0003,0.1385432630777359
,,,,,732999,9034.71,1000,,,,,,,,,,
,,,,,733000,,,-824.9436645507812,-5.2021660804748535,4.152258396148682,823.3502197265625,823.186767578125,0.13953639566898346,-0.7019910216331482,0.0003,0.0003,0.13953132927417755
,,,,,733999,9014.737,1000,,,,,,,,,,
,,,,,734000,,,-819.0392456054688,-5.500304698944092,5.358555793762207,817.4534301757812,817.8873291015625,0.13933520019054413,-0.5779076814651489,0.0003,0.0003,0.13933131098747253
,,,,,734999,8957.469,1000,,,,,,,,,,
9001.685,56.95238,9066.906,8899.608,1000.0,735000,,,-810.87109375,-6.188666343688965,6.388868808746338,809.4397583007812,809.6690673828125,0.14005409181118011,-0.047378480434417725,0.0003,0.0003,0.1400579810142517
,,,,,735999,7790.213,1000,,,,,,,,,,
,,,,,736000,,,-814.3443603515625,-6.246347427368164,4.423516273498535,812.7279052734375,813.0424194335938,0.13963888585567474,-0.25929537415504456,0.0003,0.0003,0.1396389901638031
,,,,,736999,9062.668,1000,,,,,,,,,,
,,,,,737000,,,-824.3295288085938,-5.657513618469238,3.4298346042633057,822.54833984375,822.8008422851562,0.1386163979768753,-0.7249646186828613,0.0003,0.0003,0.13861580193042755
,,,,,737999,9043.303,1000,,,,,,,,,,
,,,,,738000,,,-815.4662475585938,-6.533310413360596,4.2541399002075195,813.8863525390625,814.017578125,0.1396201103925705,1.0779355764389038,0.0003,0.0003,0.1396256983280182
,,,,,738999,9026.535,1000,,,,,,,,,,
,,,,,739000,,,-815.6641845703125,-5.396139621734619,7.978523254394531,813.6376953125,813.6644897460938,0.1393890529870987,-1.4312381744384766,0.0003,0.0003,0.1393904983997345
,,,,,739999,9054.1,1000,,,,,,,,,,
8902.752,304.71497,9065.9375,7999.1187,1000.0,740000,,,-814.2347412109375,-5.694126605987549,5.225386142730713,812.3178100585938,812.830322265625,0.13927699625492096,-0.43618348240852356,0.0003,0.0003,0.13927651941776276
,,,,,740999,6361.098,1000,,,,,,,,,,
,,,,,741000,,,-808.4054565429688,-6.290093898773193,5.51009464263916,806.8447875976562,806.5623168945312,0.13912180066108704,0.583807110786438,0.0003,0.0003,0.13912463188171387
,,,,,741999,9055.021,1000,,,,,,,,,,
,,,,,742000,,,-817.2630004882812,-5.840998649597168,4.325040817260742,815.69970703125,815.6524658203125,0.13938365876674652,-0.8044343590736389,0.0003,0.0003,0.13937801122665405
,,,,,742999,8862.341,1000,,,,,,,,,,
,,,,,743000,,,-813.0177001953125,-6.29956579208374,5.397225379943848,811.2324829101562,811.0261840820312,0.13753651082515717,0.46972519159317017,0.0003,0.0003,0.13753998279571533
,,,,,743999,9091.551,1000,,,,,,,,,,
,,,,,744000,,,-823.5582885742188,-6.1574788093566895,6.586024284362793,822.1617431640625,822.0927124023438,0.13716115057468414,0.3051005005836487,0.0003,0.0003,0.13716170191764832
,,,,,744999,9085.907,1000,,,,,,,,,,
9106.816,124.14285,9227.888,8799.226,1000.0,745000,,,-821.9437866210938,-6.341701030731201,3.537722110748291,820.6589965820312,820.4666137695312,0.13795483112335205,0.4505171775817871,0.0003,0.0003,0.13795244693756104
,,,,,745999,8955.517,1000,,,,,,,,,,
,,,,,746000,,,-819.6593017578125,-6.209429740905762,5.825207233428955,817.965087890625,817.8564453125,0.13738423585891724,0.4817633628845215,0.0003,0.0003,0.13738296926021576
,,,,,746999,9053.376,1000,,,,,,,,,,
,,,,,747000,,,-818.54052734375,-5.93032693862915,9.292581558227539,816.7257080078125,816.9523315429688,0.13812386989593506,-0.6593839526176453,0.0003,0.0003,0.13811761140823364
,,,,,747999,9073.738,1000,,,,,,,,,,
,,,,,748000,,,-819.2642211914062,-6.192836284637451,5.755261421203613,817.3602294921875,817.14599609375,0.1374751776456833,0.1031675934791565,0.0003,0.0003,0.1374787986278534
,,,,,748999,9163.518,1000,,,,,,,,,,
,,,,,749000,,,-811.2925415039062,-6.481653213500977,4.576109886169434,808.80078125,809.0709838867188,0.13702549040317535,0.6743488311767578,0.0003,0.0003,0.13702966272830963
,,,,,749999,8994.442,1000,,,,,,,,,,
8879.459,690.78784,9233.306,6818.9673,1000.0,750000,,,-826.6906127929688,-6.055267810821533,4.540313720703125,824.6441040039062,825.0115966796875,0.134903222322464,0.016685083508491516,0.0003,0.0003,0.13490192592144012
,,,,,750999,9037.333,1000,,,,,,,,,,
,,,,,751000,,,-825.0328369140625,-5.632857799530029,5.602405548095703,823.7738647460938,823.2120971679688,0.13659493625164032,-0.06373617053031921,0.0003,0.0003,0.13659828901290894
,,,,,751999,8965.08,1000,,,,,,,,,,
,,,,,752000,,,-815.1004028320312,-6.168490886688232,5.759312152862549,813.5977783203125,813.7310180664062,0.13708849251270294,0.12380340695381165,0.0003,0.0003,0.1370876282453537
,,,,,752999,9094.489,1000,,,,,,,,,,
,,,,,753000,,,-820.4027709960938,-6.030203342437744,4.369074821472168,817.948486328125,818.5100708007812,0.13807933032512665,0.21903982758522034,0.0003,0.0003,0.13807986676692963
,,,,,753999,9177.27,1000,,,,,,,,,,
,,,,,754000,,,-821.1710205078125,-6.0965375900268555,6.012796401977539,820.16748046875,819.829345703125,0.1381881684064865,-0.5228495001792908,0.0003,0.0003,0.13817507028579712
,,,,,754999,9076.31,1000,,,,,,,,,,
8838.91,259.3651,9047.434,8104.402,1000.0,755000,,,-818.4623413085938,-5.9143147468566895,6.25880241394043,816.331298828125,816.6595458984375,0.1374068707227707,-0.4031531512737274,0.0003,0.0003,0.13740137219429016
,,,,,755999,9019.685,1000,,,,,,,,,,
,,,,,756000,,,-820.8475341796875,-5.768377304077148,7.381927490234375,819.0924682617188,818.6408081054688,0.1388409584760666,-0.11472587287425995,0.0003,0.0003,0.1388377547264099
,,,,,756999,9116.217,1000,,,,,,,,,,
,,,,,757000,,,-828.98095703125,-5.871567726135254,4.355862617492676,827.4977416992188,827.507568359375,0.1391879767179489,-0.01005282998085022,0.0003,0.0003,0.1391867846250534
,,,,,757999,9170.123,1000,,,,,,,,,,
,,,,,758000,,,-828.98095703125,-6.241774559020996,6.689048767089844,826.9193115234375,827.1044311523438,0.13953597843647003,0.5425639152526855,0.0003,0.0003,0.13954254984855652
,,,,,758999,9064.799,1000,,,,,,,,,,
,,,,,759000,,,-825.9619140625,-5.667514324188232,4.18441104888916,824.154052734375,823.9646606445312,0.13846388459205627,-0.19490912556648254,0.0003,0.0003,0.13845907151699066
,,,,,759999,9119.633,1000,,,,,,,,,,
9102.71,62.170025,9211.024,8999.885,1000.0,760000,,,-826.7998657226562,-6.364444255828857,3.39908766746521,825.3726806640625,825.2335205078125,0.13781969249248505,0.4348040819168091,0.0003,0.0003,0.13782314956188202
,,,,,760999,9047.213,1000,,,,,,,,,,
,,,,,761000,,,-813.6556396484375,-6.137202262878418,5.37753963470459,811.5779418945312,811.3543701171875,0.13821543753147125,0.5678249597549438,0.0003,0.0003,0.1382266730070114
,,,,,761999,9045.027,1000,,,,,,,,,,
,,,,,762000,,,-829.1722412109375,-5.756257057189941,4.431177616119385,826.827392578125,827.1347045898438,0.13859905302524567,-0.047553353011608124,0.0003,0.0003,0.13859540224075317
,,,,,762999,9083.635,1000,,,,,,,,,,
,,,,,763000,,,-826.0819702148438,-6.063572406768799,6.159639358520508,825.0607299804688,824.9547729492188,0.13826480507850647,0.70956951379776,0.0003,0.0003,0.1382686346769333
,,,,,763999,8929.212,1000,,,,,,,,,,
,,,,,764000,,,-825.6456909179688,-6.0355610847473145,5.683452606201172,823.9378662109375,823.9694213867188,0.138658806681633,0.0504877045750618,0.0003,0.0003,0.13865655660629272
,,,,,764999,9031.377,1000,,,,,,,,,,
8924.723,204.44975,9161.068,8479.484,1000.0,765000,,,-823.9413452148438,-6.440438270568848,5.274371147155762,822.3331298828125,822.0311279296875,0.13918429613113403,0.049887850880622864,0.0003,0.0003,0.1391897052526474
,,,,,765999,9085.542,1000,,,,,,,,,,
,,,,,766000,,,-828.4358520507812,-5.24023962020874,3.6383299827575684,826.8263549804688,826.7714233398438,0.13924719393253326,-1.254075527191162,0.0003,0.0003,0.13924671709537506
,,,,,766999,6696.112,1000,,,,,,,,,,
,,,,,767000,,,-826.3497924804688,-5.678757190704346,4.456462383270264,825.2279052734375,824.6805419921875,0.140284925699234,-0.14401033520698547,0.0003,0.0003,0.14028434455394745
,,,,,767999,9191.034,1000,,,,,,,,,,
,,,,,768000,,,-819.9521484375,-6.158295154571533,4.08749532699585,818.385009765625,818.2215576171875,0.13987843692302704,-0.007831662893295288,0.0003,0.0003,0.13987784087657928
,,,,,768999,9128.202,1000,,,,,,,,,,
,,,,,769000,,,-821.1676635742188,-6.193803310394287,6.78607177734375,819.026123046875,819.0936889648438,0.1389528512954712,0.5088737607002258,0.0003,0.0003,0.13895244896411896
,,,,,769999,9234.435,1000,,,,,,,,,,
8672.894,416.19702,9083.691,7781.79,1000.0,770000,,,-828.545654296875,-5.317783355712891,3.9651389122009277,826.949462890625,827.0827026367188,0.1389479637145996,-0.6314420700073242,0.0003,0.0003,0.13894177973270416
,,,,,770999,9047.694,1000,,,,,,,,,,
,,,,,771000,,,-821.913818359375,-6.075729846954346,5.866803169250488,820.1448364257812,820.0557861328125,0.13838635385036469,-0.0008547529578208923,0.0003,0.0003,0.13838829100131989
,,,,,771999,9260.601,1000,,,,,,,,,,
,,,,,772000,,,-832.4207153320312,-6.017792224884033,12.88658332824707,830.431640625,830.4910888671875,0.13797219097614288,-0.2596406936645508,0.0003,0.0003,0.13797029852867126
,,,,,772999,9198.175,1000,,,,,,,,,,
,,,,,773000,,,-827.8692016601562,-6.1126861572265625,5.442030906677246,826.1641235351562,826.1834716796875,0.13852398097515106,-0.32239559292793274,0.0003,0.0003,0.1385226994752884
,,,,,773999,9135.992,1000,,,,,,,,,,
,,,,,774000,,,-831.3827514648438,-5.859477996826172,6.370478630065918,829.7081298828125,830.0662841796875,0.1396954208612442,-0.0168153028935194,0.0003,0.0003,0.139703631401062
,,,,,774999,9092.124,1000,,,,,,,,,,
9313.64,39.15318,9377.582,9241.897,1000.0,775000,,,-827.5048828125,-5.797174453735352,4.196715831756592,825.7237548828125,826.126220703125,0.13948862254619598,0.1445922553539276,0.0003,0.0003,0.13949128985404968
,,,,,775999,9225.172,1000,,,,,,,,,,
,,,,,776000,,,-841.7921752929688,-6.179421424865723,3.9981398582458496,840.6306762695312,840.4835205078125,0.13927069306373596,0.44739222526550293,0.0003,0.0003,0.13926804065704346
,,,,,776999,9228.677,1000,,,,,,,,,,
,,,,,777000,,,-830.0399169921875,-5.980551719665527,7.72452449798584,827.9302368164062,827.6944580078125,0.13857688009738922,0.09306788444519043,0.0003,0.0003,0.13857954740524292
,,,,,777999,9314.942,1000,,,,,,,,,,
,,,,,778000,,,-834.0993041992188,-5.310079574584961,4.597476482391357,832.662841796875,833.0470581054688,0.13993015885353088,-0.7995665073394775,0.0003,0.0003,0.13993044197559357
,,,,,778999,9142.59,1000,,,,,,,,,,
,,,,,779000,,,-834.1878051757812,-6.13294792175293,4.270897388458252,831.9171752929688,831.8045043945312,0.13966891169548035,-0.49745625257492065,0.0003,0.0003,0.13966859877109528
,,,,,779999,2118.6587,1000,,,,,,,,,,
8920.494,1056.9211,9433.406,5774.5273,1000.0,780000,,,-831.5186157226562,-6.345633029937744,6.517090797424316,829.0083618164062,829.045654296875,0.13890793919563293,0.18186819553375244,0.0003,0.0003,0.13890820741653442
,,,,,780999,9298.745,1000,,,,,,,,,,
,,,,,781000,,,-832.136962890625,-5.905789375305176,5.145447731018066,830.802001953125,830.6116333007812,0.13921555876731873,-0.4133583903312683,0.0003,0.0003,0.1392117440700531
,,,,,781999,9131.33,1000,,,,,,,,,,
,,,,,782000,,,-831.8255004882812,-6.088477611541748,6.258668422698975,830.7020263671875,830.17529296875,0.14006878435611725,-0.24252508580684662,0.0003,0.0003,0.14006218314170837
,,,,,782999,9124.411,1000,,,,,,,,,,
,,,,,783000,,,-830.5713500976562,-5.825797080993652,5.373605251312256,828.9886474609375,829.3214111328125,0.13990002870559692,-0.2572299838066101,0.0003,0.0003,0.13989703357219696
,,,,,783999,9285.754,1000,,,,,,,,,,
,,,,,784000,,,-821.4793701171875,-6.172818183898926,4.927076816558838,819.937255859375,819.916015625,0.13929015398025513,0.13498841226100922,0.0003,0.0003,0.13928958773612976
,,,,,784999,9375.229,1000,,,,,,,,,,
9344.957,54.173164,9416.009,9248.8545,1000.0,785000,,,-834.1743774414062,-6.205661773681641,5.913846015930176,832.2042236328125,832.1392822265625,0.1400867998600006,0.5243972539901733,0.0003,0.0003,0.1400832235813141
,,,,,785999,9273.843,1000,,,,,,,,,,
,,,,,786000,,,-832.4793090820312,-6.050050258636475,5.545382976531982,830.7288208007812,830.6622314453125,0.14094385504722595,-0.31007030606269836,0.0003,0.0003,0.1409449726343155
,,,,,786999,9196.148,1000,,,,,,,,,,
,,,,,787000,,,-838.151123046875,-6.064051628112793,5.046053409576416,836.3348999023438,836.5296630859375,0.13936975598335266,0.34851694107055664,0.0003,0.0003,0.13936729729175568
,,,,,787999,9173.518,1000,,,,,,,,,,
,,,,,788000,,,-828.39404296875,-5.829821586608887,5.630373954772949,826.9828491210938,827.259033203125,0.13940833508968353,-0.3493146002292633,0.0003,0.0003,0.13941095769405365
,,,,,788999,9301.547,1000,,,,,,,,,,
,,,,,789000,,,-828.0341186523438,-6.227739334106445,6.6024580001831055,826.4031982421875,826.0912475585938,0.14040741324424744,0.03075350821018219,0.0003,0.0003,0.14040230214595795
,,,,,789999,9270.491,1000,,,,,,,,,,
9006.452,415.52332,9302.842,8148.4644,1000.0,790000,,,-827.1665649414062,-6.368322372436523,5.155513286590576,825.4366455078125,825.2000122070312,0.13900159299373627,1.1879634857177734,0.0003,0.0003,0.13900327682495117
,,,,,790999,9435.171,1000,,,,,,,,,,
,,,,,791000,,,-830.8229370117188,-5.743438243865967,4.171544075012207,829.1629028320312,829.3037109375,0.13943833112716675,-0.6966120600700378,0.0003,0.0003,0.13943682610988617
,,,,,791999,8255.065,1000,,,,,,,,,,
,,,,,792000,,,-836.7553100585938,-6.12803840637207,7.584827899932861,835.4707641601562,834.8687133789062,0.1397406905889511,-0.6700490713119507,0.0003,0.0003,0.13974522054195404
,,,,,792999,9309.881,1000,,,,,,,,,,
,,,,,793000,,,-828.1497802734375,-6.310017108917236,4.18768835067749,826.4988403320312,826.5807495117188,0.1410035640001297,0.5522724390029907,0.0003,0.0003,0.14100894331932068
,,,,,793999,9261.676,1000,,,,,,,,,,
,,,,,794000,,,-830.7227172851562,-5.491444110870361,5.870614528656006,828.7359008789062,828.9031372070312,0.1417175829410553,-0.5861103534698486,0.0003,0.0003,0.14171478152275085
,,,,,794999,9245.115,1000,,,,,,,,,,
8947.006,710.9864,9437.611,7507.7773,1000.0,795000,,,-825.2819213867188,-6.206601142883301,5.775799751281738,822.880615234375,822.8760375976562,0.14176376163959503,0.2542712092399597,0.0003,0.0003,0.14176759123802185
,,,,,795999,9297.706,1000,,,,,,,,,,
,,,,,796000,,,-839.6019287109375,-5.994217872619629,4.6281843185424805,838.0487060546875,838.3837890625,0.14096780121326447,0.15587182343006134,0.0003,0.0003,0.1409710794687271
,,,,,796999,9172.279,1000,,,,,,,,,,
,,,,,797000,,,-841.3966674804688,-5.437518119812012,6.2276387214660645,840.1488037109375,839.9913940429688,0.14003965258598328,-1.2974469661712646,0.0003,0.0003,0.14002704620361328
,,,,,797999,9287.895,1000,,,,,,,,,,
,,,,,798000,,,-824.1163330078125,-6.543863773345947,6.90639591217041,822.463623046875,822.98974609375,0.14111997187137604,0.6937910914421082,0.0003,0.0003,0.14112140238285065
,,,,,798999,9309.659,1000,,,,,,,,,,
,,,,,799000,,,-835.1890869140625,-5.414256572723389,7.161048412322998,833.9164428710938,833.902587890625,0.14154352247714996,-1.5133395195007324,0.0003,0.0003,0.1415329873561859
,,,,,799999,9441.686,1000,,,,,,,,,,
7597.6943,2125.6482,9309.148,1574.2141,1000.0,800000,,,-829.9759521484375,-5.833056449890137,6.1322126388549805,828.2020263671875,828.5130615234375,0.1420402228832245,-0.4548717439174652,0.0003,0.0003,0.14203819632530212
,,,,,800999,9300.356,1000,,,,,,,,,,
,,,,,801000,,,-835.7658081054688,-5.398050785064697,6.770724296569824,834.0828247070312,834.2991943359375,0.14251913130283356,-0.4967026114463806,0.0003,0.0003,0.14251388609409332
,,,,,801999,9201.627,1000,,,,,,,,,,
,,,,,802000,,,-841.09375,-6.067560195922852,4.8046183586120605,839.2373657226562,839.6426391601562,0.14175906777381897,-0.057221584022045135,0.0003,0.0003,0.14176137745380402
,,,,,802999,9351.126,1000,,,,,,,,,,
,,,,,803000,,,-836.0827026367188,-6.452373027801514,7.448977470397949,834.469482421875,834.279296875,0.14202721416950226,0.8464551568031311,0.0003,0.0003,0.14202311635017395
,,,,,803999,9318.247,1000,,,,,,,,,,
,,,,,804000,,,-841.6824340820312,-6.084291458129883,6.207262992858887,839.799072265625,839.8391723632812,0.14269424974918365,-0.229755699634552,0.0003,0.0003,0.14269225299358368
,,,,,804999,9432.321,1000,,,,,,,,,,
8720.459,1705.0037,9397.726,3608.9937,1000.0,805000,,,-853.8389282226562,-5.612207412719727,3.9426357746124268,852.5171508789062,852.4046020507812,0.14325149357318878,-0.618682861328125,0.0003,0.0003,0.1432451456785202
,,,,,805999,9290.763,1000,,,,,,,,,,
,,,,,806000,,,-842.3411865234375,-6.108549118041992,6.691381454467773,840.4349975585938,840.95361328125,0.14266523718833923,0.27753520011901855,0.0003,0.0003,0.14266392588615417
,,,,,806999,9332.577,1000,,,,,,,,,,
,,,,,807000,,,-833.1176147460938,-6.586625099182129,6.286732196807861,831.5863647460938,831.5597534179688,0.14360131323337555,0.3477882444858551,0.0003,0.0003,0.14360535144805908
,,,,,807999,8374.309,1000,,,,,,,,,,
,,,,,808000,,,-836.2478637695312,-6.048461437225342,5.46299409866333,834.9738159179688,834.7662353515625,0.14402636885643005,-0.6106512546539307,0.0003,0.0003,0.14403021335601807
,,,,,808999,9413.66,1000,,,,,,,,,,
,,,,,809000,,,-840.4098510742188,-6.074705123901367,6.626355171203613,838.2300415039062,838.627197265625,0.14508496224880219,-0.047031015157699585,0.0003,0.0003,0.14508378505706787
,,,,,809999,9437.158,1000,,,,,,,,,,
9517.342,60.189274,9641.7295,9445.162,1000.0,810000,,,-841.320556640625,-6.386653900146484,5.025821685791016,838.91455078125,839.1436767578125,0.14530010521411896,0.4224509000778198,0.0003,0.0003,0.14530427753925323
,,,,,810999,9374.213,1000,,,,,,,,,,
,,,,,811000,,,-835.1492919921875,-6.1869330406188965,4.3251953125,833.2052001953125,833.4594116210938,0.14411219954490662,0.3752572536468506,0.0003,0.0003,0.1441141963005066
,,,,,811999,9484.546,1000,,,,,,,,,,
,,,,,812000,,,-839.80615234375,-5.6037139892578125,4.68811559677124,837.9754028320312,838.09228515625,0.14468181133270264,-1.0556981563568115,0.0003,0.0003,0.14467720687389374
,,,,,812999,9443.89,1000,,,,,,,,,,
,,,,,813000,,,-841.397705078125,-5.835574626922607,6.785521984100342,840.0109252929688,840.4819946289062,0.1442098170518875,0.255585253238678,0.0003,0.0003,0.14421047270298004
,,,,,813999,9382.48,1000,,,,,,,,,,
,,,,,814000,,,-838.8497314453125,-6.160004615783691,5.421810626983643,837.0584716796875,837.185791015625,0.14361973106861115,0.35970255732536316,0.0003,0.0003,0.14361077547073364
,,,,,814999,9350.501,1000,,,,,,,,,,
9077.041,1096.2202,9580.974,5794.68,1000.0,815000,,,-849.123291015625,-5.461228370666504,6.742624282836914,847.1474609375,847.6176147460938,0.14394943416118622,-0.9482906460762024,0.0003,0.0003,0.1439424753189087
,,,,,815999,9136.735,1000,,,,,,,,,,
,,,,,816000,,,-844.4046630859375,-5.985403537750244,6.655397891998291,842.2286376953125,842.5697631835938,0.14393338561058044,0.6516090035438538,0.0003,0.0003,0.14393267035484314
,,,,,816999,9422.887,1000,,,,,,,,,,
,,,,,817000,,,-842.4135131835938,-6.220687389373779,5.982331275939941,840.7391967773438,841.09423828125,0.14314088225364685,0.5672633647918701,0.0003,0.0003,0.14314518868923187
,,,,,817999,9345.845,1000,,,,,,,,,,
,,,,,818000,,,-848.9110107421875,-6.006995677947998,4.625945091247559,847.7442626953125,847.911865234375,0.1444210261106491,-0.03751210868358612,0.0003,0.0003,0.14443369209766388
,,,,,818999,9198.53,1000,,,,,,,,,,
,,,,,819000,,,-847.83447265625,-5.7694292068481445,5.0721659660339355,846.0330810546875,845.905029296875,0.1437867283821106,-0.48550885915756226,0.0003,0.0003,0.1437867432832718
,,,,,819999,9425.08,1000,,,,,,,,,,
9416.932,74.739136,9484.831,9223.266,1000.0,820000,,,-854.17333984375,-5.4570088386535645,5.629316329956055,852.6765747070312,852.7345581054688,0.1441643387079239,-0.821848452091217,0.0003,0.0003,0.14415830373764038
,,,,,820999,9514.846,1000,,,,,,,,,,
,,,,,821000,,,-842.9661865234375,-5.797662734985352,6.073281764984131,841.4635009765625,841.05224609375,0.1444709599018097,-0.6519945859909058,0.0003,0.0003,0.14447490870952606
,,,,,821999,9512.978,1000,,,,,,,,,,
,,,,,822000,,,-845.8479614257812,-6.194394111633301,4.856888771057129,843.6544189453125,843.694091796875,0.14708085358142853,0.5632725954055786,0.0003,0.0003,0.1470843106508255
,,,,,822999,9385.871,1000,,,,,,,,,,
,,,,,823000,,,-839.7415771484375,-6.488625526428223,7.56746768951416,838.552001953125,838.00634765625,0.1469946801662445,0.9917072653770447,0.0003,0.0003,0.14700128138065338
,,,,,823999,9514.317,1000,,,,,,,,,,
,,,,,824000,,,-855.22412109375,-6.2410888671875,4.533613204956055,853.619384765625,853.9012451171875,0.14579026401042938,0.2927550673484802,0.0003,0.0003,0.1457924246788025
,,,,,824999,9493.854,1000,,,,,,,,,,
9460.084,48.16691,9532.315,9371.5,1000.0,825000,,,-845.841796875,-6.118806838989258,4.490278720855713,844.3812255859375,844.4635009765625,0.14652495086193085,-0.11614792048931122,0.0003,0.0003,0.1465233415365219
,,,,,825999,9475.32,1000,,,,,,,,,,
,,,,,826000,,,-857.2528076171875,-5.477845668792725,6.215085983276367,855.99951171875,856.1073608398438,0.14459984004497528,-1.315402626991272,0.0003,0.0003,0.14459356665611267
,,,,,826999,9386.563,1000,,,,,,,,,,
,,,,,827000,,,-857.6045532226562,-5.547873497009277,4.850242614746094,856.201171875,856.03466796875,0.14410221576690674,-1.258852243423462,0.0003,0.0003,0.14409849047660828
,,,,,827999,9440.356,1000,,,,,,,,,,
,,,,,828000,,,-851.290771484375,-6.298189640045166,5.812779426574707,849.76953125,849.9205322265625,0.14386573433876038,0.10022254288196564,0.0003,0.0003,0.1438608467578888
,,,,,828999,9414.715,1000,,,,,,,,,,
,,,,,829000,,,-850.7239990234375,-6.113513469696045,6.595169544219971,849.1672973632812,849.3643798828125,0.14544114470481873,0.43046388030052185,0.0003,0.0003,0.1454441249370575
,,,,,829999,9463.251,1000,,,,,,,,,,
9136.982,634.4515,9596.5625,7299.2075,1000.0,830000,,,-861.4898071289062,-5.600899696350098,8.30128288269043,860.1182861328125,860.2096557617188,0.14571963250637054,-0.5577592849731445,0.0003,0.0003,0.14571800827980042
,,,,,830999,9332.042,1000,,,,,,,,,,
,,,,,831000,,,-854.1396484375,-6.0686445236206055,6.308779716491699,852.4352416992188,853.0405883789062,0.1465785950422287,-0.19576284289360046,0.0003,0.0003,0.14657512307167053
,,,,,831999,9593.648,1000,,,,,,,,,,
,,,,,832000,,,-856.492431640625,-5.5244035720825195,4.120232582092285,854.77294921875,854.3011474609375,0.14805160462856293,-0.8566408157348633,0.0003,0.0003,0.14804960787296295
,,,,,832999,9388.2,1000,,,,,,,,,,
,,,,,833000,,,-848.127685546875,-6.037935256958008,7.103315353393555,846.7470703125,846.8209228515625,0.1468191146850586,0.2924705445766449,0.0003,0.0003,0.14681953191757202
,,,,,833999,9547.668,1000,,,,,,,,,,
,,,,,834000,,,-853.0990600585938,-6.534367084503174,5.450644493103027,851.7362060546875,851.4901123046875,0.14654844999313354,0.5360687971115112,0.0003,0.0003,0.1465529352426529
,,,,,834999,9464.725,1000,,,,,,,,,,
9606.844,89.57422,9711.678,9412.092,1000.0,835000,,,-859.2755126953125,-6.343025207519531,4.064881324768066,857.5345458984375,857.4954223632812,0.14768370985984802,0.515831470489502,0.0003,0.0003,0.147687166929245
,,,,,835999,9301.501,1000,,,,,,,,,,
,,,,,836000,,,-856.655517578125,-5.707248687744141,4.937453746795654,854.6167602539062,854.663818359375,0.1465349942445755,-0.5934959053993225,0.0003,0.0003,0.14653225243091583
,,,,,836999,4395.631,1000,,,,,,,,,,
,,,,,837000,,,-853.6634521484375,-6.139358043670654,6.545760631561279,852.310546875,851.9425659179688,0.1451193243265152,0.4167317748069763,0.0003,0.0003,0.14511273801326752
,,,,,837999,9534.268,1000,,,,,,,,,,
,,,,,838000,,,-855.9593505859375,-5.987644672393799,10.04666805267334,854.2174072265625,854.466064453125,0.14542165398597717,0.11162187159061432,0.0003,0.0003,0.1454232931137085
,,,,,838999,9183.225,1000,,,,,,,,,,
,,,,,839000,,,-862.9808959960938,-5.944572925567627,6.6336236000061035,861.2322387695312,861.1759033203125,0.14528946578502655,-0.29356205463409424,0.0003,0.0003,0.14529190957546234
,,,,,839999,9653.096,1000,,,,,,,,,,
9416.861,194.37892,9605.787,8912.691,1000.0,840000,,,-859.88525390625,-6.312089920043945,5.591947078704834,858.055908203125,858.6573486328125,0.1442476063966751,0.7497496604919434,0.0003,0.0003,0.14424832165241241
,,,,,840999,9414.757,1000,,,,,,,,,,
,,,,,841000,,,-859.9547729492188,-6.2159881591796875,6.585028648376465,858.103271484375,858.2113037109375,0.14617332816123962,-0.5936821699142456,0.0003,0.0003,0.14617426693439484
,,,,,841999,9533.004,1000,,,,,,,,,,
,,,,,842000,,,-850.2657470703125,-5.98392391204834,7.144308090209961,848.3765869140625,848.7387084960938,0.1467656046152115,-0.46909141540527344,0.0003,0.0003,0.14676649868488312
,,,,,842999,8127.3955,1000,,,,,,,,,,
,,,,,843000,,,-847.7129516601562,-6.022451400756836,6.481751441955566,846.071044921875,846.4888916015625,0.14627514779567719,0.6890987157821655,0.0003,0.0003,0.14628037810325623
,,,,,843999,9482.678,1000,,,,,,,,,,
,,,,,844000,,,-866.0887451171875,-5.525318145751953,4.428401947021484,863.94677734375,863.9458618164062,0.1446199268102646,-1.2157361507415771,0.0003,0.0003,0.14461567997932434
,,,,,844999,7858.7812,1000,,,,,,,,,,
8787.6,2219.389,9600.294,2131.2087,1000.0,845000,,,-856.4303588867188,-5.814633369445801,5.033390045166016,854.3116455078125,854.3311767578125,0.14555831253528595,-0.40681949257850647,0.0003,0.0003,0.14555738866329193
,,,,,845999,9577.807,1000,,,,,,,,,,
,,,,,846000,,,-850.9288330078125,-5.957240581512451,17.791648864746094,848.9790649414062,848.7146606445312,0.14468032121658325,-0.04496094584465027,0.0003,0.0003,0.1446823924779892
,,,,,846999,9420.893,1000,,,,,,,,,,
,,,,,847000,,,-864.5499267578125,-6.278218746185303,6.474617004394531,862.6358032226562,862.6797485351562,0.14442838728427887,0.49353140592575073,0.0003,0.0003,0.1444357931613922
,,,,,847999,9503.366,1000,,,,,,,,,,
,,,,,848000,,,-861.3985595703125,-6.317829132080078,7.30848503112793,860.2769775390625,859.6128540039062,0.14696605503559113,0.0844184011220932,0.0003,0.0003,0.14696696400642395
,,,,,848999,9497.686,1000,,,,,,,,,,
,,,,,849000,,,-865.33447265625,-5.866438865661621,4.0696702003479,863.8958740234375,863.9912109375,0.147096648812294,-0.7895375490188599,0.0003,0.0003,0.1470886915922165
,,,,,849999,9646.632,1000,,,,,,,,,,
9516.997,52.369797,9601.292,9432.3,1000.0,850000,,,-857.2860717773438,-5.780517101287842,8.361417770385742,855.8944702148438,855.7637939453125,0.1465005725622177,0.20628702640533447,0.0003,0.0003,0.1465011090040207
,,,,,850999,9560.507,1000,,,,,,,,,,
,,,,,851000,,,-861.757568359375,-6.127932071685791,5.21983528137207,860.3754272460938,860.5767822265625,0.14739678800106049,0.5821559429168701,0.0003,0.0003,0.14739890396595
,,,,,851999,9480.717,1000,,,,,,,,,,
,,,,,852000,,,-855.72265625,-5.840615272521973,7.578978538513184,854.0405883789062,853.9208984375,0.14713311195373535,0.2811986207962036,0.0003,0.0003,0.14713293313980103
,,,,,852999,9530.391,1000,,,,,,,,,,
,,,,,853000,,,-863.5910034179688,-6.133969783782959,5.0300774574279785,861.5521850585938,861.9019775390625,0.14626383781433105,0.041415587067604065,0.0003,0.0003,0.14626182615756989
,,,,,853999,9627.6455,1000,,,,,,,,,,
,,,,,854000,,,-850.1181640625,-5.7529072761535645,4.9891037940979,848.560546875,848.4213256835938,0.14597222208976746,-0.11825689673423767,0.0003,0.0003,0.14597292244434357
,,,,,854999,9401.526,1000,,,,,,,,,,
9414.002,139.47389,9588.976,9051.779,1000.0,855000,,,-862.2919311523438,-6.283065319061279,6.539149284362793,860.7293701171875,860.95947265625,0.14489001035690308,-0.18848435580730438,0.0003,0.0003,0.14489223062992096
,,,,,855999,9570.678,1000,,,,,,,,,,
,,,,,856000,,,-857.2489013671875,-6.481740951538086,5.173598289489746,855.537841796875,855.3761596679688,0.14660575985908508,1.320637822151184,0.0003,0.0003,0.14661744236946106
,,,,,856999,9646.123,1000,,,,,,,,,,
,,,,,857000,,,-857.6339721679688,-5.762142181396484,5.151416778564453,855.6618041992188,855.4782104492188,0.14719924330711365,-0.27218830585479736,0.0003,0.0003,0.1472024768590927
,,,,,857999,9520.719,1000,,,,,,,,,,
,,,,,858000,,,-858.9966430664062,-5.9242634773254395,6.112590789794922,857.4462890625,857.0773315429688,0.1469847559928894,0.22582727670669556,0.0003,0.0003,0.1469855010509491
,,,,,858999,9443.294,1000,,,,,,,,,,
,,,,,859000,,,-855.4125366210938,-5.516593933105469,5.966728210449219,853.375244140625,853.1414184570312,0.14598816633224487,-0.6804357767105103,0.0003,0.0003,0.14598102867603302
,,,,,859999,9510.716,1000,,,,,,,,,,
8751.902,1821.5198,9675.674,3680.4868,1000.0,860000,,,-860.4938354492188,-6.364200592041016,6.639605522155762,859.1812133789062,859.4541625976562,0.1454390287399292,0.43084007501602173,0.0003,0.0003,0.14543965458869934
,,,,,860999,9483.688,1000,,,,,,,,,,
,,,,,861000,,,-858.4161376953125,-5.562933444976807,5.510208606719971,856.1594848632812,856.0476684570312,0.14558003842830658,-0.19915394484996796,0.0003,0.0003,0.14558011293411255
,,,,,861999,9217.177,1000,,,,,,,,,,
,,,,,862000,,,-868.6975708007812,-6.521717071533203,6.42331600189209,867.1575317382812,866.85009765625,0.14492318034172058,0.13583794236183167,0.0003,0.0003,0.1449280083179474
,,,,,862999,9583.473,1000,,,,,,,,,,
,,,,,863000,,,-859.4803466796875,-5.756870746612549,6.541948318481445,857.8709106445312,858.4449462890625,0.14480581879615784,-0.4839240312576294,0.0003,0.0003,0.14479874074459076
,,,,,863999,9665.545,1000,,,,,,,,,,
,,,,,864000,,,-864.2521362304688,-5.92818546295166,5.033065319061279,862.6671142578125,863.0875244140625,0.14423133432865143,0.015389546751976013,0.0003,0.0003,0.14422647655010223
,,,,,864999,9471.254,1000,,,,,,,,,,
8623.892,907.43427,9652.8955,6997.2827,1000.0,865000,,,-868.96728515625,-5.9083733558654785,4.783352851867676,867.5680541992188,867.826171875,0.1462268829345703,-0.367426335811615,0.0003,0.0003,0.14622294902801514
,,,,,865999,9495.006,1000,,,,,,,,,,
,,,,,866000,,,-867.0077514648438,-5.815886497497559,6.475933074951172,865.8444213867188,865.6275024414062,0.14764438569545746,0.135582834482193,0.0003,0.0003,0.14764641225337982
,,,,,866999,9588.46,1000,,,,,,,,,,
,,,,,867000,,,-863.8605346679688,-5.898445129394531,6.352677345275879,861.7415771484375,861.71630859375,0.14793789386749268,-0.0245354063808918,0.0003,0.0003,0.14793597161769867
,,,,,867999,3669.2896,1000,,,,,,,,,,
,,,,,868000,,,-863.9176635742188,-5.774222373962402,15.186368942260742,862.689453125,862.0451049804688,0.14912262558937073,0.14108826220035553,0.0003,0.0003,0.14911948144435883
,,,,,868999,9701.157,1000,,,,,,,,,,
,,,,,869000,,,-864.0134887695312,-5.510593891143799,70.76428985595703,862.7015380859375,862.0166015625,0.15049505233764648,-0.22654598951339722,0.0003,0.0003,0.15049181878566742
,,,,,869999,8651.12,1000,,,,,,,,,,
9564.93,71.46241,9655.937,9402.614,1000.0,870000,,,-866.3746948242188,-5.921839237213135,6.703357219696045,864.6585083007812,865.085205078125,0.150334894657135,-0.19983631372451782,0.0003,0.0003,0.15033328533172607
,,,,,870999,9580.739,1000,,,,,,,,,,
,,,,,871000,,,-862.6060180664062,-6.137050628662109,7.551607608795166,860.9254150390625,861.25390625,0.14810287952423096,-0.2490299493074417,0.0003,0.0003,0.14810746908187866
,,,,,871999,9677.111,1000,,,,,,,,,,
,,,,,872000,,,-862.673583984375,-6.120759010314941,6.4881391525268555,861.0514526367188,861.1710205078125,0.1488146334886551,-0.2512105703353882,0.0003,0.0003,0.14881663024425507
,,,,,872999,9602.474,1000,,,,,,,,,,
,,,,,873000,,,-862.5988159179688,-6.097912788391113,4.752057075500488,860.3876342773438,860.5943603515625,0.1487417370080948,-0.28805863857269287,0.0003,0.0003,0.1487375795841217
,,,,,873999,7969.7896,1000,,,,,,,,,,
,,,,,874000,,,-864.7457885742188,-5.8121113777160645,5.411212921142578,862.24365234375,862.6259765625,0.14756335318088531,-0.04298509657382965,0.0003,0.0003,0.14756089448928833
,,,,,874999,8607.599,1000,,,,,,,,,,
8870.683,1707.0702,9681.458,3947.4973,1000.0,875000,,,-869.2446899414062,-5.647636890411377,6.122952461242676,867.9447021484375,867.8092651367188,0.14859922230243683,-0.37138286232948303,0.0003,0.0003,0.1485949158668518
,,,,,875999,9519.037,1000,,,,,,,,,,
,,,,,876000,,,-869.5469970703125,-6.197723388671875,4.568244934082031,867.9855346679688,867.6568603515625,0.147830531001091,0.6320227980613708,0.0003,0.0003,0.147830531001091
,,,,,876999,9670.802,1000,,,,,,,,,,
,,,,,877000,,,-857.5690307617188,-6.565807342529297,8.122247695922852,855.9117431640625,855.444580078125,0.14886760711669922,0.9633772373199463,0.0003,0.0003,0.14887292683124542
,,,,,877999,9761.629,1000,,,,,,,,,,
,,,,,878000,,,-862.1090087890625,-6.130265235900879,6.933323383331299,860.765869140625,860.6177368164062,0.1478128284215927,0.11759307235479355,0.0003,0.0003,0.14781686663627625
,,,,,878999,9534.8125,1000,,,,,,,,,,
,,,,,879000,,,-874.2957153320312,-6.001235008239746,7.717988014221191,873.23974609375,872.8780517578125,0.14582009613513947,0.25372493267059326,0.0003,0.0003,0.14582395553588867
,,,,,879999,9627.362,1000,,,,,,,,,,
9536.667,303.52527,9744.54,8654.497,1000.0,880000,,,-862.5226440429688,-6.134770393371582,6.836855411529541,860.5090942382812,861.2725219726562,0.14689363539218903,-0.37774115800857544,0.0003,0.0003,0.14689436554908752
,,,,,880999,9637.143,1000,,,,,,,,,,
,,,,,881000,,,-858.3768310546875,-5.606348037719727,9.5990571975708,856.9696044921875,856.9526977539062,0.14681445062160492,-0.7817711234092712,0.0003,0.0003,0.14681793749332428
,,,,,881999,9526.711,1000,,,,,,,,,,
,,,,,882000,,,-873.971435546875,-5.7097625732421875,5.6543869972229,872.196533203125,872.182861328125,0.1465768814086914,-0.7368984222412109,0.0003,0.0003,0.14657820761203766
,,,,,882999,9524.144,1000,,,,,,,,,,
,,,,,883000,,,-857.1760864257812,-6.162539005279541,5.518750190734863,855.28271484375,855.2096557617188,0.14661161601543427,0.36719706654548645,0.0003,0.0003,0.14660844206809998
,,,,,883999,9682.061,1000,,,,,,,,,,
,,,,,884000,,,-866.253662109375,-6.487788677215576,6.715631008148193,864.7005004882812,865.121337890625,0.14815674722194672,0.7951946258544922,0.0003,0.0003,0.1481613665819168
,,,,,884999,9608.674,1000,,,,,,,,,,
9785.198,55.482105,9892.025,9708.439,1000.0,885000,,,-867.6441650390625,-6.4461774826049805,7.025899887084961,865.71923828125,865.7787475585938,0.14712601900100708,0.8852666020393372,0.0003,0.0003,0.1471293568611145
,,,,,885999,9597.179,1000,,,,,,,,,,
,,,,,886000,,,-874.0389404296875,-5.736316204071045,7.044372081756592,872.460693359375,872.6704711914062,0.14735153317451477,-0.2420092523097992,0.0003,0.0003,0.14735516905784607
,,,,,886999,9551.348,1000,,,,,,,,,,
,,,,,887000,,,-867.4005126953125,-6.407835006713867,7.491024971008301,866.3057250976562,865.7420654296875,0.14738492667675018,0.40901631116867065,0.0003,0.0003,0.14738775789737701
,,,,,887999,9583.789,1000,,,,,,,,,,
,,,,,888000,,,-858.3560180664062,-6.058093070983887,6.514639854431152,856.6503295898438,857.5086669921875,0.14865340292453766,-0.13078735768795013,0.0003,0.0003,0.1486576795578003
,,,,,888999,9556.309,1000,,,,,,,,,,
,,,,,889000,,,-867.0474853515625,-5.863954544067383,6.524441719055176,865.4756469726562,865.7886352539062,0.14845861494541168,-0.06913773715496063,0.0003,0.0003,0.148455411195755
,,,,,889999,9630.944,1000,,,,,,,,,,
9127.525,1103.6449,9888.1045,6294.309,1000.0,890000,,,-869.150390625,-5.893613338470459,4.681250095367432,867.6080322265625,867.65478515625,0.14753082394599915,-0.25116050243377686,0.0003,0.0003,0.14752481877803802
,,,,,890999,9513.464,1000,,,,,,,,,,
,,,,,891000,,,-861.268310546875,-6.262650489807129,10.21965217590332,859.3184814453125,859.4390258789062,0.1484452784061432,0.42382580041885376,0.0003,0.0003,0.1484471708536148
,,,,,891999,9551.981,1000,,,,,,,,,,
,,,,,892000,,,-868.217529296875,-6.462183475494385,5.1017045974731445,866.246337890625,866.2884521484375,0.14915142953395844,0.6444827914237976,0.0003,0.0003,0.149154394865036
,,,,,892999,9689.518,1000,,,,,,,,,,
,,,,,893000,,,-852.6546020507812,-6.324344158172607,5.667791843414307,850.2811889648438,850.3832397460938,0.148703932762146,0.34147965908050537,0.0003,0.0003,0.14870423078536987
,,,,,893999,9624.262,1000,,,,,,,,,,
,,,,,894000,,,-871.486083984375,-5.527078628540039,5.837837219238281,869.657470703125,870.2498779296875,0.1491936445236206,-1.8534157276153564,0.0003,0.0003,0.14918707311153412
,,,,,894999,9672.095,1000,,,,,,,,,,
9692.433,49.33927,9740.787,9572.092,1000.0,895000,,,-867.897705078125,-5.792266845703125,6.705145359039307,865.5286254882812,866.088623046875,0.14930963516235352,-0.2953115403652191,0.0003,0.0003,0.1493058055639267
,,,,,895999,9753.996,1000,,,,,,,,,,
,,,,,896000,,,-875.0595092773438,-5.896465301513672,10.374892234802246,873.9124755859375,874.2902221679688,0.14925193786621094,-0.09735094755887985,0.0003,0.0003,0.14925219118595123
,,,,,896999,9756.659,1000,,,,,,,,,,
,,,,,897000,,,-869.398681640625,-5.983406066894531,6.384086608886719,867.6492309570312,867.60107421875,0.14757096767425537,0.01236581802368164,0.0003,0.0003,0.14756929874420166
,,,,,897999,9709.678,1000,,,,,,,,,,
,,,,,898000,,,-865.1089477539062,-5.918416500091553,5.768137454986572,863.5873413085938,863.1439208984375,0.14794638752937317,0.11311200261116028,0.0003,0.0003,0.14795145392417908
,,,,,898999,9485.246,1000,,,,,,,,,,
,,,,,899000,,,-868.3255615234375,-6.412120819091797,7.841094970703125,866.736328125,866.682373046875,0.1474292278289795,1.2458306550979614,0.0003,0.0003,0.14743149280548096
,,,,,899999,9614.733,1000,,,,,,,,,,
9501.663,102.665764,9606.153,9292.704,1000.0,900000,,,-873.62939453125,-5.725345134735107,4.6362738609313965,872.1311645507812,872.1920166015625,0.14912500977516174,0.07726645469665527,0.0003,0.0003,0.1491239070892334
,,,,,900999,9332.566,1000,,,,,,,,,,
,,,,,901000,,,-878.1307983398438,-5.362927436828613,8.527992248535156,875.81884765625,875.7661743164062,0.14840315282344818,-0.9402444362640381,0.0003,0.0003,0.14839863777160645
,,,,,901999,9691.39,1000,,,,,,,,,,
,,,,,902000,,,-866.8850708007812,-6.505168914794922,6.756027698516846,864.5972290039062,865.2119750976562,0.14786797761917114,1.197335958480835,0.0003,0.0003,0.14787645637989044
,,,,,902999,9679.526,1000,,,,,,,,,,
,,,,,903000,,,-868.7222900390625,-5.742769718170166,7.428818225860596,866.9159545898438,867.484375,0.14818844199180603,-0.8559094667434692,0.0003,0.0003,0.14818435907363892
,,,,,903999,9842.841,1000,,,,,,,,,,
,,,,,904000,,,-879.4795532226562,-6.314177989959717,8.272895812988281,877.4181518554688,877.7113037109375,0.14941057562828064,0.403751403093338,0.0003,0.0003,0.1494142711162567
,,,,,904999,8102.6,1000,,,,,,,,,,
9757.898,42.122684,9827.297,9687.378,1000.0,905000,,,-873.8646240234375,-5.792985439300537,9.318887710571289,872.2583618164062,872.040771484375,0.1484515219926834,0.05040550231933594,0.0003,0.0003,0.14845585823059082
,,,,,905999,9635.413,1000,,,,,,,,,,
,,,,,906000,,,-882.4632568359375,-5.818302154541016,6.058107852935791,880.9884033203125,880.6078491210938,0.14913418889045715,-0.3916703164577484,0.0003,0.0003,0.14913316071033478
,,,,,906999,9740.8545,1000,,,,,,,,,,
,,,,,907000,,,-886.6375732421875,-5.890897750854492,5.495395660400391,884.672119140625,884.8487548828125,0.1484309583902359,-0.5839370489120483,0.0003,0.0003,0.14843010902404785
,,,,,907999,9650.088,1000,,,,,,,,,,
,,,,,908000,,,-870.8110961914062,-6.015505790710449,8.933412551879883,869.2333374023438,869.18115234375,0.1493746042251587,-0.19799064099788666,0.0003,0.0003,0.14937947690486908
,,,,,908999,9714.538,1000,,,,,,,,,,
,,,,,909000,,,-876.046142578125,-6.48030948638916,4.901825904846191,874.7367553710938,875.0546875,0.14840590953826904,0.7433948516845703,0.0003,0.0003,0.1484081894159317
,,,,,909999,9620.361,1000,,,,,,,,,,
9610.289,55.475746,9733.33,9507.426,1000.0,910000,,,-877.5475463867188,-5.934539794921875,7.829706192016602,875.7785034179688,875.873779296875,0.14990459382534027,-0.5428544878959656,0.0003,0.0003,0.14991024136543274
,,,,,910999,9724.931,1000,,,,,,,,,,
,,,,,911000,,,-878.013916015625,-5.8510894775390625,6.038952827453613,876.651611328125,876.2784423828125,0.14963530004024506,0.5226171016693115,0.0003,0.0003,0.14963078498840332
,,,,,911999,9721.48,1000,,,,,,,,,,
,,,,,912000,,,-878.942138671875,-5.119755744934082,8.031888008117676,877.624755859375,877.26220703125,0.14995864033699036,-1.3503401279449463,0.0003,0.0003,0.1499457210302353
,,,,,912999,9684.897,1000,,,,,,,,,,
,,,,,913000,,,-881.1970825195312,-6.071855545043945,7.314469337463379,879.9857788085938,879.7150268554688,0.14921624958515167,-0.6024572849273682,0.0003,0.0003,0.14922018349170685
,,,,,913999,9567.046,1000,,,,,,,,,,
,,,,,914000,,,-876.4306030273438,-5.861761093139648,12.676298141479492,874.2324829101562,874.123291015625,0.14856623113155365,-0.1140078604221344,0.0003,0.0003,0.14856640994548798
,,,,,914999,9512.529,1000,,,,,,,,,,
8794.734,1561.4033,9637.859,4333.579,1000.0,915000,,,-879.6448974609375,-6.023432731628418,5.920577049255371,878.3468627929688,878.2321166992188,0.1486595869064331,-0.25511083006858826,0.0003,0.0003,0.14864934980869293
,,,,,915999,9675.103,1000,,,,,,,,,,
,,,,,916000,,,-884.8458862304688,-6.145526885986328,7.213033676147461,883.153076171875,882.9630737304688,0.14810773730278015,0.7549591064453125,0.0003,0.0003,0.14811445772647858
,,,,,916999,9726.602,1000,,,,,,,,,,
,,,,,917000,,,-876.617919921875,-6.386287689208984,4.491662979125977,874.2461547851562,874.3397827148438,0.1493363231420517,0.4442598223686218,0.0003,0.0003,0.14934088289737701
,,,,,917999,9747.745,1000,,,,,,,,,,
,,,,,918000,,,-883.183837890625,-6.122303009033203,11.521492004394531,881.2815551757812,881.557373046875,0.14934177696704865,0.24464035034179688,0.0003,0.0003,0.14934474229812622
,,,,,918999,9560.92,1000,,,,,,,,,,
,,,,,919000,,,-880.8314208984375,-5.862384796142578,4.892929553985596,878.8277587890625,878.9982299804688,0.15003126859664917,-0.443340539932251,0.0003,0.0003,0.15002989768981934
,,,,,919999,9792.188,1000,,,,,,,,,,
9742.57,82.05146,9865.504,9616.756,1000.0,920000,,,-896.110595703125,-5.904171943664551,4.964621543884277,894.610595703125,895.0277709960938,0.1516997218132019,-0.5649311542510986,0.0003,0.0003,0.15169847011566162
,,,,,920999,976.8544,1000,,,,,,,,,,
,,,,,921000,,,-874.0859375,-6.232412338256836,6.380211353302002,872.0328369140625,872.4420166015625,0.1500702202320099,0.2831707298755646,0.0003,0.0003,0.1500720977783203
,,,,,921999,9715.81,1000,,,,,,,,,,
,,,,,922000,,,-876.0460205078125,-5.491292476654053,5.688785552978516,874.3931884765625,873.8880615234375,0.1506188064813614,-0.6373625993728638,0.0003,0.0003,0.15062451362609863
,,,,,922999,9491.091,1000,,,,,,,,,,
,,,,,923000,,,-881.6923217773438,-5.733648777008057,13.917716026306152,879.6514892578125,880.5945434570312,0.1510983109474182,-0.3774226903915405,0.0003,0.0003,0.1510956734418869
,,,,,923999,9784.745,1000,,,,,,,,,,
,,,,,924000,,,-878.580078125,-5.742629051208496,7.641683578491211,876.968505859375,876.7598876953125,0.1499495506286621,-0.6785432696342468,0.0003,0.0003,0.14994893968105316
,,,,,924999,9720.312,1000,,,,,,,,,,
9647.309,481.7676,9898.479,8214.356,1000.0,925000,,,-873.8028564453125,-5.721653461456299,7.303579330444336,871.9741821289062,871.7838134765625,0.15070059895515442,-0.5149365067481995,0.0003,0.0003,0.1507025510072708
,,,,,925999,9779.92,1000,,,,,,,,,,
,,,,,926000,,,-880.0968017578125,-6.604118347167969,5.441054821014404,877.6072998046875,877.7315673828125,0.15185673534870148,0.7444637417793274,0.0003,0.0003,0.1518639773130417
,,,,,926999,9601.139,1000,,,,,,,,,,
,,,,,927000,,,-886.0706787109375,-5.963387966156006,5.649620056152344,884.1131591796875,884.3778076171875,0.15175282955169678,-0.09435298293828964,0.0003,0.0003,0.15174905955791473
,,,,,927999,9608.9375,1000,,,,,,,,,,
,,,,,928000,,,-891.6041870117188,-5.997543811798096,6.77457857131958,890.1525268554688,889.7046508789062,0.1498539298772812,-0.9231152534484863,0.0003,0.0003,0.14984695613384247
,,,,,928999,9706.808,1000,,,,,,,,,,
,,,,,929000,,,-878.2620239257812,-6.154906749725342,4.614131927490234,876.6637573242188,876.6110229492188,0.14967814087867737,0.005912274122238159,0.0003,0.0003,0.1496776044368744
,,,,,929999,9757.681,1000,,,,,,,,,,
9033.587,65.49613,9137.11,8928.818,1000.0,930000,,,-884.93896484375,-6.120899677276611,10.43974494934082,884.1820068359375,882.811767578125,0.1491338461637497,0.9142448902130127,0.0003,0.0003,0.1491398960351944
,,,,,930999,8318.903,1000,,,,,,,,,,
,,,,,931000,,,-882.8596801757812,-6.304032802581787,10.171211242675781,881.412841796875,880.89697265625,0.14945653080940247,0.4908016324043274,0.0003,0.0003,0.14945745468139648
,,,,,931999,9864.195,1000,,,,,,,,,,
,,,,,932000,,,-893.2488403320312,-6.4313764572143555,6.13991641998291,891.2144775390625,890.9899291992188,0.14874708652496338,1.055129051208496,0.0003,0.0003,0.1487572193145752
,,,,,932999,8424.819,1000,,,,,,,,,,
,,,,,933000,,,-882.6350708007812,-6.15220832824707,13.431878089904785,881.5191650390625,881.2546997070312,0.14853113889694214,0.32322612404823303,0.0003,0.0003,0.14853069186210632
,,,,,933999,7248.571,1000,,,,,,,,,,
,,,,,934000,,,-889.7520141601562,-5.709268093109131,6.72860050201416,887.7799072265625,887.633056640625,0.14698509871959686,-0.15403954684734344,0.0003,0.0003,0.14698345959186554
,,,,,934999,9771.391,1000,,,,,,,,,,
9788.532,66.12747,9880.485,9673.122,1000.0,935000,,,-878.15380859375,-6.00184965133667,9.834242820739746,876.10888671875,876.7109375,0.14678959548473358,0.1856180727481842,0.0003,0.0003,0.14678862690925598
,,,,,935999,9709.51,1000,,,,,,,,,,
,,,,,936000,,,-881.231201171875,-6.530388832092285,9.679045677185059,879.5821533203125,879.853515625,0.1480569839477539,0.9933182001113892,0.0003,0.0003,0.14805972576141357
,,,,,936999,9661.26,1000,,,,,,,,,,
,,,,,937000,,,-890.3031005859375,-5.696700572967529,9.187657356262207,888.95458984375,888.9360961914062,0.1484861671924591,-0.6043778657913208,0.0003,0.0003,0.14848197996616364
,,,,,937999,9800.627,1000,,,,,,,,,,
,,,,,938000,,,-876.742431640625,-5.588363170623779,9.568026542663574,875.1599731445312,875.0026245117188,0.15053650736808777,-0.28008049726486206,0.0003,0.0003,0.15054020285606384
,,,,,938999,8006.1064,1000,,,,,,,,,,
,,,,,939000,,,-893.9266967773438,-6.0608320236206055,4.880921840667725,892.6434326171875,892.7119750976562,0.15215559303760529,0.723550021648407,0.0003,0.0003,0.15214990079402924
,,,,,939999,9817.268,1000,,,,,,,,,,
8909.753,2651.524,9883.396,957.80194,1000.0,940000,,,-884.3630981445312,-6.074807167053223,6.8864054679870605,882.701171875,883.0535888671875,0.1513053923845291,-0.503189206123352,0.0003,0.0003,0.15131275355815887
,,,,,940999,9395.411,1000,,,,,,,,,,
,,,,,941000,,,-894.0200805664062,-6.266425609588623,6.498147010803223,892.4114379882812,892.0474243164062,0.15106387436389923,0.02402031421661377,0.0003,0.0003,0.1510642170906067
,,,,,941999,9703.134,1000,,,,,,,,,,
,,,,,942000,,,-887.4182739257812,-6.010835647583008,6.4186248779296875,885.88818359375,885.476318359375,0.15062832832336426,-0.03641679137945175,0.0003,0.0003,0.1506325751543045
,,,,,942999,9848.211,1000,,,,,,,,,,
,,,,,943000,,,-883.8157958984375,-6.481529712677002,8.736420631408691,882.549560546875,882.69287109375,0.15001735091209412,0.7089183926582336,0.0003,0.0003,0.15001444518566132
,,,,,943999,9702.076,1000,,,,,,,,,,
,,,,,944000,,,-883.5206298828125,-6.368112087249756,34.69805145263672,881.547119140625,881.271240234375,0.14951585233211517,0.6603079438209534,0.0003,0.0003,0.14951317012310028
,,,,,944999,6628.4453,1000,,,,,,,,,,
9706.112,66.09545,9868.592,9598.625,1000.0,945000,,,-872.3583374023438,-5.839239120483398,13.078326225280762,870.4549560546875,870.3041381835938,0.1473499834537506,-0.712950587272644,0.0003,0.0003,0.14734987914562225
,,,,,945999,9711.165,1000,,,,,,,,,,
,,,,,946000,,,-887.4411010742188,-6.338696479797363,12.756903648376465,886.1854248046875,885.8153076171875,0.1462024450302124,0.0009111464023590088,0.0003,0.0003,0.14619962871074677
,,,,,946999,9724.224,1000,,,,,,,,,,
,,,,,947000,,,-871.36328125,-5.722202301025391,8.074877738952637,870.1806640625,869.8215942382812,0.14632652699947357,-0.46469298005104065,0.0003,0.0003,0.14631997048854828
,,,,,947999,9767.478,1000,,,,,,,,,,
,,,,,948000,,,-895.4507446289062,-6.0928730964660645,7.8722333908081055,893.6029663085938,893.9808959960938,0.1461033970117569,0.9679604768753052,0.0003,0.0003,0.14610819518566132
,,,,,948999,9707.111,1000,,,,,,,,,,
,,,,,949000,,,-885.0061645507812,-6.149651527404785,8.401571273803711,883.2125854492188,883.777099609375,0.14584846794605255,0.1484483778476715,0.0003,0.0003,0.14585040509700775
,,,,,949999,9934.066,1000,,,,,,,,,,
8670.008,1038.1512,9501.124,5919.1333,1000.0,950000,,,-886.86767578125,-5.49927282333374,10.231521606445312,885.08984375,885.6453857421875,0.1477048397064209,-0.785430908203125,0.0003,0.0003,0.14770376682281494
,,,,,950999,9666.255,1000,,,,,,,,,,
,,,,,951000,,,-893.322265625,-5.777198791503906,5.6801838874816895,892.0238037109375,892.2073974609375,0.14846670627593994,-0.3645085096359253,0.0003,0.0003,0.14847055077552795
,,,,,951999,9821.8545,1000,,,,,,,,,,
,,,,,952000,,,-889.8696899414062,-5.679652214050293,7.592372417449951,888.591796875,888.6453857421875,0.14928793907165527,-0.6842581629753113,0.0003,0.0003,0.14928437769412994
,,,,,952999,9862.833,1000,,,,,,,,,,
,,,,,953000,,,-884.9930419921875,-5.957953453063965,6.310023307800293,883.1044311523438,882.9735107421875,0.14872437715530396,-0.2601008415222168,0.0003,0.0003,0.1487244814634323
,,,,,953999,9759.157,1000,,,,,,,,,,
,,,,,954000,,,-889.8541259765625,-5.731782913208008,6.849560737609863,887.810546875,887.7291259765625,0.14791058003902435,0.13246417045593262,0.0003,0.0003,0.1479066014289856
,,,,,954999,9713.378,1000,,,,,,,,,,
9682.654,186.3233,9888.092,9241.392,1000.0,955000,,,-885.2294921875,-6.328913688659668,7.096514701843262,882.9329833984375,883.2213745117188,0.14959444105625153,0.32211336493492126,0.0003,0.0003,0.1495918333530426
,,,,,955999,9673.085,1000,,,,,,,,,,
,,,,,956000,,,-894.817626953125,-5.404157638549805,10.255853652954102,892.9344482421875,893.0982055664062,0.14894424378871918,-0.9533193707466125,0.0003,0.0003,0.14895054697990417
,,,,,956999,9879.369,1000,,,,,,,,,,
,,,,,957000,,,-892.4320068359375,-6.180294036865234,6.494697093963623,890.5692749023438,890.8881225585938,0.147882878780365,0.4578571915626526,0.0003,0.0003,0.14788417518138885
,,,,,957999,9804.673,1000,,,,,,,,,,
,,,,,958000,,,-881.4850463867188,-5.8377156257629395,7.432226657867432,879.4480590820312,879.5587158203125,0.1503361314535141,0.28551360964775085,0.0003,0.0003,0.1503402143716812
,,,,,958999,9654.818,1000,,,,,,,,,,
,,,,,959000,,,-889.1993408203125,-5.903843879699707,4.934048652648926,887.6485595703125,888.0447387695312,0.14928306639194489,-0.7551351189613342,0.0003,0.0003,0.14927664399147034
,,,,,959999,9735.32,1000,,,,,,,,,,
9778.503,202.519,9951.166,9302.21,1000.0,960000,,,-890.9977416992188,-5.942017078399658,8.953548431396484,889.5401000976562,889.1401977539062,0.14738747477531433,-0.2042444348335266,0.0003,0.0003,0.14738398790359497
,,,,,960999,9812.993,1000,,,,,,,,,,
,,,,,961000,,,-885.0617065429688,-5.817962646484375,10.190890312194824,883.560302734375,883.2733154296875,0.14647984504699707,-0.21559828519821167,0.0003,0.0003,0.14647111296653748
,,,,,961999,606.8418,1000,,,,,,,,,,
,,,,,962000,,,-882.8316650390625,-6.18634033203125,10.062824249267578,880.9283447265625,881.2380981445312,0.14750517904758453,0.12440825998783112,0.0003,0.0003,0.14750677347183228
,,,,,962999,9830.338,1000,,,,,,,,,,
,,,,,963000,,,-892.2410278320312,-6.380338668823242,7.685733318328857,890.1038818359375,890.5208740234375,0.1475372165441513,0.5770789980888367,0.0003,0.0003,0.14753985404968262
,,,,,963999,9714.761,1000,,,,,,,,,,
,,,,,964000,,,-893.0134887695312,-5.888983726501465,6.22706937789917,891.0480346679688,891.1728515625,0.14750179648399353,-0.16088415682315826,0.0003,0.0003,0.1474982649087906
,,,,,964999,9808.337,1000,,,,,,,,,,
9803.752,63.45398,9920.965,9685.507,1000.0,965000,,,-885.4561157226562,-6.219883441925049,7.10452127456665,883.7263793945312,883.4376831054688,0.14800073206424713,0.9386531114578247,0.0003,0.0003,0.1480094939470291
,,,,,965999,9825.768,1000,,,,,,,,,,
,,,,,966000,,,-893.1986083984375,-5.729461193084717,5.4358930587768555,891.9005126953125,891.7872924804688,0.1476479172706604,-0.8902168273925781,0.0003,0.0003,0.1476433277130127
,,,,,966999,9739.149,1000,,,,,,,,,,
,,,,,967000,,,-888.3113403320312,-6.057119369506836,8.834482192993164,886.9700927734375,886.7615966796875,0.14682608842849731,-0.24610549211502075,0.0003,0.0003,0.1468225121498108
,,,,,967999,9827.512,1000,,,,,,,,,,
,,,,,968000,,,-887.7557373046875,-6.32744026184082,8.065414428710938,885.6005859375,885.7142944335938,0.1488044261932373,0.9750308990478516,0.0003,0.0003,0.14880996942520142
,,,,,968999,9470.906,1000,,,,,,,,,,
,,,,,969000,,,-883.707275390625,-6.279936790466309,10.279891967773438,881.74853515625,882.1495361328125,0.14857424795627594,0.008563622832298279,0.0003,0.0003,0.1485690176486969
,,,,,969999,9827.522,1000,,,,,,,,,,
9212.05,1358.736,9935.371,5202.4067,1000.0,970000,,,-895.5256958007812,-5.6434326171875,5.588210105895996,893.97802734375,894.089599609375,0.1485442966222763,-0.8310288190841675,0.0003,0.0003,0.14853206276893616
,,,,,970999,9953.202,1000,,,,,,,,,,
,,,,,971000,,,-907.3550415039062,-5.676291465759277,3.9019076824188232,905.4593505859375,905.6673583984375,0.14783987402915955,-0.7635713815689087,0.0003,0.0003,0.14784078299999237
,,,,,971999,9820.774,1000,,,,,,,,,,
,,,,,972000,,,-896.216552734375,-5.899692535400391,6.953895092010498,894.1888427734375,894.640869140625,0.14908331632614136,-0.3568025231361389,0.0003,0.0003,0.14908772706985474
,,,,,972999,9992.177,1000,,,,,,,,,,
,,,,,973000,,,-893.2462158203125,-6.02803373336792,13.864407539367676,892.2080688476562,891.8557739257812,0.1478642374277115,-0.21891264617443085,0.0003,0.0003,0.14786536991596222
,,,,,973999,9689.086,1000,,,,,,,,,,
,,,,,974000,,,-893.3717651367188,-5.643596649169922,10.25444221496582,891.8717651367188,892.1024169921875,0.14789308607578278,-0.5080364942550659,0.0003,0.0003,0.14787742495536804
,,,,,974999,9857.676,1000,,,,,,,,,,
9911.377,85.463394,10048.193,9749.873,1000.0,975000,,,-900.544677734375,-6.014446258544922,7.0876688957214355,899.3373413085938,899.3883056640625,0.14804908633232117,0.15890932083129883,0.0003,0.0003,0.14804987609386444
,,,,,975999,9869.647,1000,,,,,,,,,,
,,,,,976000,,,-902.560546875,-6.084449291229248,5.7589802742004395,901.2908325195312,900.404052734375,0.14748406410217285,0.009349048137664795,0.0003,0.0003,0.14748647809028625
,,,,,976999,9836.596,1000,,,,,,,,,,
,,,,,977000,,,-896.1654052734375,-5.9202423095703125,7.072078704833984,894.9186401367188,894.47119140625,0.14864008128643036,-0.11178934574127197,0.0003,0.0003,0.14864002168178558
,,,,,977999,9833.321,1000,,,,,,,,,,
,,,,,978000,,,-905.6222534179688,-5.696396827697754,6.60661506652832,903.81591796875,903.6146850585938,0.1476680338382721,-0.8344535827636719,0.0003,0.0003,0.14766550064086914
,,,,,978999,9774.474,1000,,,,,,,,,,
,,,,,979000,,,-878.5006713867188,-6.460183143615723,7.740642070770264,876.2864379882812,877.1591796875,0.14845728874206543,0.6149893999099731,0.0003,0.0003,0.14846470952033997
,,,,,979999,8458.667,1000,,,,,,,,,,
9805.896,245.82422,9980.596,9254.272,1000.0,980000,,,-904.7639770507812,-6.406253814697266,8.943193435668945,903.0596313476562,902.8643188476562,0.1490338295698166,0.5594213008880615,0.0003,0.0003,0.1490333527326584
,,,,,980999,9849.095,1000,,,,,,,,,,
,,,,,981000,,,-894.2985229492188,-5.4735918045043945,7.702648639678955,892.787841796875,892.451904296875,0.14959070086479187,-0.4555836319923401,0.0003,0.0003,0.14959454536437988
,,,,,981999,9948.371,1000,,,,,,,,,,
,,,,,982000,,,-887.0740966796875,-5.843029499053955,7.654181480407715,885.6574096679688,885.855224609375,0.1488778442144394,-0.6815131902694702,0.0003,0.0003,0.14887218177318573
,,,,,982999,6573.337,1000,,,,,,,,,,
,,,,,983000,,,-902.3728637695312,-5.897655010223389,10.008334159851074,900.7110595703125,900.5418701171875,0.14867447316646576,-0.4331594705581665,0.0003,0.0003,0.14868015050888062
,,,,,983999,9837.644,1000,,,,,,,,,,
,,,,,984000,,,-889.37060546875,-5.729809284210205,10.95508098602295,887.2465209960938,887.24853515625,0.148088276386261,-0.23460756242275238,0.0003,0.0003,0.14808937907218933
,,,,,984999,9917.699,1000,,,,,,,,,,
9147.781,1443.1696,10042.02,5713.8027,1000.0,985000,,,-901.5858764648438,-6.0043487548828125,4.555959224700928,900.466552734375,900.43310546875,0.14902348816394806,-0.43757426738739014,0.0003,0.0003,0.1490229070186615
,,,,,985999,9720.626,1000,,,,,,,,,,
,,,,,986000,,,-892.4003295898438,-5.862316131591797,6.971340179443359,890.80810546875,891.0891723632812,0.1485791802406311,-0.2505454421043396,0.0003,0.0003,0.14857904613018036
,,,,,986999,9528.977,1000,,,,,,,,,,
,,,,,987000,,,-899.219970703125,-6.279460906982422,6.556633949279785,897.3926391601562,897.0311279296875,0.14850881695747375,0.5718954801559448,0.0003,0.0003,0.14851202070713043
,,,,,987999,9788.165,1000,,,,,,,,,,
,,,,,988000,,,-900.1304321289062,-6.353388786315918,6.824087619781494,898.7042236328125,898.4456176757812,0.14897529780864716,0.42807668447494507,0.0003,0.0003,0.14898493885993958
,,,,,988999,9814.841,1000,,,,,,,,,,
,,,,,989000,,,-887.5679931640625,-5.946871757507324,9.168201446533203,885.91064453125,885.635009765625,0.1494031399488449,-0.1602124273777008,0.0003,0.0003,0.14939741790294647
,,,,,989999,9776.463,1000,,,,,,,,,,
9572.646,66.39384,9687.25,9448.814,1000.0,990000,,,-899.1088256835938,-5.938152313232422,10.07051944732666,897.74072265625,897.4326171875,0.14688216149806976,0.11796370148658752,0.0003,0.0003,0.14687559008598328
,,,,,990999,9905.556,1000,,,,,,,,,,
,,,,,991000,,,-902.8531494140625,-6.266111373901367,5.848361492156982,901.0629272460938,901.5316162109375,0.14698533713817596,0.3057269752025604,0.0003,0.0003,0.1469874233007431
,,,,,991999,9843.546,1000,,,,,,,,,,
,,,,,992000,,,-902.8507690429688,-6.3310160636901855,5.848964214324951,900.561767578125,900.5655517578125,0.14785654842853546,0.7345430850982666,0.0003,0.0003,0.14785762131214142
,,,,,992999,9835.268,1000,,,,,,,,,,
,,,,,993000,,,-904.1491088867188,-6.057638168334961,8.31964111328125,902.1043090820312,901.6668701171875,0.14688585698604584,0.3582340478897095,0.0003,0.0003,0.14688555896282196
,,,,,993999,9857.969,1000,,,,,,,,,,
,,,,,994000,,,-906.8946533203125,-5.678462982177734,8.249408721923828,904.7094116210938,904.7634887695312,0.1453571915626526,-0.8883451223373413,0.0003,0.0003,0.14534975588321686
,,,,,994999,9602.492,1000,,,,,,,,,,
9654.222,837.0526,10062.9,7160.3257,1000.0,995000,,,-907.3424682617188,-5.9443488121032715,7.37829065322876,905.7564697265625,905.4260864257812,0.14767564833164215,-0.49764642119407654,0.0003,0.0003,0.14767658710479736
,,,,,995999,9870.903,1000,,,,,,,,,,
,,,,,996000,,,-895.22265625,-5.879047870635986,8.237748146057129,893.7669067382812,894.2811279296875,0.1484726518392563,-0.48496145009994507,0.0003,0.0003,0.14847272634506226
,,,,,996999,9700.398,1000,,,,,,,,,,
,,,,,997000,,,-894.0938720703125,-6.285685062408447,10.50924301147461,892.2417602539062,892.1687622070312,0.14848054945468903,0.13529464602470398,0.0003,0.0003,0.14847895503044128
,,,,,997999,9917.985,1000,,,,,,,,,,
,,,,,998000,,,-904.3978271484375,-5.735561370849609,8.452858924865723,902.805419921875,903.292236328125,0.1481965184211731,-0.4896063506603241,0.0003,0.0003,0.14819201827049255
,,,,,998999,9865.836,1000,,,,,,,,,,
,,,,,999000,,,-909.1148681640625,-6.275390625,3.5639803409576416,907.4952392578125,907.4656982421875,0.1483435481786728,0.48013123869895935,0.0003,0.0003,0.14834757149219513
,,,,,999999,9810.509,1000,,,,,,,,,,
