Eval_AverageReturn,Eval_StdReturn,Eval_MaxReturn,Eval_MinReturn,Eval_AverageEpLen,step,Train_EpisodeReturn,Train_EpisodeLen,critic_loss,q_values,target_values,grad_norm,epsilon,lr
-835.4396,257.6928,-475.0538,-1414.036,110.6,0,,,,,,,,
,,,,,70,-186.23221,71,,,,,,
,,,,,130,-121.6001,60,,,,,,
,,,,,231,-186.2168,101,,,,,,
,,,,,317,-258.60516,86,,,,,,
,,,,,419,-137.33835,102,,,,,,
,,,,,500,-87.83778,81,,,,,,
,,,,,610,-143.45288,110,,,,,,
,,,,,692,-86.12657,82,,,,,,
,,,,,799,-184.54594,107,,,,,,
,,,,,904,-133.0716,105,,,,,,
,,,,,995,-269.72095,91,,,,,,
,,,,,1101,-115.7431,106,,,,,,
,,,,,1165,-73.73386,64,,,,,,
,,,,,1282,-105.508675,117,,,,,,
,,,,,1393,-219.69034,111,,,,,,
,,,,,1461,-82.50293,68,,,,,,
,,,,,1535,-116.94976,74,,,,,,
,,,,,1602,-107.35455,67,,,,,,
,,,,,1705,-163.25415,103,,,,,,
,,,,,1772,-85.412,67,,,,,,
,,,,,1877,-135.66045,105,,,,,,
,,,,,1988,-350.76453,111,,,,,,
,,,,,2080,-427.78107,92,,,,,,
,,,,,2159,-301.85413,79,,,,,,
,,,,,2289,-277.3992,130,,,,,,
,,,,,2377,-243.34988,88,,,,,,
,,,,,2479,-245.82462,102,,,,,,
,,,,,2581,-152.9603,102,,,,,,
,,,,,2704,-190.87979,123,,,,,,
,,,,,2816,-241.76006,112,,,,,,
,,,,,2908,-174.39767,92,,,,,,
,,,,,2983,-238.55957,75,,,,,,
,,,,,3053,-276.8101,70,,,,,,
,,,,,3121,-100.094894,68,,,,,,
,,,,,3218,-36.23629,97,,,,,,
,,,,,3290,-97.92598,72,,,,,,
,,,,,3377,-236.59914,87,,,,,,
,,,,,3439,-220.12482,62,,,,,,
,,,,,3507,-171.61154,68,,,,,,
,,,,,3625,-389.7109,118,,,,,,
,,,,,3704,-130.71358,79,,,,,,
,,,,,3795,-139.65776,91,,,,,,
,,,,,3881,-156.67993,86,,,,,,
,,,,,3985,-101.90357,104,,,,,,
,,,,,4087,17.714928,102,,,,,,
,,,,,4191,-162.21916,104,,,,,,
,,,,,4297,-234.4212,106,,,,,,
,,,,,4357,-94.8552,60,,,,,,
,,,,,4420,-130.72627,63,,,,,,
,,,,,4496,-294.8009,76,,,,,,
,,,,,4561,-59.14311,65,,,,,,
,,,,,4654,-101.80349,93,,,,,,
,,,,,4753,-473.59634,99,,,,,,
,,,,,4823,-122.206696,70,,,,,,
,,,,,4911,-342.34747,88,,,,,,
,,,,,5002,-200.32527,91,,,,,,
,,,,,5106,-304.30005,104,,,,,,
,,,,,5184,-117.6723,78,,,,,,
,,,,,5288,-426.4565,104,,,,,,
,,,,,5408,-245.21175,120,,,,,,
,,,,,5469,-102.02563,61,,,,,,
,,,,,5572,-154.5869,103,,,,,,
,,,,,5702,-362.51923,130,,,,,,
,,,,,5786,-126.36812,84,,,,,,
,,,,,5878,-128.26929,92,,,,,,
,,,,,5948,-97.13371,70,,,,,,
,,,,,6071,-471.7564,123,,,,,,
,,,,,6173,-255.56604,102,,,,,,
,,,,,6252,-94.40742,79,,,,,,
,,,,,6330,-148.4306,78,,,,,,
,,,,,6396,-110.4014,66,,,,,,
,,,,,6474,-54.423164,78,,,,,,
,,,,,6585,-381.0181,111,,,,,,
,,,,,6655,-52.023663,70,,,,,,
,,,,,6743,-257.88882,88,,,,,,
,,,,,6827,-113.32222,84,,,,,,
,,,,,6944,-164.6515,117,,,,,,
,,,,,7041,-127.229034,97,,,,,,
,,,,,7127,-323.64972,86,,,,,,
,,,,,7207,-154.85608,80,,,,,,
,,,,,7297,-270.54034,90,,,,,,
,,,,,7375,-314.9355,78,,,,,,
,,,,,7452,-145.64812,77,,,,,,
,,,,,7551,-179.39679,99,,,,,,
,,,,,7634,-264.936,83,,,,,,
,,,,,7726,-108.395386,92,,,,,,
,,,,,7792,-181.53455,66,,,,,,
,,,,,7904,-128.11276,112,,,,,,
,,,,,7997,-269.72015,93,,,,,,
,,,,,8100,-209.51913,103,,,,,,
,,,,,8167,-124.41632,67,,,,,,
,,,,,8272,-492.23538,105,,,,,,
,,,,,8356,-261.87366,84,,,,,,
,,,,,8473,-254.40842,117,,,,,,
,,,,,8555,-114.50113,82,,,,,,
,,,,,8701,-128.57281,146,,,,,,
,,,,,8810,-129.89052,109,,,,,,
,,,,,8906,-279.30695,96,,,,,,
,,,,,9002,-252.4305,96,,,,,,
,,,,,9082,-118.8957,80,,,,,,
,,,,,9202,-287.21497,120,,,,,,
,,,,,9306,-111.29267,104,,,,,,
,,,,,9405,-91.71326,99,,,,,,
,,,,,9486,-224.80093,81,,,,,,
,,,,,9589,-121.437836,103,,,,,,
,,,,,9672,-305.12598,83,,,,,,
,,,,,9773,-152.65775,101,,,,,,
,,,,,9860,-135.84686,87,,,,,,
,,,,,9957,-372.04468,97,,,,,,
-689.25696,278.1079,-438.0019,-1416.0056,97.6,10000,,,,,,,,
,,,,,10017,-68.28528,60,,,,,,
,,,,,10092,-115.34964,75,,,,,,
,,,,,10163,-124.661285,71,,,,,,
,,,,,10281,-332.6098,118,,,,,,
,,,,,10339,-132.67717,58,,,,,,
,,,,,10427,-107.61888,88,,,,,,
,,,,,10493,-109.17998,66,,,,,,
,,,,,10565,-59.187683,72,,,,,,
,,,,,10674,-307.5782,109,,,,,,
,,,,,10744,-49.388954,70,,,,,,
,,,,,10817,-105.79548,73,,,,,,
,,,,,10949,-11.193214,132,,,,,,
,,,,,11013,-74.89361,64,,,,,,
,,,,,11085,-102.9799,72,,,,,,
,,,,,11214,-58.165337,129,,,,,,
,,,,,11302,-103.70398,88,,,,,,
,,,,,11389,-340.1383,87,,,,,,
,,,,,11534,-207.75534,145,,,,,,
,,,,,11614,-6.414673,80,,,,,,
,,,,,11718,-514.8815,104,,,,,,
,,,,,11856,-213.84966,138,,,,,,
,,,,,11972,-119.18275,116,,,,,,
,,,,,12076,-246.60954,104,,,,,,
,,,,,12161,-256.66983,85,,,,,,
,,,,,12222,-56.039734,61,,,,,,
,,,,,12313,-314.45343,91,,,,,,
,,,,,12380,-84.58715,67,,,,,,
,,,,,12457,-64.17827,77,,,,,,
,,,,,12615,-57.33536,158,,,,,,
,,,,,12689,-146.70587,74,,,,,,
,,,,,12761,-160.80363,72,,,,,,
,,,,,12871,-218.87384,110,,,,,,
,,,,,12948,-179.00977,77,,,,,,
,,,,,13033,-161.02216,85,,,,,,
,,,,,13098,-135.2343,65,,,,,,
,,,,,13184,-110.48388,86,,,,,,
,,,,,13274,-313.06604,90,,,,,,
,,,,,13417,-211.60956,143,,,,,,
,,,,,13567,-169.83678,150,,,,,,
,,,,,13638,2.3169403,71,,,,,,
,,,,,13712,-97.76136,74,,,,,,
,,,,,13804,-108.06628,92,,,,,,
,,,,,13866,-184.32864,62,,,,,,
,,,,,13938,-99.69827,72,,,,,,
,,,,,14027,-329.4487,89,,,,,,
,,,,,14102,-151.03242,75,,,,,,
,,,,,14172,-161.05743,70,,,,,,
,,,,,14283,-101.85579,111,,,,,,
,,,,,14387,-120.40917,104,,,,,,
,,,,,14450,-180.53387,63,,,,,,
,,,,,14547,-211.39325,97,,,,,,
,,,,,14634,-335.3197,87,,,,,,
,,,,,14720,-258.89618,86,,,,,,
,,,,,14841,-270.7315,121,,,,,,
,,,,,14952,-357.80615,111,,,,,,
,,,,,15045,-220.61275,93,,,,,,
,,,,,15119,-98.54941,74,,,,,,
,,,,,15178,-119.86835,59,,,,,,
,,,,,15269,-332.8518,91,,,,,,
,,,,,15344,-190.33057,75,,,,,,
,,,,,15437,-417.60925,93,,,,,,
,,,,,15541,-440.88797,104,,,,,,
,,,,,15631,-110.99518,90,,,,,,
,,,,,15734,-217.76752,103,,,,,,
,,,,,15821,-270.16003,87,,,,,,
,,,,,15897,-164.70181,76,,,,,,
,,,,,15990,-316.72107,93,,,,,,
,,,,,16066,-103.966354,76,,,,,,
,,,,,16185,-260.5606,119,,,,,,
,,,,,16308,-325.09985,123,,,,,,
,,,,,16366,-121.35421,58,,,,,,
,,,,,16447,-330.67316,81,,,,,,
,,,,,16518,-92.44543,71,,,,,,
,,,,,16624,-297.185,106,,,,,,
,,,,,16689,-76.09072,65,,,,,,
,,,,,16799,-272.208,110,,,,,,
,,,,,16875,-94.81776,76,,,,,,
,,,,,16965,-222.80249,90,,,,,,
,,,,,17082,-84.10318,117,,,,,,
,,,,,17176,-268.7857,94,,,,,,
,,,,,17281,-112.338005,105,,,,,,
,,,,,17375,-320.20514,94,,,,,,
,,,,,17458,-99.63448,83,,,,,,
,,,,,17534,-91.960754,76,,,,,,
,,,,,17639,19.798553,105,,,,,,
,,,,,17718,-80.10562,79,,,,,,
,,,,,17818,-221.52887,100,,,,,,
,,,,,17946,-115.06736,128,,,,,,
,,,,,18015,-117.18744,69,,,,,,
,,,,,18163,-170.83936,148,,,,,,
,,,,,18243,-136.15706,80,,,,,,
,,,,,18322,-112.17912,79,,,,,,
,,,,,18424,-497.48337,102,,,,,,
,,,,,18580,-94.82395,156,,,,,,
,,,,,18676,-351.7436,96,,,,,,
,,,,,18760,-183.07819,84,,,,,,
,,,,,18912,-20.760155,152,,,,,,
,,,,,18989,-199.40556,77,,,,,,
,,,,,19071,-161.30391,82,,,,,,
,,,,,19143,-53.94023,72,,,,,,
,,,,,19217,-98.99515,74,,,,,,
,,,,,19295,-159.80992,78,,,,,,
,,,,,19412,-299.50894,117,,,,,,
,,,,,19516,-184.71417,104,,,,,,
,,,,,19605,-355.39886,89,,,,,,
,,,,,19680,18.262665,75,,,,,,
,,,,,19784,-127.92128,104,,,,,,
,,,,,19902,-251.43245,118,,,,,,
,,,,,19992,-124.89583,90,,,,,,
-688.5448,241.25105,-452.45718,-1245.0721,106.4,20000,,,20.235435485839844,-0.04194380342960358,-1.1351292133331299,9.749691009521484,0.88,0.001
,,,,,20059,-107.737915,67,,,,,,
,,,,,20156,-112.88844,97,,,,,,
,,,,,20223,-94.311165,67,,,,,,
,,,,,20334,-410.16748,111,,,,,,
,,,,,21000,,,1.758484125137329,-1.0265408754348755,-1.2558681964874268,8.769840240478516,0.874,0.001
,,,,,21334,102.99425,1000,,,,,,
,,,,,21443,-132.29597,109,,,,,,
,,,,,21511,-119.95856,68,,,,,,
,,,,,21572,-121.533325,61,,,,,,
,,,,,21660,-343.46274,88,,,,,,
,,,,,21756,-114.65644,96,,,,,,
,,,,,21881,-304.04996,125,,,,,,
,,,,,22000,,,6.492502689361572,-2.136387825012207,-1.312119722366333,20.575347900390625,0.868,0.001
,,,,,22032,-25.849762,151,,,,,,
,,,,,22112,-113.76957,80,,,,,,
,,,,,22229,-181.32407,117,,,,,,
,,,,,22306,-110.15279,77,,,,,,
,,,,,22421,-73.745056,115,,,,,,
,,,,,22511,-325.80615,90,,,,,,
,,,,,22597,-291.46497,86,,,,,,
,,,,,22674,-203.60205,77,,,,,,
,,,,,22759,-369.71985,85,,,,,,
,,,,,22840,-197.80486,81,,,,,,
,,,,,22920,-144.94821,80,,,,,,
,,,,,22999,-214.98412,79,,,,,,
,,,,,23000,,,33.63800811767578,-2.9925801753997803,-3.0009384155273438,41.14130783081055,0.862,0.001
,,,,,23101,-125.87344,102,,,,,,
,,,,,23210,-516.56396,109,,,,,,
,,,,,23290,-153.93335,80,,,,,,
,,,,,23375,-147.05933,85,,,,,,
,,,,,23441,-125.41773,66,,,,,,
,,,,,23514,-126.59833,73,,,,,,
,,,,,23643,-130.9906,129,,,,,,
,,,,,23736,-148.8977,93,,,,,,
,,,,,23857,-125.01314,121,,,,,,
,,,,,23932,-225.73444,75,,,,,,
,,,,,24000,,,125.3541259765625,-4.826070785522461,-5.953083038330078,236.56419372558594,0.856,0.001
,,,,,24022,-84.447914,90,,,,,,
,,,,,24081,-111.01304,59,,,,,,
,,,,,24159,-257.7889,78,,,,,,
,,,,,24263,-423.32416,104,,,,,,
,,,,,24375,-363.63647,112,,,,,,
,,,,,24443,-118.709305,68,,,,,,
,,,,,24561,-142.26068,118,,,,,,
,,,,,24672,-294.91168,111,,,,,,
,,,,,24803,-194.25073,131,,,,,,
,,,,,24874,-86.92381,71,,,,,,
,,,,,25000,,,27.90113639831543,-5.91888952255249,-6.86491584777832,53.215641021728516,0.85,0.001
,,,,,25874,45.755333,1000,,,,,,
,,,,,25988,-229.47035,114,,,,,,
,,,,,26000,,,25.691984176635742,-3.8341002464294434,-5.140563011169434,106.39191436767578,0.844,0.001
,,,,,26091,-322.66132,103,,,,,,
,,,,,26172,-160.56625,81,,,,,,
,,,,,26267,-357.55957,95,,,,,,
,,,,,26407,-353.49518,140,,,,,,
,,,,,26473,-70.19559,66,,,,,,
,,,,,26534,-111.193054,61,,,,,,
,,,,,26642,-187.31512,108,,,,,,
,,,,,26699,-79.201294,57,,,,,,
,,,,,26798,-229.72691,99,,,,,,
,,,,,26921,-133.15845,123,,,,,,
,,,,,27000,,,10.601397514343262,-6.549202919006348,-6.495528697967529,54.4918212890625,0.838,0.001
,,,,,27048,-77.922005,127,,,,,,
,,,,,27122,-137.75392,74,,,,,,
,,,,,27211,-145.78787,89,,,,,,
,,,,,27320,-104.12009,109,,,,,,
,,,,,27444,-212.28894,124,,,,,,
,,,,,27559,-360.77866,115,,,,,,
,,,,,27655,-228.14124,96,,,,,,
,,,,,27729,-0.07923126,74,,,,,,
,,,,,27820,-53.396286,91,,,,,,
,,,,,27924,-368.25372,104,,,,,,
,,,,,28000,,,154.64364624023438,-5.149360179901123,-3.73012113571167,165.4727020263672,0.832,0.001
,,,,,28022,-308.1167,98,,,,,,
,,,,,28145,-157.75354,123,,,,,,
,,,,,28243,-108.57568,98,,,,,,
,,,,,28314,-115.32651,71,,,,,,
,,,,,28374,-80.56087,60,,,,,,
,,,,,28464,-364.14612,90,,,,,,
,,,,,28535,-84.28619,71,,,,,,
,,,,,28635,-97.48405,100,,,,,,
,,,,,28735,-245.2418,100,,,,,,
,,,,,28838,-213.27779,103,,,,,,
,,,,,28950,-275.2318,112,,,,,,
,,,,,29000,,,3.435471534729004,-3.155000686645508,-3.38081431388855,32.45616149902344,0.8260000000000001,0.001
,,,,,29045,-155.28204,95,,,,,,
,,,,,29141,-345.85327,96,,,,,,
,,,,,29231,-108.68867,90,,,,,,
,,,,,29301,-160.46136,70,,,,,,
,,,,,29390,-217.80042,89,,,,,,
,,,,,29464,-116.8324,74,,,,,,
,,,,,29599,-189.93683,135,,,,,,
,,,,,29666,-75.9536,67,,,,,,
,,,,,29759,-143.13148,93,,,,,,
,,,,,29855,-325.1548,96,,,,,,
,,,,,29964,-419.38678,109,,,,,,
-654.80664,370.4818,-19.326553,-1159.6687,508.2,30000,,,37.37743377685547,-6.855682373046875,-7.643364906311035,161.267822265625,0.82,0.001
,,,,,30047,-222.26447,83,,,,,,
,,,,,30108,-102.69111,61,,,,,,
,,,,,30277,-218.45288,169,,,,,,
,,,,,30352,-34.950188,75,,,,,,
,,,,,30441,-105.46885,89,,,,,,
,,,,,30504,-113.77563,63,,,,,,
,,,,,30589,-97.791985,85,,,,,,
,,,,,30665,-135.22643,76,,,,,,
,,,,,30784,-418.1909,119,,,,,,
,,,,,30907,-144.01358,123,,,,,,
,,,,,30993,-406.38885,86,,,,,,
,,,,,31000,,,15.596925735473633,-2.5655505657196045,-2.6717119216918945,65.79801940917969,0.8140000000000001,0.001
,,,,,31072,-98.15837,79,,,,,,
,,,,,31164,-444.45016,92,,,,,,
,,,,,31228,-77.905,64,,,,,,
,,,,,31303,-104.02144,75,,,,,,
,,,,,31399,-81.55086,96,,,,,,
,,,,,31503,-276.161,104,,,,,,
,,,,,31638,-304.7131,135,,,,,,
,,,,,31733,-140.5852,95,,,,,,
,,,,,31820,-275.66986,87,,,,,,
,,,,,31927,-158.56541,107,,,,,,
,,,,,32000,,,275.3777770996094,-6.518094062805176,-9.365029335021973,224.03118896484375,0.808,0.001
,,,,,32007,-311.9679,80,,,,,,
,,,,,32107,-392.8104,100,,,,,,
,,,,,32238,-149.51012,131,,,,,,
,,,,,32326,-224.35956,88,,,,,,
,,,,,32419,-153.14954,93,,,,,,
,,,,,32547,-150.45987,128,,,,,,
,,,,,32608,-118.98921,61,,,,,,
,,,,,32690,-422.32983,82,,,,,,
,,,,,32787,-96.038895,97,,,,,,
,,,,,32844,-168.3825,57,,,,,,
,,,,,32968,-162.8148,124,,,,,,
,,,,,33000,,,12.754671096801758,-10.710639953613281,-11.675451278686523,73.60102844238281,0.802,0.001
,,,,,33101,-160.49539,133,,,,,,
,,,,,33225,-344.72705,124,,,,,,
,,,,,33290,-101.57466,65,,,,,,
,,,,,33389,-488.82825,99,,,,,,
,,,,,33501,-206.00098,112,,,,,,
,,,,,33608,-97.92507,107,,,,,,
,,,,,33678,-57.16795,70,,,,,,
,,,,,33778,-131.93149,100,,,,,,
,,,,,33849,-17.981674,71,,,,,,
,,,,,33963,-540.0612,114,,,,,,
,,,,,34000,,,2.101480484008789,-4.763339042663574,-4.701590538024902,27.675884246826172,0.796,0.001
,,,,,34029,-98.36101,66,,,,,,
,,,,,34100,-312.5398,71,,,,,,
,,,,,34170,-24.075386,70,,,,,,
,,,,,34234,-96.4317,64,,,,,,
,,,,,34364,-64.59683,130,,,,,,
,,,,,34438,-117.55102,74,,,,,,
,,,,,34506,-50.923763,68,,,,,,
,,,,,34587,-210.99886,81,,,,,,
,,,,,34663,-114.249596,76,,,,,,
,,,,,34772,-293.83173,109,,,,,,
,,,,,34880,-285.41705,108,,,,,,
,,,,,34997,-274.9095,117,,,,,,
,,,,,35000,,,2.7768075466156006,-10.676864624023438,-10.628066062927246,18.508136749267578,0.79,0.001
,,,,,35069,-267.39685,72,,,,,,
,,,,,35192,-132.33524,123,,,,,,
,,,,,35279,-240.93312,87,,,,,,
,,,,,35385,-172.40338,106,,,,,,
,,,,,35475,-327.61346,90,,,,,,
,,,,,35593,-127.20338,118,,,,,,
,,,,,35697,-185.40437,104,,,,,,
,,,,,35780,-122.21391,83,,,,,,
,,,,,35881,-355.64496,101,,,,,,
,,,,,35947,-164.34492,66,,,,,,
,,,,,36000,,,4.077424049377441,-2.891862392425537,-2.5782554149627686,30.56875991821289,0.784,0.001
,,,,,36030,-160.1683,83,,,,,,
,,,,,36121,-145.66138,91,,,,,,
,,,,,36216,-61.606766,95,,,,,,
,,,,,36280,-128.35118,64,,,,,,
,,,,,36396,-238.34468,116,,,,,,
,,,,,36472,-297.62204,76,,,,,,
,,,,,36573,-354.0492,101,,,,,,
,,,,,36650,-177.08838,77,,,,,,
,,,,,36739,-310.04822,89,,,,,,
,,,,,36832,-298.3529,93,,,,,,
,,,,,36919,-228.53358,87,,,,,,
,,,,,36997,-83.62432,78,,,,,,
,,,,,37000,,,89.11009979248047,-6.010326385498047,-7.833737850189209,217.2663116455078,0.778,0.001
,,,,,37078,-91.98152,81,,,,,,
,,,,,37156,-64.46923,78,,,,,,
,,,,,37256,-396.3259,100,,,,,,
,,,,,37380,-341.9757,124,,,,,,
,,,,,37519,-355.17322,139,,,,,,
,,,,,37582,-63.177757,63,,,,,,
,,,,,37651,-90.911354,69,,,,,,
,,,,,37722,-287.86823,71,,,,,,
,,,,,37797,-195.78555,75,,,,,,
,,,,,37914,-381.24176,117,,,,,,
,,,,,38000,,,20.7341365814209,-7.226787567138672,-6.899834632873535,47.54328155517578,0.772,0.001
,,,,,38021,-237.72606,107,,,,,,
,,,,,38104,-463.16083,83,,,,,,
,,,,,38190,-366.09836,86,,,,,,
,,,,,38288,-146.59296,98,,,,,,
,,,,,38355,-171.03024,67,,,,,,
,,,,,38453,-154.69875,98,,,,,,
,,,,,38537,-120.24835,84,,,,,,
,,,,,38621,-257.47156,84,,,,,,
,,,,,38748,-67.147964,127,,,,,,
,,,,,38877,-194.8627,129,,,,,,
,,,,,38954,-309.93872,77,,,,,,
,,,,,39000,,,7.451389789581299,-4.858936309814453,-5.302765846252441,40.36357879638672,0.766,0.001
,,,,,39022,-216.4512,68,,,,,,
,,,,,39127,-90.26307,105,,,,,,
,,,,,39192,-61.836617,65,,,,,,
,,,,,39296,-240.93138,104,,,,,,
,,,,,39397,-438.7301,101,,,,,,
,,,,,39503,-104.829956,106,,,,,,
,,,,,39598,-323.49335,95,,,,,,
,,,,,39707,-232.83838,109,,,,,,
,,,,,39792,-281.866,85,,,,,,
,,,,,39903,-369.2594,111,,,,,,
,,,,,39973,-88.91441,70,,,,,,
-348.06644,165.453,-151.13274,-669.8285,604.1,40000,,,27.386444091796875,-14.748888969421387,-15.178288459777832,101.16214752197266,0.76,0.001
,,,,,40043,-51.378204,70,,,,,,
,,,,,40154,-325.9811,111,,,,,,
,,,,,40241,-189.77222,87,,,,,,
,,,,,40321,-164.13138,80,,,,,,
,,,,,40390,-65.13549,69,,,,,,
,,,,,40463,-70.34162,73,,,,,,
,,,,,40586,-244.42857,123,,,,,,
,,,,,40671,-168.41913,85,,,,,,
,,,,,40747,-121.74657,76,,,,,,
,,,,,40849,-298.46213,102,,,,,,
,,,,,40930,-336.29828,81,,,,,,
,,,,,40999,-191.24706,69,,,,,,
,,,,,41000,,,14.128684043884277,-1.1341099739074707,-1.432604432106018,85.97650146484375,0.754,0.001
,,,,,41063,-96.823364,64,,,,,,
,,,,,41140,-101.1339,77,,,,,,
,,,,,41251,-119.24299,111,,,,,,
,,,,,41336,-320.9587,85,,,,,,
,,,,,41405,-100.13942,69,,,,,,
,,,,,41469,-195.1184,64,,,,,,
,,,,,41579,-227.35303,110,,,,,,
,,,,,41656,-194.93045,77,,,,,,
,,,,,41720,-105.68393,64,,,,,,
,,,,,41838,-265.71875,118,,,,,,
,,,,,41949,-365.76907,111,,,,,,
,,,,,42000,,,12.36876106262207,-6.979693412780762,-6.435116767883301,78.29442596435547,0.748,0.001
,,,,,42028,-171.25772,79,,,,,,
,,,,,42091,-125.339005,63,,,,,,
,,,,,42219,-571.67566,128,,,,,,
,,,,,42342,-186.53632,123,,,,,,
,,,,,42448,-277.54865,106,,,,,,
,,,,,42562,-220.85559,114,,,,,,
,,,,,42625,-83.400345,63,,,,,,
,,,,,42702,-92.12987,77,,,,,,
,,,,,42786,-158.49536,84,,,,,,
,,,,,42875,-197.28383,89,,,,,,
,,,,,42963,-303.0586,88,,,,,,
,,,,,43000,,,5.324467658996582,-4.6069135665893555,-4.367302417755127,28.054609298706055,0.742,0.001
,,,,,43050,-197.32451,87,,,,,,
,,,,,43119,-165.94923,69,,,,,,
,,,,,43213,-342.17102,94,,,,,,
,,,,,43309,-158.32687,96,,,,,,
,,,,,43406,-113.2363,97,,,,,,
,,,,,43486,-107.50353,80,,,,,,
,,,,,43623,-219.48413,137,,,,,,
,,,,,43703,-189.33588,80,,,,,,
,,,,,43803,-118.81606,100,,,,,,
,,,,,43922,-3.4831772,119,,,,,,
,,,,,44000,,,173.27561950683594,-5.619960784912109,-3.9204323291778564,200.52455139160156,0.736,0.001
,,,,,44008,-190.64542,86,,,,,,
,,,,,44137,-137.53403,129,,,,,,
,,,,,44201,-34.630417,64,,,,,,
,,,,,44289,-110.36374,88,,,,,,
,,,,,44379,-424.16754,90,,,,,,
,,,,,44501,-250.47786,122,,,,,,
,,,,,44568,-122.590965,67,,,,,,
,,,,,44666,-205.44969,98,,,,,,
,,,,,44751,-161.28056,85,,,,,,
,,,,,44869,-285.97614,118,,,,,,
,,,,,45000,,,23.57008171081543,-0.7019972801208496,-0.18428564071655273,100.9625015258789,0.73,0.001
,,,,,45009,-92.88317,140,,,,,,
,,,,,45087,-52.728203,78,,,,,,
,,,,,45162,-88.0425,75,,,,,,
,,,,,45255,-328.6062,93,,,,,,
,,,,,45328,-93.70685,73,,,,,,
,,,,,45427,-438.20572,99,,,,,,
,,,,,45535,-369.20764,108,,,,,,
,,,,,45630,-353.8166,95,,,,,,
,,,,,45738,-232.3552,108,,,,,,
,,,,,45878,-246.36514,140,,,,,,
,,,,,46000,,,1.876878023147583,5.559898853302002,5.793294429779053,28.792682647705078,0.724,0.001
,,,,,46025,-136.50906,147,,,,,,
,,,,,46120,-125.50375,95,,,,,,
,,,,,46215,-349.48593,95,,,,,,
,,,,,46279,-84.24607,64,,,,,,
,,,,,46391,-168.42365,112,,,,,,
,,,,,46486,-86.73541,95,,,,,,
,,,,,46596,-237.02133,110,,,,,,
,,,,,46679,-129.54803,83,,,,,,
,,,,,46767,-195.3052,88,,,,,,
,,,,,46890,-91.495766,123,,,,,,
,,,,,46981,-105.95221,91,,,,,,
,,,,,47000,,,15.886197090148926,-0.833742618560791,-1.334586262702942,87.33163452148438,0.718,0.001
,,,,,47044,-74.22304,63,,,,,,
,,,,,47162,-146.27216,118,,,,,,
,,,,,47241,-136.82355,79,,,,,,
,,,,,47340,-131.82439,99,,,,,,
,,,,,47413,-98.14439,73,,,,,,
,,,,,47496,-148.77563,83,,,,,,
,,,,,47616,-106.743965,120,,,,,,
,,,,,47678,-45.72557,62,,,,,,
,,,,,47753,-250.84322,75,,,,,,
,,,,,47844,-352.7121,91,,,,,,
,,,,,47929,-122.452446,85,,,,,,
,,,,,47994,-110.45237,65,,,,,,
,,,,,48000,,,5.014205455780029,-0.5918652415275574,-0.47554919123649597,28.224597930908203,0.712,0.001
,,,,,48070,-92.77506,76,,,,,,
,,,,,48157,-160.63263,87,,,,,,
,,,,,48235,-132.11667,78,,,,,,
,,,,,48307,-95.589,72,,,,,,
,,,,,48382,-92.96728,75,,,,,,
,,,,,48485,-75.39765,103,,,,,,
,,,,,48591,-110.197876,106,,,,,,
,,,,,48666,-118.16136,75,,,,,,
,,,,,48802,-158.653,136,,,,,,
,,,,,48894,-231.70668,92,,,,,,
,,,,,48980,-282.14148,86,,,,,,
,,,,,49000,,,29.18169593811035,-12.09561538696289,-10.600591659545898,103.92947387695312,0.706,0.001
,,,,,49060,-242.7313,80,,,,,,
,,,,,49124,-105.77794,64,,,,,,
,,,,,49187,-63.906,63,,,,,,
,,,,,49282,-78.680756,95,,,,,,
,,,,,49384,-186.21034,102,,,,,,
,,,,,49454,-116.02085,70,,,,,,
,,,,,49525,-161.70712,71,,,,,,
,,,,,49621,-132.38182,96,,,,,,
,,,,,49717,-119.29268,96,,,,,,
,,,,,49814,-109.375305,97,,,,,,
,,,,,49948,-99.585556,134,,,,,,
-191.92145,120.86271,-19.727081,-416.5422,394.9,50000,,,45.95335388183594,-11.035725593566895,-9.416666984558105,177.96078491210938,0.7,0.001
,,,,,50038,-157.83334,90,,,,,,
,,,,,50142,-80.19695,104,,,,,,
,,,,,50224,-548.6549,82,,,,,,
,,,,,50295,-119.58087,71,,,,,,
,,,,,50413,-151.93906,118,,,,,,
,,,,,50506,-226.08813,93,,,,,,
,,,,,50593,-123.032104,87,,,,,,
,,,,,50665,-96.63762,72,,,,,,
,,,,,50722,-90.810196,57,,,,,,
,,,,,50814,-250.88225,92,,,,,,
,,,,,50895,-86.098114,81,,,,,,
,,,,,50989,-129.76802,94,,,,,,
,,,,,51000,,,8.076332092285156,0.09321212768554688,0.6624054908752441,85.42542266845703,0.694,0.001
,,,,,51076,-190.98386,87,,,,,,
,,,,,51201,-121.321365,125,,,,,,
,,,,,51276,-88.28859,75,,,,,,
,,,,,51355,-78.97168,79,,,,,,
,,,,,51466,-122.76138,111,,,,,,
,,,,,51551,-158.93817,85,,,,,,
,,,,,51620,-182.12173,69,,,,,,
,,,,,51722,-99.38962,102,,,,,,
,,,,,51822,-248.8025,100,,,,,,
,,,,,51919,1.0289154,97,,,,,,
,,,,,51979,-78.306435,60,,,,,,
,,,,,52000,,,12.343952178955078,1.9506441354751587,1.8810985088348389,53.030975341796875,0.688,0.001
,,,,,52053,-68.37039,74,,,,,,
,,,,,52149,-195.1133,96,,,,,,
,,,,,52220,-81.68121,71,,,,,,
,,,,,52315,-99.63566,95,,,,,,
,,,,,52435,-98.43544,120,,,,,,
,,,,,52538,-215.54166,103,,,,,,
,,,,,52618,-78.851585,80,,,,,,
,,,,,52694,-115.73122,76,,,,,,
,,,,,52771,-28.02652,77,,,,,,
,,,,,52850,-86.403946,79,,,,,,
,,,,,52916,-79.44136,66,,,,,,
,,,,,53000,,,14.985921859741211,-0.8776591420173645,-1.0907630920410156,67.30529022216797,0.6819999999999999,0.001
,,,,,53008,-108.88522,92,,,,,,
,,,,,53080,-138.96175,72,,,,,,
,,,,,53152,-92.92112,72,,,,,,
,,,,,53279,-98.25438,127,,,,,,
,,,,,53393,-67.88428,114,,,,,,
,,,,,53493,-54.07737,100,,,,,,
,,,,,53557,-70.31557,64,,,,,,
,,,,,53635,-104.49843,78,,,,,,
,,,,,53707,-63.19114,72,,,,,,
,,,,,53793,-108.66908,86,,,,,,
,,,,,53899,-120.56336,106,,,,,,
,,,,,54000,,,5.067934513092041,8.863636016845703,8.030056953430176,69.51212310791016,0.6759999999999999,0.001
,,,,,54014,-108.98753,115,,,,,,
,,,,,54074,-90.99263,60,,,,,,
,,,,,54158,-90.062675,84,,,,,,
,,,,,54279,-311.83615,121,,,,,,
,,,,,54359,-139.1966,80,,,,,,
,,,,,54457,-70.57959,98,,,,,,
,,,,,54559,-307.57434,102,,,,,,
,,,,,54675,-58.38291,116,,,,,,
,,,,,54770,-101.1995,95,,,,,,
,,,,,54882,-144.96185,112,,,,,,
,,,,,54991,-324.62585,109,,,,,,
,,,,,55000,,,9.121729850769043,1.5234527587890625,0.7437266707420349,77.53565216064453,0.67,0.001
,,,,,55054,-189.75217,63,,,,,,
,,,,,55122,-76.66773,68,,,,,,
,,,,,55200,-105.43687,78,,,,,,
,,,,,55351,-110.11702,151,,,,,,
,,,,,55455,-85.78659,104,,,,,,
,,,,,55552,-203.7336,97,,,,,,
,,,,,55625,-67.540344,73,,,,,,
,,,,,55760,-244.49654,135,,,,,,
,,,,,55875,-101.74385,115,,,,,,
,,,,,55987,-142.85005,112,,,,,,
,,,,,56000,,,4.223732948303223,-0.8195070028305054,-0.7449921369552612,32.2327995300293,0.6639999999999999,0.001
,,,,,56082,-97.563416,95,,,,,,
,,,,,56198,-173.31381,116,,,,,,
,,,,,56279,-73.684425,81,,,,,,
,,,,,56341,-116.19299,62,,,,,,
,,,,,56458,-101.391914,117,,,,,,
,,,,,56544,-129.3014,86,,,,,,
,,,,,56627,-135.41002,83,,,,,,
,,,,,56694,-143.31213,67,,,,,,
,,,,,56765,-57.035057,71,,,,,,
,,,,,56898,-204.44095,133,,,,,,
,,,,,56997,-68.319405,99,,,,,,
,,,,,57000,,,3.0127880573272705,2.503439426422119,2.0739431381225586,74.78360748291016,0.6579999999999999,0.001
,,,,,57123,-56.69619,126,,,,,,
,,,,,57193,-115.2014,70,,,,,,
,,,,,57292,-108.639595,99,,,,,,
,,,,,57397,-91.25687,105,,,,,,
,,,,,57530,-59.74431,133,,,,,,
,,,,,57629,-154.0239,99,,,,,,
,,,,,57697,-94.24504,68,,,,,,
,,,,,57756,-73.21833,59,,,,,,
,,,,,57862,-107.827156,106,,,,,,
,,,,,57957,-125.52266,95,,,,,,
,,,,,58000,,,29.90089225769043,6.738935947418213,7.147719383239746,256.4821472167969,0.652,0.001
,,,,,58053,-115.100204,96,,,,,,
,,,,,58183,-200.72243,130,,,,,,
,,,,,58250,-37.058647,67,,,,,,
,,,,,58348,-78.93439,98,,,,,,
,,,,,58434,-111.29785,86,,,,,,
,,,,,58562,-119.45973,128,,,,,,
,,,,,58634,-1.373558,72,,,,,,
,,,,,58774,-139.29587,140,,,,,,
,,,,,58866,-92.01051,92,,,,,,
,,,,,58992,-124.65723,126,,,,,,
,,,,,59000,,,24.138418197631836,5.043688774108887,4.44824743270874,143.4542999267578,0.646,0.001
,,,,,59067,-72.67056,75,,,,,,
,,,,,59140,-55.529778,73,,,,,,
,,,,,59231,-72.302185,91,,,,,,
,,,,,59320,-144.09137,89,,,,,,
,,,,,59415,-251.0298,95,,,,,,
,,,,,59496,-170.8594,81,,,,,,
,,,,,59591,-112.56642,95,,,,,,
,,,,,59705,-120.71073,114,,,,,,
,,,,,59786,-132.03174,81,,,,,,
,,,,,59880,-87.19867,94,,,,,,
,,,,,59943,-77.18343,63,,,,,,
-260.3686,169.67964,-2.1807098,-523.0017,331.7,60000,,,4.468252658843994,-0.18030071258544922,-1.2458807229995728,89.71302795410156,0.6399999999999999,0.001
,,,,,60025,40.144104,82,,,,,,
,,,,,60128,-124.278336,103,,,,,,
,,,,,60242,-43.282845,114,,,,,,
,,,,,60334,-127.26207,92,,,,,,
,,,,,60402,-89.2756,68,,,,,,
,,,,,60484,-113.0759,82,,,,,,
,,,,,60599,-140.267,115,,,,,,
,,,,,60673,-67.78674,74,,,,,,
,,,,,60776,-81.93899,103,,,,,,
,,,,,60862,-95.80562,86,,,,,,
,,,,,60993,-206.95572,131,,,,,,
,,,,,61000,,,4.260246276855469,11.513358116149902,10.516302108764648,83.11439514160156,0.634,0.001
,,,,,61091,-85.682335,98,,,,,,
,,,,,61183,-106.13431,92,,,,,,
,,,,,61280,-51.766186,97,,,,,,
,,,,,61381,-137.13521,101,,,,,,
,,,,,61462,-75.084625,81,,,,,,
,,,,,61549,-76.49672,87,,,,,,
,,,,,61633,-65.892006,84,,,,,,
,,,,,61709,-59.87173,76,,,,,,
,,,,,61798,52.522995,89,,,,,,
,,,,,61870,-77.92345,72,,,,,,
,,,,,61983,-76.85877,113,,,,,,
,,,,,62000,,,2.7093076705932617,1.2384445667266846,1.5725417137145996,35.52510070800781,0.628,0.001
,,,,,62070,-121.21759,87,,,,,,
,,,,,62163,-72.07956,93,,,,,,
,,,,,62262,-94.91157,99,,,,,,
,,,,,62345,-93.229324,83,,,,,,
,,,,,62399,-118.4397,54,,,,,,
,,,,,62480,-140.43881,81,,,,,,
,,,,,62545,-106.83366,65,,,,,,
,,,,,62623,-76.42386,78,,,,,,
,,,,,62692,-39.1044,69,,,,,,
,,,,,62761,-100.68021,69,,,,,,
,,,,,62868,-102.43418,107,,,,,,
,,,,,62948,-107.00508,80,,,,,,
,,,,,63000,,,6.631455898284912,16.05042839050293,16.176185607910156,32.707237243652344,0.622,0.001
,,,,,63051,-136.17526,103,,,,,,
,,,,,63187,-62.188805,136,,,,,,
,,,,,63285,-320.06412,98,,,,,,
,,,,,63401,-148.45555,116,,,,,,
,,,,,63507,-178.4347,106,,,,,,
,,,,,63620,-51.83984,113,,,,,,
,,,,,63703,-99.76665,83,,,,,,
,,,,,63806,-38.284676,103,,,,,,
,,,,,63932,-64.34866,126,,,,,,
,,,,,64000,,,6.792518615722656,10.089792251586914,10.794169425964355,82.15804290771484,0.616,0.001
,,,,,64044,3.0601273,112,,,,,,
,,,,,64170,-55.641342,126,,,,,,
,,,,,64257,-41.41632,87,,,,,,
,,,,,64370,-145.68494,113,,,,,,
,,,,,64442,-71.77418,72,,,,,,
,,,,,64532,-111.022415,90,,,,,,
,,,,,64676,-148.1903,144,,,,,,
,,,,,64780,-110.947754,104,,,,,,
,,,,,64897,-99.37968,117,,,,,,
,,,,,64996,-124.7254,99,,,,,,
,,,,,65000,,,6.969727516174316,12.6060209274292,10.950061798095703,139.8407745361328,0.61,0.001
,,,,,65089,-71.6331,93,,,,,,
,,,,,65170,-82.85489,81,,,,,,
,,,,,65237,-88.36264,67,,,,,,
,,,,,65319,-102.4787,82,,,,,,
,,,,,65397,-8.033867,78,,,,,,
,,,,,65474,-30.548737,77,,,,,,
,,,,,65567,-144.27834,93,,,,,,
,,,,,65696,-108.58475,129,,,,,,
,,,,,65780,-115.70996,84,,,,,,
,,,,,65852,-9.99469,72,,,,,,
,,,,,65945,-91.67019,93,,,,,,
,,,,,66000,,,27.911518096923828,4.996540546417236,3.54860520362854,127.89546203613281,0.604,0.001
,,,,,66085,-109.28836,140,,,,,,
,,,,,66197,-95.7579,112,,,,,,
,,,,,66327,8.622833,130,,,,,,
,,,,,66412,-55.390903,85,,,,,,
,,,,,66537,-171.13425,125,,,,,,
,,,,,66611,-16.716751,74,,,,,,
,,,,,66713,-45.340843,102,,,,,,
,,,,,66817,-232.43906,104,,,,,,
,,,,,66953,-61.729374,136,,,,,,
,,,,,67000,,,3.551886558532715,10.491713523864746,10.069602966308594,69.35028076171875,0.598,0.001
,,,,,67031,-157.15326,78,,,,,,
,,,,,67145,-94.261955,114,,,,,,
,,,,,67231,-74.07686,86,,,,,,
,,,,,67305,-71.369644,74,,,,,,
,,,,,67397,-77.07768,92,,,,,,
,,,,,67493,-98.29426,96,,,,,,
,,,,,67572,-99.28175,79,,,,,,
,,,,,67675,-61.748737,103,,,,,,
,,,,,67788,-153.28535,113,,,,,,
,,,,,67880,-28.180626,92,,,,,,
,,,,,67936,-98.95289,56,,,,,,
,,,,,68000,,,7.224986553192139,17.046710968017578,17.206626892089844,70.48771667480469,0.5920000000000001,0.001
,,,,,68049,-109.676765,113,,,,,,
,,,,,68145,-181.30891,96,,,,,,
,,,,,68259,-108.23635,114,,,,,,
,,,,,68370,-48.59435,111,,,,,,
,,,,,68439,-82.80647,69,,,,,,
,,,,,68535,-136.28824,96,,,,,,
,,,,,68640,-57.764133,105,,,,,,
,,,,,68739,-143.11578,99,,,,,,
,,,,,68847,-82.66744,108,,,,,,
,,,,,68957,-124.59493,110,,,,,,
,,,,,69000,,,16.91255760192871,11.586135864257812,12.388623237609863,113.25865173339844,0.586,0.001
,,,,,69050,-67.23172,93,,,,,,
,,,,,69162,-66.53203,112,,,,,,
,,,,,69234,-88.645386,72,,,,,,
,,,,,69353,-136.94862,119,,,,,,
,,,,,69423,-80.5769,70,,,,,,
,,,,,69540,-98.8107,117,,,,,,
,,,,,69669,-117.28976,129,,,,,,
,,,,,69762,-66.49976,93,,,,,,
,,,,,69886,-106.0074,124,,,,,,
-188.5245,151.37413,6.3411255,-418.27017,306.5,70000,,,134.64016723632812,16.83755111694336,17.576244354248047,194.25599670410156,0.58,0.001
,,,,,70024,-74.1161,138,,,,,,
,,,,,70144,-49.42105,120,,,,,,
,,,,,70220,-53.808937,76,,,,,,
,,,,,70339,-68.65704,119,,,,,,
,,,,,70451,-69.62827,112,,,,,,
,,,,,70518,-60.613625,67,,,,,,
,,,,,70595,-90.684265,77,,,,,,
,,,,,70703,-71.77925,108,,,,,,
,,,,,70799,-62.172382,96,,,,,,
,,,,,70923,-326.0765,124,,,,,,
,,,,,71000,,,33.02326202392578,2.91815185546875,2.058305263519287,103.41239166259766,0.5740000000000001,0.001
,,,,,71006,-133.47205,83,,,,,,
,,,,,71126,-116.842575,120,,,,,,
,,,,,71212,-50.82534,86,,,,,,
,,,,,71333,-44.35179,121,,,,,,
,,,,,71441,-79.84037,108,,,,,,
,,,,,71514,-108.472855,73,,,,,,
,,,,,71621,-33.476257,107,,,,,,
,,,,,71739,-32.23783,118,,,,,,
,,,,,71823,-56.534008,84,,,,,,
,,,,,71909,-98.60491,86,,,,,,
,,,,,71990,-75.663445,81,,,,,,
,,,,,72000,,,1.755583643913269,20.39676284790039,20.535301208496094,20.127044677734375,0.5680000000000001,0.001
,,,,,72107,-71.55836,117,,,,,,
,,,,,72187,-81.166916,80,,,,,,
,,,,,72256,-110.428055,69,,,,,,
,,,,,72327,-60.049866,71,,,,,,
,,,,,72418,-73.03432,91,,,,,,
,,,,,72523,-137.78043,105,,,,,,
,,,,,72653,-111.59601,130,,,,,,
,,,,,72733,-64.80009,80,,,,,,
,,,,,72850,-97.031624,117,,,,,,
,,,,,72921,-11.053581,71,,,,,,
,,,,,73000,,,10.904993057250977,3.577011823654175,3.684138774871826,44.66769027709961,0.5619999999999999,0.001
,,,,,73008,-81.23193,87,,,,,,
,,,,,73097,-76.608574,89,,,,,,
,,,,,73188,15.286453,91,,,,,,
,,,,,73275,-87.52336,87,,,,,,
,,,,,73388,-31.488441,113,,,,,,
,,,,,73499,-119.494835,111,,,,,,
,,,,,73622,-97.298454,123,,,,,,
,,,,,73739,-114.7739,117,,,,,,
,,,,,73818,-61.71022,79,,,,,,
,,,,,73899,-61.703026,81,,,,,,
,,,,,73987,-97.95848,88,,,,,,
,,,,,74000,,,14.3959321975708,16.316967010498047,16.251127243041992,78.17310333251953,0.556,0.001
,,,,,74112,-41.82348,125,,,,,,
,,,,,74224,-107.01276,112,,,,,,
,,,,,74318,-116.2137,94,,,,,,
,,,,,74383,-56.778873,65,,,,,,
,,,,,74482,-78.03471,99,,,,,,
,,,,,74577,-107.93175,95,,,,,,
,,,,,74672,-81.99057,95,,,,,,
,,,,,74738,-92.69171,66,,,,,,
,,,,,74840,-94.90794,102,,,,,,
,,,,,74921,-107.849434,81,,,,,,
,,,,,74987,-69.105896,66,,,,,,
,,,,,75000,,,51.41744613647461,5.043156147003174,4.048703670501709,217.5465545654297,0.55,0.001
,,,,,75057,-62.30113,70,,,,,,
,,,,,75152,-62.312397,95,,,,,,
,,,,,75277,-134.51761,125,,,,,,
,,,,,75379,-19.290558,102,,,,,,
,,,,,75453,-69.344345,74,,,,,,
,,,,,75546,-41.133854,93,,,,,,
,,,,,75665,-72.6526,119,,,,,,
,,,,,75744,-41.874638,79,,,,,,
,,,,,75822,14.974594,78,,,,,,
,,,,,75911,-27.010864,89,,,,,,
,,,,,76000,,,7.613914966583252,6.811003684997559,6.729961395263672,90.67639923095703,0.5439999999999999,0.001
,,,,,76041,-95.09869,130,,,,,,
,,,,,76165,-68.97208,124,,,,,,
,,,,,76283,-77.69882,118,,,,,,
,,,,,76378,-78.34778,95,,,,,,
,,,,,76496,-107.33323,118,,,,,,
,,,,,76584,-127.11828,88,,,,,,
,,,,,76658,-82.94458,74,,,,,,
,,,,,76755,-74.148094,97,,,,,,
,,,,,76838,-76.38498,83,,,,,,
,,,,,76927,-91.88144,89,,,,,,
,,,,,77000,,,3.4328086376190186,19.3165283203125,19.62725067138672,41.82566452026367,0.538,0.001
,,,,,77008,-62.165688,81,,,,,,
,,,,,77102,-46.966015,94,,,,,,
,,,,,77193,-112.97961,91,,,,,,
,,,,,77282,-11.126373,89,,,,,,
,,,,,77392,-79.326904,110,,,,,,
,,,,,77471,-32.602356,79,,,,,,
,,,,,77545,-60.06801,74,,,,,,
,,,,,77681,-87.06489,136,,,,,,
,,,,,77785,-93.893974,104,,,,,,
,,,,,77848,-64.22109,63,,,,,,
,,,,,77944,-90.76601,96,,,,,,
,,,,,78000,,,3.231715202331543,17.24883460998535,16.898839950561523,37.078346252441406,0.532,0.001
,,,,,78007,-171.9576,63,,,,,,
,,,,,78107,-103.62785,100,,,,,,
,,,,,78211,-120.62426,104,,,,,,
,,,,,78294,-65.13912,83,,,,,,
,,,,,78421,-48.93154,127,,,,,,
,,,,,78531,-78.35968,110,,,,,,
,,,,,78619,-89.97346,88,,,,,,
,,,,,78754,-100.02742,135,,,,,,
,,,,,78846,-137.56644,92,,,,,,
,,,,,78925,-45.739017,79,,,,,,
,,,,,79000,,,6.599926948547363,17.73224639892578,17.119178771972656,71.02933502197266,0.526,0.001
,,,,,79017,-38.16785,92,,,,,,
,,,,,79128,-68.54906,111,,,,,,
,,,,,79273,-44.838352,145,,,,,,
,,,,,79352,-48.891445,79,,,,,,
,,,,,79436,-69.84697,84,,,,,,
,,,,,79514,-25.735237,78,,,,,,
,,,,,79600,-82.60238,86,,,,,,
,,,,,79747,-18.002136,147,,,,,,
,,,,,79859,-45.321136,112,,,,,,
,,,,,79951,-105.43255,92,,,,,,
-266.43,210.25937,15.280151,-542.99084,291.6,80000,,,8.514150619506836,19.508113861083984,20.60226821899414,87.53656005859375,0.52,0.001
,,,,,80067,-137.64047,116,,,,,,
,,,,,80194,-55.404957,127,,,,,,
,,,,,80291,-78.588425,97,,,,,,
,,,,,80352,-45.275394,61,,,,,,
,,,,,80446,-45.555855,94,,,,,,
,,,,,80531,-108.09879,85,,,,,,
,,,,,80623,-8.454803,92,,,,,,
,,,,,80698,-87.88882,75,,,,,,
,,,,,80772,-20.361519,74,,,,,,
,,,,,80877,-72.28018,105,,,,,,
,,,,,80954,-50.646297,77,,,,,,
,,,,,81000,,,6.05396842956543,9.070406913757324,9.34231948852539,48.219173431396484,0.514,0.001
,,,,,81076,-51.914062,122,,,,,,
,,,,,81166,-60.646347,90,,,,,,
,,,,,81249,-78.69941,83,,,,,,
,,,,,81343,-16.329704,94,,,,,,
,,,,,81442,-71.00566,99,,,,,,
,,,,,81596,-226.1632,154,,,,,,
,,,,,81720,-136.0386,124,,,,,,
,,,,,81818,-80.442375,98,,,,,,
,,,,,81914,-99.9303,96,,,,,,
,,,,,82000,,,4.1559576988220215,20.574235916137695,20.534116744995117,35.28995895385742,0.508,0.001
,,,,,82004,-67.15666,90,,,,,,
,,,,,82105,-74.882576,101,,,,,,
,,,,,82218,-152.09456,113,,,,,,
,,,,,82305,-68.127716,87,,,,,,
,,,,,82396,-63.698254,91,,,,,,
,,,,,82474,-25.43151,78,,,,,,
,,,,,82570,-87.97696,96,,,,,,
,,,,,82668,-48.70274,98,,,,,,
,,,,,82751,-94.45304,83,,,,,,
,,,,,82857,-95.77913,106,,,,,,
,,,,,82947,-41.935898,90,,,,,,
,,,,,83000,,,10.67063045501709,22.0537052154541,22.02501106262207,44.055419921875,0.502,0.001
,,,,,83036,-102.035706,89,,,,,,
,,,,,83146,-87.39142,110,,,,,,
,,,,,83228,-64.50731,82,,,,,,
,,,,,83329,-158.5958,101,,,,,,
,,,,,83428,-58.519882,99,,,,,,
,,,,,83548,-176.0562,120,,,,,,
,,,,,83666,-76.69302,118,,,,,,
,,,,,83763,-35.438232,97,,,,,,
,,,,,83842,-34.628708,79,,,,,,
,,,,,83938,16.586426,96,,,,,,
,,,,,84000,,,47.675804138183594,19.64607048034668,20.046642303466797,164.1781005859375,0.4959999999999999,0.001
,,,,,84051,-80.82896,113,,,,,,
,,,,,84177,-85.413826,126,,,,,,
,,,,,84248,-92.184166,71,,,,,,
,,,,,84305,-82.44596,57,,,,,,
,,,,,84430,-127.03197,125,,,,,,
,,,,,84555,-197.45354,125,,,,,,
,,,,,84644,-103.45176,89,,,,,,
,,,,,84785,-226.82367,141,,,,,,
,,,,,84909,-60.214466,124,,,,,,
,,,,,85000,,,13.850111961364746,22.95204734802246,22.52507781982422,61.49690246582031,0.49,0.001
,,,,,85035,-59.55361,126,,,,,,
,,,,,85138,-131.6594,103,,,,,,
,,,,,85266,-156.84554,128,,,,,,
,,,,,85391,-69.26381,125,,,,,,
,,,,,85502,-10.529488,111,,,,,,
,,,,,85576,-83.05881,74,,,,,,
,,,,,85679,-55.199432,103,,,,,,
,,,,,85781,-69.09301,102,,,,,,
,,,,,85896,-56.302723,115,,,,,,
,,,,,85981,-65.11734,85,,,,,,
,,,,,86000,,,23.772201538085938,15.823795318603516,16.262903213500977,76.97327423095703,0.484,0.001
,,,,,86066,-66.27291,85,,,,,,
,,,,,86144,-71.85173,78,,,,,,
,,,,,86212,-41.063313,68,,,,,,
,,,,,86360,-34.582794,148,,,,,,
,,,,,86464,-84.74488,104,,,,,,
,,,,,86556,-23.801697,92,,,,,,
,,,,,86646,-14.230095,90,,,,,,
,,,,,86769,-221.50974,123,,,,,,
,,,,,86872,-53.693413,103,,,,,,
,,,,,86975,-55.11667,103,,,,,,
,,,,,87000,,,3.424975633621216,12.965229988098145,13.452422142028809,64.66499328613281,0.478,0.001
,,,,,87088,-54.264854,113,,,,,,
,,,,,87196,21.36,108,,,,,,
,,,,,87271,-74.62944,75,,,,,,
,,,,,87380,-77.442505,109,,,,,,
,,,,,87471,-91.72646,91,,,,,,
,,,,,87573,-42.218277,102,,,,,,
,,,,,87695,-137.66864,122,,,,,,
,,,,,87824,-115.78938,129,,,,,,
,,,,,87906,-87.420616,82,,,,,,
,,,,,87997,-75.02901,91,,,,,,
,,,,,88000,,,7.093296051025391,28.151708602905273,28.137325286865234,75.3734359741211,0.472,0.001
,,,,,88117,-166.69958,120,,,,,,
,,,,,88187,-35.08036,70,,,,,,
,,,,,88318,-12.617226,131,,,,,,
,,,,,88455,-190.74704,137,,,,,,
,,,,,88551,-76.71799,96,,,,,,
,,,,,88651,-57.029648,100,,,,,,
,,,,,88786,-26.965126,135,,,,,,
,,,,,88887,-208.74045,101,,,,,,
,,,,,89000,,,10.620597839355469,19.279191970825195,18.87702178955078,64.57921600341797,0.46599999999999997,0.001
,,,,,89001,-61.057007,114,,,,,,
,,,,,89097,-72.03088,96,,,,,,
,,,,,89221,-23.049042,124,,,,,,
,,,,,89347,-46.50564,126,,,,,,
,,,,,89436,-28.425491,89,,,,,,
,,,,,89520,-32.988335,84,,,,,,
,,,,,89640,-91.98571,120,,,,,,
,,,,,89769,-66.12233,129,,,,,,
,,,,,89872,-19.430054,103,,,,,,
,,,,,89956,-60.38905,84,,,,,,
-358.34766,113.24333,-212.04338,-625.407,620.1,90000,,,14.946250915527344,23.24077606201172,23.24593162536621,79.41033935546875,0.45999999999999996,0.001
,,,,,90037,-22.064156,81,,,,,,
,,,,,90200,-73.20186,163,,,,,,
,,,,,90286,-91.37594,86,,,,,,
,,,,,90425,-5.3103333,139,,,,,,
,,,,,90551,-26.056679,126,,,,,,
,,,,,90632,-103.68036,81,,,,,,
,,,,,90749,-72.68749,117,,,,,,
,,,,,90878,-57.06786,129,,,,,,
,,,,,91000,,,21.288570404052734,25.5682430267334,25.245792388916016,131.41732788085938,0.45399999999999996,0.001
,,,,,91001,-37.160564,123,,,,,,
,,,,,91105,-12.323326,104,,,,,,
,,,,,91229,-36.513344,124,,,,,,
,,,,,91349,17.196404,120,,,,,,
,,,,,91489,-45.09161,140,,,,,,
,,,,,91591,-10.021332,102,,,,,,
,,,,,91717,-43.48117,126,,,,,,
,,,,,91872,-195.04752,155,,,,,,
,,,,,91998,-2.7657013,126,,,,,,
,,,,,92000,,,45.552528381347656,8.34610652923584,10.082585334777832,163.2142791748047,0.44800000000000006,0.001
,,,,,92114,-70.56244,116,,,,,,
,,,,,92222,-23.009827,108,,,,,,
,,,,,92353,-64.30347,131,,,,,,
,,,,,92498,-21.166542,145,,,,,,
,,,,,92609,7.0921783,111,,,,,,
,,,,,92723,3.7098618,114,,,,,,
,,,,,92853,-62.090282,130,,,,,,
,,,,,92982,-64.25539,129,,,,,,
,,,,,93000,,,6.541645526885986,14.320287704467773,13.670232772827148,54.79165267944336,0.44199999999999995,0.001
,,,,,93097,-25.651077,115,,,,,,
,,,,,93195,-37.977425,98,,,,,,
,,,,,93287,-62.57856,92,,,,,,
,,,,,93401,-52.196404,114,,,,,,
,,,,,93512,-28.28978,111,,,,,,
,,,,,93674,10.731743,162,,,,,,
,,,,,93770,4.640053,96,,,,,,
,,,,,94000,,,4.362227916717529,26.904571533203125,27.560800552368164,76.65171813964844,0.43599999999999994,0.001
,,,,,94017,-182.29977,247,,,,,,
,,,,,94134,-65.69849,117,,,,,,
,,,,,94258,-48.7389,124,,,,,,
,,,,,94393,1.5049744,135,,,,,,
,,,,,94497,-56.04437,104,,,,,,
,,,,,94650,-8.166161,153,,,,,,
,,,,,94791,1.1871338,141,,,,,,
,,,,,94877,-57.28077,86,,,,,,
,,,,,94977,-102.48102,100,,,,,,
,,,,,95000,,,10.475844383239746,24.751806259155273,24.174991607666016,78.15621185302734,0.43000000000000005,0.001
,,,,,95068,-17.240692,91,,,,,,
,,,,,95197,-10.509857,129,,,,,,
,,,,,95379,-0.21797943,182,,,,,,
,,,,,95482,-22.967346,103,,,,,,
,,,,,95561,-47.737534,79,,,,,,
,,,,,95659,-49.021347,98,,,,,,
,,,,,95742,-15.371719,83,,,,,,
,,,,,95855,-40.22294,113,,,,,,
,,,,,96000,,,5.738753795623779,24.881134033203125,24.94852638244629,34.20417404174805,0.42399999999999993,0.001
,,,,,96044,-23.365532,189,,,,,,
,,,,,96146,38.51996,102,,,,,,
,,,,,96294,4.722191,148,,,,,,
,,,,,96414,-42.671066,120,,,,,,
,,,,,96539,-50.1074,125,,,,,,
,,,,,96649,-142.68015,110,,,,,,
,,,,,96781,-46.21572,132,,,,,,
,,,,,96894,-46.489265,113,,,,,,
,,,,,97000,,,7.76682186126709,29.175148010253906,29.297094345092773,43.8948974609375,0.41800000000000004,0.001
,,,,,97894,23.023912,1000,,,,,,
,,,,,97978,-98.24801,84,,,,,,
,,,,,98000,,,9.490660667419434,8.16437816619873,7.916800498962402,56.18583297729492,0.41200000000000003,0.001
,,,,,98071,13.754532,93,,,,,,
,,,,,98191,-60.042763,120,,,,,,
,,,,,98327,-30.760574,136,,,,,,
,,,,,98418,-23.627449,91,,,,,,
,,,,,98525,-67.41588,107,,,,,,
,,,,,98750,-27.567192,225,,,,,,
,,,,,98866,-85.77942,116,,,,,,
,,,,,99000,,,5.437398910522461,29.373348236083984,29.245895385742188,33.565982818603516,0.4059999999999999,0.001
,,,,,99009,-18.939438,143,,,,,,
,,,,,99095,-8.737892,86,,,,,,
,,,,,99230,-12.161423,135,,,,,,
,,,,,99365,5.2378616,135,,,,,,
,,,,,99459,-79.52018,94,,,,,,
,,,,,99573,-43.018864,114,,,,,,
,,,,,99687,-77.315895,114,,,,,,
,,,,,99810,-12.710327,123,,,,,,
,,,,,99950,-1.0916061,140,,,,,,
5.714555,139.88794,232.50645,-245.57867,556.7,100000,,,26.047698974609375,15.57475757598877,16.667320251464844,106.8258056640625,0.4,0.001
,,,,,100058,-26.249344,108,,,,,,
,,,,,100184,38.91655,126,,,,,,
,,,,,100368,26.703308,184,,,,,,
,,,,,100525,-36.409035,157,,,,,,
,,,,,100636,-24.261398,111,,,,,,
,,,,,100746,-32.259712,110,,,,,,
,,,,,100855,-17.491806,109,,,,,,
,,,,,100937,-37.065678,82,,,,,,
,,,,,101000,,,16.890623092651367,17.287874221801758,16.50258445739746,89.65693664550781,0.394,0.001
,,,,,101013,-4.000839,76,,,,,,
,,,,,101083,-55.178314,70,,,,,,
,,,,,101286,-177.55423,203,,,,,,
,,,,,101383,-75.592415,97,,,,,,
,,,,,101494,21.02063,111,,,,,,
,,,,,101643,-6.0812836,149,,,,,,
,,,,,101759,-13.837929,116,,,,,,
,,,,,101884,-34.618668,125,,,,,,
,,,,,102000,-42.48288,116,,,,,,
,,,,,102000,,,4.812501430511475,26.79199981689453,26.37839126586914,42.5021858215332,0.3879999999999999,0.001
,,,,,102154,2.508957,154,,,,,,
,,,,,102235,-26.755524,81,,,,,,
,,,,,102326,-43.505775,91,,,,,,
,,,,,102429,16.128807,103,,,,,,
,,,,,102599,-191.28452,170,,,,,,
,,,,,102666,-35.958267,67,,,,,,
,,,,,102785,-19.59407,119,,,,,,
,,,,,102954,-0.4759369,169,,,,,,
,,,,,103000,,,7.6023335456848145,13.396896362304688,13.279739379882812,54.731998443603516,0.382,0.001
,,,,,103081,-3.8782501,127,,,,,,
,,,,,103219,20.601189,138,,,,,,
,,,,,103300,-15.553795,81,,,,,,
,,,,,103404,21.932793,104,,,,,,
,,,,,103519,18.251099,115,,,,,,
,,,,,104000,,,6.109645366668701,38.996055603027344,38.53398895263672,66.47171783447266,0.376,0.001
,,,,,104519,85.18401,1000,,,,,,
,,,,,104623,-75.00928,104,,,,,,
,,,,,104739,-20.968216,116,,,,,,
,,,,,104814,-35.63292,75,,,,,,
,,,,,105000,,,3.828001022338867,21.47018814086914,21.63067054748535,46.74325180053711,0.37,0.001
,,,,,105814,101.241684,1000,,,,,,
,,,,,105902,-39.512043,88,,,,,,
,,,,,106000,,,101.59114074707031,34.84516143798828,36.82416915893555,286.401611328125,0.364,0.001
,,,,,106036,-33.70085,134,,,,,,
,,,,,106139,-55.066505,103,,,,,,
,,,,,106208,-66.78032,69,,,,,,
,,,,,106338,-11.289757,130,,,,,,
,,,,,106417,-56.37153,79,,,,,,
,,,,,106547,-37.6969,130,,,,,,
,,,,,107000,,,4.00389289855957,35.436458587646484,35.577396392822266,41.826114654541016,0.358,0.001
,,,,,107547,66.25023,1000,,,,,,
,,,,,107684,-40.990932,137,,,,,,
,,,,,107816,-48.846603,132,,,,,,
,,,,,107957,19.303642,141,,,,,,
,,,,,108000,,,326.3782043457031,27.506710052490234,30.484506607055664,366.6255187988281,0.352,0.001
,,,,,108077,-45.021168,120,,,,,,
,,,,,108278,-64.565186,201,,,,,,
,,,,,108357,-31.949959,79,,,,,,
,,,,,108453,34.74562,96,,,,,,
,,,,,108582,-8.317749,129,,,,,,
,,,,,108717,2.5433502,135,,,,,,
,,,,,108834,-65.22127,117,,,,,,
,,,,,108980,-27.475517,146,,,,,,
,,,,,109000,,,12.319031715393066,16.355640411376953,16.6127986907959,73.16012573242188,0.346,0.001
,,,,,109229,-148.32736,249,,,,,,
,,,,,109327,-13.609261,98,,,,,,
,,,,,109548,-199.12134,221,,,,,,
,,,,,109668,-1.4290314,120,,,,,,
,,,,,109773,-41.914524,105,,,,,,
,,,,,109918,6.3411026,145,,,,,,
-68.67252,123.012596,177.10838,-246.74709,795.8,110000,,,9.918712615966797,17.030094146728516,16.501150131225586,61.268314361572266,0.3400000000000001,0.001
,,,,,110075,-50.535583,157,,,,,,
,,,,,111000,,,20.734603881835938,20.95354461669922,20.17064094543457,120.1172866821289,0.33399999999999996,0.001
,,,,,111075,95.756905,1000,,,,,,
,,,,,111190,-45.70445,115,,,,,,
,,,,,112000,,,14.73866081237793,30.7518310546875,30.97521209716797,66.8851547241211,0.32799999999999996,0.001
,,,,,112190,22.656815,1000,,,,,,
,,,,,112302,-85.18492,112,,,,,,
,,,,,112419,14.241348,117,,,,,,
,,,,,112593,-10.121086,174,,,,,,
,,,,,112736,-30.529846,143,,,,,,
,,,,,112868,-36.861015,132,,,,,,
,,,,,113000,,,4.784232139587402,31.639829635620117,31.475379943847656,51.91505813598633,0.32200000000000006,0.001
,,,,,113063,-213.7418,195,,,,,,
,,,,,113183,-1.2286072,120,,,,,,
,,,,,114000,,,11.202190399169922,25.08245086669922,25.41124725341797,82.5060043334961,0.31599999999999995,0.001
,,,,,114183,88.81807,1000,,,,,,
,,,,,115000,,,6.964702606201172,38.16434097290039,37.669464111328125,53.111289978027344,0.30999999999999994,0.001
,,,,,115183,-6.530957,1000,,,,,,
,,,,,115285,33.156128,102,,,,,,
,,,,,115697,20.24115,412,,,,,,
,,,,,115961,-169.74048,264,,,,,,
,,,,,116000,,,10.900116920471191,30.482755661010742,30.66485023498535,49.381431579589844,0.30400000000000005,0.001
,,,,,116059,36.745132,98,,,,,,
,,,,,116749,188.09052,690,,,,,,
,,,,,116855,-80.44278,106,,,,,,
,,,,,117000,,,6.125694274902344,43.75871276855469,43.87579345703125,46.488494873046875,0.29799999999999993,0.001
,,,,,117439,-85.495766,584,,,,,,
,,,,,117680,-83.186584,241,,,,,,
,,,,,118000,,,4.733318328857422,47.60110092163086,47.681304931640625,32.4873161315918,0.29200000000000004,0.001
,,,,,118680,27.030222,1000,,,,,,
,,,,,118870,-54.006844,190,,,,,,
,,,,,119000,,,3.4517359733581543,49.523956298828125,48.9024772644043,63.096824645996094,0.28600000000000003,0.001
,,,,,119870,7.1008697,1000,,,,,,
-72.44795,154.70952,195.9664,-366.66318,844.5,120000,,,16.015548706054688,36.762672424316406,37.08207702636719,78.49627685546875,0.2799999999999999,0.001
,,,,,120870,-47.4109,1000,,,,,,
,,,,,121000,,,14.04779052734375,41.07179641723633,42.510738372802734,139.7027130126953,0.274,0.001
,,,,,121189,47.829697,319,,,,,,
,,,,,122000,,,29.05462074279785,24.433683395385742,24.8690128326416,106.6722183227539,0.268,0.001
,,,,,122189,34.23774,1000,,,,,,
,,,,,123000,,,6.7975287437438965,33.334877014160156,33.05390167236328,70.53841400146484,0.262,0.001
,,,,,123189,-5.177479,1000,,,,,,
,,,,,124000,,,11.051840782165527,36.66775131225586,36.343162536621094,78.09872436523438,0.256,0.001
,,,,,124189,58.344536,1000,,,,,,
,,,,,124455,-8.234756,266,,,,,,
,,,,,125000,,,10.884814262390137,46.76483154296875,47.476890563964844,125.596435546875,0.25,0.001
,,,,,125455,38.988907,1000,,,,,,
,,,,,126000,,,11.464795112609863,47.41417694091797,46.70278549194336,107.72564697265625,0.244,0.001
,,,,,126455,-6.76826,1000,,,,,,
,,,,,127000,,,9.757826805114746,38.03986358642578,38.1952018737793,50.843223571777344,0.238,0.001
,,,,,127455,47.025894,1000,,,,,,
,,,,,128000,,,29.283382415771484,50.677040100097656,50.26446533203125,172.18580627441406,0.23199999999999998,0.001
,,,,,128455,-24.817196,1000,,,,,,
,,,,,129000,,,8.248475074768066,34.428741455078125,33.85232925415039,94.12809753417969,0.22599999999999998,0.001
,,,,,129455,52.424847,1000,,,,,,
,,,,,129636,-46.67072,181,,,,,,
-104.54889,43.11121,-35.77635,-155.72362,1000.0,130000,,,7.496976852416992,41.08576965332031,40.72475814819336,55.25735855102539,0.21999999999999997,0.001
,,,,,130636,-32.755955,1000,,,,,,
,,,,,131000,,,20.770381927490234,29.033153533935547,28.19822120666504,113.08751678466797,0.21399999999999997,0.001
,,,,,131636,-2.0528784,1000,,,,,,
,,,,,131760,21.281235,124,,,,,,
,,,,,132000,,,10.236783027648926,40.482505798339844,40.398685455322266,44.55202102661133,0.20799999999999996,0.001
,,,,,132760,37.822994,1000,,,,,,
,,,,,132926,-28.853653,166,,,,,,
,,,,,133000,,,23.93883514404297,43.91324996948242,43.50395584106445,107.7609634399414,0.20199999999999996,0.001
,,,,,133926,12.350489,1000,,,,,,
,,,,,134000,,,12.744881629943848,56.15668487548828,55.973411560058594,93.4417724609375,0.19599999999999995,0.001
,,,,,134417,-14.546059,491,,,,,,
,,,,,135000,,,6.213926792144775,34.94761276245117,34.04076385498047,89.35094451904297,0.18999999999999995,0.001
,,,,,135417,24.143814,1000,,,,,,
,,,,,136000,,,4.723147392272949,66.65983581542969,67.12290954589844,54.03361892700195,0.18400000000000005,0.001
,,,,,136417,-8.042035,1000,,,,,,
,,,,,136572,20.36728,155,,,,,,
,,,,,137000,,,18.064884185791016,52.70548629760742,52.57659912109375,94.05406951904297,0.17799999999999994,0.001
,,,,,137572,-6.4392133,1000,,,,,,
,,,,,138000,,,6.343103408813477,44.618804931640625,44.86068344116211,45.601871490478516,0.17199999999999993,0.001
,,,,,138572,50.608753,1000,,,,,,
,,,,,139000,,,6.495912551879883,50.2059211730957,50.20524597167969,63.022701263427734,0.16600000000000004,0.001
,,,,,139572,-87.77158,1000,,,,,,
-5.702401,35.830975,87.15037,-58.248528,1000.0,140000,,,10.078912734985352,56.33502197265625,56.84272003173828,71.24567413330078,0.15999999999999992,0.001
,,,,,140572,-23.552979,1000,,,,,,
,,,,,141000,,,13.0282564163208,46.07606887817383,45.48582458496094,102.4878921508789,0.15400000000000003,0.001
,,,,,141572,55.42172,1000,,,,,,
,,,,,142000,,,23.620153427124023,52.771881103515625,53.507320404052734,105.19153594970703,0.14800000000000002,0.001
,,,,,142572,34.32588,1000,,,,,,
,,,,,142832,-131.78035,260,,,,,,
,,,,,143000,,,205.45579528808594,53.27984619140625,51.830718994140625,219.89486694335938,0.1419999999999999,0.001
,,,,,143136,255.13377,304,,,,,,
,,,,,144000,,,13.678363800048828,40.58597183227539,38.688026428222656,210.27203369140625,0.136,0.001
,,,,,144136,103.97564,1000,,,,,,
,,,,,145000,,,22.75432586669922,51.025787353515625,50.1395263671875,129.8887481689453,0.13,0.001
,,,,,145136,-20.120375,1000,,,,,,
,,,,,146000,,,6.273501873016357,61.64530944824219,61.276058197021484,63.100772857666016,0.12399999999999989,0.001
,,,,,146136,-15.891619,1000,,,,,,
,,,,,147000,,,35.55681228637695,30.038345336914062,30.769866943359375,102.21595764160156,0.118,0.001
,,,,,147136,8.410118,1000,,,,,,
,,,,,148000,,,4.011038303375244,59.88519287109375,59.299896240234375,87.12519836425781,0.11199999999999999,0.001
,,,,,148136,-4.056738,1000,,,,,,
,,,,,148650,-198.24918,514,,,,,,
,,,,,149000,,,14.48902702331543,41.00777053833008,41.444217681884766,85.34564971923828,0.10599999999999998,0.001
,,,,,149650,-44.178844,1000,,,,,,
-45.405388,40.977097,-6.4907494,-159.42667,977.9,150000,,,36.81549072265625,60.476112365722656,60.88677978515625,211.85726928710938,0.1,0.001
,,,,,150650,-61.65724,1000,,,,,,
,,,,,151000,,,7.244987487792969,66.96892547607422,67.08209228515625,52.491546630859375,0.09946666666666668,0.001
,,,,,151650,-76.51356,1000,,,,,,
,,,,,152000,,,8.165348052978516,52.68999099731445,52.99628448486328,62.345550537109375,0.09893333333333335,0.001
,,,,,152650,-31.928009,1000,,,,,,
,,,,,153000,,,17.17627716064453,42.365753173828125,42.53998947143555,90.6743392944336,0.0984,0.001
,,,,,153650,-10.885639,1000,,,,,,
,,,,,154000,,,9.774480819702148,64.22648620605469,62.602867126464844,183.60714721679688,0.09786666666666667,0.001
,,,,,154650,-70.8687,1000,,,,,,
,,,,,155000,,,8.65505599975586,54.83135986328125,54.584716796875,76.36389923095703,0.09733333333333334,0.001
,,,,,155492,67.46846,842,,,,,,
,,,,,156000,,,17.031185150146484,54.37882995605469,54.92375946044922,125.09920501708984,0.09680000000000001,0.001
,,,,,156492,-37.687843,1000,,,,,,
,,,,,156961,174.81757,469,,,,,,
,,,,,157000,,,19.79335594177246,46.226558685302734,47.86604690551758,148.0206298828125,0.09626666666666667,0.001
,,,,,157961,-34.122654,1000,,,,,,
,,,,,158000,,,13.444815635681152,71.86882781982422,72.58052062988281,120.59984588623047,0.09573333333333334,0.001
,,,,,158627,216.95967,666,,,,,,
,,,,,158965,199.3443,338,,,,,,
,,,,,159000,,,15.993255615234375,59.03783416748047,59.310455322265625,94.92127990722656,0.0952,0.001
,,,,,159445,220.71262,480,,,,,,
-92.22081,63.994446,0.16262746,-210.09644,770.2,160000,,,8.010032653808594,57.165645599365234,57.05681610107422,62.137454986572266,0.09466666666666668,0.001
,,,,,160445,-38.63898,1000,,,,,,
,,,,,161000,,,4.750264644622803,72.04391479492188,71.59576416015625,79.67346954345703,0.09413333333333333,0.001
,,,,,161445,-32.15337,1000,,,,,,
,,,,,162000,,,8.796051979064941,60.95612335205078,61.17036819458008,72.40718078613281,0.0936,0.001
,,,,,162022,145.84296,577,,,,,,
,,,,,163000,,,6.580244064331055,66.93683624267578,66.85846710205078,50.90144729614258,0.09306666666666667,0.001
,,,,,163022,-13.46642,1000,,,,,,
,,,,,164000,,,18.987483978271484,65.52803039550781,66.52381896972656,112.2139892578125,0.09253333333333334,0.001
,,,,,164022,-71.31263,1000,,,,,,
,,,,,164973,-220.45679,951,,,,,,
,,,,,165000,,,12.032463073730469,65.8846664428711,66.44227600097656,85.1374740600586,0.092,0.001
,,,,,165973,-14.894858,1000,,,,,,
,,,,,166000,,,24.15216064453125,65.48360443115234,65.89983367919922,120.26194763183594,0.09146666666666667,0.001
,,,,,166973,-0.6925594,1000,,,,,,
,,,,,167000,,,23.489479064941406,72.89768981933594,71.70028686523438,154.14085388183594,0.09093333333333334,0.001
,,,,,167973,-28.88414,1000,,,,,,
,,,,,168000,,,7.961215972900391,78.36632537841797,78.32435607910156,54.462890625,0.09040000000000001,0.001
,,,,,168973,-11.705806,1000,,,,,,
,,,,,169000,,,26.081113815307617,66.51640319824219,67.89891052246094,149.95985412597656,0.08986666666666668,0.001
,,,,,169973,70.963066,1000,,,,,,
-28.544535,26.58039,10.829973,-77.79625,936.0,170000,,,103.01675415039062,71.95173645019531,70.32763671875,512.7670288085938,0.08933333333333333,0.001
,,,,,170605,210.58359,632,,,,,,
,,,,,171000,,,13.108208656311035,58.32056427001953,58.64863967895508,97.1282958984375,0.0888,0.001
,,,,,171605,-68.05816,1000,,,,,,
,,,,,171956,262.6797,351,,,,,,
,,,,,172000,,,9.754935264587402,76.18421936035156,76.29993438720703,58.16265869140625,0.08826666666666667,0.001
,,,,,172956,-5.1673284,1000,,,,,,
,,,,,173000,,,15.902206420898438,73.03031921386719,72.37425994873047,106.25749206542969,0.08773333333333334,0.001
,,,,,173688,261.76404,732,,,,,,
,,,,,174000,,,16.489540100097656,57.77312088012695,57.47576141357422,104.33767700195312,0.0872,0.001
,,,,,174688,-81.56865,1000,,,,,,
,,,,,175000,,,20.053138732910156,72.90103149414062,73.60535430908203,135.62835693359375,0.08666666666666667,0.001
,,,,,175688,-51.10933,1000,,,,,,
,,,,,176000,,,11.145345687866211,85.00849151611328,84.43930053710938,122.26063537597656,0.08613333333333334,0.001
,,,,,176684,192.20981,996,,,,,,
,,,,,177000,,,6.863556861877441,75.89410400390625,75.72604370117188,73.36028289794922,0.08560000000000001,0.001
,,,,,177650,203.76625,966,,,,,,
,,,,,178000,,,9.046799659729004,70.11712646484375,70.06602478027344,89.44438171386719,0.08506666666666667,0.001
,,,,,178650,-11.084181,1000,,,,,,
,,,,,179000,,,5.695062160491943,87.74717712402344,87.23390197753906,63.65654373168945,0.08453333333333334,0.001
,,,,,179650,57.247734,1000,,,,,,
,,,,,179921,-41.953293,271,,,,,,
-14.866529,128.56866,193.81184,-182.5633,624.1,180000,,,6.755186557769775,71.2006607055664,71.7285385131836,66.06354522705078,0.084,0.001
,,,,,180921,-15.3899975,1000,,,,,,
,,,,,181000,,,69.73097229003906,84.95510864257812,86.3463134765625,247.0308837890625,0.08346666666666668,0.001
,,,,,181345,247.94925,424,,,,,,
,,,,,181559,27.613075,214,,,,,,
,,,,,182000,,,19.02116584777832,73.27365112304688,73.54791259765625,94.20659637451172,0.08293333333333333,0.001
,,,,,182070,172.05765,511,,,,,,
,,,,,183000,,,7.567002296447754,73.0217056274414,73.59754180908203,93.12775421142578,0.0824,0.001
,,,,,183070,-18.04134,1000,,,,,,
,,,,,184000,,,62.8532829284668,70.90576171875,69.15923309326172,271.0415344238281,0.08186666666666667,0.001
,,,,,184070,101.96647,1000,,,,,,
,,,,,185000,,,77.3780517578125,63.581565856933594,62.257728576660156,283.65130615234375,0.08133333333333334,0.001
,,,,,185070,-38.385277,1000,,,,,,
,,,,,185620,166.98227,550,,,,,,
,,,,,186000,,,8.321435928344727,85.07215118408203,84.08906555175781,102.75650787353516,0.08080000000000001,0.001
,,,,,186591,150.5649,971,,,,,,
,,,,,186882,291.1596,291,,,,,,
,,,,,187000,,,270.8180236816406,72.10267639160156,74.56344604492188,507.6412353515625,0.08026666666666667,0.001
,,,,,187882,-55.773865,1000,,,,,,
,,,,,188000,,,71.42292785644531,72.72185516357422,72.5552978515625,236.17361450195312,0.07973333333333334,0.001
,,,,,188882,-18.963228,1000,,,,,,
,,,,,189000,,,10.48176383972168,77.08277893066406,76.59490203857422,124.19282531738281,0.0792,0.001
,,,,,189770,228.50267,888,,,,,,
2.8628757,97.88982,239.19937,-100.995316,946.0,190000,,,5.392766952514648,77.69107055664062,77.50393676757812,52.65278244018555,0.07866666666666668,0.001
,,,,,190770,-5.906786,1000,,,,,,
,,,,,191000,,,8.729028701782227,79.83905029296875,79.61518096923828,78.06204986572266,0.07813333333333333,0.001
,,,,,191729,155.53183,959,,,,,,
,,,,,192000,,,28.66830825805664,80.12100982666016,81.09065246582031,168.84036254882812,0.0776,0.001
,,,,,192729,-67.54842,1000,,,,,,
,,,,,193000,,,8.292850494384766,78.23844909667969,78.78790283203125,115.52347564697266,0.07706666666666667,0.001
,,,,,193729,-34.686916,1000,,,,,,
,,,,,194000,,,12.57030963897705,65.59207153320312,65.26271057128906,78.33484649658203,0.07653333333333334,0.001
,,,,,194367,246.06773,638,,,,,,
,,,,,194655,260.31256,288,,,,,,
,,,,,195000,,,9.958741188049316,77.38545227050781,76.40606689453125,130.8284149169922,0.07600000000000001,0.001
,,,,,195297,232.3187,642,,,,,,
,,,,,196000,,,57.044189453125,72.88618469238281,73.4737319946289,186.3154296875,0.07546666666666668,0.001
,,,,,196297,-16.281487,1000,,,,,,
,,,,,197000,,,33.1485710144043,72.41710662841797,72.63965606689453,134.516357421875,0.07493333333333334,0.001
,,,,,197297,-24.228287,1000,,,,,,
,,,,,198000,,,9.086018562316895,68.70899200439453,69.21788787841797,55.88870620727539,0.07440000000000001,0.001
,,,,,198297,-58.42628,1000,,,,,,
,,,,,199000,,,5.325592994689941,91.25496673583984,91.32417297363281,56.82669448852539,0.07386666666666666,0.001
,,,,,199184,191.91977,887,,,,,,
,,,,,199804,226.23299,620,,,,,,
65.763535,123.46328,249.77596,-126.21875,779.1,200000,,,14.003582000732422,89.62513732910156,89.49615478515625,93.81363677978516,0.07333333333333333,0.001
,,,,,200192,276.1354,388,,,,,,
,,,,,201000,,,8.079005241394043,82.64323425292969,83.18523406982422,71.5511474609375,0.0728,0.001
,,,,,201192,-51.940865,1000,,,,,,
,,,,,201695,238.88104,503,,,,,,
,,,,,202000,,,9.35587215423584,72.60242462158203,72.18389892578125,66.46813201904297,0.07226666666666667,0.001
,,,,,202695,-56.551,1000,,,,,,
,,,,,203000,,,5.3897905349731445,85.55084991455078,85.57975769042969,45.78055953979492,0.07173333333333334,0.001
,,,,,203695,26.906712,1000,,,,,,
,,,,,204000,,,18.683897018432617,79.99173736572266,79.82429504394531,59.9154052734375,0.07120000000000001,0.001
,,,,,204470,281.61493,775,,,,,,
,,,,,205000,,,19.122859954833984,75.560791015625,76.03313446044922,106.7265853881836,0.07066666666666667,0.001
,,,,,205287,147.88306,817,,,,,,
,,,,,205677,306.8376,390,,,,,,
,,,,,206000,,,45.39313507080078,78.05301666259766,78.58999633789062,170.15432739257812,0.07013333333333334,0.001
,,,,,206318,128.81917,641,,,,,,
,,,,,206645,269.79434,327,,,,,,
,,,,,207000,,,4.967891216278076,63.28375244140625,63.6009407043457,60.73491287231445,0.06960000000000001,0.001
,,,,,207419,207.63785,774,,,,,,
,,,,,208000,,,16.407682418823242,83.21316528320312,84.34983825683594,125.52671813964844,0.06906666666666667,0.001
,,,,,208136,188.42773,717,,,,,,
,,,,,208525,259.26178,389,,,,,,
,,,,,208815,266.61185,290,,,,,,
,,,,,209000,,,8.244449615478516,69.91734313964844,69.85519409179688,69.99813842773438,0.06853333333333333,0.001
,,,,,209071,252.33598,256,,,,,,
122.55753,118.45794,269.84387,-193.39061,772.3,210000,,,21.800622940063477,51.15078353881836,52.006343841552734,72.4676513671875,0.068,0.001
,,,,,210066,181.11716,995,,,,,,
,,,,,210472,229.06667,406,,,,,,
,,,,,210601,47.823593,129,,,,,,
,,,,,211000,,,7.733522415161133,86.45945739746094,87.31285858154297,84.57980346679688,0.06746666666666667,0.001
,,,,,211137,265.81073,536,,,,,,
,,,,,211484,243.91933,347,,,,,,
,,,,,212000,,,4.5596747398376465,84.46334075927734,84.24876403808594,44.398162841796875,0.06693333333333334,0.001
,,,,,212484,103.165,1000,,,,,,
,,,,,213000,,,8.99817943572998,76.20875549316406,76.24220275878906,82.75798034667969,0.06640000000000001,0.001
,,,,,213484,30.526476,1000,,,,,,
,,,,,213945,235.9897,461,,,,,,
,,,,,214000,,,4.685461044311523,87.16746520996094,86.69741821289062,60.2906494140625,0.06586666666666667,0.001
,,,,,214116,236.77847,171,,,,,,
,,,,,214473,267.5929,357,,,,,,
,,,,,214940,269.8379,467,,,,,,
,,,,,215000,,,11.288900375366211,85.90141296386719,85.76660919189453,51.18170166015625,0.06533333333333333,0.001
,,,,,215539,272.16318,599,,,,,,
,,,,,215853,250.78928,314,,,,,,
,,,,,216000,,,11.985140800476074,85.18962097167969,85.51866149902344,113.9161148071289,0.0648,0.001
,,,,,216650,172.65887,797,,,,,,
,,,,,217000,,,39.52105712890625,77.91952514648438,76.49116516113281,252.7307586669922,0.06426666666666667,0.001
,,,,,217178,234.26302,528,,,,,,
,,,,,217597,212.93216,419,,,,,,
,,,,,218000,,,16.459842681884766,69.31248474121094,69.39159393310547,108.80191040039062,0.06373333333333334,0.001
,,,,,218066,225.73059,469,,,,,,
,,,,,219000,,,8.168292999267578,67.09980773925781,67.35137176513672,71.9471206665039,0.0632,0.001
,,,,,219066,163.87158,1000,,,,,,
157.92062,153.97331,266.1139,-272.61008,592.1,220000,,,9.14628791809082,83.11282348632812,83.25945281982422,75.64078521728516,0.06266666666666668,0.001
,,,,,220056,229.64038,990,,,,,,
,,,,,220435,247.62128,379,,,,,,
,,,,,220776,234.59648,341,,,,,,
,,,,,221000,,,15.463973045349121,79.50873565673828,79.39237976074219,82.26428985595703,0.06213333333333334,0.001
,,,,,221231,230.43129,455,,,,,,
,,,,,221888,-179.10336,657,,,,,,
,,,,,222000,,,4.405226230621338,68.75687408447266,68.72988891601562,54.78534698486328,0.06160000000000001,0.001
,,,,,222287,182.36295,399,,,,,,
,,,,,223000,,,3.0848240852355957,88.55171966552734,88.91837310791016,49.211090087890625,0.06106666666666667,0.001
,,,,,223039,181.69168,752,,,,,,
,,,,,223539,237.89993,500,,,,,,
,,,,,223844,261.3652,305,,,,,,
,,,,,224000,,,54.36051940917969,68.44422912597656,68.9952163696289,94.8712387084961,0.060533333333333335,0.001
,,,,,224147,246.77197,303,,,,,,
,,,,,224501,249.95898,354,,,,,,
,,,,,225000,,,5.015901565551758,83.15235137939453,83.86919403076172,92.51603698730469,0.060000000000000005,0.001
,,,,,225074,228.92912,573,,,,,,
,,,,,225356,263.80746,282,,,,,,
,,,,,226000,,,6.6218461990356445,82.01020812988281,82.0147933959961,71.7194595336914,0.05946666666666667,0.001
,,,,,226323,274.78342,967,,,,,,
,,,,,226820,251.47618,497,,,,,,
,,,,,227000,,,6.542781829833984,82.55978393554688,81.96942138671875,99.7213134765625,0.05893333333333334,0.001
,,,,,227366,233.66571,546,,,,,,
,,,,,227609,252.9498,243,,,,,,
,,,,,228000,,,10.866864204406738,61.438358306884766,61.37921905517578,74.44857788085938,0.0584,0.001
,,,,,228006,212.26044,397,,,,,,
,,,,,228314,228.98132,308,,,,,,
,,,,,228600,278.01306,286,,,,,,
,,,,,229000,,,7.252624988555908,85.73719024658203,85.22941589355469,93.93278503417969,0.05786666666666668,0.001
,,,,,229600,184.92519,1000,,,,,,
209.66133,104.710495,268.95532,-95.56673,347.1,230000,,,15.538300514221191,78.49832153320312,78.12503051757812,76.52481842041016,0.05733333333333334,0.001
,,,,,230061,201.56906,461,,,,,,
,,,,,230368,262.59946,307,,,,,,
,,,,,230627,265.62286,259,,,,,,
,,,,,230884,30.69284,257,,,,,,
,,,,,231000,,,6.828821182250977,81.58297729492188,82.20022583007812,78.95260620117188,0.0568,0.001
,,,,,231125,258.5913,241,,,,,,
,,,,,231433,244.92325,308,,,,,,
,,,,,231708,285.10846,275,,,,,,
,,,,,232000,,,10.95250129699707,95.6162338256836,95.35719299316406,102.36428833007812,0.05626666666666667,0.001
,,,,,232487,138.32639,779,,,,,,
,,,,,233000,,,491.6328430175781,80.94376373291016,83.25599670410156,486.3804626464844,0.055733333333333336,0.001
,,,,,233028,235.97852,541,,,,,,
,,,,,233398,247.06587,370,,,,,,
,,,,,233837,218.6832,439,,,,,,
,,,,,234000,,,9.907197952270508,75.49174499511719,75.02873992919922,84.56562805175781,0.0552,0.001
,,,,,234150,-232.2445,313,,,,,,
,,,,,234449,-191.39081,299,,,,,,
,,,,,234914,210.82175,465,,,,,,
,,,,,235000,,,4.368695259094238,81.58992767333984,81.24759674072266,57.21687316894531,0.054666666666666676,0.001
,,,,,235482,190.35287,568,,,,,,
,,,,,235836,264.91003,354,,,,,,
,,,,,236000,,,9.293712615966797,79.46607208251953,79.684814453125,107.83084106445312,0.05413333333333334,0.001
,,,,,236072,254.65399,236,,,,,,
,,,,,237000,,,12.823736190795898,76.4271011352539,77.0285873413086,160.42495727539062,0.05360000000000001,0.001
,,,,,237072,-75.00692,1000,,,,,,
,,,,,237714,123.119194,642,,,,,,
,,,,,237884,250.92744,170,,,,,,
,,,,,238000,,,12.369771957397461,91.94339752197266,91.0472183227539,70.68510437011719,0.05306666666666667,0.001
,,,,,238177,256.76892,293,,,,,,
,,,,,238411,262.1236,234,,,,,,
,,,,,238738,257.8153,327,,,,,,
,,,,,239000,,,6.51344633102417,75.47997283935547,75.39085388183594,46.56919479370117,0.052533333333333335,0.001
,,,,,239199,178.43417,461,,,,,,
,,,,,239748,243.51683,549,,,,,,
91.76669,168.52826,269.45477,-203.96451,554.9,240000,,,6.952343940734863,83.53163146972656,83.1040267944336,89.05620574951172,0.052000000000000005,0.001
,,,,,240011,266.64777,263,,,,,,
,,,,,240364,229.57306,353,,,,,,
,,,,,240683,281.1037,319,,,,,,
,,,,,241000,,,25.902334213256836,76.410400390625,75.8065185546875,184.43028259277344,0.05146666666666667,0.001
,,,,,241081,176.70045,398,,,,,,
,,,,,241716,126.95146,635,,,,,,
,,,,,242000,,,7.952642440795898,86.57072448730469,87.01195526123047,88.12590789794922,0.050933333333333344,0.001
,,,,,242257,150.64925,541,,,,,,
,,,,,243000,,,7.232455253601074,92.0104751586914,92.4262466430664,80.88218688964844,0.05040000000000001,0.001
,,,,,243257,-13.945775,1000,,,,,,
,,,,,244000,,,22.309717178344727,79.90560150146484,80.18787384033203,140.39315795898438,0.04986666666666667,0.001
,,,,,244031,-242.214,774,,,,,,
,,,,,244288,242.96692,257,,,,,,
,,,,,244705,256.08444,417,,,,,,
,,,,,245000,,,14.799534797668457,88.09471893310547,87.38412475585938,138.39036560058594,0.04933333333333334,0.001
,,,,,245011,253.19917,306,,,,,,
,,,,,245621,249.94034,610,,,,,,
,,,,,245829,276.0874,208,,,,,,
,,,,,246000,,,8.869820594787598,73.0909423828125,72.9178695678711,63.4957389831543,0.0488,0.001
,,,,,246829,36.886368,1000,,,,,,
,,,,,247000,,,7.966278076171875,62.934669494628906,62.332645416259766,73.00018310546875,0.04826666666666667,0.001
,,,,,247352,163.7735,523,,,,,,
,,,,,247593,278.94678,241,,,,,,
,,,,,247939,270.39383,346,,,,,,
,,,,,248000,,,8.122171401977539,78.39071655273438,78.71461486816406,103.95001220703125,0.047733333333333336,0.001
,,,,,248365,239.3669,426,,,,,,
,,,,,248851,265.16235,486,,,,,,
,,,,,249000,,,6.051354885101318,74.75997161865234,75.28482055664062,78.87562561035156,0.0472,0.001
,,,,,249593,218.53732,742,,,,,,
,,,,,249982,260.83838,389,,,,,,
99.87187,137.99445,274.04504,-67.59049,641.8,250000,,,22.635740280151367,68.94766235351562,69.58963012695312,121.61128997802734,0.046666666666666676,0.001
,,,,,250400,232.6658,418,,,,,,
,,,,,251000,,,28.17725944519043,68.53408813476562,68.66397094726562,108.91949462890625,0.04613333333333334,0.001
,,,,,251048,244.85164,648,,,,,,
,,,,,251446,245.56947,398,,,,,,
,,,,,251633,41.059967,187,,,,,,
,,,,,252000,,,6.272349834442139,68.11862182617188,68.45606231689453,58.50246047973633,0.0456,0.001
,,,,,252030,174.63383,397,,,,,,
,,,,,252330,264.89062,300,,,,,,
,,,,,252700,242.95842,370,,,,,,
,,,,,252941,254.20233,241,,,,,,
,,,,,253000,,,16.296932220458984,74.99951934814453,74.4688720703125,128.87791442871094,0.04506666666666667,0.001
,,,,,253165,263.17026,224,,,,,,
,,,,,253405,293.7757,240,,,,,,
,,,,,253939,252.24852,534,,,,,,
,,,,,254000,,,42.84312438964844,78.92529296875,80.07056427001953,193.19456481933594,0.044533333333333334,0.001
,,,,,254208,269.42462,269,,,,,,
,,,,,254510,-17.504456,302,,,,,,
,,,,,254915,189.79361,405,,,,,,
,,,,,255000,,,7.811386585235596,69.6915512084961,69.26912689208984,65.61760711669922,0.04400000000000001,0.001
,,,,,255190,232.04527,275,,,,,,
,,,,,255455,286.18036,265,,,,,,
,,,,,255975,223.63412,520,,,,,,
,,,,,256000,,,31.461339950561523,75.30352783203125,74.65103912353516,236.06570434570312,0.043466666666666674,0.001
,,,,,256606,-150.51822,631,,,,,,
,,,,,257000,,,8.589512825012207,76.49988555908203,76.39364624023438,53.722286224365234,0.04293333333333334,0.001
,,,,,257606,-54.994267,1000,,,,,,
,,,,,258000,,,5.464938640594482,90.54625701904297,91.34638214111328,93.59843444824219,0.04240000000000001,0.001
,,,,,258051,276.55328,445,,,,,,
,,,,,258418,263.43127,367,,,,,,
,,,,,258608,245.13951,190,,,,,,
,,,,,259000,,,5.073541641235352,80.59718322753906,79.79367065429688,65.17240905761719,0.04186666666666667,0.001
,,,,,259055,281.31223,447,,,,,,
,,,,,259342,253.33325,287,,,,,,
,,,,,259950,244.50659,608,,,,,,
265.53857,10.86559,286.96246,244.84998,226.5,260000,,,11.101417541503906,89.64027404785156,89.54934692382812,96.63856506347656,0.04133333333333334,0.001
,,,,,260432,145.49533,482,,,,,,
,,,,,260682,-35.857384,250,,,,,,
,,,,,261000,,,29.333629608154297,80.70205688476562,80.31937408447266,119.57022857666016,0.0408,0.001
,,,,,261607,149.17386,925,,,,,,
,,,,,261845,278.05823,238,,,,,,
,,,,,262000,,,95.20103454589844,77.05547332763672,78.02201843261719,262.3173522949219,0.040266666666666666,0.001
,,,,,262087,271.1687,242,,,,,,
,,,,,262394,248.88533,307,,,,,,
,,,,,263000,,,7.866154193878174,79.71095275878906,79.61308288574219,66.37672424316406,0.03973333333333334,0.001
,,,,,263010,-300.15125,616,,,,,,
,,,,,263990,193.40974,980,,,,,,
,,,,,264000,,,7.445356845855713,79.15765380859375,79.29374694824219,71.63862609863281,0.039200000000000006,0.001
,,,,,264350,218.56766,360,,,,,,
,,,,,264598,281.51535,248,,,,,,
,,,,,264808,278.02533,210,,,,,,
,,,,,265000,,,130.84654235839844,86.8630599975586,85.04393768310547,398.9934997558594,0.03866666666666667,0.001
,,,,,265078,232.71217,270,,,,,,
,,,,,265623,192.19482,545,,,,,,
,,,,,266000,,,11.535574913024902,77.23019409179688,77.13595581054688,54.14620590209961,0.03813333333333334,0.001
,,,,,266169,210.23041,546,,,,,,
,,,,,266564,228.78603,395,,,,,,
,,,,,266739,248.16196,175,,,,,,
,,,,,267000,,,10.515046119689941,76.99882507324219,75.9052963256836,87.47119903564453,0.0376,0.001
,,,,,267049,259.03033,310,,,,,,
,,,,,267261,290.0868,212,,,,,,
,,,,,267614,242.98949,353,,,,,,
,,,,,268000,,,8.406790733337402,78.79438781738281,78.99493408203125,83.2453384399414,0.03706666666666668,0.001
,,,,,268165,205.70856,551,,,,,,
,,,,,268462,257.9922,297,,,,,,
,,,,,268768,233.29208,306,,,,,,
,,,,,268902,20.113304,134,,,,,,
,,,,,269000,,,7.898633003234863,84.47473907470703,84.88356018066406,82.31452941894531,0.036533333333333334,0.001
,,,,,269303,177.7221,401,,,,,,
,,,,,269647,263.16876,344,,,,,,
205.58316,120.55621,300.11743,-94.35569,306.2,270000,,,5.688311576843262,84.8222885131836,84.75347900390625,82.129638671875,0.036000000000000004,0.001
,,,,,270058,242.91176,411,,,,,,
,,,,,270188,28.621063,130,,,,,,
,,,,,270459,288.0812,271,,,,,,
,,,,,270690,279.8447,231,,,,,,
,,,,,271000,,,208.55068969726562,74.75286102294922,76.74398803710938,537.1832885742188,0.035466666666666674,0.001
,,,,,271690,-53.375343,1000,,,,,,
,,,,,272000,,,3.507218360900879,80.39125061035156,80.62367248535156,41.1396598815918,0.03493333333333333,0.001
,,,,,272002,251.23482,312,,,,,,
,,,,,272210,290.8498,208,,,,,,
,,,,,272413,286.3405,203,,,,,,
,,,,,272666,285.07657,253,,,,,,
,,,,,272939,271.26996,273,,,,,,
,,,,,273000,,,3.3308191299438477,79.61128997802734,79.53401184082031,39.006813049316406,0.034400000000000014,0.001
,,,,,273424,-93.82935,485,,,,,,
,,,,,273724,224.43704,300,,,,,,
,,,,,274000,,,5.556299686431885,70.39844512939453,70.27912902832031,57.83622741699219,0.03386666666666667,0.001
,,,,,274195,211.6995,471,,,,,,
,,,,,274560,239.04692,365,,,,,,
,,,,,275000,,,4.4311017990112305,86.21295166015625,86.49837493896484,59.046749114990234,0.03333333333333334,0.001
,,,,,275153,246.49837,593,,,,,,
,,,,,275471,216.8312,318,,,,,,
,,,,,276000,,,17.326417922973633,75.79244995117188,74.60020446777344,100.5736083984375,0.03280000000000001,0.001
,,,,,276302,231.1877,831,,,,,,
,,,,,276449,266.9566,147,,,,,,
,,,,,276958,219.31773,509,,,,,,
,,,,,277000,,,7.547011375427246,81.38318634033203,81.006103515625,93.23444366455078,0.032266666666666666,0.001
,,,,,277322,284.66675,364,,,,,,
,,,,,277540,281.62115,218,,,,,,
,,,,,277829,265.1129,289,,,,,,
,,,,,278000,,,5.314724445343018,79.70448303222656,79.61051940917969,50.94123458862305,0.031733333333333336,0.001
,,,,,278764,119.122185,935,,,,,,
,,,,,278975,251.49712,211,,,,,,
,,,,,279000,,,11.795326232910156,84.4089584350586,84.85541534423828,69.11418914794922,0.031200000000000006,0.001
,,,,,279353,237.21844,378,,,,,,
,,,,,279752,275.35352,399,,,,,,
217.754,83.01074,269.65726,7.5819473,310.2,280000,,,4.898470878601074,83.88775634765625,83.55921173095703,60.953277587890625,0.03066666666666666,0.001
,,,,,280116,235.28415,364,,,,,,
,,,,,280342,252.57704,226,,,,,,
,,,,,280647,226.27747,305,,,,,,
,,,,,281000,,,7.298771858215332,83.85365295410156,84.6534194946289,51.076236724853516,0.030133333333333345,0.001
,,,,,281445,124.727295,798,,,,,,
,,,,,282000,,,11.657085418701172,72.13631439208984,72.72013092041016,108.90231323242188,0.0296,0.001
,,,,,282285,218.66818,840,,,,,,
,,,,,282867,243.19077,582,,,,,,
,,,,,283000,,,16.567224502563477,83.94699096679688,83.27142333984375,160.89395141601562,0.02906666666666667,0.001
,,,,,283023,281.63727,156,,,,,,
,,,,,283229,263.7712,206,,,,,,
,,,,,283977,128.83057,748,,,,,,
,,,,,284000,,,11.19671630859375,74.93928527832031,74.69876098632812,79.47897338867188,0.02853333333333334,0.001
,,,,,284230,288.9615,253,,,,,,
,,,,,284553,215.49557,323,,,,,,
,,,,,285000,,,9.707188606262207,78.8006362915039,79.55575561523438,97.88465118408203,0.027999999999999997,0.001
,,,,,285036,286.28256,483,,,,,,
,,,,,286000,,,9.413412094116211,87.554931640625,87.5654296875,75.46173858642578,0.02746666666666668,0.001
,,,,,286036,-26.697048,1000,,,,,,
,,,,,286308,269.557,272,,,,,,
,,,,,286521,240.68512,213,,,,,,
,,,,,287000,,,5.825654983520508,74.89190673828125,74.43873596191406,56.94330978393555,0.026933333333333337,0.001
,,,,,287521,40.450317,1000,,,,,,
,,,,,288000,,,7.2674241065979,68.48363494873047,68.49220275878906,61.57155990600586,0.026400000000000007,0.001
,,,,,288217,155.70044,696,,,,,,
,,,,,288458,250.22412,241,,,,,,
,,,,,288686,271.42838,228,,,,,,
,,,,,288861,251.12656,175,,,,,,
,,,,,289000,,,9.27963924407959,79.13902282714844,79.27947235107422,81.74378967285156,0.025866666666666677,0.001
,,,,,289821,-161.97787,960,,,,,,
153.36487,185.34657,280.91125,-300.75018,416.8,290000,,,15.590027809143066,71.07306671142578,69.62067413330078,132.51589965820312,0.025333333333333333,0.001
,,,,,290042,272.27295,221,,,,,,
,,,,,290243,-156.03186,201,,,,,,
,,,,,290464,251.33644,221,,,,,,
,,,,,290623,221.89929,159,,,,,,
,,,,,290985,204.4854,362,,,,,,
,,,,,291000,,,12.355018615722656,89.82921600341797,90.23035430908203,106.932373046875,0.024800000000000003,0.001
,,,,,291236,279.6987,251,,,,,,
,,,,,291531,-196.40259,295,,,,,,
,,,,,291710,310.3932,179,,,,,,
,,,,,292000,,,12.117225646972656,69.96232604980469,70.05946350097656,95.43524169921875,0.024266666666666672,0.001
,,,,,292285,214.93254,575,,,,,,
,,,,,292628,-134.4272,343,,,,,,
,,,,,292833,256.41925,205,,,,,,
,,,,,293000,,,6.627648830413818,86.18708038330078,85.92335510253906,58.858829498291016,0.02373333333333333,0.001
,,,,,293243,219.0206,410,,,,,,
,,,,,293434,-233.99417,191,,,,,,
,,,,,293660,265.39618,226,,,,,,
,,,,,293848,252.13635,188,,,,,,
,,,,,294000,,,4.484854698181152,68.4030532836914,69.19413757324219,57.765811920166016,0.023200000000000012,0.001
,,,,,294071,253.60373,223,,,,,,
,,,,,294327,259.58197,256,,,,,,
,,,,,294536,256.43384,209,,,,,,
,,,,,294998,238.06294,462,,,,,,
,,,,,295000,,,4.171733856201172,87.64031982421875,87.37733459472656,66.46688842773438,0.02266666666666667,0.001
,,,,,295368,184.58498,370,,,,,,
,,,,,295605,222.50177,237,,,,,,
,,,,,295747,243.51286,142,,,,,,
,,,,,295989,243.60468,242,,,,,,
,,,,,296000,,,9.646050453186035,71.86553955078125,73.02738952636719,119.99830627441406,0.022133333333333338,0.001
,,,,,296232,250.8583,243,,,,,,
,,,,,296536,154.32549,304,,,,,,
,,,,,296853,205.20343,317,,,,,,
,,,,,297000,,,7.755846977233887,80.15675354003906,80.12939453125,58.95024490356445,0.021600000000000008,0.001
,,,,,297228,279.0735,375,,,,,,
,,,,,297422,282.89258,194,,,,,,
,,,,,297603,265.40057,181,,,,,,
,,,,,297897,-118.747894,294,,,,,,
,,,,,298000,,,3.825521945953369,84.02931213378906,84.41133880615234,46.12751388549805,0.021066666666666664,0.001
,,,,,298897,0.6756295,1000,,,,,,
,,,,,299000,,,3.2813572883605957,82.2574234008789,82.18545532226562,33.9970703125,0.020533333333333334,0.001
,,,,,299132,207.9299,235,,,,,,
,,,,,299707,257.4123,575,,,,,,
,,,,,299989,224.68748,282,,,,,,
156.75333,152.65321,265.21393,-275.56143,463.1,300000,,,52.09463119506836,86.72245025634766,85.08306884765625,252.60333251953125,0.02,0.001
,,,,,300314,199.64127,325,,,,,,
,,,,,300438,-51.57186,124,,,,,,
,,,,,300949,227.35402,511,,,,,,
,,,,,301000,,,52.36842346191406,73.15194702148438,72.99594116210938,193.8762969970703,0.02,0.001
,,,,,301457,262.01215,508,,,,,,
,,,,,301704,275.42917,247,,,,,,
,,,,,302000,,,6.196415901184082,78.6729507446289,78.9042739868164,56.99581527709961,0.02,0.001
,,,,,302004,232.04694,300,,,,,,
,,,,,302197,7.2165527,193,,,,,,
,,,,,302410,293.20032,213,,,,,,
,,,,,303000,,,146.28622436523438,78.46194458007812,76.6337661743164,279.94573974609375,0.02,0.001
,,,,,303371,235.37253,961,,,,,,
,,,,,303859,236.55728,488,,,,,,
,,,,,304000,,,9.044050216674805,79.56582641601562,79.2874526977539,78.49543762207031,0.02,0.001
,,,,,304209,236.10454,350,,,,,,
,,,,,304693,179.67268,484,,,,,,
,,,,,304935,282.09186,242,,,,,,
,,,,,305000,,,13.981832504272461,76.48587036132812,76.81641387939453,75.74376678466797,0.02,0.001
,,,,,305232,237.18675,297,,,,,,
,,,,,305737,176.74257,505,,,,,,
,,,,,306000,,,13.816746711730957,71.12626647949219,71.8478775024414,92.90216064453125,0.02,0.001
,,,,,306068,258.40222,331,,,,,,
,,,,,306297,256.75568,229,,,,,,
,,,,,306878,135.73988,581,,,,,,
,,,,,307000,,,8.29623031616211,82.21495056152344,82.29421997070312,56.11749267578125,0.02,0.001
,,,,,307180,226.9523,302,,,,,,
,,,,,307501,269.0291,321,,,,,,
,,,,,308000,,,6.184808254241943,80.8351821899414,80.57540893554688,60.211631774902344,0.02,0.001
,,,,,308497,267.56244,996,,,,,,
,,,,,309000,,,5.927255630493164,68.89694213867188,68.4886703491211,62.21844482421875,0.02,0.001
,,,,,309188,-182.86914,691,,,,,,
,,,,,309545,232.86978,357,,,,,,
,,,,,309718,258.71906,173,,,,,,
,,,,,309902,0.068115234,184,,,,,,
219.475,62.138954,275.25574,59.404507,354.2,310000,,,7.106102466583252,79.39024353027344,80.19048309326172,63.43850326538086,0.02,0.001
,,,,,310094,280.15536,192,,,,,,
,,,,,310532,275.1961,438,,,,,,
,,,,,310851,-146.88841,319,,,,,,
,,,,,311000,,,12.364551544189453,86.54649353027344,87.3253173828125,112.10874938964844,0.02,0.001
,,,,,311032,-3.894638,181,,,,,,
,,,,,311413,235.82407,381,,,,,,
,,,,,312000,,,16.8593807220459,86.57392883300781,87.51789855957031,135.10829162597656,0.02,0.001
,,,,,312057,259.68237,644,,,,,,
,,,,,312362,272.4997,305,,,,,,
,,,,,313000,,,5.876321315765381,87.52522277832031,86.8775863647461,48.94374084472656,0.02,0.001
,,,,,313320,150.49693,958,,,,,,
,,,,,313838,253.35568,518,,,,,,
,,,,,314000,,,13.47476863861084,85.15879821777344,86.2259292602539,151.0983123779297,0.02,0.001
,,,,,314354,261.3072,516,,,,,,
,,,,,314740,-214.99753,386,,,,,,
,,,,,315000,,,6.601922512054443,66.01798248291016,65.79569244384766,60.93357467651367,0.02,0.001
,,,,,315208,259.64185,468,,,,,,
,,,,,315352,263.18622,144,,,,,,
,,,,,315701,238.01283,349,,,,,,
,,,,,315932,261.3709,231,,,,,,
,,,,,316000,,,6.223288536071777,68.73497009277344,69.17424011230469,55.5838623046875,0.02,0.001
,,,,,316162,263.9214,230,,,,,,
,,,,,316499,194.7218,337,,,,,,
,,,,,316618,29.378342,119,,,,,,
,,,,,316821,275.87518,203,,,,,,
,,,,,317000,,,4.624921798706055,81.79778289794922,81.66764831542969,43.46017837524414,0.02,0.001
,,,,,317038,15.9214325,217,,,,,,
,,,,,318000,,,10.475224494934082,69.27069854736328,70.23265838623047,109.04997253417969,0.02,0.001
,,,,,318038,57.70714,1000,,,,,,
,,,,,318446,265.78894,408,,,,,,
,,,,,319000,,,5.577896595001221,87.19312286376953,87.12223815917969,60.632389068603516,0.02,0.001
,,,,,319214,240.82695,768,,,,,,
,,,,,319591,250.51411,377,,,,,,
227.24426,45.086933,276.23358,124.62522,325.4,320000,,,25.070056915283203,79.25552368164062,79.03717041015625,129.27963256835938,0.02,0.001
,,,,,320038,276.97272,447,,,,,,
,,,,,320234,277.68353,196,,,,,,
,,,,,320588,262.68494,354,,,,,,
,,,,,320798,243.76259,210,,,,,,
,,,,,321000,,,7.339913368225098,80.19808197021484,79.8847427368164,67.36563873291016,0.02,0.001
,,,,,321079,299.02496,281,,,,,,
,,,,,321488,226.50726,409,,,,,,
,,,,,321841,248.1438,353,,,,,,
,,,,,322000,,,5.109640121459961,91.63070678710938,92.0047836303711,41.808902740478516,0.02,0.001
,,,,,322220,239.28348,379,,,,,,
,,,,,322835,190.52756,615,,,,,,
,,,,,323000,,,4.2980475425720215,72.00862884521484,72.60694885253906,56.15913772583008,0.02,0.001
,,,,,323231,137.6479,396,,,,,,
,,,,,323755,278.17352,524,,,,,,
,,,,,324000,,,9.521387100219727,74.84169006347656,75.02075958251953,60.399723052978516,0.02,0.001
,,,,,324033,296.3994,278,,,,,,
,,,,,324239,263.4552,206,,,,,,
,,,,,324512,248.21202,273,,,,,,
,,,,,324809,237.4799,297,,,,,,
,,,,,325000,,,8.753328323364258,71.94867706298828,71.95512390136719,62.59600830078125,0.02,0.001
,,,,,325160,229.23741,351,,,,,,
,,,,,325436,268.50812,276,,,,,,
,,,,,325777,270.083,341,,,,,,
,,,,,326000,,,10.467425346374512,73.00617980957031,73.25418090820312,90.04052734375,0.02,0.001
,,,,,326048,276.75082,271,,,,,,
,,,,,326249,279.94904,201,,,,,,
,,,,,326650,222.30963,401,,,,,,
,,,,,327000,,,7.72172737121582,85.77801513671875,85.45950317382812,81.04582977294922,0.02,0.001
,,,,,327027,257.64822,377,,,,,,
,,,,,327207,265.53796,180,,,,,,
,,,,,327423,321.6634,216,,,,,,
,,,,,327624,257.5337,201,,,,,,
,,,,,327878,243.67462,254,,,,,,
,,,,,328000,,,3.738656759262085,72.6653060913086,73.37648010253906,93.83496856689453,0.02,0.001
,,,,,328193,289.1568,315,,,,,,
,,,,,328591,223.01837,398,,,,,,
,,,,,328889,224.87277,298,,,,,,
,,,,,329000,,,6.051571846008301,85.788818359375,85.65008544921875,44.32026672363281,0.02,0.001
,,,,,329578,247.57324,689,,,,,,
,,,,,329857,261.77426,279,,,,,,
252.96301,33.20027,294.23755,179.1006,316.0,330000,,,6.001489639282227,86.01544189453125,86.2892837524414,64.20785522460938,0.02,0.001
,,,,,330857,-85.94243,1000,,,,,,
,,,,,331000,,,11.205700874328613,71.46711730957031,72.21493530273438,72.84098052978516,0.02,0.001
,,,,,331236,269.06372,379,,,,,,
,,,,,331764,256.7393,528,,,,,,
,,,,,332000,,,35.1788215637207,91.04535675048828,91.0819320678711,125.02840423583984,0.02,0.001
,,,,,332024,241.41176,260,,,,,,
,,,,,332306,236.56944,282,,,,,,
,,,,,332723,258.59747,417,,,,,,
,,,,,333000,,,4.664940357208252,85.96410369873047,85.65660095214844,40.95063400268555,0.02,0.001
,,,,,333110,271.93015,387,,,,,,
,,,,,333609,264.43878,499,,,,,,
,,,,,334000,,,7.282980918884277,80.09513092041016,79.57524108886719,60.64836120605469,0.02,0.001
,,,,,334406,195.31403,797,,,,,,
,,,,,335000,,,6.8094611167907715,82.30538177490234,83.00454711914062,70.80303955078125,0.02,0.001
,,,,,335296,182.759,890,,,,,,
,,,,,335621,199.10873,325,,,,,,
,,,,,335917,241.941,296,,,,,,
,,,,,336000,,,18.83240509033203,76.51535034179688,75.50039672851562,111.96292114257812,0.02,0.001
,,,,,336160,238.57726,243,,,,,,
,,,,,336569,220.50012,409,,,,,,
,,,,,336815,259.27643,246,,,,,,
,,,,,337000,,,15.111089706420898,81.2403564453125,81.33451080322266,102.81953430175781,0.02,0.001
,,,,,337184,234.71764,369,,,,,,
,,,,,337508,296.15906,324,,,,,,
,,,,,338000,,,4.767329692840576,76.60791015625,76.00019073486328,67.90805053710938,0.02,0.001
,,,,,338158,157.63477,650,,,,,,
,,,,,338470,252.35422,312,,,,,,
,,,,,338839,285.47693,369,,,,,,
,,,,,339000,,,14.196866035461426,86.78884887695312,86.91735076904297,101.73896789550781,0.02,0.001
,,,,,339088,256.4707,249,,,,,,
,,,,,339408,254.36726,320,,,,,,
,,,,,339687,234.67262,279,,,,,,
,,,,,339955,288.2788,268,,,,,,
238.53499,27.631208,273.7234,178.27924,445.0,340000,,,265.2311706542969,80.47625732421875,79.3045883178711,378.4346008300781,0.02,0.001
,,,,,340153,210.15698,198,,,,,,
,,,,,340556,254.88104,403,,,,,,
,,,,,341000,,,21.49761199951172,78.48388671875,79.34839630126953,103.81275177001953,0.02,0.001
,,,,,341050,151.9944,494,,,,,,
,,,,,341324,221.59305,274,,,,,,
,,,,,341597,265.1887,273,,,,,,
,,,,,341764,257.61752,167,,,,,,
,,,,,342000,,,7.060452938079834,86.43612670898438,86.40870666503906,49.1986083984375,0.02,0.001
,,,,,342224,262.77872,460,,,,,,
,,,,,342445,273.10468,221,,,,,,
,,,,,342866,252.66914,421,,,,,,
,,,,,343000,,,6.6619553565979,87.33071899414062,87.67814636230469,66.60469818115234,0.02,0.001
,,,,,343056,275.3566,190,,,,,,
,,,,,343368,236.45914,312,,,,,,
,,,,,343704,-201.62506,336,,,,,,
,,,,,343996,209.91724,292,,,,,,
,,,,,344000,,,31.49070167541504,66.9754638671875,67.30443572998047,176.9110870361328,0.02,0.001
,,,,,344318,206.20334,322,,,,,,
,,,,,345000,,,3.505876302719116,78.86406707763672,79.31430053710938,48.4814453125,0.02,0.001
,,,,,345131,246.04842,813,,,,,,
,,,,,346000,,,15.039783477783203,74.8753662109375,74.56078338623047,99.28538513183594,0.02,0.001
,,,,,346131,116.37303,1000,,,,,,
,,,,,346298,20.521347,167,,,,,,
,,,,,346570,284.39862,272,,,,,,
,,,,,346764,273.63754,194,,,,,,
,,,,,347000,,,9.694051742553711,78.83363342285156,78.45164489746094,73.53897857666016,0.02,0.001
,,,,,347107,-90.842026,343,,,,,,
,,,,,347326,247.71802,219,,,,,,
,,,,,347561,284.4666,235,,,,,,
,,,,,347919,211.22241,358,,,,,,
,,,,,348000,,,3.9311585426330566,82.38328552246094,82.54449462890625,58.407894134521484,0.02,0.001
,,,,,348108,263.27118,189,,,,,,
,,,,,348423,218.42902,315,,,,,,
,,,,,348750,292.14893,327,,,,,,
,,,,,348947,252.98695,197,,,,,,
,,,,,349000,,,2.8259449005126953,89.72236633300781,89.36442565917969,36.70743942260742,0.02,0.001
,,,,,349110,240.93367,163,,,,,,
216.46834,83.63439,288.17673,25.355713,375.5,350000,,,5.272461891174316,82.43960571289062,82.30451202392578,42.35136032104492,0.02,0.001
,,,,,350085,218.7213,975,,,,,,
,,,,,350527,237.81033,442,,,,,,
,,,,,350822,255.97322,295,,,,,,
,,,,,351000,,,6.718703746795654,90.64137268066406,90.57730865478516,55.62494659423828,0.02,0.001
,,,,,351524,220.46268,702,,,,,,
,,,,,351886,249.95084,362,,,,,,
,,,,,352000,,,112.31524658203125,76.4169692993164,76.95875549316406,227.05828857421875,0.02,0.001
,,,,,352271,276.96652,385,,,,,,
,,,,,352444,257.4206,173,,,,,,
,,,,,352845,181.50182,401,,,,,,
,,,,,353000,,,11.232056617736816,78.71654510498047,79.20221710205078,78.05693054199219,0.02,0.001
,,,,,353160,261.05008,315,,,,,,
,,,,,353380,246.78984,220,,,,,,
,,,,,353901,195.71503,521,,,,,,
,,,,,354000,,,8.091489791870117,86.93586730957031,87.68107604980469,109.59632873535156,0.02,0.001
,,,,,354101,261.49615,200,,,,,,
,,,,,354343,233.05858,242,,,,,,
,,,,,354654,258.51306,311,,,,,,
,,,,,355000,,,21.418031692504883,70.35333251953125,70.47845458984375,169.43260192871094,0.02,0.001
,,,,,355064,196.06342,410,,,,,,
,,,,,355297,250.13129,233,,,,,,
,,,,,355778,178.88037,481,,,,,,
,,,,,356000,,,18.86217498779297,87.11665344238281,86.26686096191406,110.91814422607422,0.02,0.001
,,,,,356085,281.50107,307,,,,,,
,,,,,356397,263.50818,312,,,,,,
,,,,,356613,265.88547,216,,,,,,
,,,,,357000,,,4.734347343444824,88.4411392211914,88.4678726196289,47.52562713623047,0.02,0.001
,,,,,357003,299.90216,390,,,,,,
,,,,,357119,13.838554,116,,,,,,
,,,,,357406,193.2893,287,,,,,,
,,,,,357738,244.40247,332,,,,,,
,,,,,358000,,,29.871747970581055,80.28401947021484,80.76519775390625,83.2418441772461,0.02,0.001
,,,,,358051,293.66846,313,,,,,,
,,,,,358306,245.09213,255,,,,,,
,,,,,358640,240.86314,334,,,,,,
,,,,,358880,269.40985,240,,,,,,
,,,,,359000,,,6.682058811187744,89.08453369140625,88.02497863769531,102.85462951660156,0.02,0.001
,,,,,359119,242.65906,239,,,,,,
,,,,,359473,251.08916,354,,,,,,
,,,,,359798,270.36493,325,,,,,,
,,,,,359965,-180.81128,167,,,,,,
197.33188,124.21725,293.89978,-84.31141,295.2,360000,,,7.702301502227783,81.5672607421875,81.6091537475586,52.18533706665039,0.02,0.001
,,,,,360266,262.604,301,,,,,,
,,,,,360498,247.76547,232,,,,,,
,,,,,360676,249.84236,178,,,,,,
,,,,,360939,228.80356,263,,,,,,
,,,,,361000,,,11.848533630371094,85.84489440917969,86.12751007080078,83.8411636352539,0.02,0.001
,,,,,361305,259.53293,366,,,,,,
,,,,,361705,282.0434,400,,,,,,
,,,,,361967,252.37103,262,,,,,,
,,,,,362000,,,7.828033447265625,80.84573364257812,81.40574645996094,98.39451599121094,0.02,0.001
,,,,,362207,247.83136,240,,,,,,
,,,,,362428,293.83282,221,,,,,,
,,,,,362740,-234.13347,312,,,,,,
,,,,,363000,,,6.206304550170898,86.39702606201172,86.70787811279297,50.41912078857422,0.02,0.001
,,,,,363090,270.67642,350,,,,,,
,,,,,363450,215.43349,360,,,,,,
,,,,,363691,241.9451,241,,,,,,
,,,,,364000,232.15923,309,,,,,,
,,,,,364000,,,49.713191986083984,82.75924682617188,84.08267974853516,80.00950622558594,0.02,0.001
,,,,,364382,194.99754,382,,,,,,
,,,,,364647,-39.573486,265,,,,,,
,,,,,364922,297.29263,275,,,,,,
,,,,,365000,,,23.61068344116211,88.15839385986328,87.0179214477539,107.87874603271484,0.02,0.001
,,,,,365228,260.33902,306,,,,,,
,,,,,365551,264.75488,323,,,,,,
,,,,,366000,,,15.765743255615234,80.6134033203125,80.80638885498047,75.66160583496094,0.02,0.001
,,,,,366157,235.9304,606,,,,,,
,,,,,366355,284.4981,198,,,,,,
,,,,,367000,,,5.765410900115967,83.72051239013672,83.85587310791016,66.27374267578125,0.02,0.001
,,,,,367091,261.52563,736,,,,,,
,,,,,367332,230.3655,241,,,,,,
,,,,,367939,184.14932,607,,,,,,
,,,,,368000,,,6.580206394195557,100.52836608886719,100.15019226074219,79.6821060180664,0.02,0.001
,,,,,368316,191.11276,377,,,,,,
,,,,,368579,294.9702,263,,,,,,
,,,,,368959,229.84416,380,,,,,,
,,,,,369000,,,18.896556854248047,82.46403503417969,82.16090393066406,111.36138916015625,0.02,0.001
,,,,,369362,197.53383,403,,,,,,
,,,,,369570,236.55234,208,,,,,,
167.82036,125.19267,284.90918,-80.468765,564.0,370000,,,8.030299186706543,95.45328521728516,95.36197662353516,62.39020919799805,0.02,0.001
,,,,,370015,223.74442,445,,,,,,
,,,,,370348,311.85217,333,,,,,,
,,,,,370781,256.67496,433,,,,,,
,,,,,371000,,,5.629836082458496,85.69408416748047,86.36770629882812,59.4732780456543,0.02,0.001
,,,,,371269,229.44699,488,,,,,,
,,,,,371521,258.2326,252,,,,,,
,,,,,371752,284.12967,231,,,,,,
,,,,,371950,252.44373,198,,,,,,
,,,,,372000,,,8.949726104736328,90.35098266601562,89.77458190917969,103.07551574707031,0.02,0.001
,,,,,372111,-190.51654,161,,,,,,
,,,,,372468,-191.65138,357,,,,,,
,,,,,372859,289.41223,391,,,,,,
,,,,,373000,,,2.705840587615967,88.67205810546875,88.50992584228516,44.55378341674805,0.02,0.001
,,,,,373288,213.89622,429,,,,,,
,,,,,373522,269.4472,234,,,,,,
,,,,,373750,254.86862,228,,,,,,
,,,,,373966,244.65509,216,,,,,,
,,,,,374000,,,8.611977577209473,72.98235321044922,73.2779769897461,63.843017578125,0.02,0.001
,,,,,374449,272.41998,483,,,,,,
,,,,,375000,,,9.27354907989502,91.42168426513672,91.82093048095703,71.09349822998047,0.02,0.001
,,,,,375432,236.53896,983,,,,,,
,,,,,375651,299.55676,219,,,,,,
,,,,,375850,248.83293,199,,,,,,
,,,,,376000,,,6.0485005378723145,76.80499267578125,77.1887435913086,54.146331787109375,0.02,0.001
,,,,,376064,251.82567,214,,,,,,
,,,,,376426,269.38104,362,,,,,,
,,,,,376676,263.01715,250,,,,,,
,,,,,376910,249.0859,234,,,,,,
,,,,,377000,,,29.152158737182617,78.584228515625,77.3597183227539,124.93350219726562,0.02,0.001
,,,,,377225,283.91858,315,,,,,,
,,,,,377860,181.1186,635,,,,,,
,,,,,378000,,,19.422290802001953,78.67761993408203,78.48482513427734,60.471710205078125,0.02,0.001
,,,,,378007,291.65247,147,,,,,,
,,,,,378298,271.47974,291,,,,,,
,,,,,378569,269.18683,271,,,,,,
,,,,,378856,222.93102,287,,,,,,
,,,,,379000,,,10.978999137878418,86.2016372680664,86.19916534423828,75.01358032226562,0.02,0.001
,,,,,379133,298.65588,277,,,,,,
,,,,,379437,251.2838,304,,,,,,
,,,,,379750,283.0689,313,,,,,,
190.61755,98.15228,276.42596,0.791626,310.8,380000,,,7.455569267272949,77.93762969970703,77.41879272460938,58.3977165222168,0.02,0.001
,,,,,380073,280.22644,323,,,,,,
,,,,,380471,215.92302,398,,,,,,
,,,,,380604,-15.875992,133,,,,,,
,,,,,380755,284.5315,151,,,,,,
,,,,,381000,,,478.049560546875,76.63601684570312,75.49153900146484,195.40704345703125,0.02,0.001
,,,,,381267,257.4779,512,,,,,,
,,,,,381529,295.52264,262,,,,,,
,,,,,381779,274.68127,250,,,,,,
,,,,,381943,30.282272,164,,,,,,
,,,,,382000,,,8.622550010681152,90.6284408569336,90.8101806640625,73.65927124023438,0.02,0.001
,,,,,382286,286.1479,343,,,,,,
,,,,,382613,257.3421,327,,,,,,
,,,,,382914,291.86838,301,,,,,,
,,,,,383000,,,6.2603254318237305,91.56661987304688,92.01100158691406,66.06481170654297,0.02,0.001
,,,,,383258,246.87112,344,,,,,,
,,,,,383581,281.0293,323,,,,,,
,,,,,384000,,,9.713647842407227,83.63895416259766,84.4286880493164,72.00895690917969,0.02,0.001
,,,,,384040,-83.98499,459,,,,,,
,,,,,384365,267.12006,325,,,,,,
,,,,,384570,15.400558,205,,,,,,
,,,,,384846,245.21704,276,,,,,,
,,,,,385000,,,47.58125305175781,88.45344543457031,87.74887084960938,188.28482055664062,0.02,0.001
,,,,,385090,273.69348,244,,,,,,
,,,,,385390,240.66463,300,,,,,,
,,,,,385875,203.35153,485,,,,,,
,,,,,386000,,,4.120974063873291,91.74896240234375,92.07075500488281,43.480316162109375,0.02,0.001
,,,,,386405,220.16776,530,,,,,,
,,,,,386675,272.466,270,,,,,,
,,,,,387000,,,7.982108116149902,86.59056091308594,86.18527221679688,77.2806167602539,0.02,0.001
,,,,,387030,251.48758,355,,,,,,
,,,,,387718,196.55307,688,,,,,,
,,,,,388000,,,6.898137092590332,81.90479278564453,81.50607299804688,80.65185546875,0.02,0.001
,,,,,388236,240.27917,518,,,,,,
,,,,,388575,254.85963,339,,,,,,
,,,,,389000,,,86.9944076538086,83.67261505126953,82.83206176757812,335.823974609375,0.02,0.001
,,,,,389271,231.26399,696,,,,,,
,,,,,389519,266.16095,248,,,,,,
233.93315,47.290836,289.85767,118.30607,402.9,390000,,,14.529291152954102,90.19148254394531,89.6986312866211,86.41011047363281,0.02,0.001
,,,,,390132,139.18266,613,,,,,,
,,,,,390396,299.88727,264,,,,,,
,,,,,390811,214.90839,415,,,,,,
,,,,,391000,,,9.10307788848877,81.61073303222656,81.81393432617188,87.0560531616211,0.02,0.001
,,,,,391362,235.30591,551,,,,,,
,,,,,391685,233.57367,323,,,,,,
,,,,,391980,258.67822,295,,,,,,
,,,,,392000,,,3.377166986465454,90.16502380371094,90.21269226074219,38.74480438232422,0.02,0.001
,,,,,392364,256.9748,384,,,,,,
,,,,,393000,,,9.672337532043457,79.3231201171875,78.85938262939453,59.170753479003906,0.02,0.001
,,,,,393102,254.90227,738,,,,,,
,,,,,393398,273.82236,296,,,,,,
,,,,,393535,41.501114,137,,,,,,
,,,,,393957,194.56488,422,,,,,,
,,,,,394000,,,72.61819458007812,68.77717590332031,68.33145904541016,183.18568420410156,0.02,0.001
,,,,,394243,278.0639,286,,,,,,
,,,,,394481,285.96964,238,,,,,,
,,,,,395000,,,9.797379493713379,87.47364807128906,86.9259033203125,73.57923889160156,0.02,0.001
,,,,,395020,270.37668,539,,,,,,
,,,,,395492,240.17871,472,,,,,,
,,,,,395722,285.985,230,,,,,,
,,,,,396000,,,51.401065826416016,79.5865707397461,80.43836212158203,248.39292907714844,0.02,0.001
,,,,,396307,176.57361,585,,,,,,
,,,,,396551,252.53122,244,,,,,,
,,,,,396924,245.99683,373,,,,,,
,,,,,397000,,,734.6471557617188,82.66358184814453,86.17770385742188,1076.140380859375,0.02,0.001
,,,,,397171,-84.54693,247,,,,,,
,,,,,397630,227.63321,459,,,,,,
,,,,,397990,203.64673,360,,,,,,
,,,,,398000,,,10.828283309936523,84.40584564208984,84.13763427734375,69.19568634033203,0.02,0.001
,,,,,398178,258.28915,188,,,,,,
,,,,,398452,286.60162,274,,,,,,
,,,,,398744,312.9933,292,,,,,,
,,,,,399000,,,9.325705528259277,87.8442153930664,87.29652404785156,70.81086730957031,0.02,0.001
,,,,,399319,192.11293,575,,,,,,
,,,,,399809,223.44144,490,,,,,,
250.67448,45.60842,299.51263,136.85583,369.8,400000,,,6.383429527282715,89.7439956665039,90.39463806152344,71.60868072509766,0.02,0.001
,,,,,400077,288.04367,268,,,,,,
,,,,,400314,293.02386,237,,,,,,
,,,,,400582,238.72224,268,,,,,,
,,,,,400821,238.37619,239,,,,,,
,,,,,401000,,,9.320578575134277,91.29135131835938,91.39462280273438,58.917030334472656,0.02,0.001
,,,,,401071,255.50928,250,,,,,,
,,,,,401341,185.70229,270,,,,,,
,,,,,401656,249.52922,315,,,,,,
,,,,,401925,280.60785,269,,,,,,
,,,,,402000,,,9.57502269744873,87.86075592041016,87.53430938720703,68.89682006835938,0.02,0.001
,,,,,402184,291.80273,259,,,,,,
,,,,,402466,282.11838,282,,,,,,
,,,,,402693,304.0426,227,,,,,,
,,,,,403000,,,33.92103958129883,87.51447296142578,87.63136291503906,89.1600112915039,0.02,0.001
,,,,,403069,215.23569,376,,,,,,
,,,,,403333,262.71576,264,,,,,,
,,,,,403568,265.15204,235,,,,,,
,,,,,404000,,,8.655966758728027,83.08906555175781,82.887939453125,58.004974365234375,0.02,0.001
,,,,,404027,244.85599,459,,,,,,
,,,,,404351,-77.01728,324,,,,,,
,,,,,404897,196.59344,546,,,,,,
,,,,,405000,,,5.673736095428467,73.26502227783203,73.10071563720703,52.25492477416992,0.02,0.001
,,,,,405524,186.51672,627,,,,,,
,,,,,405782,267.32947,258,,,,,,
,,,,,406000,,,7.716179370880127,77.76461029052734,77.93732452392578,62.15730667114258,0.02,0.001
,,,,,406184,163.72125,402,,,,,,
,,,,,406474,249.27988,290,,,,,,
,,,,,406705,274.04257,231,,,,,,
,,,,,407000,,,9.937904357910156,85.33474731445312,84.73876953125,77.77777099609375,0.02,0.001
,,,,,407533,219.35114,828,,,,,,
,,,,,407799,233.50696,266,,,,,,
,,,,,408000,,,30.127370834350586,88.90876007080078,89.72441864013672,129.98663330078125,0.02,0.001
,,,,,408059,290.8991,260,,,,,,
,,,,,408377,274.77075,318,,,,,,
,,,,,408608,253.01031,231,,,,,,
,,,,,408878,296.62903,270,,,,,,
,,,,,409000,,,21.07670021057129,88.07266998291016,88.73514556884766,77.03170013427734,0.02,0.001
,,,,,409222,-269.2578,344,,,,,,
,,,,,409621,256.0672,399,,,,,,
,,,,,409735,22.232658,114,,,,,,
162.97003,144.45056,262.03262,-219.45007,438.1,410000,,,7.016982078552246,83.23307037353516,83.31204986572266,38.8934326171875,0.02,0.001
,,,,,410092,239.71754,357,,,,,,
,,,,,410371,277.15607,279,,,,,,
,,,,,410664,222.40689,293,,,,,,
,,,,,411000,,,9.56486701965332,84.61444091796875,84.1895980834961,58.627708435058594,0.02,0.001
,,,,,411087,212.68655,423,,,,,,
,,,,,411648,270.51758,561,,,,,,
,,,,,411958,304.4093,310,,,,,,
,,,,,412000,,,5.499869346618652,90.30925750732422,90.56654357910156,60.32761764526367,0.02,0.001
,,,,,412262,218.72769,304,,,,,,
,,,,,412464,279.27832,202,,,,,,
,,,,,412641,291.06516,177,,,,,,
,,,,,413000,,,13.718999862670898,77.05831909179688,76.68770599365234,77.22261810302734,0.02,0.001
,,,,,413235,198.1617,594,,,,,,
,,,,,413659,279.09412,424,,,,,,
,,,,,413932,48.12352,273,,,,,,
,,,,,414000,,,4.018450736999512,85.68092346191406,85.61214447021484,44.231163024902344,0.02,0.001
,,,,,414140,-31.950134,208,,,,,,
,,,,,414462,223.5203,322,,,,,,
,,,,,414657,248.65715,195,,,,,,
,,,,,414857,259.1114,200,,,,,,
,,,,,415000,,,26.246410369873047,75.77605438232422,75.310791015625,146.41200256347656,0.02,0.001
,,,,,415076,252.74512,219,,,,,,
,,,,,415800,247.06932,724,,,,,,
,,,,,416000,,,5.345382213592529,86.43621826171875,86.80686950683594,55.512855529785156,0.02,0.001
,,,,,416800,-109.59792,1000,,,,,,
,,,,,417000,,,29.964048385620117,79.01374053955078,77.75247955322266,140.8334503173828,0.02,0.001
,,,,,417106,252.19315,306,,,,,,
,,,,,417383,234.99834,277,,,,,,
,,,,,417889,303.83954,506,,,,,,
,,,,,418000,,,32.773624420166016,93.02581787109375,93.26445007324219,102.76403045654297,0.02,0.001
,,,,,418096,241.0457,207,,,,,,
,,,,,418325,273.70895,229,,,,,,
,,,,,418835,240.02565,510,,,,,,
,,,,,419000,,,8.479948997497559,86.8866958618164,87.64627838134766,64.6221923828125,0.02,0.001
,,,,,419099,275.0825,264,,,,,,
,,,,,419569,304.4936,470,,,,,,
,,,,,419789,282.89246,220,,,,,,
188.6591,154.84044,316.37668,-201.23642,386.9,420000,,,33.57795333862305,76.3005599975586,76.73463439941406,152.80479431152344,0.02,0.001
,,,,,420444,218.51582,655,,,,,,
,,,,,420915,209.01071,471,,,,,,
,,,,,421000,,,3.9618582725524902,85.09471130371094,84.62100982666016,42.64726638793945,0.02,0.001
,,,,,421234,289.02948,319,,,,,,
,,,,,421434,274.89484,200,,,,,,
,,,,,422000,,,4.904167175292969,76.84380340576172,76.93085479736328,35.993465423583984,0.02,0.001
,,,,,422122,215.45181,688,,,,,,
,,,,,422427,273.53937,305,,,,,,
,,,,,422756,228.34982,329,,,,,,
,,,,,423000,,,6.066650390625,82.75503540039062,81.86692810058594,55.63734436035156,0.02,0.001
,,,,,423054,-78.15306,298,,,,,,
,,,,,423319,248.1953,265,,,,,,
,,,,,423563,299.47015,244,,,,,,
,,,,,423947,278.61633,384,,,,,,
,,,,,424000,,,68.27574157714844,86.14115905761719,87.03715515136719,177.06224060058594,0.02,0.001
,,,,,424129,269.81796,182,,,,,,
,,,,,424325,252.0321,196,,,,,,
,,,,,424462,-4.53553,137,,,,,,
,,,,,424706,283.33014,244,,,,,,
,,,,,424942,290.0827,236,,,,,,
,,,,,425000,,,4.5883588790893555,84.74012756347656,85.18204498291016,49.49066162109375,0.02,0.001
,,,,,425584,198.28331,642,,,,,,
,,,,,425765,266.74918,181,,,,,,
,,,,,426000,,,4.121124744415283,81.66120147705078,81.58457946777344,40.590049743652344,0.02,0.001
,,,,,426169,250.98085,404,,,,,,
,,,,,426514,251.72928,345,,,,,,
,,,,,426891,252.60089,377,,,,,,
,,,,,427000,,,356.5376281738281,77.46404266357422,76.00812530517578,463.91644287109375,0.02,0.001
,,,,,427692,161.761,801,,,,,,
,,,,,427953,306.16006,261,,,,,,
,,,,,428000,,,7.49481725692749,76.39613342285156,76.03132629394531,62.349082946777344,0.02,0.001
,,,,,428379,274.00238,426,,,,,,
,,,,,428634,233.46367,255,,,,,,
,,,,,429000,,,5.956063270568848,72.76299285888672,73.17073059082031,51.79587173461914,0.02,0.001
,,,,,429172,295.14847,538,,,,,,
,,,,,429349,243.40468,177,,,,,,
,,,,,429597,271.54953,248,,,,,,
,,,,,429767,260.4375,170,,,,,,
234.17912,78.552124,288.406,18.596832,317.6,430000,,,4.742025852203369,79.39588928222656,79.59375,54.889522552490234,0.02,0.001
,,,,,430076,274.16675,309,,,,,,
,,,,,430310,247.7147,234,,,,,,
,,,,,431000,,,9.286384582519531,88.48573303222656,88.05819702148438,78.13556671142578,0.02,0.001
,,,,,431054,190.36465,744,,,,,,
,,,,,431215,253.71312,161,,,,,,
,,,,,431507,246.39235,292,,,,,,
,,,,,431868,269.93286,361,,,,,,
,,,,,432000,,,46.315025329589844,74.64952087402344,74.5814437866211,117.21674346923828,0.02,0.001
,,,,,432090,244.70856,222,,,,,,
,,,,,432388,247.23257,298,,,,,,
,,,,,432608,286.45483,220,,,,,,
,,,,,432840,293.93552,232,,,,,,
,,,,,433000,,,3.978811740875244,84.49192810058594,84.36967468261719,41.86506271362305,0.02,0.001
,,,,,433195,214.43771,355,,,,,,
,,,,,433442,246.68011,247,,,,,,
,,,,,433838,234.60402,396,,,,,,
,,,,,434000,,,6.489490509033203,81.25028228759766,81.1553955078125,58.806461334228516,0.02,0.001
,,,,,434031,240.52138,193,,,,,,
,,,,,434243,-123.31193,212,,,,,,
,,,,,434444,244.53935,201,,,,,,
,,,,,434667,256.84927,223,,,,,,
,,,,,435000,,,8.359392166137695,89.25592041015625,88.55792999267578,94.06130981445312,0.02,0.001
,,,,,435137,261.65308,470,,,,,,
,,,,,435344,317.1841,207,,,,,,
,,,,,435632,277.78198,288,,,,,,
,,,,,435806,242.62254,174,,,,,,
,,,,,436000,,,4.735953330993652,78.6995849609375,79.23405456542969,77.29931640625,0.02,0.001
,,,,,436443,219.29192,637,,,,,,
,,,,,436715,245.5136,272,,,,,,
,,,,,436983,236.80246,268,,,,,,
,,,,,437000,,,5.275323867797852,80.02238464355469,79.74748992919922,63.40559768676758,0.02,0.001
,,,,,437188,252.1261,205,,,,,,
,,,,,437990,246.90883,802,,,,,,
,,,,,438000,,,3.8812127113342285,78.80833435058594,78.8597412109375,43.82913589477539,0.02,0.001
,,,,,438247,279.31116,257,,,,,,
,,,,,438572,-188.94695,325,,,,,,
,,,,,438824,244.08037,252,,,,,,
,,,,,439000,,,11.142800331115723,77.99261474609375,77.2441177368164,82.97532653808594,0.02,0.001
,,,,,439079,259.34235,255,,,,,,
,,,,,439477,250.85464,398,,,,,,
,,,,,439826,269.39087,349,,,,,,
165.77737,153.41978,298.4507,-89.88358,314.2,440000,,,12.161225318908691,85.40846252441406,85.61798858642578,50.29240798950195,0.02,0.001
,,,,,440072,238.82475,246,,,,,,
,,,,,440432,267.79794,360,,,,,,
,,,,,440696,264.35217,264,,,,,,
,,,,,440942,279.03265,246,,,,,,
,,,,,441000,,,6.511948108673096,83.38227081298828,83.01170349121094,60.967796325683594,0.02,0.001
,,,,,441141,282.41046,199,,,,,,
,,,,,441336,245.10258,195,,,,,,
,,,,,442000,,,9.38051986694336,78.95454406738281,79.97950744628906,90.54122924804688,0.02,0.001
,,,,,442025,-326.9842,689,,,,,,
,,,,,442325,249.70474,300,,,,,,
,,,,,442591,224.20193,266,,,,,,
,,,,,442988,220.0781,397,,,,,,
,,,,,443000,,,10.39185619354248,85.32943725585938,85.474853515625,63.725765228271484,0.02,0.001
,,,,,443293,294.06076,305,,,,,,
,,,,,443520,259.22348,227,,,,,,
,,,,,444000,,,14.72811222076416,75.22655487060547,75.7957534790039,107.53006744384766,0.02,0.001
,,,,,444021,-148.5857,501,,,,,,
,,,,,444318,220.97281,297,,,,,,
,,,,,444518,215.75937,200,,,,,,
,,,,,444899,279.18042,381,,,,,,
,,,,,445000,,,12.792252540588379,78.72404479980469,79.4848403930664,95.55640411376953,0.02,0.001
,,,,,445202,276.4229,303,,,,,,
,,,,,445624,284.08264,422,,,,,,
,,,,,446000,,,3.3506176471710205,78.28909301757812,78.04742431640625,40.55097961425781,0.02,0.001
,,,,,446079,-115.71242,455,,,,,,
,,,,,446294,244.57074,215,,,,,,
,,,,,446558,281.59015,264,,,,,,
,,,,,446831,255.26352,273,,,,,,
,,,,,447000,,,6.396966934204102,83.68305969238281,83.49085235595703,68.26419067382812,0.02,0.001
,,,,,447370,266.16254,539,,,,,,
,,,,,447673,267.31268,303,,,,,,
,,,,,448000,,,19.516027450561523,82.98564147949219,81.8731689453125,78.21957397460938,0.02,0.001
,,,,,448160,259.35013,487,,,,,,
,,,,,448428,246.56052,268,,,,,,
,,,,,448732,232.71951,304,,,,,,
,,,,,449000,,,4.602154731750488,81.03873443603516,81.05107116699219,55.754093170166016,0.02,0.001
,,,,,449233,256.75574,501,,,,,,
,,,,,449475,278.01135,242,,,,,,
,,,,,449753,274.23358,278,,,,,,
,,,,,449930,290.93317,177,,,,,,
169.94133,51.45631,251.06717,109.853134,749.4,450000,,,9.408257484436035,78.57288360595703,79.13690185546875,65.88066101074219,0.02,0.001
,,,,,450203,273.00885,273,,,,,,
,,,,,450673,-164.61035,470,,,,,,
,,,,,451000,,,18.146757125854492,74.39684295654297,73.5877685546875,105.33184814453125,0.02,0.001
,,,,,451255,209.74341,582,,,,,,
,,,,,451436,277.03107,181,,,,,,
,,,,,451937,210.31783,501,,,,,,
,,,,,452000,,,4.821864128112793,80.75496673583984,80.13577270507812,64.91246032714844,0.02,0.001
,,,,,452149,235.1799,212,,,,,,
,,,,,452730,255.92097,581,,,,,,
,,,,,452969,251.2397,239,,,,,,
,,,,,453000,,,9.176448822021484,81.80803680419922,81.98140716552734,71.35435485839844,0.02,0.001
,,,,,453677,149.26643,708,,,,,,
,,,,,453941,248.33414,264,,,,,,
,,,,,454000,,,29.71297264099121,89.1512680053711,89.4801254272461,68.41889190673828,0.02,0.001
,,,,,454654,-210.54749,713,,,,,,
,,,,,454816,72.98016,162,,,,,,
,,,,,455000,,,5.865790843963623,88.06678771972656,88.43592834472656,58.06132125854492,0.02,0.001
,,,,,455022,273.04742,206,,,,,,
,,,,,455211,267.84186,189,,,,,,
,,,,,455705,219.92722,494,,,,,,
,,,,,456000,,,50.23503494262695,83.94964599609375,83.48179626464844,103.72061157226562,0.02,0.001
,,,,,456122,275.01587,417,,,,,,
,,,,,456457,243.68977,335,,,,,,
,,,,,456698,284.86435,241,,,,,,
,,,,,456975,315.18073,277,,,,,,
,,,,,457000,,,8.149612426757812,84.5533447265625,84.14642333984375,72.57533264160156,0.02,0.001
,,,,,457245,250.27911,270,,,,,,
,,,,,457508,245.67365,263,,,,,,
,,,,,457719,238.83028,211,,,,,,
,,,,,458000,,,126.8248291015625,86.26777648925781,85.28797149658203,605.308349609375,0.02,0.001
,,,,,458451,193.59326,732,,,,,,
,,,,,458635,258.0334,184,,,,,,
,,,,,458792,-28.233696,157,,,,,,
,,,,,459000,,,65.3804702758789,79.65895080566406,77.68701934814453,331.3603515625,0.02,0.001
,,,,,459076,266.41586,284,,,,,,
,,,,,459280,251.28279,204,,,,,,
,,,,,459598,312.94348,318,,,,,,
,,,,,459883,285.90656,285,,,,,,
180.02151,78.49912,281.7614,-1.4260178,616.3,460000,,,67.63739776611328,80.05805206298828,81.19210815429688,93.0860824584961,0.02,0.001
,,,,,460131,278.678,248,,,,,,
,,,,,460408,233.47356,277,,,,,,
,,,,,461000,,,4.724967002868652,89.44136810302734,89.31692504882812,60.06626510620117,0.02,0.001
,,,,,461047,248.97527,639,,,,,,
,,,,,461281,286.03326,234,,,,,,
,,,,,461795,273.7677,514,,,,,,
,,,,,462000,,,639.400390625,79.43626403808594,83.28024291992188,589.16455078125,0.02,0.001
,,,,,462188,252.71793,393,,,,,,
,,,,,462383,281.2146,195,,,,,,
,,,,,462579,283.12802,196,,,,,,
,,,,,462894,261.73242,315,,,,,,
,,,,,463000,,,6.0815110206604,77.18130493164062,77.294189453125,52.839900970458984,0.02,0.001
,,,,,463031,51.299973,137,,,,,,
,,,,,463328,286.3913,297,,,,,,
,,,,,463565,248.3906,237,,,,,,
,,,,,464000,,,9.628864288330078,77.15985870361328,76.62715148925781,101.37044525146484,0.02,0.001
,,,,,464565,3.3583043,1000,,,,,,
,,,,,464772,255.2459,207,,,,,,
,,,,,465000,,,7.331555366516113,83.158935546875,82.61370849609375,74.09321594238281,0.02,0.001
,,,,,465141,289.3367,369,,,,,,
,,,,,465339,320.49475,198,,,,,,
,,,,,465504,287.87238,165,,,,,,
,,,,,465746,294.4875,242,,,,,,
,,,,,465922,256.25424,176,,,,,,
,,,,,466000,,,4.811610698699951,77.51213073730469,77.0346450805664,54.58820724487305,0.02,0.001
,,,,,466145,-18.266708,223,,,,,,
,,,,,466526,202.82874,381,,,,,,
,,,,,466743,245.87648,217,,,,,,
,,,,,466941,261.2533,198,,,,,,
,,,,,467000,,,9.097771644592285,81.56058502197266,80.96163940429688,72.89202880859375,0.02,0.001
,,,,,467213,222.00078,272,,,,,,
,,,,,467637,242.1156,424,,,,,,
,,,,,467915,237.12675,278,,,,,,
,,,,,468000,,,12.795169830322266,81.55563354492188,81.65219116210938,81.59495544433594,0.02,0.001
,,,,,468193,288.2942,278,,,,,,
,,,,,468515,270.91876,322,,,,,,
,,,,,468746,251.54126,231,,,,,,
,,,,,468969,275.14087,223,,,,,,
,,,,,469000,,,10.09732437133789,77.66596984863281,78.28178405761719,73.13701629638672,0.02,0.001
,,,,,469175,266.687,206,,,,,,
,,,,,469537,284.08426,362,,,,,,
,,,,,469823,205.7865,286,,,,,,
201.68027,114.83658,292.55054,-93.89997,388.6,470000,,,9.584043502807617,82.739013671875,83.09452056884766,63.981876373291016,0.02,0.001
,,,,,470096,304.72446,273,,,,,,
,,,,,470486,287.70276,390,,,,,,
,,,,,470750,256.65732,264,,,,,,
,,,,,470981,247.97522,231,,,,,,
,,,,,471000,,,19.302976608276367,83.47254943847656,84.45401000976562,52.672367095947266,0.02,0.001
,,,,,471229,254.02332,248,,,,,,
,,,,,471626,221.49814,397,,,,,,
,,,,,471847,279.48346,221,,,,,,
,,,,,472000,,,9.654302597045898,81.07747650146484,80.17526245117188,108.14027404785156,0.02,0.001
,,,,,472132,277.59308,285,,,,,,
,,,,,472514,281.52954,382,,,,,,
,,,,,472731,275.302,217,,,,,,
,,,,,473000,,,14.9689302444458,74.94383239746094,74.68403625488281,138.65762329101562,0.02,0.001
,,,,,473156,260.68674,425,,,,,,
,,,,,473537,267.80228,381,,,,,,
,,,,,473850,243.29698,313,,,,,,
,,,,,474000,,,12.57366943359375,76.12522888183594,75.7046127319336,58.74947738647461,0.02,0.001
,,,,,474207,250.91064,357,,,,,,
,,,,,474401,287.35583,194,,,,,,
,,,,,474651,206.95132,250,,,,,,
,,,,,475000,,,9.887484550476074,75.70759582519531,75.67338562011719,77.39588165283203,0.02,0.001
,,,,,475039,-125.16849,388,,,,,,
,,,,,475263,292.37125,224,,,,,,
,,,,,475899,230.08694,636,,,,,,
,,,,,476000,,,7.916070938110352,78.39563751220703,78.65383911132812,66.82564544677734,0.02,0.001
,,,,,476182,-153.16144,283,,,,,,
,,,,,476422,268.91962,240,,,,,,
,,,,,476760,250.16582,338,,,,,,
,,,,,477000,,,5.34283447265625,84.82801818847656,85.27659606933594,49.67654037475586,0.02,0.001
,,,,,477477,209.01938,717,,,,,,
,,,,,477932,240.64293,455,,,,,,
,,,,,478000,,,6.33607292175293,78.26220703125,78.40647888183594,49.31275177001953,0.02,0.001
,,,,,478244,237.809,312,,,,,,
,,,,,478578,286.2676,334,,,,,,
,,,,,478766,290.84686,188,,,,,,
,,,,,479000,,,32.83827590942383,79.31009674072266,79.47561645507812,59.537899017333984,0.02,0.001
,,,,,479186,217.84288,420,,,,,,
,,,,,479392,313.0318,206,,,,,,
,,,,,479736,258.55048,344,,,,,,
177.647,108.21957,273.53687,-72.66017,440.7,480000,,,17.344545364379883,84.55598449707031,84.13960266113281,83.29533386230469,0.02,0.001
,,,,,480072,227.49144,336,,,,,,
,,,,,480382,272.11526,310,,,,,,
,,,,,480672,263.9281,290,,,,,,
,,,,,481000,,,6.000448226928711,96.99671173095703,97.09149932861328,43.44871139526367,0.02,0.001
,,,,,481002,185.94916,330,,,,,,
,,,,,481129,-79.93494,127,,,,,,
,,,,,481367,282.52148,238,,,,,,
,,,,,481722,257.33563,355,,,,,,
,,,,,481996,253.87769,274,,,,,,
,,,,,482000,,,6.419954299926758,81.13978576660156,81.59188842773438,54.8404426574707,0.02,0.001
,,,,,482231,242.54822,235,,,,,,
,,,,,482553,214.77983,322,,,,,,
,,,,,482877,222.02063,324,,,,,,
,,,,,483000,,,5.376877307891846,79.20451354980469,79.12081909179688,48.976165771484375,0.02,0.001
,,,,,483023,37.914963,146,,,,,,
,,,,,483331,268.97034,308,,,,,,
,,,,,483527,265.80902,196,,,,,,
,,,,,483755,270.60614,228,,,,,,
,,,,,483998,279.45572,243,,,,,,
,,,,,484000,,,5.066540241241455,84.4188003540039,84.48225402832031,57.07255935668945,0.02,0.001
,,,,,484240,267.56143,242,,,,,,
,,,,,484461,255.53522,221,,,,,,
,,,,,484733,233.70116,272,,,,,,
,,,,,484942,244.67029,209,,,,,,
,,,,,485000,,,3.642914056777954,90.81657409667969,90.97618865966797,38.19475555419922,0.02,0.001
,,,,,485388,265.65897,446,,,,,,
,,,,,485684,302.29382,296,,,,,,
,,,,,486000,,,10.434621810913086,88.83516693115234,88.4998779296875,83.17367553710938,0.02,0.001
,,,,,486028,284.29572,344,,,,,,
,,,,,486209,264.1097,181,,,,,,
,,,,,486458,253.44376,249,,,,,,
,,,,,486722,248.9778,264,,,,,,
,,,,,486994,281.3073,272,,,,,,
,,,,,487000,,,11.977302551269531,71.9596176147461,71.53561401367188,70.01020812988281,0.02,0.001
,,,,,487196,294.58456,202,,,,,,
,,,,,487450,246.62912,254,,,,,,
,,,,,487839,243.0426,389,,,,,,
,,,,,488000,,,4.247037887573242,81.74756622314453,81.57672119140625,50.962677001953125,0.02,0.001
,,,,,488073,259.83185,234,,,,,,
,,,,,488329,281.72412,256,,,,,,
,,,,,488459,37.74759,130,,,,,,
,,,,,488643,259.62628,184,,,,,,
,,,,,488849,261.66583,206,,,,,,
,,,,,489000,,,7.008387565612793,78.20758056640625,78.81128692626953,59.13850402832031,0.02,0.001
,,,,,489042,280.98135,193,,,,,,
,,,,,489428,269.41876,386,,,,,,
,,,,,489659,279.4472,231,,,,,,
,,,,,489840,245.77652,181,,,,,,
275.1004,13.052472,294.1825,249.49075,203.8,490000,,,31.274782180786133,85.85212707519531,86.54292297363281,76.22965240478516,0.02,0.001
,,,,,490106,281.94952,266,,,,,,
,,,,,490301,248.05396,195,,,,,,
,,,,,490491,244.20157,190,,,,,,
,,,,,490854,237.08539,363,,,,,,
,,,,,491000,,,14.418323516845703,84.31340026855469,85.04228210449219,76.09355163574219,0.02,0.001
,,,,,491068,262.4215,214,,,,,,
,,,,,491399,246.51831,331,,,,,,
,,,,,491613,284.98056,214,,,,,,
,,,,,491746,57.117004,133,,,,,,
,,,,,491880,-19.68557,134,,,,,,
,,,,,492000,,,6.303228855133057,83.2630615234375,82.97193908691406,62.26699447631836,0.02,0.001
,,,,,492178,246.89035,298,,,,,,
,,,,,492529,270.2027,351,,,,,,
,,,,,492703,270.48978,174,,,,,,
,,,,,493000,,,24.2520694732666,88.37809753417969,88.49130249023438,267.2669372558594,0.02,0.001
,,,,,493330,268.9184,627,,,,,,
,,,,,493507,273.42548,177,,,,,,
,,,,,493682,281.49896,175,,,,,,
,,,,,493871,284.62164,189,,,,,,
,,,,,494000,,,4.860130786895752,85.52458190917969,85.19099426269531,53.811309814453125,0.02,0.001
,,,,,494149,261.09705,278,,,,,,
,,,,,494946,-83.00597,797,,,,,,
,,,,,495000,,,5.548661231994629,80.99490356445312,81.08789825439453,56.18040084838867,0.02,0.001
,,,,,495554,231.8548,608,,,,,,
,,,,,495716,266.06436,162,,,,,,
,,,,,495999,283.2198,283,,,,,,
,,,,,496000,,,4.730362415313721,86.73619842529297,86.80675506591797,44.07927703857422,0.02,0.001
,,,,,496254,262.2688,255,,,,,,
,,,,,496541,266.3274,287,,,,,,
,,,,,496917,253.28226,376,,,,,,
,,,,,497000,,,8.390470504760742,85.24816131591797,84.451171875,94.5315170288086,0.02,0.001
,,,,,497098,264.7652,181,,,,,,
,,,,,497433,212.77144,335,,,,,,
,,,,,497749,250.70087,316,,,,,,
,,,,,497991,251.29547,242,,,,,,
,,,,,498000,,,26.785167694091797,82.86027526855469,83.36651611328125,51.15933609008789,0.02,0.001
,,,,,498167,260.98657,176,,,,,,
,,,,,498341,308.35718,174,,,,,,
,,,,,498522,262.03348,181,,,,,,
,,,,,498712,259.27948,190,,,,,,
,,,,,498970,291.92017,258,,,,,,
,,,,,499000,,,7.52871036529541,90.15713500976562,90.71080017089844,53.47098159790039,0.02,0.001
,,,,,499170,272.34122,200,,,,,,
,,,,,499381,268.26526,211,,,,,,
,,,,,499624,312.02585,243,,,,,,
,,,,,499956,279.99872,332,,,,,,
