Eval_AverageReturn,Eval_StdReturn,Eval_MaxReturn,Eval_MinReturn,Eval_AverageEpLen,step,Train_EpisodeReturn,Train_EpisodeLen,critic_loss,q_values,target_values,grad_norm,epsilon,lr
-878.29803,380.53378,-440.04733,-1805.7599,115.5,0,,,,,,,,
,,,,,105,-120.34876,106,,,,,,
,,,,,214,-223.82172,109,,,,,,
,,,,,274,-76.53848,60,,,,,,
,,,,,365,14.464539,91,,,,,,
,,,,,426,-86.43709,61,,,,,,
,,,,,514,-132.36551,88,,,,,,
,,,,,621,-97.97815,107,,,,,,
,,,,,742,-104.55571,121,,,,,,
,,,,,839,-149.85077,97,,,,,,
,,,,,914,-169.4986,75,,,,,,
,,,,,1001,-246.1796,87,,,,,,
,,,,,1087,-84.58137,86,,,,,,
,,,,,1168,-150.93944,81,,,,,,
,,,,,1267,-282.4024,99,,,,,,
,,,,,1362,-99.81705,95,,,,,,
,,,,,1433,-189.80623,71,,,,,,
,,,,,1507,-169.34988,74,,,,,,
,,,,,1598,-151.50925,91,,,,,,
,,,,,1678,-109.9191,80,,,,,,
,,,,,1747,-104.64571,69,,,,,,
,,,,,1839,-106.45301,92,,,,,,
,,,,,1929,-176.6708,90,,,,,,
,,,,,2029,-129.8703,100,,,,,,
,,,,,2118,-431.7211,89,,,,,,
,,,,,2183,-128.40813,65,,,,,,
,,,,,2259,-70.7636,76,,,,,,
,,,,,2330,-208.96637,71,,,,,,
,,,,,2418,-147.11902,88,,,,,,
,,,,,2536,-207.33437,118,,,,,,
,,,,,2603,-171.4102,67,,,,,,
,,,,,2676,-102.57928,73,,,,,,
,,,,,2745,-152.19589,69,,,,,,
,,,,,2814,-87.57461,69,,,,,,
,,,,,2914,-368.32867,100,,,,,,
,,,,,2994,-119.76476,80,,,,,,
,,,,,3062,-186.23892,68,,,,,,
,,,,,3134,-164.39645,72,,,,,,
,,,,,3229,-240.05815,95,,,,,,
,,,,,3324,-118.42728,95,,,,,,
,,,,,3411,-437.47903,87,,,,,,
,,,,,3508,-288.00818,97,,,,,,
,,,,,3603,-136.08733,95,,,,,,
,,,,,3684,-330.67963,81,,,,,,
,,,,,3781,-338.04623,97,,,,,,
,,,,,3880,-217.96246,99,,,,,,
,,,,,3969,-96.37816,89,,,,,,
,,,,,4049,-110.52438,80,,,,,,
,,,,,4176,-342.93036,127,,,,,,
,,,,,4257,-140.67041,81,,,,,,
,,,,,4335,-39.586376,78,,,,,,
,,,,,4412,-74.076996,77,,,,,,
,,,,,4473,-69.46579,61,,,,,,
,,,,,4613,28.992966,140,,,,,,
,,,,,4736,-170.49968,123,,,,,,
,,,,,4864,-227.60902,128,,,,,,
,,,,,4928,-87.87861,64,,,,,,
,,,,,5020,-77.10567,92,,,,,,
,,,,,5095,-53.788483,75,,,,,,
,,,,,5188,-324.28772,93,,,,,,
,,,,,5265,-169.20032,77,,,,,,
,,,,,5365,-306.87476,100,,,,,,
,,,,,5427,-82.128815,62,,,,,,
,,,,,5490,-137.97762,63,,,,,,
,,,,,5618,-333.0694,128,,,,,,
,,,,,5705,-69.34057,87,,,,,,
,,,,,5787,-224.79536,82,,,,,,
,,,,,5914,-471.47308,127,,,,,,
,,,,,6012,-162.46939,98,,,,,,
,,,,,6077,-97.52817,65,,,,,,
,,,,,6175,-187.05392,98,,,,,,
,,,,,6306,-344.6789,131,,,,,,
,,,,,6401,-454.6462,95,,,,,,
,,,,,6519,-148.77982,118,,,,,,
,,,,,6608,-115.62371,89,,,,,,
,,,,,6698,-99.446495,90,,,,,,
,,,,,6769,-48.947544,71,,,,,,
,,,,,6876,-406.01834,107,,,,,,
,,,,,6981,-301.0052,105,,,,,,
,,,,,7106,-279.1753,125,,,,,,
,,,,,7214,-221.82227,108,,,,,,
,,,,,7312,-118.15742,98,,,,,,
,,,,,7387,-75.86324,75,,,,,,
,,,,,7470,-82.452255,83,,,,,,
,,,,,7553,-139.48984,83,,,,,,
,,,,,7677,-113.15237,124,,,,,,
,,,,,7735,-101.77338,58,,,,,,
,,,,,7859,-118.13876,124,,,,,,
,,,,,7915,-116.32866,56,,,,,,
,,,,,7982,-62.934914,67,,,,,,
,,,,,8072,-376.3073,90,,,,,,
,,,,,8138,-93.01114,66,,,,,,
,,,,,8207,-59.670227,69,,,,,,
,,,,,8324,-167.84515,117,,,,,,
,,,,,8459,-551.1569,135,,,,,,
,,,,,8528,-116.713715,69,,,,,,
,,,,,8612,-77.625046,84,,,,,,
,,,,,8696,-110.61218,84,,,,,,
,,,,,8766,-156.83359,70,,,,,,
,,,,,8870,-94.41427,104,,,,,,
,,,,,8959,-96.47653,89,,,,,,
,,,,,9044,-419.56204,85,,,,,,
,,,,,9146,-92.60912,102,,,,,,
,,,,,9264,-196.13663,118,,,,,,
,,,,,9386,-355.96,122,,,,,,
,,,,,9497,-135.34708,111,,,,,,
,,,,,9613,-357.68802,116,,,,,,
,,,,,9717,-226.11908,104,,,,,,
,,,,,9810,-273.31525,93,,,,,,
,,,,,9891,-145.40277,81,,,,,,
-936.83185,525.6036,-439.5843,-2322.0571,112.7,10000,,,,,,,,
,,,,,10012,-275.58832,121,,,,,,
,,,,,10092,-110.96356,80,,,,,,
,,,,,10167,-130.80049,75,,,,,,
,,,,,10261,-373.91888,94,,,,,,
,,,,,10366,-260.56534,105,,,,,,
,,,,,10458,-236.03748,92,,,,,,
,,,,,10552,-110.58864,94,,,,,,
,,,,,10627,-71.514046,75,,,,,,
,,,,,10707,-165.29639,80,,,,,,
,,,,,10839,-131.64693,132,,,,,,
,,,,,10908,-201.10446,69,,,,,,
,,,,,10999,-375.13284,91,,,,,,
,,,,,11082,-232.8041,83,,,,,,
,,,,,11160,-121.663765,78,,,,,,
,,,,,11283,-446.81552,123,,,,,,
,,,,,11383,-278.89188,100,,,,,,
,,,,,11478,-2.339981,95,,,,,,
,,,,,11577,-171.26076,99,,,,,,
,,,,,11667,-391.9779,90,,,,,,
,,,,,11736,-273.8325,69,,,,,,
,,,,,11819,-278.54062,83,,,,,,
,,,,,11922,-350.7489,103,,,,,,
,,,,,11990,-100.05251,68,,,,,,
,,,,,12065,-90.17598,75,,,,,,
,,,,,12176,-422.0606,111,,,,,,
,,,,,12237,-110.82834,61,,,,,,
,,,,,12300,-80.41915,63,,,,,,
,,,,,12387,-110.999886,87,,,,,,
,,,,,12569,-134.21207,182,,,,,,
,,,,,12676,-446.42038,107,,,,,,
,,,,,12739,-87.55608,63,,,,,,
,,,,,12834,-267.2398,95,,,,,,
,,,,,12921,-337.73297,87,,,,,,
,,,,,12998,-311.02203,77,,,,,,
,,,,,13085,-436.53256,87,,,,,,
,,,,,13171,-147.19588,86,,,,,,
,,,,,13272,-326.4716,101,,,,,,
,,,,,13350,-83.1846,78,,,,,,
,,,,,13437,-151.70535,87,,,,,,
,,,,,13584,-113.51915,147,,,,,,
,,,,,13670,-208.8529,86,,,,,,
,,,,,13753,-245.60077,83,,,,,,
,,,,,13865,-226.89095,112,,,,,,
,,,,,13985,-211.2024,120,,,,,,
,,,,,14083,-154.76506,98,,,,,,
,,,,,14162,-157.08446,79,,,,,,
,,,,,14231,-190.76215,69,,,,,,
,,,,,14302,-83.68809,71,,,,,,
,,,,,14386,-169.41156,84,,,,,,
,,,,,14475,-314.1766,89,,,,,,
,,,,,14558,-127.61867,83,,,,,,
,,,,,14658,-92.58821,100,,,,,,
,,,,,14723,-143.30103,65,,,,,,
,,,,,14824,-441.18857,101,,,,,,
,,,,,14900,-215.5845,76,,,,,,
,,,,,15004,-378.47833,104,,,,,,
,,,,,15106,-131.23143,102,,,,,,
,,,,,15212,-254.83493,106,,,,,,
,,,,,15352,-255.0428,140,,,,,,
,,,,,15426,-135.38428,74,,,,,,
,,,,,15491,-334.32892,65,,,,,,
,,,,,15578,-132.3994,87,,,,,,
,,,,,15670,-106.21199,92,,,,,,
,,,,,15761,-334.48834,91,,,,,,
,,,,,15852,-362.2779,91,,,,,,
,,,,,15961,-248.27141,109,,,,,,
,,,,,16043,-161.29524,82,,,,,,
,,,,,16164,-211.71664,121,,,,,,
,,,,,16272,-155.87024,108,,,,,,
,,,,,16353,-160.683,81,,,,,,
,,,,,16421,-101.90457,68,,,,,,
,,,,,16487,-66.67636,66,,,,,,
,,,,,16558,-147.04831,71,,,,,,
,,,,,16711,-371.90186,153,,,,,,
,,,,,16818,-485.20688,107,,,,,,
,,,,,16910,-164.71223,92,,,,,,
,,,,,16986,-100.10564,76,,,,,,
,,,,,17046,-82.83023,60,,,,,,
,,,,,17115,-77.619705,69,,,,,,
,,,,,17192,-151.95699,77,,,,,,
,,,,,17324,-160.3762,132,,,,,,
,,,,,17422,-450.1351,98,,,,,,
,,,,,17490,-274.8688,68,,,,,,
,,,,,17558,-155.28276,68,,,,,,
,,,,,17631,-79.62503,73,,,,,,
,,,,,17722,-279.61688,91,,,,,,
,,,,,17786,-152.6872,64,,,,,,
,,,,,17889,-190.03699,103,,,,,,
,,,,,18015,-259.75443,126,,,,,,
,,,,,18132,-153.39685,117,,,,,,
,,,,,18213,-139.90039,81,,,,,,
,,,,,18322,-176.03284,109,,,,,,
,,,,,18389,-65.373085,67,,,,,,
,,,,,18466,-267.3645,77,,,,,,
,,,,,18594,-102.606514,128,,,,,,
,,,,,18720,-148.62592,126,,,,,,
,,,,,18801,-289.5528,81,,,,,,
,,,,,18935,-148.73215,134,,,,,,
,,,,,19010,-91.2123,75,,,,,,
,,,,,19104,-289.55768,94,,,,,,
,,,,,19244,-131.28093,140,,,,,,
,,,,,19341,-92.82081,97,,,,,,
,,,,,19428,-303.4607,87,,,,,,
,,,,,19542,-267.5198,114,,,,,,
,,,,,19643,-276.44855,101,,,,,,
,,,,,19726,-226.46901,83,,,,,,
,,,,,19801,-82.72646,75,,,,,,
,,,,,19887,-150.15475,86,,,,,,
,,,,,19962,-394.63525,75,,,,,,
-1307.3068,891.0556,-469.5522,-3523.2983,154.0,20000,,,318.9446105957031,-0.06336633116006851,-4.29826545715332,30.904394149780273,0.88,0.001
,,,,,20039,-206.95021,77,,,,,,
,,,,,20150,-99.61997,111,,,,,,
,,,,,20249,-81.792595,99,,,,,,
,,,,,20340,-89.46795,91,,,,,,
,,,,,20427,-117.22585,87,,,,,,
,,,,,20535,-149.22592,108,,,,,,
,,,,,20627,-114.33423,92,,,,,,
,,,,,20710,-111.82864,83,,,,,,
,,,,,20794,-180.10223,84,,,,,,
,,,,,20899,-182.1915,105,,,,,,
,,,,,20971,-117.17911,72,,,,,,
,,,,,21000,,,10.337165832519531,-1.40696120262146,-0.8070448637008667,15.813636779785156,0.874,0.001
,,,,,21096,-291.9603,125,,,,,,
,,,,,21180,-358.15067,84,,,,,,
,,,,,21283,-56.00151,103,,,,,,
,,,,,21353,-126.76079,70,,,,,,
,,,,,21441,-257.3139,88,,,,,,
,,,,,21549,-318.94934,108,,,,,,
,,,,,21644,-391.33218,95,,,,,,
,,,,,21757,-185.18407,113,,,,,,
,,,,,21874,-217.44034,117,,,,,,
,,,,,21946,-158.2,72,,,,,,
,,,,,22000,,,2.522160768508911,-2.183328628540039,-1.883121132850647,16.036529541015625,0.868,0.001
,,,,,22098,-151.95685,152,,,,,,
,,,,,22171,-108.794136,73,,,,,,
,,,,,22270,-247.54605,99,,,,,,
,,,,,22359,-207.5644,89,,,,,,
,,,,,22447,-139.55623,88,,,,,,
,,,,,22585,-236.69762,138,,,,,,
,,,,,22678,-188.93503,93,,,,,,
,,,,,22790,-80.13879,112,,,,,,
,,,,,22911,-109.408,121,,,,,,
,,,,,23000,,,2.3040964603424072,0.14763066172599792,0.12587226927280426,14.831001281738281,0.862,0.001
,,,,,23033,-12.117546,122,,,,,,
,,,,,23133,-327.26416,100,,,,,,
,,,,,23256,-1.1997833,123,,,,,,
,,,,,23367,-128.90396,111,,,,,,
,,,,,23461,-331.58105,94,,,,,,
,,,,,23574,-210.45071,113,,,,,,
,,,,,23671,-206.41132,97,,,,,,
,,,,,23768,-95.82443,97,,,,,,
,,,,,23897,-77.936035,129,,,,,,
,,,,,23957,-83.84776,60,,,,,,
,,,,,24000,,,18.147653579711914,-1.4699087142944336,-1.722238302230835,51.41688919067383,0.856,0.001
,,,,,24020,-108.45274,63,,,,,,
,,,,,24100,-105.2548,80,,,,,,
,,,,,24177,-67.1884,77,,,,,,
,,,,,24322,-315.4872,145,,,,,,
,,,,,24390,-218.9182,68,,,,,,
,,,,,24482,-130.74301,92,,,,,,
,,,,,24545,-78.84683,63,,,,,,
,,,,,24658,-313.0419,113,,,,,,
,,,,,24752,-90.87359,94,,,,,,
,,,,,24867,-43.237206,115,,,,,,
,,,,,24932,-61.02085,65,,,,,,
,,,,,25000,,,40.06075668334961,-1.3870587348937988,-1.6740540266036987,119.7811279296875,0.85,0.001
,,,,,25034,-217.70297,102,,,,,,
,,,,,25099,-158.65768,65,,,,,,
,,,,,25194,-376.5866,95,,,,,,
,,,,,25260,-74.732025,66,,,,,,
,,,,,25349,-236.01782,89,,,,,,
,,,,,25437,-80.25371,88,,,,,,
,,,,,25572,-122.035965,135,,,,,,
,,,,,25669,-112.90498,97,,,,,,
,,,,,25729,-91.8273,60,,,,,,
,,,,,25796,-86.61795,67,,,,,,
,,,,,25922,-240.40254,126,,,,,,
,,,,,26000,,,64.99900817871094,-5.859976768493652,-4.67139196395874,95.17862701416016,0.844,0.001
,,,,,26026,-389.9098,104,,,,,,
,,,,,26091,-63.429115,65,,,,,,
,,,,,26160,-181.48227,69,,,,,,
,,,,,26309,-372.96478,149,,,,,,
,,,,,26386,-120.88834,77,,,,,,
,,,,,26448,-188.445,62,,,,,,
,,,,,26544,-392.7905,96,,,,,,
,,,,,26642,-118.95487,98,,,,,,
,,,,,26722,-121.00545,80,,,,,,
,,,,,26829,-262.38223,107,,,,,,
,,,,,26936,-16.021423,107,,,,,,
,,,,,27000,,,204.4775848388672,-3.3065271377563477,-2.0401344299316406,117.2566909790039,0.838,0.001
,,,,,27046,-159.30524,110,,,,,,
,,,,,27120,-101.44675,74,,,,,,
,,,,,27209,-182.34784,89,,,,,,
,,,,,27277,-105.81485,68,,,,,,
,,,,,27366,-133.2684,89,,,,,,
,,,,,27478,-22.983185,112,,,,,,
,,,,,27596,-149.1992,118,,,,,,
,,,,,27693,-236.09856,97,,,,,,
,,,,,27794,-263.96805,101,,,,,,
,,,,,27889,-109.15221,95,,,,,,
,,,,,28000,,,11.780951499938965,-5.766729831695557,-6.019603729248047,35.67975997924805,0.832,0.001
,,,,,28007,-340.27087,118,,,,,,
,,,,,28092,-80.53162,85,,,,,,
,,,,,28166,-163.2839,74,,,,,,
,,,,,28280,-129.38031,114,,,,,,
,,,,,28355,-160.87407,75,,,,,,
,,,,,28437,-320.98752,82,,,,,,
,,,,,28513,-244.92825,76,,,,,,
,,,,,28596,-156.14438,83,,,,,,
,,,,,28695,-323.08432,99,,,,,,
,,,,,28812,-228.98509,117,,,,,,
,,,,,28919,-299.08685,107,,,,,,
,,,,,28984,-146.1453,65,,,,,,
,,,,,29000,,,10.528692245483398,-10.508628845214844,-9.737814903259277,48.223636627197266,0.8260000000000001,0.001
,,,,,29062,-137.11043,78,,,,,,
,,,,,29135,-93.312775,73,,,,,,
,,,,,29227,-149.46541,92,,,,,,
,,,,,29335,-150.7942,108,,,,,,
,,,,,29424,-129.77217,89,,,,,,
,,,,,29535,-428.9997,111,,,,,,
,,,,,29661,-350.36945,126,,,,,,
,,,,,29768,-118.80974,107,,,,,,
,,,,,29859,-278.6419,91,,,,,,
,,,,,29940,-80.8771,81,,,,,,
-231.66154,49.413666,-161.50908,-300.27612,533.3,30000,,,4.45048713684082,-4.796077251434326,-4.561784744262695,46.747074127197266,0.82,0.001
,,,,,30020,-124.04212,80,,,,,,
,,,,,30122,-106.97941,102,,,,,,
,,,,,30240,-122.592415,118,,,,,,
,,,,,30315,-153.56183,75,,,,,,
,,,,,30434,-154.99168,119,,,,,,
,,,,,30489,-153.89761,55,,,,,,
,,,,,30567,-115.77605,78,,,,,,
,,,,,30659,-297.15506,92,,,,,,
,,,,,30742,-347.7937,83,,,,,,
,,,,,30858,-164.66458,116,,,,,,
,,,,,30940,-202.32587,82,,,,,,
,,,,,31000,,,10.510149955749512,-9.203014373779297,-9.08794116973877,66.59351348876953,0.8140000000000001,0.001
,,,,,31078,-338.7278,138,,,,,,
,,,,,31152,-413.62973,74,,,,,,
,,,,,31222,-193.06082,70,,,,,,
,,,,,31304,-136.39957,82,,,,,,
,,,,,31400,-133.67091,96,,,,,,
,,,,,31487,-293.643,87,,,,,,
,,,,,31582,-227.3978,95,,,,,,
,,,,,31680,-153.68735,98,,,,,,
,,,,,31760,-113.7229,80,,,,,,
,,,,,31819,-72.01455,59,,,,,,
,,,,,31934,-263.9069,115,,,,,,
,,,,,32000,,,9.731395721435547,-4.757623672485352,-5.431570053100586,64.06285858154297,0.808,0.001
,,,,,32012,-101.45872,78,,,,,,
,,,,,32078,-69.243195,66,,,,,,
,,,,,32189,-214.04596,111,,,,,,
,,,,,32308,-369.24924,119,,,,,,
,,,,,32403,-334.93845,95,,,,,,
,,,,,32472,-144.83612,69,,,,,,
,,,,,32573,-358.59137,101,,,,,,
,,,,,32638,-153.72772,65,,,,,,
,,,,,32737,-452.16406,99,,,,,,
,,,,,32819,-137.2555,82,,,,,,
,,,,,32937,-117.57423,118,,,,,,
,,,,,33000,,,1.5765210390090942,-4.219042778015137,-3.578350067138672,43.136627197265625,0.802,0.001
,,,,,33004,-66.341644,67,,,,,,
,,,,,33146,-197.15045,142,,,,,,
,,,,,33268,-232.70609,122,,,,,,
,,,,,33334,-106.67447,66,,,,,,
,,,,,33448,-288.56754,114,,,,,,
,,,,,33523,-75.39211,75,,,,,,
,,,,,33597,-217.36319,74,,,,,,
,,,,,33691,-102.20585,94,,,,,,
,,,,,33752,-99.323235,61,,,,,,
,,,,,33864,-129.73825,112,,,,,,
,,,,,33956,-367.8667,92,,,,,,
,,,,,34000,,,5.310591697692871,0.00547480583190918,-0.11336112022399902,28.863842010498047,0.796,0.001
,,,,,34020,-152.08951,64,,,,,,
,,,,,34123,-187.9367,103,,,,,,
,,,,,34214,-231.32048,91,,,,,,
,,,,,34315,-164.95364,101,,,,,,
,,,,,34426,-239.41751,111,,,,,,
,,,,,34507,-67.4651,81,,,,,,
,,,,,34585,-212.89294,78,,,,,,
,,,,,34685,-291.74396,100,,,,,,
,,,,,34772,-108.2229,87,,,,,,
,,,,,34896,-93.391266,124,,,,,,
,,,,,34963,-82.609604,67,,,,,,
,,,,,35000,,,32.60550308227539,-2.3602869510650635,-2.0885376930236816,50.672550201416016,0.79,0.001
,,,,,35029,-79.31644,66,,,,,,
,,,,,35165,-306.42236,136,,,,,,
,,,,,35273,-403.8084,108,,,,,,
,,,,,35371,-146.93056,98,,,,,,
,,,,,35451,-89.800514,80,,,,,,
,,,,,35578,-222.59586,127,,,,,,
,,,,,35647,-94.574814,69,,,,,,
,,,,,35735,-110.16054,88,,,,,,
,,,,,35839,-253.64494,104,,,,,,
,,,,,35914,-133.69434,75,,,,,,
,,,,,36000,,,3.2687594890594482,-5.113883972167969,-5.143929481506348,27.42699432373047,0.784,0.001
,,,,,36034,-81.517105,120,,,,,,
,,,,,36196,-237.06654,162,,,,,,
,,,,,36309,-144.61859,113,,,,,,
,,,,,36376,-246.92151,67,,,,,,
,,,,,36456,-436.14084,80,,,,,,
,,,,,36571,-75.859566,115,,,,,,
,,,,,36653,-215.4967,82,,,,,,
,,,,,36729,-88.749954,76,,,,,,
,,,,,36835,-153.33867,106,,,,,,
,,,,,36948,-288.77783,113,,,,,,
,,,,,37000,,,19.647228240966797,-8.423444747924805,-7.933925151824951,55.69443893432617,0.778,0.001
,,,,,37030,-226.63097,82,,,,,,
,,,,,37120,-118.90559,90,,,,,,
,,,,,37245,-211.08943,125,,,,,,
,,,,,37316,-107.18644,71,,,,,,
,,,,,37422,-560.71466,106,,,,,,
,,,,,37524,-227.62375,102,,,,,,
,,,,,37616,-361.47812,92,,,,,,
,,,,,37715,-363.9968,99,,,,,,
,,,,,37802,-149.43822,87,,,,,,
,,,,,37905,-298.7116,103,,,,,,
,,,,,37981,-155.08994,76,,,,,,
,,,,,38000,,,3.7428202629089355,1.6896543502807617,1.9640247821807861,33.41252136230469,0.772,0.001
,,,,,38077,-345.2812,96,,,,,,
,,,,,38227,-108.992935,150,,,,,,
,,,,,38290,-145.33868,63,,,,,,
,,,,,38396,-253.13562,106,,,,,,
,,,,,38521,-430.93085,125,,,,,,
,,,,,38590,-194.43266,69,,,,,,
,,,,,38675,-102.169846,85,,,,,,
,,,,,38781,-410.09436,106,,,,,,
,,,,,38864,-112.72252,83,,,,,,
,,,,,38932,-261.17102,68,,,,,,
,,,,,39000,,,12.846363067626953,0.6672847270965576,1.1649163961410522,63.479427337646484,0.766,0.001
,,,,,39004,-73.56979,72,,,,,,
,,,,,39070,-216.16727,66,,,,,,
,,,,,39171,-145.663,101,,,,,,
,,,,,39240,-136.20988,69,,,,,,
,,,,,39326,-135.02524,86,,,,,,
,,,,,39446,-158.54703,120,,,,,,
,,,,,39544,-193.29236,98,,,,,,
,,,,,39637,-127.67179,93,,,,,,
,,,,,39716,-62.43695,79,,,,,,
,,,,,39793,-3.51799,77,,,,,,
,,,,,39911,-166.66464,118,,,,,,
,,,,,39980,-99.60294,69,,,,,,
-249.97104,71.560135,-126.38393,-330.28638,734.6,40000,,,2.4083681106567383,2.663863182067871,2.8795762062072754,23.41032600402832,0.76,0.001
,,,,,40085,-116.635086,105,,,,,,
,,,,,40156,-120.2501,71,,,,,,
,,,,,40226,-85.25292,70,,,,,,
,,,,,40314,-117.917595,88,,,,,,
,,,,,40388,-265.40823,74,,,,,,
,,,,,40464,-231.597,76,,,,,,
,,,,,40537,-229.53471,73,,,,,,
,,,,,40629,-280.38678,92,,,,,,
,,,,,40718,-271.03857,89,,,,,,
,,,,,40812,-318.04712,94,,,,,,
,,,,,40909,-199.70207,97,,,,,,
,,,,,40986,-338.2329,77,,,,,,
,,,,,41000,,,7.407165050506592,-8.459959030151367,-8.183830261230469,48.50617599487305,0.754,0.001
,,,,,41076,-383.41443,90,,,,,,
,,,,,41184,-438.08377,108,,,,,,
,,,,,41266,-118.58066,82,,,,,,
,,,,,41387,-457.49072,121,,,,,,
,,,,,41508,-264.62198,121,,,,,,
,,,,,41620,-190.52353,112,,,,,,
,,,,,41682,-105.3796,62,,,,,,
,,,,,41801,-322.7738,119,,,,,,
,,,,,41883,-80.200226,82,,,,,,
,,,,,41982,-106.42215,99,,,,,,
,,,,,42000,,,1.035025715827942,1.6843953132629395,1.636033296585083,15.60421085357666,0.748,0.001
,,,,,42084,-264.78683,102,,,,,,
,,,,,42151,-48.98925,67,,,,,,
,,,,,42235,-103.69934,84,,,,,,
,,,,,42356,-146.65538,121,,,,,,
,,,,,42447,-47.9366,91,,,,,,
,,,,,42568,-290.35355,121,,,,,,
,,,,,42652,-105.85469,84,,,,,,
,,,,,42745,-119.83262,93,,,,,,
,,,,,42844,-147.96098,99,,,,,,
,,,,,42966,-145.91824,122,,,,,,
,,,,,43000,,,12.214306831359863,-0.4349585175514221,-0.45711424946784973,79.70634460449219,0.742,0.001
,,,,,43028,-70.835304,62,,,,,,
,,,,,43094,-161.99893,66,,,,,,
,,,,,43165,-104.12265,71,,,,,,
,,,,,43244,-107.99483,79,,,,,,
,,,,,43357,-2.2772446,113,,,,,,
,,,,,43480,-170.78683,123,,,,,,
,,,,,43568,-213.15521,88,,,,,,
,,,,,43636,-79.90634,68,,,,,,
,,,,,43747,-71.44137,111,,,,,,
,,,,,43825,-159.58354,78,,,,,,
,,,,,43907,-345.75323,82,,,,,,
,,,,,43999,-328.97363,92,,,,,,
,,,,,44000,,,39.73137664794922,4.556446552276611,4.1875810623168945,122.34169006347656,0.736,0.001
,,,,,44134,-154.45406,135,,,,,,
,,,,,44201,-49.10099,67,,,,,,
,,,,,44270,-63.429882,69,,,,,,
,,,,,44334,-117.29411,64,,,,,,
,,,,,44411,-299.8108,77,,,,,,
,,,,,44502,-108.593796,91,,,,,,
,,,,,44595,-222.94699,93,,,,,,
,,,,,44713,-67.83337,118,,,,,,
,,,,,44813,-96.13792,100,,,,,,
,,,,,44890,-259.40063,77,,,,,,
,,,,,44984,-136.61136,94,,,,,,
,,,,,45000,,,4.1698408126831055,8.831930160522461,8.843853950500488,31.61494255065918,0.73,0.001
,,,,,45098,-412.6273,114,,,,,,
,,,,,45173,-93.74239,75,,,,,,
,,,,,45280,-189.37927,107,,,,,,
,,,,,45356,-112.01698,76,,,,,,
,,,,,45494,-93.93743,138,,,,,,
,,,,,45615,-138.6802,121,,,,,,
,,,,,45714,-72.21501,99,,,,,,
,,,,,45809,-417.94684,95,,,,,,
,,,,,45928,-206.49591,119,,,,,,
,,,,,46000,,,10.246193885803223,-4.549399375915527,-5.079197406768799,63.326351165771484,0.724,0.001
,,,,,46006,-76.82367,78,,,,,,
,,,,,46115,-95.16187,109,,,,,,
,,,,,46184,-98.50701,69,,,,,,
,,,,,46285,-139.15292,101,,,,,,
,,,,,46382,-152.5878,97,,,,,,
,,,,,46469,-354.54752,87,,,,,,
,,,,,46563,-111.65068,94,,,,,,
,,,,,46660,-123.20093,97,,,,,,
,,,,,46778,-64.384476,118,,,,,,
,,,,,46861,-106.9785,83,,,,,,
,,,,,46983,-63.74179,122,,,,,,
,,,,,47000,,,3.247427463531494,9.251025199890137,9.262490272521973,28.157085418701172,0.718,0.001
,,,,,47112,-228.23407,129,,,,,,
,,,,,47210,-112.00471,98,,,,,,
,,,,,47309,-251.84933,99,,,,,,
,,,,,47412,-362.27997,103,,,,,,
,,,,,47487,-104.63975,75,,,,,,
,,,,,47584,-124.51213,97,,,,,,
,,,,,47652,-81.23447,68,,,,,,
,,,,,47744,6.630295,92,,,,,,
,,,,,47832,-105.13421,88,,,,,,
,,,,,47914,-111.95807,82,,,,,,
,,,,,47996,-383.2876,82,,,,,,
,,,,,48000,,,13.078035354614258,4.786041259765625,4.734710216522217,57.141944885253906,0.712,0.001
,,,,,48075,-228.18636,79,,,,,,
,,,,,48179,-163.36273,104,,,,,,
,,,,,48307,-197.94145,128,,,,,,
,,,,,48422,-257.82574,115,,,,,,
,,,,,48543,-174.35403,121,,,,,,
,,,,,48625,-104.97035,82,,,,,,
,,,,,48712,-133.79872,87,,,,,,
,,,,,48786,-89.181915,74,,,,,,
,,,,,48889,-155.80385,103,,,,,,
,,,,,48985,-67.180984,96,,,,,,
,,,,,49000,,,61.23488998413086,-10.642029762268066,-12.569231033325195,202.0442352294922,0.706,0.001
,,,,,49079,-125.180405,94,,,,,,
,,,,,49179,-152.50961,100,,,,,,
,,,,,49267,-155.07072,88,,,,,,
,,,,,49368,-149.44537,101,,,,,,
,,,,,49463,-113.182755,95,,,,,,
,,,,,49539,-156.9273,76,,,,,,
,,,,,49649,-96.04617,110,,,,,,
,,,,,49743,-121.764496,94,,,,,,
,,,,,49841,-234.29478,98,,,,,,
,,,,,49956,-109.67226,115,,,,,,
-152.92264,58.68965,-82.4442,-269.50885,253.5,50000,,,8.418584823608398,10.550186157226562,11.113945007324219,46.74811553955078,0.7,0.001
,,,,,50079,-108.4361,123,,,,,,
,,,,,50201,-142.75902,122,,,,,,
,,,,,50312,-187.31317,111,,,,,,
,,,,,50426,-112.593834,114,,,,,,
,,,,,50519,-85.99055,93,,,,,,
,,,,,50606,-146.11023,87,,,,,,
,,,,,50738,-107.00168,132,,,,,,
,,,,,50844,-97.67373,106,,,,,,
,,,,,50922,-177.92291,78,,,,,,
,,,,,51000,-82.14275,78,,,,,,
,,,,,51000,,,4.841873645782471,3.2837352752685547,3.0819931030273438,47.73736572265625,0.694,0.001
,,,,,51066,-89.94545,66,,,,,,
,,,,,51177,-128.13402,111,,,,,,
,,,,,51235,-70.27823,58,,,,,,
,,,,,51317,-75.63813,82,,,,,,
,,,,,51400,-46.943813,83,,,,,,
,,,,,51471,-51.984863,71,,,,,,
,,,,,51537,-59.653763,66,,,,,,
,,,,,51623,-240.525,86,,,,,,
,,,,,51719,-133.38504,96,,,,,,
,,,,,51788,-54.38981,69,,,,,,
,,,,,51904,-110.633446,116,,,,,,
,,,,,52000,,,60.96675491333008,6.730654716491699,7.5270161628723145,97.96710205078125,0.688,0.001
,,,,,52008,-53.29126,104,,,,,,
,,,,,52119,-51.37481,111,,,,,,
,,,,,52240,-123.64772,121,,,,,,
,,,,,52350,-110.2763,110,,,,,,
,,,,,52474,-184.83134,124,,,,,,
,,,,,52559,-131.68744,85,,,,,,
,,,,,52640,-376.62668,81,,,,,,
,,,,,52732,-126.57676,92,,,,,,
,,,,,52852,-206.11594,120,,,,,,
,,,,,52972,-128.05627,120,,,,,,
,,,,,53000,,,25.145814895629883,8.626121520996094,9.361784934997559,73.07601165771484,0.6819999999999999,0.001
,,,,,53043,-106.70783,71,,,,,,
,,,,,53123,-46.223694,80,,,,,,
,,,,,53266,-77.69897,143,,,,,,
,,,,,53358,-119.684494,92,,,,,,
,,,,,53453,-224.53256,95,,,,,,
,,,,,53541,-121.83716,88,,,,,,
,,,,,53637,25.017982,96,,,,,,
,,,,,53723,-199.70517,86,,,,,,
,,,,,53795,-80.406456,72,,,,,,
,,,,,53896,-73.787865,101,,,,,,
,,,,,53978,-150.37473,82,,,,,,
,,,,,54000,,,5.030789852142334,18.224655151367188,17.798978805541992,33.61271667480469,0.6759999999999999,0.001
,,,,,54047,-100.114655,69,,,,,,
,,,,,54131,-67.0939,84,,,,,,
,,,,,54266,-309.7527,135,,,,,,
,,,,,54346,-88.157,80,,,,,,
,,,,,54451,-84.57582,105,,,,,,
,,,,,54575,-235.54263,124,,,,,,
,,,,,54655,-90.17384,80,,,,,,
,,,,,54741,-100.08823,86,,,,,,
,,,,,54854,-128.75464,113,,,,,,
,,,,,54931,-169.58319,77,,,,,,
,,,,,55000,,,21.511497497558594,6.4594268798828125,7.397407531738281,108.14270782470703,0.67,0.001
,,,,,55022,-102.86098,91,,,,,,
,,,,,55132,-90.99828,110,,,,,,
,,,,,55269,-99.66988,137,,,,,,
,,,,,55386,-62.797264,117,,,,,,
,,,,,55454,-66.55496,68,,,,,,
,,,,,55602,-18.195312,148,,,,,,
,,,,,55679,-23.308395,77,,,,,,
,,,,,55765,-178.70883,86,,,,,,
,,,,,55850,-100.89342,85,,,,,,
,,,,,55949,-100.93411,99,,,,,,
,,,,,56000,,,10.37701416015625,13.705196380615234,13.913372039794922,90.0462646484375,0.6639999999999999,0.001
,,,,,56022,-138.77243,73,,,,,,
,,,,,56156,-30.795479,134,,,,,,
,,,,,56239,-96.9391,83,,,,,,
,,,,,56318,-114.58599,79,,,,,,
,,,,,56386,-48.8823,68,,,,,,
,,,,,56486,-305.0765,100,,,,,,
,,,,,56556,-94.73317,70,,,,,,
,,,,,56643,-115.12501,87,,,,,,
,,,,,56739,-94.14023,96,,,,,,
,,,,,56839,-78.99321,100,,,,,,
,,,,,56916,-88.391304,77,,,,,,
,,,,,56997,-110.52078,81,,,,,,
,,,,,57000,,,3.312060594558716,15.910451889038086,16.57842445373535,78.99356842041016,0.6579999999999999,0.001
,,,,,57065,-107.84038,68,,,,,,
,,,,,57149,-109.2577,84,,,,,,
,,,,,57253,-95.47052,104,,,,,,
,,,,,57351,-98.27172,98,,,,,,
,,,,,57424,-74.08647,73,,,,,,
,,,,,57537,-116.13451,113,,,,,,
,,,,,57648,-125.52956,111,,,,,,
,,,,,57727,-171.03737,79,,,,,,
,,,,,57821,-174.83615,94,,,,,,
,,,,,57923,-187.38046,102,,,,,,
,,,,,57999,-91.83964,76,,,,,,
,,,,,58000,,,34.38745880126953,-2.856229066848755,-4.073718070983887,137.15179443359375,0.652,0.001
,,,,,58079,-282.3528,80,,,,,,
,,,,,58170,-98.51155,91,,,,,,
,,,,,58247,-96.030205,77,,,,,,
,,,,,58339,-81.89372,92,,,,,,
,,,,,58414,-182.76552,75,,,,,,
,,,,,58525,-113.20825,111,,,,,,
,,,,,58584,-83.93325,59,,,,,,
,,,,,58717,-93.25493,133,,,,,,
,,,,,58873,-66.89834,156,,,,,,
,,,,,58962,-116.231094,89,,,,,,
,,,,,59000,,,2.174398899078369,10.973047256469727,11.097455978393555,28.831159591674805,0.646,0.001
,,,,,59035,-70.53215,73,,,,,,
,,,,,59149,-114.42102,114,,,,,,
,,,,,59237,-125.88862,88,,,,,,
,,,,,59318,-135.92471,81,,,,,,
,,,,,59386,-75.082375,68,,,,,,
,,,,,59455,-91.83392,69,,,,,,
,,,,,59518,-96.35228,63,,,,,,
,,,,,59613,-91.08071,95,,,,,,
,,,,,59677,-154.69553,64,,,,,,
,,,,,59762,-153.93341,85,,,,,,
,,,,,59906,-76.29531,144,,,,,,
-114.279335,56.711876,-35.278458,-186.79767,521.3,60000,,,9.291572570800781,6.372344017028809,6.3201398849487305,32.01936721801758,0.6399999999999999,0.001
,,,,,60003,-230.68364,97,,,,,,
,,,,,60083,-128.4736,80,,,,,,
,,,,,60170,-100.46359,87,,,,,,
,,,,,60300,-131.12563,130,,,,,,
,,,,,60375,-54.240723,75,,,,,,
,,,,,60492,-171.14502,117,,,,,,
,,,,,60596,-78.90298,104,,,,,,
,,,,,60694,-78.29685,98,,,,,,
,,,,,60780,-80.94197,86,,,,,,
,,,,,60899,-68.93918,119,,,,,,
,,,,,61000,,,2.7596402168273926,8.084768295288086,8.52438735961914,48.25817108154297,0.634,0.001
,,,,,61012,-47.03414,113,,,,,,
,,,,,61076,-49.85907,64,,,,,,
,,,,,61180,-52.517788,104,,,,,,
,,,,,61269,-94.49333,89,,,,,,
,,,,,61337,-90.871376,68,,,,,,
,,,,,61403,-64.10286,66,,,,,,
,,,,,61482,-115.99347,79,,,,,,
,,,,,61567,-90.87646,85,,,,,,
,,,,,61680,-113.602356,113,,,,,,
,,,,,61788,-80.926285,108,,,,,,
,,,,,61887,-113.312485,99,,,,,,
,,,,,61955,-71.13877,68,,,,,,
,,,,,62000,,,9.882391929626465,14.446063041687012,14.9755859375,52.95088577270508,0.628,0.001
,,,,,62030,-48.067215,75,,,,,,
,,,,,62096,-64.75966,66,,,,,,
,,,,,62210,-81.33855,114,,,,,,
,,,,,62346,-278.2766,136,,,,,,
,,,,,62451,-87.562386,105,,,,,,
,,,,,62525,-93.85391,74,,,,,,
,,,,,62630,-129.94168,105,,,,,,
,,,,,62762,-118.31085,132,,,,,,
,,,,,62831,-88.89446,69,,,,,,
,,,,,62889,-96.15533,58,,,,,,
,,,,,62965,-187.6033,76,,,,,,
,,,,,63000,,,4.926818370819092,2.3507635593414307,1.4434566497802734,72.8401107788086,0.622,0.001
,,,,,63088,-115.90463,123,,,,,,
,,,,,63160,-204.014,72,,,,,,
,,,,,63295,-68.97015,135,,,,,,
,,,,,63421,-126.47159,126,,,,,,
,,,,,63505,-98.192635,84,,,,,,
,,,,,63598,-142.5563,93,,,,,,
,,,,,63677,-70.750854,79,,,,,,
,,,,,63754,-58.353207,77,,,,,,
,,,,,63873,-121.621765,119,,,,,,
,,,,,64000,,,2.001173973083496,6.856315612792969,7.077653884887695,28.999113082885742,0.616,0.001
,,,,,64013,-79.54871,140,,,,,,
,,,,,64100,-119.5855,87,,,,,,
,,,,,64200,7.627075,100,,,,,,
,,,,,64312,-187.37161,112,,,,,,
,,,,,64386,-118.18164,74,,,,,,
,,,,,64507,-51.762512,121,,,,,,
,,,,,64634,-103.56318,127,,,,,,
,,,,,64718,-92.1893,84,,,,,,
,,,,,64784,-91.25969,66,,,,,,
,,,,,64874,-101.196175,90,,,,,,
,,,,,64943,-80.11195,69,,,,,,
,,,,,65000,,,1.858130693435669,14.973369598388672,14.772174835205078,31.266510009765625,0.61,0.001
,,,,,65030,-97.13169,87,,,,,,
,,,,,65104,-42.13208,74,,,,,,
,,,,,65170,-193.84433,66,,,,,,
,,,,,65260,-70.19396,90,,,,,,
,,,,,65409,-39.633484,149,,,,,,
,,,,,65469,-105.69568,60,,,,,,
,,,,,65561,-44.145206,92,,,,,,
,,,,,65633,-79.03535,72,,,,,,
,,,,,65771,-113.34021,138,,,,,,
,,,,,65854,-64.884834,83,,,,,,
,,,,,65949,-56.81285,95,,,,,,
,,,,,66000,,,20.596343994140625,2.0843517780303955,2.414278030395508,85.87451934814453,0.604,0.001
,,,,,66049,-257.84222,100,,,,,,
,,,,,66137,-86.950325,88,,,,,,
,,,,,66252,-83.21413,115,,,,,,
,,,,,66328,-42.060123,76,,,,,,
,,,,,66405,-90.1924,77,,,,,,
,,,,,66483,-150.6077,78,,,,,,
,,,,,66556,-79.82033,73,,,,,,
,,,,,66662,-122.64531,106,,,,,,
,,,,,66786,-62.324978,124,,,,,,
,,,,,66880,-45.99746,94,,,,,,
,,,,,66965,-95.845535,85,,,,,,
,,,,,67000,,,10.824722290039062,12.738536834716797,12.88339614868164,77.22550964355469,0.598,0.001
,,,,,67069,-75.672134,104,,,,,,
,,,,,67144,-46.090736,75,,,,,,
,,,,,67235,-78.484856,91,,,,,,
,,,,,67302,-86.43704,67,,,,,,
,,,,,67361,-67.68762,59,,,,,,
,,,,,67474,-81.14324,113,,,,,,
,,,,,67540,-66.12987,66,,,,,,
,,,,,67599,-71.08774,59,,,,,,
,,,,,67713,-144.7024,114,,,,,,
,,,,,67797,-34.788727,84,,,,,,
,,,,,67869,-90.60329,72,,,,,,
,,,,,67978,-87.57611,109,,,,,,
,,,,,68000,,,1.8147958517074585,19.50909996032715,19.66510009765625,28.678730010986328,0.5920000000000001,0.001
,,,,,68074,-153.77551,96,,,,,,
,,,,,68163,-63.274475,89,,,,,,
,,,,,68254,-52.46313,91,,,,,,
,,,,,68329,-57.86853,75,,,,,,
,,,,,68420,-92.0345,91,,,,,,
,,,,,68480,-69.39586,60,,,,,,
,,,,,68589,-60.149605,109,,,,,,
,,,,,68668,-125.0342,79,,,,,,
,,,,,68783,-64.205536,115,,,,,,
,,,,,68871,-66.66885,88,,,,,,
,,,,,68970,-107.24733,99,,,,,,
,,,,,69000,,,4.535889625549316,16.385478973388672,16.280855178833008,46.056373596191406,0.586,0.001
,,,,,69044,-86.30352,74,,,,,,
,,,,,69107,-107.580765,63,,,,,,
,,,,,69197,-118.45011,90,,,,,,
,,,,,69269,-79.17958,72,,,,,,
,,,,,69391,-100.83025,122,,,,,,
,,,,,69499,-50.409515,108,,,,,,
,,,,,69624,-84.79258,125,,,,,,
,,,,,69742,-87.30862,118,,,,,,
,,,,,69836,-84.65172,94,,,,,,
,,,,,69912,-25.98835,76,,,,,,
,,,,,69980,-27.028816,68,,,,,,
-89.88588,53.60791,-21.184704,-207.94612,713.1,70000,,,15.698984146118164,25.270591735839844,24.999221801757812,72.24981689453125,0.58,0.001
,,,,,70071,-37.111618,91,,,,,,
,,,,,70198,-63.930355,127,,,,,,
,,,,,70280,-53.31213,82,,,,,,
,,,,,70386,-81.0574,106,,,,,,
,,,,,70497,-85.203445,111,,,,,,
,,,,,70609,-140.61664,112,,,,,,
,,,,,70719,-35.182205,110,,,,,,
,,,,,70791,-115.65318,72,,,,,,
,,,,,70912,-76.96134,121,,,,,,
,,,,,71000,,,11.689159393310547,18.11031723022461,18.394376754760742,57.23469161987305,0.5740000000000001,0.001
,,,,,71040,-155.55463,128,,,,,,
,,,,,71129,-100.71513,89,,,,,,
,,,,,71210,-72.0266,81,,,,,,
,,,,,71279,-61.288986,69,,,,,,
,,,,,71406,-12.669006,127,,,,,,
,,,,,71511,-86.63174,105,,,,,,
,,,,,71587,-75.57538,76,,,,,,
,,,,,71687,-50.845303,100,,,,,,
,,,,,71780,-83.83995,93,,,,,,
,,,,,71844,-31.867508,64,,,,,,
,,,,,71945,-69.50469,101,,,,,,
,,,,,72000,,,3.0711894035339355,26.288480758666992,26.14160919189453,34.424957275390625,0.5680000000000001,0.001
,,,,,72056,-105.58021,111,,,,,,
,,,,,72140,-199.4441,84,,,,,,
,,,,,72265,-34.63713,125,,,,,,
,,,,,72347,-59.218685,82,,,,,,
,,,,,72414,-63.591568,67,,,,,,
,,,,,72493,-74.321915,79,,,,,,
,,,,,72581,-76.33658,88,,,,,,
,,,,,72658,-96.3129,77,,,,,,
,,,,,72738,-135.59962,80,,,,,,
,,,,,72815,-89.701035,77,,,,,,
,,,,,72918,-180.96574,103,,,,,,
,,,,,73000,,,14.81164836883545,12.156036376953125,12.556675910949707,88.39115905761719,0.5619999999999999,0.001
,,,,,73026,-68.19939,108,,,,,,
,,,,,73144,-77.870125,118,,,,,,
,,,,,73228,-106.31987,84,,,,,,
,,,,,73325,-50.483864,97,,,,,,
,,,,,73440,-139.18102,115,,,,,,
,,,,,73510,-110.200676,70,,,,,,
,,,,,73583,-109.41676,73,,,,,,
,,,,,73652,-68.95726,69,,,,,,
,,,,,73748,-73.85817,96,,,,,,
,,,,,73831,-99.63337,83,,,,,,
,,,,,73976,-66.45035,145,,,,,,
,,,,,74000,,,6.883997440338135,16.038665771484375,16.38918113708496,63.710594177246094,0.556,0.001
,,,,,74074,-83.144325,98,,,,,,
,,,,,74163,-58.577095,89,,,,,,
,,,,,74242,-65.834366,79,,,,,,
,,,,,74375,-122.23157,133,,,,,,
,,,,,74436,-57.71852,61,,,,,,
,,,,,74540,-53.580704,104,,,,,,
,,,,,74617,-70.45831,77,,,,,,
,,,,,74703,-78.524185,86,,,,,,
,,,,,74813,-168.29665,110,,,,,,
,,,,,74915,-75.36038,102,,,,,,
,,,,,74998,-88.29321,83,,,,,,
,,,,,75000,,,115.47012329101562,4.314881801605225,5.897346496582031,213.66085815429688,0.55,0.001
,,,,,75082,-67.19232,84,,,,,,
,,,,,75162,-79.405716,80,,,,,,
,,,,,75249,-67.14934,87,,,,,,
,,,,,75322,-77.59654,73,,,,,,
,,,,,75447,-113.555176,125,,,,,,
,,,,,75542,-68.33261,95,,,,,,
,,,,,75660,-20.842613,118,,,,,,
,,,,,75749,-76.81866,89,,,,,,
,,,,,75825,-110.061935,76,,,,,,
,,,,,75950,-59.14608,125,,,,,,
,,,,,76000,,,5.951594352722168,29.188703536987305,29.497190475463867,63.408836364746094,0.5439999999999999,0.001
,,,,,76068,-80.69432,118,,,,,,
,,,,,76179,-126.200165,111,,,,,,
,,,,,76287,-160.77171,108,,,,,,
,,,,,76385,-211.62057,98,,,,,,
,,,,,76513,-46.69018,128,,,,,,
,,,,,76587,-88.60369,74,,,,,,
,,,,,76696,-88.522995,109,,,,,,
,,,,,76816,25.36618,120,,,,,,
,,,,,76915,-115.618385,99,,,,,,
,,,,,77000,,,4.63273286819458,12.905816078186035,13.566890716552734,73.10091400146484,0.538,0.001
,,,,,77009,-91.53073,94,,,,,,
,,,,,77097,-102.32761,88,,,,,,
,,,,,77255,-187.43564,158,,,,,,
,,,,,77363,-29.936981,108,,,,,,
,,,,,77458,-74.26677,95,,,,,,
,,,,,77536,-82.95213,78,,,,,,
,,,,,77629,-187.19444,93,,,,,,
,,,,,77746,-105.350174,117,,,,,,
,,,,,77835,-78.303276,89,,,,,,
,,,,,77951,-59.303585,116,,,,,,
,,,,,78000,,,30.937442779541016,16.570228576660156,17.000274658203125,130.50021362304688,0.532,0.001
,,,,,78088,-77.64011,137,,,,,,
,,,,,78188,-240.19463,100,,,,,,
,,,,,78284,-84.98482,96,,,,,,
,,,,,78412,-85.99534,128,,,,,,
,,,,,78509,-77.2764,97,,,,,,
,,,,,78590,-60.381218,81,,,,,,
,,,,,78730,-27.566849,140,,,,,,
,,,,,78805,-39.105747,75,,,,,,
,,,,,78918,-58.77529,113,,,,,,
,,,,,79000,,,11.273660659790039,15.430583000183105,15.723034858703613,54.88597106933594,0.526,0.001
,,,,,79004,-117.89081,86,,,,,,
,,,,,79084,-64.35269,80,,,,,,
,,,,,79194,-92.17646,110,,,,,,
,,,,,79258,-104.73904,64,,,,,,
,,,,,79324,-67.27794,66,,,,,,
,,,,,79391,-56.20002,67,,,,,,
,,,,,79497,-93.94527,106,,,,,,
,,,,,79577,-68.59953,80,,,,,,
,,,,,79646,-57.724884,69,,,,,,
,,,,,79763,-153.74033,117,,,,,,
,,,,,79879,-26.746101,116,,,,,,
,,,,,79999,-39.215134,120,,,,,,
-232.6174,124.70748,-40.116726,-382.84445,733.2,80000,,,8.023789405822754,23.597917556762695,24.09552764892578,63.24824905395508,0.52,0.001
,,,,,80082,-14.319908,83,,,,,,
,,,,,80179,-64.55227,97,,,,,,
,,,,,80269,-68.659935,90,,,,,,
,,,,,80347,4.0667496,78,,,,,,
,,,,,80432,-37.374588,85,,,,,,
,,,,,80503,-53.424362,71,,,,,,
,,,,,80611,-29.168655,108,,,,,,
,,,,,80723,-80.90678,112,,,,,,
,,,,,80835,-66.60737,112,,,,,,
,,,,,80963,-63.982258,128,,,,,,
,,,,,81000,,,2.580498456954956,26.265201568603516,25.82373046875,56.64044952392578,0.514,0.001
,,,,,81077,-92.58754,114,,,,,,
,,,,,81157,-70.16353,80,,,,,,
,,,,,81284,-9.769737,127,,,,,,
,,,,,81379,-145.37985,95,,,,,,
,,,,,81471,-110.60541,92,,,,,,
,,,,,81572,-100.471985,101,,,,,,
,,,,,81648,-40.34603,76,,,,,,
,,,,,81771,-207.86975,123,,,,,,
,,,,,81860,-87.41939,89,,,,,,
,,,,,81940,-62.63376,80,,,,,,
,,,,,82000,,,14.799853324890137,14.551259994506836,13.789490699768066,84.49600982666016,0.508,0.001
,,,,,82021,-33.86479,81,,,,,,
,,,,,82129,-124.30556,108,,,,,,
,,,,,82211,-41.936172,82,,,,,,
,,,,,82328,-51.19178,117,,,,,,
,,,,,82438,-16.104462,110,,,,,,
,,,,,82541,-65.818245,103,,,,,,
,,,,,82651,6.850113,110,,,,,,
,,,,,82723,-50.219612,72,,,,,,
,,,,,82813,-74.331116,90,,,,,,
,,,,,82917,-60.80836,104,,,,,,
,,,,,83000,-95.792404,83,,,,,,
,,,,,83000,,,7.064585208892822,9.298725128173828,9.557332992553711,57.11477279663086,0.502,0.001
,,,,,83127,-27.669304,127,,,,,,
,,,,,83247,-42.461052,120,,,,,,
,,,,,83393,-14.224228,146,,,,,,
,,,,,83497,-80.34691,104,,,,,,
,,,,,83609,-83.85173,112,,,,,,
,,,,,83716,-79.26408,107,,,,,,
,,,,,83842,-79.149506,126,,,,,,
,,,,,83923,-41.47816,81,,,,,,
,,,,,84000,,,38.236698150634766,23.62689971923828,22.412696838378906,139.2515106201172,0.4959999999999999,0.001
,,,,,84010,-56.101334,87,,,,,,
,,,,,84110,-61.281693,100,,,,,,
,,,,,84178,-40.948067,68,,,,,,
,,,,,84255,-27.343086,77,,,,,,
,,,,,84372,-63.012028,117,,,,,,
,,,,,84485,-84.37394,113,,,,,,
,,,,,84591,-76.28608,106,,,,,,
,,,,,84738,-185.63684,147,,,,,,
,,,,,84824,-142.35124,86,,,,,,
,,,,,84904,-17.803162,80,,,,,,
,,,,,84985,-68.35956,81,,,,,,
,,,,,85000,,,5.029018402099609,23.328767776489258,23.742069244384766,48.41200637817383,0.49,0.001
,,,,,85084,-12.419304,99,,,,,,
,,,,,85175,-71.47259,91,,,,,,
,,,,,85290,-76.07853,115,,,,,,
,,,,,85404,-24.072342,114,,,,,,
,,,,,85504,-71.36834,100,,,,,,
,,,,,85639,-83.06938,135,,,,,,
,,,,,85755,17.433472,116,,,,,,
,,,,,85866,-31.936172,111,,,,,,
,,,,,85958,-79.8627,92,,,,,,
,,,,,86000,,,8.086040496826172,39.289215087890625,39.56167221069336,53.94001007080078,0.484,0.001
,,,,,86027,-58.491993,69,,,,,,
,,,,,86122,-28.82174,95,,,,,,
,,,,,86192,-65.099625,70,,,,,,
,,,,,86305,-56.78212,113,,,,,,
,,,,,86392,-44.439034,87,,,,,,
,,,,,86487,-19.66198,95,,,,,,
,,,,,86572,-79.92667,85,,,,,,
,,,,,86646,-87.40765,74,,,,,,
,,,,,86723,-79.09969,77,,,,,,
,,,,,86812,-76.68371,89,,,,,,
,,,,,86911,-224.9248,99,,,,,,
,,,,,87000,,,13.454907417297363,29.28064727783203,28.791324615478516,110.14457702636719,0.478,0.001
,,,,,87014,11.589386,103,,,,,,
,,,,,87108,28.431686,94,,,,,,
,,,,,87207,-73.84316,99,,,,,,
,,,,,87326,-98.036835,119,,,,,,
,,,,,87450,-197.28094,124,,,,,,
,,,,,87559,-115.38132,109,,,,,,
,,,,,87658,-30.713799,99,,,,,,
,,,,,87740,-33.833794,82,,,,,,
,,,,,87835,-93.40798,95,,,,,,
,,,,,87901,-76.656555,66,,,,,,
,,,,,87969,-47.58926,68,,,,,,
,,,,,88000,,,6.136617660522461,16.116863250732422,16.10462760925293,49.361454010009766,0.472,0.001
,,,,,88062,9.348442,93,,,,,,
,,,,,88173,-59.63423,111,,,,,,
,,,,,88320,-26.373978,147,,,,,,
,,,,,88440,-83.32504,120,,,,,,
,,,,,88515,-58.417526,75,,,,,,
,,,,,88639,20.3358,124,,,,,,
,,,,,88728,-140.51112,89,,,,,,
,,,,,88819,-68.20226,91,,,,,,
,,,,,88923,-85.073265,104,,,,,,
,,,,,89000,,,34.16291809082031,26.120210647583008,25.059097290039062,267.02252197265625,0.46599999999999997,0.001
,,,,,89012,-75.06956,89,,,,,,
,,,,,89157,9.625809,145,,,,,,
,,,,,89243,-95.46612,86,,,,,,
,,,,,89345,3.5161057,102,,,,,,
,,,,,89445,-55.90087,100,,,,,,
,,,,,89520,-49.694267,75,,,,,,
,,,,,89604,-63.658543,84,,,,,,
,,,,,89692,-56.30925,88,,,,,,
,,,,,89847,25.651276,155,,,,,,
,,,,,89955,-37.581802,108,,,,,,
-231.41704,84.467224,-47.878487,-346.60608,336.6,90000,,,6.664608478546143,24.289785385131836,23.656173706054688,100.2408218383789,0.45999999999999996,0.001
,,,,,90067,-50.82303,112,,,,,,
,,,,,90172,-98.72204,105,,,,,,
,,,,,90263,-15.062027,91,,,,,,
,,,,,90355,-16.302902,92,,,,,,
,,,,,90452,-37.98911,97,,,,,,
,,,,,90554,-59.443348,102,,,,,,
,,,,,90630,-71.900116,76,,,,,,
,,,,,90728,-27.99479,98,,,,,,
,,,,,90795,-126.70141,67,,,,,,
,,,,,91000,,,3.945513963699341,31.714799880981445,31.473268508911133,35.60467529296875,0.45399999999999996,0.001
,,,,,91795,135.39743,1000,,,,,,
,,,,,91884,-37.85923,89,,,,,,
,,,,,92000,,,6.962794303894043,27.035297393798828,27.48194122314453,53.116119384765625,0.44800000000000006,0.001
,,,,,92015,-95.962746,131,,,,,,
,,,,,92127,-101.11223,112,,,,,,
,,,,,92217,-55.39081,90,,,,,,
,,,,,92304,-43.41401,87,,,,,,
,,,,,92394,-96.12232,90,,,,,,
,,,,,92504,-95.2141,110,,,,,,
,,,,,92608,-14.566498,104,,,,,,
,,,,,92717,-38.25318,109,,,,,,
,,,,,92837,-64.5596,120,,,,,,
,,,,,92971,-33.744514,134,,,,,,
,,,,,93000,,,2.1681437492370605,33.688350677490234,34.10469055175781,40.98021697998047,0.44199999999999995,0.001
,,,,,93082,-81.84749,111,,,,,,
,,,,,93183,-98.620995,101,,,,,,
,,,,,93333,0.15349579,150,,,,,,
,,,,,93420,-103.15018,87,,,,,,
,,,,,93541,-49.382942,121,,,,,,
,,,,,93655,-15.239586,114,,,,,,
,,,,,93769,45.73813,114,,,,,,
,,,,,93886,-62.32473,117,,,,,,
,,,,,93980,-69.416725,94,,,,,,
,,,,,94000,,,34.28636169433594,26.62625503540039,26.695653915405273,70.12288665771484,0.43599999999999994,0.001
,,,,,94081,-205.59062,101,,,,,,
,,,,,94201,-85.33884,120,,,,,,
,,,,,94303,2.6923904,102,,,,,,
,,,,,94473,10.668037,170,,,,,,
,,,,,94584,-88.18881,111,,,,,,
,,,,,94728,-22.523766,144,,,,,,
,,,,,94876,25.423492,148,,,,,,
,,,,,94972,-62.182137,96,,,,,,
,,,,,95000,,,4.4240288734436035,31.508216857910156,31.009750366210938,62.77705383300781,0.43000000000000005,0.001
,,,,,95056,-32.685837,84,,,,,,
,,,,,95176,-58.562256,120,,,,,,
,,,,,95293,-85.519554,117,,,,,,
,,,,,95452,6.5803146,159,,,,,,
,,,,,95584,-88.64003,132,,,,,,
,,,,,95677,-57.49797,93,,,,,,
,,,,,95775,-54.067375,98,,,,,,
,,,,,95939,-69.93876,164,,,,,,
,,,,,96000,,,19.369823455810547,40.511417388916016,40.7336311340332,84.90863037109375,0.42399999999999993,0.001
,,,,,96070,-57.22209,131,,,,,,
,,,,,96161,-47.350803,91,,,,,,
,,,,,96251,-116.90983,90,,,,,,
,,,,,96413,0.8415909,162,,,,,,
,,,,,96501,11.41172,88,,,,,,
,,,,,96633,-29.241913,132,,,,,,
,,,,,96719,-23.052406,86,,,,,,
,,,,,96821,-69.72323,102,,,,,,
,,,,,96944,-21.281364,123,,,,,,
,,,,,97000,,,5.2428507804870605,21.01755714416504,21.196298599243164,42.79265594482422,0.41800000000000004,0.001
,,,,,97071,19.539658,127,,,,,,
,,,,,97183,-54.36384,112,,,,,,
,,,,,97288,-42.271942,105,,,,,,
,,,,,97406,-87.99617,118,,,,,,
,,,,,97520,-4.9009857,114,,,,,,
,,,,,97670,-9.166496,150,,,,,,
,,,,,97761,-124.66589,91,,,,,,
,,,,,97870,-64.10167,109,,,,,,
,,,,,97991,6.123657,121,,,,,,
,,,,,98000,,,17.326446533203125,33.70735549926758,33.46450424194336,95.95439910888672,0.41200000000000003,0.001
,,,,,98087,-1.8551254,96,,,,,,
,,,,,98185,-21.915314,98,,,,,,
,,,,,98780,-56.049408,595,,,,,,
,,,,,98897,-28.182793,117,,,,,,
,,,,,99000,,,5.339214324951172,33.49669647216797,33.44247055053711,41.593589782714844,0.4059999999999999,0.001
,,,,,99027,-90.77512,130,,,,,,
,,,,,99144,-43.409782,117,,,,,,
,,,,,99317,-19.74057,173,,,,,,
,,,,,99452,-14.259804,135,,,,,,
,,,,,99612,-58.377533,160,,,,,,
,,,,,99701,-14.454803,89,,,,,,
-202.62242,135.58607,-47.03081,-448.5362,773.7,100000,,,10.567915916442871,31.497440338134766,32.03840637207031,70.89139556884766,0.4,0.001
,,,,,100701,62.77333,1000,,,,,,
,,,,,100780,-23.207024,79,,,,,,
,,,,,100867,-59.979565,87,,,,,,
,,,,,101000,,,33.01295471191406,31.133861541748047,31.347034454345703,78.87818145751953,0.394,0.001
,,,,,101041,-7.059311,174,,,,,,
,,,,,101124,-36.85514,83,,,,,,
,,,,,101281,-15.316399,157,,,,,,
,,,,,101465,-60.453598,184,,,,,,
,,,,,101588,-69.14169,123,,,,,,
,,,,,101735,-40.95008,147,,,,,,
,,,,,101861,-114.69208,126,,,,,,
,,,,,101972,-71.58729,111,,,,,,
,,,,,102000,,,5.02058744430542,36.45100784301758,36.193458557128906,58.05730056762695,0.3879999999999999,0.001
,,,,,102069,-97.034836,97,,,,,,
,,,,,102172,-25.799164,103,,,,,,
,,,,,102272,-24.669334,100,,,,,,
,,,,,102433,-0.83340454,161,,,,,,
,,,,,102530,-23.182205,97,,,,,,
,,,,,102604,-67.95972,74,,,,,,
,,,,,102724,-13.681244,120,,,,,,
,,,,,102859,-86.19036,135,,,,,,
,,,,,102975,3.2863846,116,,,,,,
,,,,,103000,,,10.153241157531738,32.09272766113281,31.670406341552734,91.97402954101562,0.382,0.001
,,,,,103201,-10.161713,226,,,,,,
,,,,,103336,-40.1506,135,,,,,,
,,,,,103437,-66.25286,101,,,,,,
,,,,,103529,-75.61072,92,,,,,,
,,,,,104000,,,11.402918815612793,34.513702392578125,35.57851791381836,93.50016784667969,0.376,0.001
,,,,,104529,79.57495,1000,,,,,,
,,,,,104650,-15.687988,121,,,,,,
,,,,,104733,-51.097424,83,,,,,,
,,,,,104825,32.739777,92,,,,,,
,,,,,105000,,,10.987974166870117,14.512085914611816,14.262566566467285,55.461036682128906,0.37,0.001
,,,,,105105,-55.014297,280,,,,,,
,,,,,105222,-113.06939,117,,,,,,
,,,,,105330,-71.056366,108,,,,,,
,,,,,105456,-70.83359,126,,,,,,
,,,,,105619,14.259964,163,,,,,,
,,,,,105815,-19.186821,196,,,,,,
,,,,,105968,-12.009552,153,,,,,,
,,,,,106000,,,57.29043960571289,35.75668716430664,34.301414489746094,170.5182342529297,0.364,0.001
,,,,,106104,6.0115585,136,,,,,,
,,,,,107000,,,3.7825138568878174,43.138118743896484,43.712974548339844,67.56061553955078,0.358,0.001
,,,,,107104,25.070879,1000,,,,,,
,,,,,107229,-16.398994,125,,,,,,
,,,,,107348,-26.620926,119,,,,,,
,,,,,107482,-8.689201,134,,,,,,
,,,,,107601,-22.593864,119,,,,,,
,,,,,107722,9.638107,121,,,,,,
,,,,,108000,,,16.315479278564453,34.141624450683594,34.80731964111328,80.14791870117188,0.352,0.001
,,,,,108722,10.598795,1000,,,,,,
,,,,,108814,-77.49284,92,,,,,,
,,,,,109000,,,14.708209991455078,31.137948989868164,31.720657348632812,77.70502471923828,0.346,0.001
,,,,,109231,-17.632004,417,,,,,,
,,,,,109343,-29.666443,112,,,,,,
,,,,,109430,-59.01122,87,,,,,,
,,,,,109582,-84.21296,152,,,,,,
-75.03552,33.58652,-21.730646,-133.97429,1000.0,110000,,,14.167793273925781,40.14643478393555,40.42805099487305,58.886775970458984,0.3400000000000001,0.001
,,,,,110582,21.288567,1000,,,,,,
,,,,,111000,,,15.36011791229248,26.966257095336914,26.896087646484375,60.08335876464844,0.33399999999999996,0.001
,,,,,111582,-11.498181,1000,,,,,,
,,,,,111702,-23.914871,120,,,,,,
,,,,,111789,-10.795685,87,,,,,,
,,,,,111913,-187.80562,124,,,,,,
,,,,,112000,,,16.389806747436523,40.67549133300781,40.595916748046875,81.18476104736328,0.32799999999999996,0.001
,,,,,112021,22.059639,108,,,,,,
,,,,,113000,,,3.3171074390411377,33.63993453979492,33.72783279418945,26.594276428222656,0.32200000000000006,0.001
,,,,,113021,13.588652,1000,,,,,,
,,,,,113143,-4.256996,122,,,,,,
,,,,,114000,,,6.708234786987305,18.261600494384766,18.993003845214844,72.34559631347656,0.31599999999999995,0.001
,,,,,114143,-26.208311,1000,,,,,,
,,,,,114245,14.337112,102,,,,,,
,,,,,114332,-36.280537,87,,,,,,
,,,,,115000,,,11.084303855895996,25.716991424560547,25.537885665893555,62.33245849609375,0.30999999999999994,0.001
,,,,,115332,-7.9746017,1000,,,,,,
,,,,,116000,,,2.844543933868408,41.100704193115234,41.14161682128906,27.60808753967285,0.30400000000000005,0.001
,,,,,116332,-19.404095,1000,,,,,,
,,,,,117000,,,15.077136039733887,36.89780044555664,36.64451217651367,70.46491241455078,0.29799999999999993,0.001
,,,,,117332,51.206795,1000,,,,,,
,,,,,117562,-49.224693,230,,,,,,
,,,,,118000,,,6.189815998077393,36.22627258300781,36.26824951171875,48.80453872680664,0.29200000000000004,0.001
,,,,,118562,62.714527,1000,,,,,,
,,,,,118773,-11.167328,211,,,,,,
,,,,,119000,,,5.521528720855713,42.36469268798828,42.936134338378906,65.91486358642578,0.28600000000000003,0.001
,,,,,119773,-67.51464,1000,,,,,,
,,,,,119899,-77.00025,126,,,,,,
-69.169754,39.685047,-17.860476,-163.62271,1000.0,120000,,,3.22999906539917,37.804039001464844,37.588104248046875,46.924293518066406,0.2799999999999999,0.001
,,,,,120899,-75.79348,1000,,,,,,
,,,,,121000,,,3.542694568634033,30.31914710998535,29.554141998291016,93.82683563232422,0.274,0.001
,,,,,121899,30.971382,1000,,,,,,
,,,,,122000,,,8.368877410888672,40.011390686035156,41.230804443359375,121.14164733886719,0.268,0.001
,,,,,122899,75.72479,1000,,,,,,
,,,,,123000,,,7.207326889038086,35.307735443115234,36.298274993896484,85.55245208740234,0.262,0.001
,,,,,123202,-20.71479,303,,,,,,
,,,,,123376,-128.62932,174,,,,,,
,,,,,123503,12.433769,127,,,,,,
,,,,,124000,,,26.00314712524414,27.646215438842773,26.743114471435547,172.41763305664062,0.256,0.001
,,,,,124503,25.458118,1000,,,,,,
,,,,,125000,,,4.706813812255859,37.47380828857422,38.25873565673828,73.80701446533203,0.25,0.001
,,,,,125503,-62.460003,1000,,,,,,
,,,,,125652,29.409927,149,,,,,,
,,,,,125787,48.154633,135,,,,,,
,,,,,125901,-4.7806244,114,,,,,,
,,,,,126000,,,7.594635009765625,40.77275848388672,41.11607360839844,77.49120330810547,0.244,0.001
,,,,,126901,0.8368566,1000,,,,,,
,,,,,127000,,,7.325183868408203,30.574613571166992,30.433210372924805,63.29300308227539,0.238,0.001
,,,,,127022,15.021957,121,,,,,,
,,,,,128000,,,8.46975326538086,31.97607421875,32.25746154785156,60.029014587402344,0.23199999999999998,0.001
,,,,,128022,19.066156,1000,,,,,,
,,,,,128418,-14.245354,396,,,,,,
,,,,,129000,,,7.427164077758789,47.09765625,47.16719055175781,57.84539794921875,0.22599999999999998,0.001
,,,,,129418,-17.082455,1000,,,,,,
-27.971252,20.183935,1.2862338,-62.412212,1000.0,130000,,,49.6864128112793,32.340293884277344,30.388595581054688,189.45741271972656,0.21999999999999997,0.001
,,,,,130418,6.821865,1000,,,,,,
,,,,,131000,,,7.853995323181152,31.569660186767578,31.875957489013672,73.01031494140625,0.21399999999999997,0.001
,,,,,131418,-56.029594,1000,,,,,,
,,,,,132000,,,17.42239761352539,27.140708923339844,26.854251861572266,108.7458724975586,0.20799999999999996,0.001
,,,,,132418,-63.356148,1000,,,,,,
,,,,,133000,,,7.123673915863037,46.45283889770508,46.92886734008789,57.86831283569336,0.20199999999999996,0.001
,,,,,133418,-60.971375,1000,,,,,,
,,,,,133551,-4.436371,133,,,,,,
,,,,,134000,,,19.241811752319336,26.496078491210938,26.41731071472168,73.64366912841797,0.19599999999999995,0.001
,,,,,134551,-88.08251,1000,,,,,,
,,,,,135000,,,6.659134864807129,40.415611267089844,40.469451904296875,46.42778778076172,0.18999999999999995,0.001
,,,,,135551,-41.252983,1000,,,,,,
,,,,,136000,,,7.915626049041748,53.531524658203125,53.464454650878906,57.455074310302734,0.18400000000000005,0.001
,,,,,136551,-33.07568,1000,,,,,,
,,,,,137000,,,26.474512100219727,35.1858024597168,34.34487533569336,97.00363159179688,0.17799999999999994,0.001
,,,,,137551,-55.855225,1000,,,,,,
,,,,,138000,,,21.774133682250977,52.70270538330078,52.214908599853516,72.14771270751953,0.17199999999999993,0.001
,,,,,138551,4.4927473,1000,,,,,,
,,,,,139000,,,35.580223083496094,47.30226135253906,47.35957336425781,93.5974349975586,0.16600000000000004,0.001
,,,,,139551,-97.16589,1000,,,,,,
,,,,,139807,-237.1139,256,,,,,,
-57.339832,17.689732,-38.36294,-95.36642,1000.0,140000,,,8.549995422363281,27.042098999023438,26.80780029296875,57.377410888671875,0.15999999999999992,0.001
,,,,,140807,-46.51701,1000,,,,,,
,,,,,141000,,,7.63368034362793,33.35991668701172,33.423160552978516,45.008995056152344,0.15400000000000003,0.001
,,,,,141807,-37.760887,1000,,,,,,
,,,,,142000,,,7.371878623962402,41.33419418334961,41.35575866699219,55.289424896240234,0.14800000000000002,0.001
,,,,,142807,-64.98205,1000,,,,,,
,,,,,143000,,,7.662572383880615,43.47384262084961,42.61387252807617,83.78874206542969,0.1419999999999999,0.001
,,,,,143807,-7.2285023,1000,,,,,,
,,,,,143937,-7.9910965,130,,,,,,
,,,,,144000,,,4.476434707641602,43.765403747558594,43.998680114746094,38.158042907714844,0.136,0.001
,,,,,144937,-2.8366218,1000,,,,,,
,,,,,145000,,,24.231725692749023,44.496376037597656,45.165592193603516,95.74738311767578,0.13,0.001
,,,,,145937,-0.4981115,1000,,,,,,
,,,,,146000,,,8.24452018737793,56.55104064941406,56.55875015258789,66.20709991455078,0.12399999999999989,0.001
,,,,,146569,215.58534,632,,,,,,
,,,,,147000,,,83.84307861328125,48.01487731933594,49.72817611694336,330.8324279785156,0.118,0.001
,,,,,147569,-22.373993,1000,,,,,,
,,,,,148000,,,8.508744239807129,41.51783752441406,42.457855224609375,83.45922088623047,0.11199999999999999,0.001
,,,,,148569,12.211777,1000,,,,,,
,,,,,149000,,,7.131052494049072,32.734066009521484,33.54753112792969,86.01380157470703,0.10599999999999998,0.001
,,,,,149569,-52.287643,1000,,,,,,
-56.879833,21.253855,-30.641632,-99.00625,1000.0,150000,,,21.430849075317383,39.717281341552734,39.46826171875,100.90152740478516,0.1,0.001
,,,,,150569,-49.813858,1000,,,,,,
,,,,,151000,,,52.472373962402344,35.8997688293457,35.58061599731445,214.4811553955078,0.09946666666666668,0.001
,,,,,151569,-13.20336,1000,,,,,,
,,,,,152000,,,9.354362487792969,42.69371795654297,42.44843292236328,56.18671417236328,0.09893333333333335,0.001
,,,,,152569,-60.345875,1000,,,,,,
,,,,,153000,,,26.628917694091797,48.912872314453125,48.306175231933594,81.69125366210938,0.0984,0.001
,,,,,153569,-37.50133,1000,,,,,,
,,,,,154000,,,6.225452899932861,43.95649337768555,44.07174301147461,44.725563049316406,0.09786666666666667,0.001
,,,,,154569,-56.597042,1000,,,,,,
,,,,,155000,,,5.078292369842529,41.49630355834961,41.223541259765625,43.0468635559082,0.09733333333333334,0.001
,,,,,155569,-13.672592,1000,,,,,,
,,,,,156000,,,7.111063003540039,34.020320892333984,33.61246109008789,58.0694580078125,0.09680000000000001,0.001
,,,,,156569,-28.922134,1000,,,,,,
,,,,,157000,,,41.693321228027344,49.10807800292969,50.21415710449219,201.01034545898438,0.09626666666666667,0.001
,,,,,157569,-29.519384,1000,,,,,,
,,,,,158000,,,6.800761699676514,55.29362106323242,54.79131317138672,69.11295318603516,0.09573333333333334,0.001
,,,,,158569,-20.209503,1000,,,,,,
,,,,,159000,,,3.8635640144348145,48.380210876464844,48.46882247924805,29.533891677856445,0.0952,0.001
,,,,,159569,-56.456112,1000,,,,,,
,,,,,159992,-87.124435,423,,,,,,
-85.380844,18.741892,-42.32178,-108.01984,1000.0,160000,,,5.670488357543945,49.56242752075195,49.604434967041016,57.69361877441406,0.09466666666666668,0.001
,,,,,160992,-46.33518,1000,,,,,,
,,,,,161000,,,5.5469841957092285,50.87923812866211,50.818721771240234,37.84347915649414,0.09413333333333333,0.001
,,,,,161992,-5.5227947,1000,,,,,,
,,,,,162000,,,59.579620361328125,37.77487564086914,37.52401351928711,150.16342163085938,0.0936,0.001
,,,,,162337,271.49026,345,,,,,,
,,,,,163000,,,10.196277618408203,49.599300384521484,49.48344039916992,52.65769958496094,0.09306666666666667,0.001
,,,,,163337,-43.467415,1000,,,,,,
,,,,,164000,,,4.86710786819458,35.98154067993164,35.47242736816406,66.61135864257812,0.09253333333333334,0.001
,,,,,164337,11.258302,1000,,,,,,
,,,,,165000,,,4.342081546783447,57.16224670410156,56.687828063964844,41.06074905395508,0.092,0.001
,,,,,165337,-78.7826,1000,,,,,,
,,,,,166000,,,5.72169828414917,52.356651306152344,51.77187728881836,67.84247589111328,0.09146666666666667,0.001
,,,,,166337,-10.981196,1000,,,,,,
,,,,,167000,,,74.91731262207031,48.598201751708984,47.52180862426758,241.6841583251953,0.09093333333333334,0.001
,,,,,167337,-18.074251,1000,,,,,,
,,,,,168000,,,8.677974700927734,53.31459045410156,52.85723876953125,78.95921325683594,0.09040000000000001,0.001
,,,,,168337,-40.744698,1000,,,,,,
,,,,,169000,,,11.535367012023926,33.3403205871582,33.31095504760742,46.630611419677734,0.08986666666666668,0.001
,,,,,169337,-31.363802,1000,,,,,,
29.071957,125.11002,301.4907,-74.30769,881.2,170000,,,10.312430381774902,52.867095947265625,52.2829475402832,69.85204315185547,0.08933333333333333,0.001
,,,,,170337,-41.986397,1000,,,,,,
,,,,,171000,,,6.404791831970215,59.37942886352539,59.458744049072266,57.05670166015625,0.0888,0.001
,,,,,171337,-12.1182165,1000,,,,,,
,,,,,172000,,,6.661367893218994,56.587554931640625,57.04050064086914,80.13146209716797,0.08826666666666667,0.001
,,,,,172337,-50.36985,1000,,,,,,
,,,,,173000,,,9.578021049499512,49.24290084838867,48.76717758178711,61.28246307373047,0.08773333333333334,0.001
,,,,,173337,-36.424488,1000,,,,,,
,,,,,174000,,,7.902503490447998,40.68153381347656,40.98310089111328,68.19277954101562,0.0872,0.001
,,,,,174337,26.816866,1000,,,,,,
,,,,,175000,,,6.732712268829346,55.177608489990234,55.044803619384766,64.30332946777344,0.08666666666666667,0.001
,,,,,175305,132.06482,968,,,,,,
,,,,,176000,,,46.85253143310547,57.259769439697266,58.26469421386719,151.0235595703125,0.08613333333333334,0.001
,,,,,176305,-3.1593215,1000,,,,,,
,,,,,177000,,,5.356740951538086,44.03840637207031,44.3891716003418,45.344661712646484,0.08560000000000001,0.001
,,,,,177173,131.17447,868,,,,,,
,,,,,178000,,,19.83371353149414,52.420692443847656,50.98666763305664,119.2613525390625,0.08506666666666667,0.001
,,,,,178173,-23.29413,1000,,,,,,
,,,,,179000,,,3.660914421081543,60.56559371948242,60.345211029052734,38.92886734008789,0.08453333333333334,0.001
,,,,,179173,-39.35595,1000,,,,,,
-51.085846,17.720602,-30.734726,-95.85109,936.2,180000,,,4.835317611694336,49.32858657836914,49.655914306640625,57.6542854309082,0.084,0.001
,,,,,180173,-13.719179,1000,,,,,,
,,,,,181000,,,4.544484615325928,46.32368469238281,45.996639251708984,57.5787353515625,0.08346666666666668,0.001
,,,,,181173,-45.371605,1000,,,,,,
,,,,,182000,,,9.283514022827148,34.92022705078125,35.49690246582031,67.2374496459961,0.08293333333333333,0.001
,,,,,182173,-18.652205,1000,,,,,,
,,,,,183000,,,6.69559383392334,36.28827667236328,36.16615295410156,54.26420974731445,0.0824,0.001
,,,,,183173,8.348388,1000,,,,,,
,,,,,183978,174.07095,805,,,,,,
,,,,,184000,,,5.615458965301514,49.26742935180664,48.76520538330078,68.79825592041016,0.08186666666666667,0.001
,,,,,184451,173.30304,473,,,,,,
,,,,,185000,,,4.693479537963867,60.002662658691406,59.80643844604492,44.15446090698242,0.08133333333333334,0.001
,,,,,185451,148.25874,1000,,,,,,
,,,,,186000,,,4.7336554527282715,59.27379608154297,59.34703063964844,66.0937271118164,0.08080000000000001,0.001
,,,,,186156,246.63188,705,,,,,,
,,,,,187000,,,12.966423988342285,43.63710021972656,43.012752532958984,121.95780181884766,0.08026666666666667,0.001
,,,,,187156,120.282524,1000,,,,,,
,,,,,187591,200.2825,435,,,,,,
,,,,,188000,,,12.00753402709961,48.13457107543945,47.39303207397461,63.675758361816406,0.07973333333333334,0.001
,,,,,188443,215.75854,852,,,,,,
,,,,,188831,-102.32831,388,,,,,,
,,,,,189000,,,13.103179931640625,39.6262092590332,39.976600646972656,86.89517211914062,0.0792,0.001
,,,,,189256,185.04027,425,,,,,,
,,,,,189523,-66.3739,267,,,,,,
-2.7806427,90.65944,175.20093,-163.16104,949.0,190000,,,5.14646577835083,58.259910583496094,58.31511688232422,40.188812255859375,0.07866666666666668,0.001
,,,,,190072,225.26096,549,,,,,,
,,,,,190335,-86.99291,263,,,,,,
,,,,,190884,240.50551,549,,,,,,
,,,,,191000,,,14.186596870422363,43.985198974609375,43.981231689453125,108.74175262451172,0.07813333333333333,0.001
,,,,,191715,143.12056,831,,,,,,
,,,,,192000,,,3.1781959533691406,68.60769653320312,68.47903442382812,30.73735809326172,0.0776,0.001
,,,,,192472,-116.91638,757,,,,,,
,,,,,193000,,,6.6678385734558105,56.7875862121582,57.028839111328125,60.10245895385742,0.07706666666666667,0.001
,,,,,193097,197.56963,625,,,,,,
,,,,,193400,250.54053,303,,,,,,
,,,,,194000,,,4.996616840362549,50.58905029296875,50.96367645263672,39.82689666748047,0.07653333333333334,0.001
,,,,,194302,185.56725,902,,,,,,
,,,,,194680,230.42337,378,,,,,,
,,,,,195000,,,4.664516925811768,64.31381225585938,64.67756652832031,53.72325134277344,0.07600000000000001,0.001
,,,,,195394,-124.287735,714,,,,,,
,,,,,195911,226.23828,517,,,,,,
,,,,,196000,,,5.287643909454346,49.40304946899414,48.65493392944336,65.79985046386719,0.07546666666666668,0.001
,,,,,196619,269.0056,708,,,,,,
,,,,,197000,,,5.185203552246094,53.80182647705078,53.02416229248047,54.70061111450195,0.07493333333333334,0.001
,,,,,197241,208.64731,622,,,,,,
,,,,,197590,251.58482,349,,,,,,
,,,,,198000,,,181.14749145507812,46.338077545166016,47.74983596801758,214.7095184326172,0.07440000000000001,0.001
,,,,,198091,-61.918438,501,,,,,,
,,,,,198755,160.19156,664,,,,,,
,,,,,199000,,,7.716314792633057,51.7411994934082,52.000389099121094,49.859249114990234,0.07386666666666666,0.001
,,,,,199755,10.289311,1000,,,,,,
130.51126,45.786465,198.12119,62.095806,842.8,200000,,,5.436622619628906,66.01879119873047,65.72432708740234,52.56404495239258,0.07333333333333333,0.001
,,,,,200296,153.85,541,,,,,,
,,,,,201000,,,6.371571063995361,48.72924041748047,49.03025817871094,64.4334945678711,0.0728,0.001
,,,,,201296,10.613731,1000,,,,,,
,,,,,201911,254.07396,615,,,,,,
,,,,,202000,,,6.792538166046143,47.3665885925293,47.9166259765625,67.2572021484375,0.07226666666666667,0.001
,,,,,202483,154.37091,572,,,,,,
,,,,,203000,,,9.22771167755127,54.83171081542969,55.448646545410156,65.14158630371094,0.07173333333333334,0.001
,,,,,203425,155.39673,942,,,,,,
,,,,,203982,195.13104,557,,,,,,
,,,,,204000,,,13.135172843933105,50.862815856933594,51.05903244018555,54.741275787353516,0.07120000000000001,0.001
,,,,,204624,145.76215,642,,,,,,
,,,,,204918,-162.76591,294,,,,,,
,,,,,205000,,,31.98193359375,44.72635269165039,45.18659210205078,132.9849853515625,0.07066666666666667,0.001
,,,,,205540,192.9649,622,,,,,,
,,,,,206000,,,6.382277488708496,56.90174865722656,57.70939254760742,83.52735137939453,0.07013333333333334,0.001
,,,,,206540,-47.69185,1000,,,,,,
,,,,,207000,,,14.503067970275879,44.96890640258789,44.879634857177734,99.2325210571289,0.06960000000000001,0.001
,,,,,207111,240.35542,571,,,,,,
,,,,,207875,231.87936,764,,,,,,
,,,,,208000,,,32.09745788574219,53.30921173095703,54.46990203857422,152.64027404785156,0.06906666666666667,0.001
,,,,,208726,223.54993,851,,,,,,
,,,,,209000,,,9.843062400817871,56.14015197753906,55.77045440673828,83.45917510986328,0.06853333333333333,0.001
,,,,,209186,-193.08273,460,,,,,,
,,,,,209741,237.37259,555,,,,,,
122.097855,132.8402,271.14215,-132.17067,667.9,210000,,,8.85926628112793,55.32628631591797,55.46025848388672,47.825538635253906,0.068,0.001
,,,,,210741,19.459509,1000,,,,,,
,,,,,211000,,,6.188756465911865,53.76240539550781,53.059871673583984,83.06636810302734,0.06746666666666667,0.001
,,,,,211522,188.35925,781,,,,,,
,,,,,212000,,,8.993767738342285,43.92694091796875,44.316192626953125,48.89630126953125,0.06693333333333334,0.001
,,,,,212381,168.91464,859,,,,,,
,,,,,213000,,,6.943434715270996,50.28006362915039,50.513973236083984,48.46615982055664,0.06640000000000001,0.001
,,,,,213052,134.84998,671,,,,,,
,,,,,214000,,,4.922078609466553,54.60595703125,55.01508331298828,51.72444534301758,0.06586666666666667,0.001
,,,,,214052,-44.672256,1000,,,,,,
,,,,,214299,8.092033,247,,,,,,
,,,,,215000,,,3.2050092220306396,61.53290939331055,61.85913848876953,35.181644439697266,0.06533333333333333,0.001
,,,,,215198,107.28461,899,,,,,,
,,,,,215642,217.81873,444,,,,,,
,,,,,216000,,,6.388307571411133,51.781150817871094,51.74626922607422,59.72785949707031,0.0648,0.001
,,,,,216321,208.85951,679,,,,,,
,,,,,216802,248.72565,481,,,,,,
,,,,,217000,,,13.852127075195312,58.55818176269531,58.840118408203125,78.06062316894531,0.06426666666666667,0.001
,,,,,217041,295.19055,239,,,,,,
,,,,,218000,,,5.402001857757568,55.42503356933594,54.91908264160156,57.46300506591797,0.06373333333333334,0.001
,,,,,218041,-78.52908,1000,,,,,,
,,,,,218975,135.17578,934,,,,,,
,,,,,219000,,,17.996774673461914,47.665977478027344,48.096153259277344,96.80396270751953,0.0632,0.001
,,,,,219975,83.76773,1000,,,,,,
33.541187,174.88603,240.32864,-269.81876,673.5,220000,,,3.6907713413238525,57.345516204833984,58.161529541015625,73.2094497680664,0.06266666666666668,0.001
,,,,,220651,220.5046,676,,,,,,
,,,,,221000,,,20.449281692504883,51.630393981933594,51.05501937866211,119.74665069580078,0.06213333333333334,0.001
,,,,,221072,211.82239,421,,,,,,
,,,,,222000,,,16.895301818847656,48.18375015258789,47.17219161987305,145.61607360839844,0.06160000000000001,0.001
,,,,,222072,38.812416,1000,,,,,,
,,,,,222347,231.38539,275,,,,,,
,,,,,222509,-35.906593,162,,,,,,
,,,,,223000,,,6.812208652496338,47.10983657836914,46.923606872558594,59.45233154296875,0.06106666666666667,0.001
,,,,,223054,190.62186,545,,,,,,
,,,,,224000,,,5.048748970031738,52.16001892089844,51.608009338378906,51.97404098510742,0.060533333333333335,0.001
,,,,,224054,83.85265,1000,,,,,,
,,,,,224711,218.05042,657,,,,,,
,,,,,225000,,,5.409160614013672,51.45024490356445,51.95899200439453,56.477821350097656,0.060000000000000005,0.001
,,,,,225060,241.04834,349,,,,,,
,,,,,225566,215.32376,506,,,,,,
,,,,,225838,3.2439194,272,,,,,,
,,,,,226000,,,4.530886650085449,57.85375213623047,58.34283447265625,59.81169509887695,0.05946666666666667,0.001
,,,,,226144,-147.3865,306,,,,,,
,,,,,226670,259.9967,526,,,,,,
,,,,,227000,,,5.176211833953857,58.84183883666992,57.866233825683594,81.27246856689453,0.05893333333333334,0.001
,,,,,227217,-163.49196,547,,,,,,
,,,,,228000,,,6.243228912353516,61.70838165283203,61.51816177368164,53.3973388671875,0.0584,0.001
,,,,,228059,148.7277,842,,,,,,
,,,,,228802,199.30835,743,,,,,,
,,,,,229000,,,10.965420722961426,59.87593078613281,59.26900863647461,80.37006378173828,0.05786666666666668,0.001
,,,,,229802,-14.414932,1000,,,,,,
-71.922775,148.07884,206.89554,-257.88422,695.3,230000,,,5.097540378570557,66.5087661743164,66.95195007324219,56.83992004394531,0.05733333333333334,0.001
,,,,,230802,-10.679466,1000,,,,,,
,,,,,231000,,,6.235785484313965,60.98533248901367,61.13594055175781,59.835426330566406,0.0568,0.001
,,,,,231771,207.74701,969,,,,,,
,,,,,232000,,,13.659850120544434,62.780338287353516,61.21356201171875,114.08161926269531,0.05626666666666667,0.001
,,,,,232428,-257.3244,657,,,,,,
,,,,,233000,,,78.0808334350586,65.3083724975586,64.14105224609375,188.4515380859375,0.055733333333333336,0.001
,,,,,233034,156.06093,606,,,,,,
,,,,,233690,240.90575,656,,,,,,
,,,,,234000,,,21.388368606567383,57.084449768066406,56.71989440917969,104.71121215820312,0.0552,0.001
,,,,,234050,253.00632,360,,,,,,
,,,,,234880,225.89436,830,,,,,,
,,,,,235000,,,11.44161319732666,60.504486083984375,59.79144287109375,86.04791259765625,0.054666666666666676,0.001
,,,,,235463,232.97643,583,,,,,,
,,,,,236000,,,6.912836074829102,56.64196014404297,57.503334045410156,80.41529846191406,0.05413333333333334,0.001
,,,,,236008,-68.073944,545,,,,,,
,,,,,236373,191.94453,365,,,,,,
,,,,,236830,231.38365,457,,,,,,
,,,,,237000,,,5.822957515716553,51.615379333496094,52.48554992675781,69.00987243652344,0.05360000000000001,0.001
,,,,,237307,-191.83582,477,,,,,,
,,,,,237823,207.90106,516,,,,,,
,,,,,238000,,,10.917712211608887,57.9893913269043,57.06012725830078,115.50492858886719,0.05306666666666667,0.001
,,,,,238677,110.42665,854,,,,,,
,,,,,239000,,,7.516163349151611,45.768070220947266,46.052001953125,75.71239471435547,0.052533333333333335,0.001
,,,,,239451,-217.69922,774,,,,,,
-16.240505,108.71727,203.0502,-118.50099,865.0,240000,,,13.857572555541992,51.39958190917969,51.013824462890625,85.41865539550781,0.052000000000000005,0.001
,,,,,240171,-79.08962,720,,,,,,
,,,,,240558,290.0984,387,,,,,,
,,,,,240919,251.61015,361,,,,,,
,,,,,241000,,,7.797272205352783,64.13059997558594,63.75707244873047,57.917030334472656,0.05146666666666667,0.001
,,,,,241695,187.63722,776,,,,,,
,,,,,242000,,,6.773960113525391,67.5516586303711,66.91592407226562,98.49412536621094,0.050933333333333344,0.001
,,,,,242307,158.3705,612,,,,,,
,,,,,243000,,,21.7446346282959,60.850250244140625,60.421875,105.53114318847656,0.05040000000000001,0.001
,,,,,243228,114.776505,921,,,,,,
,,,,,243709,-43.656094,481,,,,,,
,,,,,244000,,,50.27127456665039,62.48347091674805,63.10215377807617,119.13267517089844,0.04986666666666667,0.001
,,,,,244241,263.27917,532,,,,,,
,,,,,245000,,,12.767104148864746,62.03826141357422,61.08131790161133,79.71123504638672,0.04933333333333334,0.001
,,,,,245241,-26.712654,1000,,,,,,
,,,,,245896,193.14532,655,,,,,,
,,,,,246000,,,6.625535011291504,51.91114044189453,52.45743179321289,52.30741500854492,0.0488,0.001
,,,,,246782,-141.98242,886,,,,,,
,,,,,247000,,,7.104227066040039,57.94050979614258,58.55801010131836,68.5777587890625,0.04826666666666667,0.001
,,,,,247371,151.73154,589,,,,,,
,,,,,248000,,,17.35282325744629,64.24848937988281,63.701454162597656,87.68328857421875,0.047733333333333336,0.001
,,,,,248266,184.30339,895,,,,,,
,,,,,248723,-38.766266,457,,,,,,
,,,,,248934,257.78088,211,,,,,,
,,,,,249000,,,12.501850128173828,47.22948455810547,47.47631072998047,70.85247039794922,0.0472,0.001
,,,,,249207,270.92737,273,,,,,,
,,,,,249765,256.9593,558,,,,,,
212.07324,136.73557,302.42877,-188.72461,317.6,250000,,,8.49345588684082,62.43631362915039,63.23868179321289,91.23307037353516,0.046666666666666676,0.001
,,,,,250046,271.62402,281,,,,,,
,,,,,250188,-28.17212,142,,,,,,
,,,,,250444,285.55426,256,,,,,,
,,,,,250773,269.2334,329,,,,,,
,,,,,251000,,,7.187382221221924,62.332096099853516,62.718685150146484,55.59943389892578,0.04613333333333334,0.001
,,,,,251354,254.08383,581,,,,,,
,,,,,251723,263.32007,369,,,,,,
,,,,,252000,,,7.495219707489014,54.24543762207031,54.286373138427734,69.29314422607422,0.0456,0.001
,,,,,252011,261.4309,288,,,,,,
,,,,,252416,229.85272,405,,,,,,
,,,,,252799,171.36108,383,,,,,,
,,,,,253000,,,5.8967790603637695,70.34458923339844,70.24702453613281,46.149078369140625,0.04506666666666667,0.001
,,,,,253799,90.02897,1000,,,,,,
,,,,,254000,,,5.064412593841553,50.421836853027344,50.29210662841797,47.242313385009766,0.044533333333333334,0.001
,,,,,254042,279.33856,243,,,,,,
,,,,,254531,288.45493,489,,,,,,
,,,,,255000,,,47.340858459472656,62.794158935546875,64.0355224609375,63.45603561401367,0.04400000000000001,0.001
,,,,,255027,235.8904,496,,,,,,
,,,,,255644,278.2921,617,,,,,,
,,,,,256000,,,7.555234909057617,62.869964599609375,62.447601318359375,74.86572265625,0.043466666666666674,0.001
,,,,,256054,295.85266,410,,,,,,
,,,,,256746,242.61887,692,,,,,,
,,,,,257000,,,7.968786716461182,65.32576751708984,65.41979217529297,68.25569152832031,0.04293333333333334,0.001
,,,,,257045,237.30048,299,,,,,,
,,,,,257244,-202.16762,199,,,,,,
,,,,,258000,,,19.36853790283203,58.68121337890625,58.41718292236328,104.81832885742188,0.04240000000000001,0.001
,,,,,258244,72.92194,1000,,,,,,
,,,,,259000,,,18.8497371673584,68.47179412841797,68.8586196899414,106.47119140625,0.04186666666666667,0.001
,,,,,259244,23.130398,1000,,,,,,
,,,,,259624,283.14972,380,,,,,,
,,,,,259984,214.2351,360,,,,,,
138.69168,129.19385,271.1533,-59.875698,616.8,260000,,,5.982041835784912,65.8366928100586,66.1171646118164,43.585105895996094,0.04133333333333334,0.001
,,,,,260272,232.11772,288,,,,,,
,,,,,260571,269.09146,299,,,,,,
,,,,,261000,,,14.425394058227539,52.874595642089844,52.95567321777344,116.76102447509766,0.0408,0.001
,,,,,261067,148.20038,496,,,,,,
,,,,,261610,200.29079,543,,,,,,
,,,,,262000,,,47.658348083496094,70.07833862304688,70.80364227294922,90.3358154296875,0.040266666666666666,0.001
,,,,,262150,215.76428,540,,,,,,
,,,,,262407,246.42331,257,,,,,,
,,,,,263000,,,4.846102714538574,72.12065124511719,71.72506713867188,45.6540641784668,0.03973333333333334,0.001
,,,,,263302,182.40143,895,,,,,,
,,,,,264000,,,4.9274444580078125,66.59764099121094,66.56475830078125,42.81279373168945,0.039200000000000006,0.001
,,,,,264130,130.52327,828,,,,,,
,,,,,264459,246.38081,329,,,,,,
,,,,,265000,,,24.50087547302246,71.09740447998047,70.8944091796875,123.9199447631836,0.03866666666666667,0.001
,,,,,265167,148.86647,708,,,,,,
,,,,,265922,125.21148,755,,,,,,
,,,,,266000,,,21.073341369628906,67.72252655029297,66.77564239501953,111.60655212402344,0.03813333333333334,0.001
,,,,,266409,131.69193,487,,,,,,
,,,,,266770,274.82574,361,,,,,,
,,,,,266992,243.30128,222,,,,,,
,,,,,267000,,,160.70602416992188,61.838253021240234,61.02033615112305,274.8463134765625,0.0376,0.001
,,,,,267304,219.54834,312,,,,,,
,,,,,267755,199.35245,451,,,,,,
,,,,,268000,,,34.79191207885742,63.94110107421875,63.744712829589844,164.2609100341797,0.03706666666666668,0.001
,,,,,268755,-99.71381,1000,,,,,,
,,,,,269000,,,3.570279836654663,76.57379150390625,76.53622436523438,33.52742004394531,0.036533333333333334,0.001
,,,,,269072,-263.93005,317,,,,,,
,,,,,269541,165.7912,469,,,,,,
,,,,,269753,278.23883,212,,,,,,
,,,,,269936,-41.272884,183,,,,,,
238.16089,41.446884,288.00696,136.586,393.2,270000,,,16.70934295654297,67.50247192382812,66.56825256347656,95.39494323730469,0.036000000000000004,0.001
,,,,,270471,185.81253,535,,,,,,
,,,,,270751,261.5997,280,,,,,,
,,,,,271000,,,12.901698112487793,61.49047088623047,62.580963134765625,102.97135925292969,0.035466666666666674,0.001
,,,,,271114,217.31311,363,,,,,,
,,,,,271341,265.52444,227,,,,,,
,,,,,271709,256.9911,368,,,,,,
,,,,,272000,,,8.775374412536621,68.68566131591797,68.7976303100586,76.05261993408203,0.03493333333333333,0.001
,,,,,272091,253.91422,382,,,,,,
,,,,,272445,205.99728,354,,,,,,
,,,,,272683,246.46634,238,,,,,,
,,,,,273000,,,5.864324569702148,63.909278869628906,63.06687927246094,53.854209899902344,0.034400000000000014,0.001
,,,,,273210,293.06552,527,,,,,,
,,,,,273656,226.11296,446,,,,,,
,,,,,273971,283.81183,315,,,,,,
,,,,,274000,,,5.207553863525391,60.423465728759766,60.72667694091797,53.906211853027344,0.03386666666666667,0.001
,,,,,274203,277.979,232,,,,,,
,,,,,274423,302.15076,220,,,,,,
,,,,,274865,282.70285,442,,,,,,
,,,,,275000,,,5.852329730987549,64.35472869873047,64.11631774902344,73.29936218261719,0.03333333333333334,0.001
,,,,,275378,111.768585,513,,,,,,
,,,,,275712,298.47235,334,,,,,,
,,,,,275967,289.48883,255,,,,,,
,,,,,276000,,,6.407806873321533,50.047786712646484,49.969329833984375,58.4434814453125,0.03280000000000001,0.001
,,,,,276272,300.1462,305,,,,,,
,,,,,276669,204.60146,397,,,,,,
,,,,,277000,,,7.2160139083862305,69.13444519042969,69.02523803710938,63.9980354309082,0.032266666666666666,0.001
,,,,,277330,195.32806,661,,,,,,
,,,,,277740,253.08914,410,,,,,,
,,,,,277979,272.00214,239,,,,,,
,,,,,278000,,,7.373735427856445,60.021949768066406,60.364654541015625,65.9988021850586,0.031733333333333336,0.001
,,,,,278246,207.58801,267,,,,,,
,,,,,278722,220.97644,476,,,,,,
,,,,,279000,246.77528,278,,,,,,
,,,,,279000,,,6.438255786895752,56.048240661621094,55.420902252197266,68.5732192993164,0.031200000000000006,0.001
,,,,,279243,-10.607681,243,,,,,,
,,,,,279553,267.78876,310,,,,,,
,,,,,279790,278.89774,237,,,,,,
250.69852,20.919184,278.2633,214.68079,284.0,280000,,,16.584169387817383,56.39057159423828,55.43201446533203,101.60285949707031,0.03066666666666666,0.001
,,,,,280136,-231.1787,346,,,,,,
,,,,,280478,245.5644,342,,,,,,
,,,,,281000,,,32.28042984008789,74.17625427246094,73.47489166259766,118.51654052734375,0.030133333333333345,0.001
,,,,,281002,-280.8824,524,,,,,,
,,,,,281228,263.20303,226,,,,,,
,,,,,281470,273.78854,242,,,,,,
,,,,,281900,282.30728,430,,,,,,
,,,,,282000,,,9.19045639038086,67.58000946044922,68.2323226928711,99.97113800048828,0.0296,0.001
,,,,,282093,246.89642,193,,,,,,
,,,,,282407,279.1396,314,,,,,,
,,,,,282722,241.18315,315,,,,,,
,,,,,283000,,,37.8336067199707,73.54338836669922,74.08073425292969,152.67376708984375,0.02906666666666667,0.001
,,,,,283248,163.84363,526,,,,,,
,,,,,283597,222.11154,349,,,,,,
,,,,,283968,276.0039,371,,,,,,
,,,,,284000,,,10.743327140808105,56.194541931152344,57.23109436035156,90.3152084350586,0.02853333333333334,0.001
,,,,,284376,184.90425,408,,,,,,
,,,,,284712,250.6983,336,,,,,,
,,,,,285000,,,3.884032726287842,68.2646255493164,68.68147277832031,48.26538848876953,0.027999999999999997,0.001
,,,,,285712,85.15645,1000,,,,,,
,,,,,286000,,,5.262826442718506,71.30391693115234,72.13770294189453,57.930816650390625,0.02746666666666668,0.001
,,,,,286712,-36.43293,1000,,,,,,
,,,,,287000,,,10.142070770263672,69.94908905029297,70.73048400878906,88.89094543457031,0.026933333333333337,0.001
,,,,,287043,-16.467216,331,,,,,,
,,,,,287702,-183.28607,659,,,,,,
,,,,,288000,,,7.005615234375,65.68790435791016,65.5625,46.90818786621094,0.026400000000000007,0.001
,,,,,288076,172.75934,374,,,,,,
,,,,,288710,246.16064,634,,,,,,
,,,,,289000,,,5.162904739379883,57.047786712646484,56.63483428955078,49.850860595703125,0.025866666666666677,0.001
,,,,,289278,177.919,568,,,,,,
,,,,,289639,-198.19946,361,,,,,,
168.34238,119.81166,276.5332,-102.931755,388.0,290000,,,10.425673484802246,55.983394622802734,55.86368942260742,61.96895980834961,0.025333333333333333,0.001
,,,,,290341,171.24419,702,,,,,,
,,,,,290620,-207.38895,279,,,,,,
,,,,,290938,281.8078,318,,,,,,
,,,,,291000,,,17.195640563964844,68.90414428710938,69.2463150024414,116.87179565429688,0.024800000000000003,0.001
,,,,,291145,248.0338,207,,,,,,
,,,,,291452,164.54022,307,,,,,,
,,,,,292000,,,25.13779067993164,64.83265686035156,65.47137451171875,177.1536407470703,0.024266666666666672,0.001
,,,,,292021,193.40274,569,,,,,,
,,,,,292322,257.69073,301,,,,,,
,,,,,292717,129.17851,395,,,,,,
,,,,,293000,,,5.313867568969727,69.85308837890625,70.37055206298828,63.420265197753906,0.02373333333333333,0.001
,,,,,293082,242.19301,365,,,,,,
,,,,,293410,217.54498,328,,,,,,
,,,,,294000,,,10.182416915893555,63.46941375732422,63.3949089050293,55.49260330200195,0.023200000000000012,0.001
,,,,,294290,169.34454,880,,,,,,
,,,,,294884,128.23825,594,,,,,,
,,,,,295000,,,5.544061183929443,70.6979751586914,70.45997619628906,66.24321746826172,0.02266666666666667,0.001
,,,,,295162,241.30742,278,,,,,,
,,,,,295421,218.2316,259,,,,,,
,,,,,295639,229.32146,218,,,,,,
,,,,,296000,,,56.54719924926758,57.211326599121094,58.550376892089844,192.04104614257812,0.022133333333333338,0.001
,,,,,296030,201.66525,391,,,,,,
,,,,,296488,249.78549,458,,,,,,
,,,,,296852,262.35828,364,,,,,,
,,,,,297000,,,5.8761701583862305,67.44741821289062,67.40681457519531,50.589508056640625,0.021600000000000008,0.001
,,,,,297033,248.83707,181,,,,,,
,,,,,297580,242.77348,547,,,,,,
,,,,,298000,,,5.27748441696167,70.05757904052734,70.27204132080078,112.04097747802734,0.021066666666666664,0.001
,,,,,298175,189.97351,595,,,,,,
,,,,,298615,260.10266,440,,,,,,
,,,,,298937,154.5097,322,,,,,,
,,,,,299000,,,7.0077385902404785,68.70600128173828,67.93244171142578,66.7564468383789,0.020533333333333334,0.001
,,,,,299228,-55.070137,291,,,,,,
,,,,,299541,220.00836,313,,,,,,
232.65384,38.716854,275.43738,162.90607,371.8,300000,,,5.07946252822876,82.31769561767578,82.51597595214844,42.99235153198242,0.02,0.001
,,,,,300069,212.83356,528,,,,,,
,,,,,300365,256.7605,296,,,,,,
,,,,,300749,228.49905,384,,,,,,
,,,,,301000,,,16.40532112121582,63.28532028198242,62.44905471801758,98.35285186767578,0.02,0.001
,,,,,301543,164.44717,794,,,,,,
,,,,,301892,171.92448,349,,,,,,
,,,,,302000,,,9.339262962341309,59.11332702636719,59.20966720581055,65.13822937011719,0.02,0.001
,,,,,302140,274.7687,248,,,,,,
,,,,,303000,,,53.58837890625,65.38252258300781,66.6306381225586,131.29238891601562,0.02,0.001
,,,,,303140,9.973891,1000,,,,,,
,,,,,303442,259.1093,302,,,,,,
,,,,,303668,228.14899,226,,,,,,
,,,,,303894,232.23471,226,,,,,,
,,,,,304000,,,4.673896312713623,77.54236602783203,77.15314483642578,60.26116180419922,0.02,0.001
,,,,,304166,-231.34961,272,,,,,,
,,,,,304465,207.56982,299,,,,,,
,,,,,305000,,,14.50122356414795,62.94363784790039,62.4924430847168,82.02677154541016,0.02,0.001
,,,,,305051,218.27612,586,,,,,,
,,,,,305571,219.60448,520,,,,,,
,,,,,305984,250.92328,413,,,,,,
,,,,,306000,,,12.637693405151367,62.52552795410156,62.62425994873047,83.39572143554688,0.02,0.001
,,,,,306312,237.53542,328,,,,,,
,,,,,306623,255.83058,311,,,,,,
,,,,,306817,285.0268,194,,,,,,
,,,,,307000,,,10.389181137084961,63.066749572753906,63.21261215209961,50.536556243896484,0.02,0.001
,,,,,307462,218.30154,645,,,,,,
,,,,,307707,247.87627,245,,,,,,
,,,,,307992,271.073,285,,,,,,
,,,,,308000,,,4.145913124084473,74.42474365234375,73.95660400390625,55.1953125,0.02,0.001
,,,,,308193,286.7945,201,,,,,,
,,,,,308667,190.10387,474,,,,,,
,,,,,309000,,,184.43191528320312,73.71968841552734,72.3087387084961,137.7180633544922,0.02,0.001
,,,,,309034,265.29083,367,,,,,,
,,,,,309257,249.57274,223,,,,,,
85.43178,150.67822,247.72395,-210.86224,685.9,310000,,,13.605907440185547,71.94292449951172,72.5582046508789,78.55175018310547,0.02,0.001
,,,,,310120,-309.83112,863,,,,,,
,,,,,310427,203.11362,307,,,,,,
,,,,,310916,219.81001,489,,,,,,
,,,,,311000,,,6.27333402633667,75.07414245605469,74.26409149169922,79.44013214111328,0.02,0.001
,,,,,311617,290.58444,701,,,,,,
,,,,,311793,265.08398,176,,,,,,
,,,,,312000,,,6.463711261749268,70.09835052490234,70.3634033203125,49.5361213684082,0.02,0.001
,,,,,312066,255.99255,273,,,,,,
,,,,,312804,133.25882,738,,,,,,
,,,,,313000,,,3.692676067352295,72.60342407226562,72.42568969726562,31.023651123046875,0.02,0.001
,,,,,313339,215.06345,535,,,,,,
,,,,,313609,-216.51544,270,,,,,,
,,,,,314000,,,3.7295384407043457,81.56796264648438,81.35940551757812,38.72008514404297,0.02,0.001
,,,,,314126,149.89026,517,,,,,,
,,,,,315000,,,398.50830078125,67.82266235351562,65.26177215576172,318.60015869140625,0.02,0.001
,,,,,315126,-84.21647,1000,,,,,,
,,,,,315605,191.54712,479,,,,,,
,,,,,315970,232.68823,365,,,,,,
,,,,,316000,,,5.478218078613281,60.556732177734375,60.63621520996094,54.00082015991211,0.02,0.001
,,,,,316194,276.96814,224,,,,,,
,,,,,316648,199.26036,454,,,,,,
,,,,,317000,,,7.299522399902344,63.129539489746094,62.921695709228516,55.47630310058594,0.02,0.001
,,,,,317134,253.78992,486,,,,,,
,,,,,317368,265.92126,234,,,,,,
,,,,,317684,-387.83197,316,,,,,,
,,,,,318000,,,9.859777450561523,75.76167297363281,74.79924011230469,97.35795593261719,0.02,0.001
,,,,,318546,106.32742,862,,,,,,
,,,,,318787,258.09802,241,,,,,,
,,,,,319000,,,5.697498321533203,68.5868148803711,68.70477294921875,50.122928619384766,0.02,0.001
,,,,,319502,202.15944,715,,,,,,
,,,,,319745,266.63495,243,,,,,,
,,,,,319872,-64.90468,127,,,,,,
237.42569,36.793365,294.2158,182.89023,312.1,320000,,,12.782938957214355,67.08873748779297,68.03245544433594,101.5685806274414,0.02,0.001
,,,,,320453,215.80045,581,,,,,,
,,,,,320778,260.9268,325,,,,,,
,,,,,321000,,,8.216463088989258,63.57305908203125,63.82379150390625,64.08394622802734,0.02,0.001
,,,,,321274,235.75192,496,,,,,,
,,,,,321589,282.1575,315,,,,,,
,,,,,321879,240.79007,290,,,,,,
,,,,,322000,,,2.806870460510254,69.52345275878906,69.14791870117188,41.0058479309082,0.02,0.001
,,,,,322126,-81.802025,247,,,,,,
,,,,,322375,221.5603,249,,,,,,
,,,,,322728,243.00317,353,,,,,,
,,,,,322953,232.09453,225,,,,,,
,,,,,323000,,,9.7390775680542,66.24919891357422,65.78845977783203,63.48915100097656,0.02,0.001
,,,,,323147,268.63815,194,,,,,,
,,,,,323443,233.37672,296,,,,,,
,,,,,323663,279.3179,220,,,,,,
,,,,,323871,242.23851,208,,,,,,
,,,,,324000,,,10.085508346557617,74.2865982055664,74.60714721679688,71.29341125488281,0.02,0.001
,,,,,324226,278.95227,355,,,,,,
,,,,,324624,212.88701,398,,,,,,
,,,,,325000,,,11.6312255859375,70.86408996582031,71.522216796875,92.89319610595703,0.02,0.001
,,,,,325193,243.1641,569,,,,,,
,,,,,325682,185.01697,489,,,,,,
,,,,,325902,234.68082,220,,,,,,
,,,,,326000,,,3.9436116218566895,73.79793548583984,73.36610412597656,55.660396575927734,0.02,0.001
,,,,,326313,279.7249,411,,,,,,
,,,,,326640,244.25227,327,,,,,,
,,,,,327000,,,2.6813814640045166,73.53533935546875,73.6245346069336,41.717681884765625,0.02,0.001
,,,,,327139,177.86937,499,,,,,,
,,,,,328000,,,9.461687088012695,72.84493255615234,72.45419311523438,58.577362060546875,0.02,0.001
,,,,,328087,221.30426,948,,,,,,
,,,,,328375,245.0268,288,,,,,,
,,,,,329000,,,37.111183166503906,71.51490783691406,71.35550689697266,101.40701293945312,0.02,0.001
,,,,,329054,198.25427,679,,,,,,
,,,,,329377,263.3638,323,,,,,,
46.651726,241.05159,299.44464,-300.45895,422.5,330000,,,6.605867385864258,65.93524932861328,65.48927307128906,57.538169860839844,0.02,0.001
,,,,,330256,-244.77383,879,,,,,,
,,,,,330674,-144.38907,418,,,,,,
,,,,,330992,-230.33556,318,,,,,,
,,,,,331000,,,8.974189758300781,65.95880126953125,65.40189361572266,75.0163345336914,0.02,0.001
,,,,,331895,-188.2724,903,,,,,,
,,,,,332000,,,17.6960391998291,69.73567962646484,69.46345520019531,110.53858184814453,0.02,0.001
,,,,,332199,255.67052,304,,,,,,
,,,,,333000,,,3.3830487728118896,70.69525146484375,70.98589324951172,49.729469299316406,0.02,0.001
,,,,,333199,127.363884,1000,,,,,,
,,,,,333414,244.50287,215,,,,,,
,,,,,333695,201.41725,281,,,,,,
,,,,,333900,261.3266,205,,,,,,
,,,,,334000,,,8.05638313293457,71.37667083740234,70.85533905029297,73.04301452636719,0.02,0.001
,,,,,334022,72.39035,122,,,,,,
,,,,,334277,293.30173,255,,,,,,
,,,,,334706,267.54413,429,,,,,,
,,,,,334900,268.41644,194,,,,,,
,,,,,335000,,,15.90130615234375,68.34777069091797,69.29634094238281,86.7733154296875,0.02,0.001
,,,,,335191,268.51038,291,,,,,,
,,,,,335453,221.87802,262,,,,,,
,,,,,335688,283.59515,235,,,,,,
,,,,,335893,236.33688,205,,,,,,
,,,,,336000,,,32.28822708129883,73.75971984863281,74.79386138916016,69.62459564208984,0.02,0.001
,,,,,336150,229.22916,257,,,,,,
,,,,,336406,269.49744,256,,,,,,
,,,,,336687,277.7929,281,,,,,,
,,,,,336944,282.25574,257,,,,,,
,,,,,337000,,,6.231787204742432,76.64892578125,76.51044464111328,81.93058013916016,0.02,0.001
,,,,,337318,245.92062,374,,,,,,
,,,,,337586,221.52042,268,,,,,,
,,,,,338000,,,8.28826904296875,68.04043579101562,68.22245788574219,53.26117706298828,0.02,0.001
,,,,,338385,-317.52942,799,,,,,,
,,,,,338645,245.46109,260,,,,,,
,,,,,338869,255.81787,224,,,,,,
,,,,,339000,,,9.588086128234863,74.56196594238281,73.77957153320312,73.65878295898438,0.02,0.001
,,,,,339084,238.49767,215,,,,,,
,,,,,339407,238.31982,323,,,,,,
,,,,,339656,272.82056,249,,,,,,
205.1904,113.780464,274.8298,-130.08755,432.2,340000,,,4.824625015258789,77.09503936767578,77.00495910644531,44.3977165222168,0.02,0.001
,,,,,340066,268.40564,410,,,,,,
,,,,,340381,279.82898,315,,,,,,
,,,,,341000,,,5.234132766723633,82.91069030761719,82.5504150390625,70.78602600097656,0.02,0.001
,,,,,341381,50.96376,1000,,,,,,
,,,,,341780,286.16516,399,,,,,,
,,,,,342000,,,5.542464733123779,80.93773651123047,80.73760986328125,43.70640563964844,0.02,0.001
,,,,,342197,175.90811,417,,,,,,
,,,,,342568,230.61761,371,,,,,,
,,,,,343000,,,6.890762805938721,63.69310760498047,63.35542297363281,67.74626922607422,0.02,0.001
,,,,,343175,264.9704,607,,,,,,
,,,,,343503,240.91687,328,,,,,,
,,,,,344000,,,6.013313293457031,73.05085754394531,72.82780456542969,45.70448303222656,0.02,0.001
,,,,,344404,184.99196,901,,,,,,
,,,,,344668,280.31107,264,,,,,,
,,,,,345000,,,2.929272174835205,79.07231903076172,79.52684020996094,45.863372802734375,0.02,0.001
,,,,,345376,264.60193,708,,,,,,
,,,,,345712,193.61755,336,,,,,,
,,,,,346000,,,32.970577239990234,81.929931640625,82.6324234008789,177.2269287109375,0.02,0.001
,,,,,346143,285.2829,431,,,,,,
,,,,,346600,-207.06668,457,,,,,,
,,,,,346860,291.57474,260,,,,,,
,,,,,347000,,,33.97860336303711,59.11635971069336,58.711631774902344,240.61471557617188,0.02,0.001
,,,,,347347,194.12091,487,,,,,,
,,,,,347694,281.8654,347,,,,,,
,,,,,348000,,,6.49185037612915,73.53167724609375,74.03195190429688,71.17178344726562,0.02,0.001
,,,,,348072,240.66524,378,,,,,,
,,,,,348582,242.90259,510,,,,,,
,,,,,348814,247.7904,232,,,,,,
,,,,,349000,,,3.9206748008728027,80.62281036376953,80.45484161376953,59.17528533935547,0.02,0.001
,,,,,349121,245.29826,307,,,,,,
,,,,,349470,292.46692,349,,,,,,
,,,,,349581,31.178253,111,,,,,,
,,,,,349868,288.17566,287,,,,,,
242.75415,36.06005,278.8449,144.3612,347.1,350000,,,4.372894287109375,72.59258270263672,73.11927795410156,41.99870681762695,0.02,0.001
,,,,,350507,219.98639,639,,,,,,
,,,,,350675,287.2725,168,,,,,,
,,,,,351000,,,8.844915390014648,70.17332458496094,69.25347900390625,61.56110382080078,0.02,0.001
,,,,,351169,-26.92128,494,,,,,,
,,,,,351729,285.45044,560,,,,,,
,,,,,351910,266.87766,181,,,,,,
,,,,,352000,,,29.22201919555664,81.50857543945312,82.91484832763672,159.8795623779297,0.02,0.001
,,,,,352247,237.63689,337,,,,,,
,,,,,352545,229.64613,298,,,,,,
,,,,,352736,300.92188,191,,,,,,
,,,,,353000,,,5.102632522583008,64.05427551269531,63.71980285644531,43.52975845336914,0.02,0.001
,,,,,353482,257.3108,746,,,,,,
,,,,,353720,234.83607,238,,,,,,
,,,,,353949,274.95087,229,,,,,,
,,,,,354000,,,2.972114086151123,64.820068359375,64.882080078125,28.889690399169922,0.02,0.001
,,,,,354182,279.4487,233,,,,,,
,,,,,354774,284.14166,592,,,,,,
,,,,,355000,,,37.19282913208008,70.83719635009766,70.43743133544922,251.19581604003906,0.02,0.001
,,,,,355060,261.31824,286,,,,,,
,,,,,355452,207.26654,392,,,,,,
,,,,,355610,247.43867,158,,,,,,
,,,,,355864,299.84296,254,,,,,,
,,,,,356000,,,2.6199285984039307,77.61467742919922,77.74510192871094,42.20133590698242,0.02,0.001
,,,,,356224,242.3751,360,,,,,,
,,,,,356402,255.20378,178,,,,,,
,,,,,356771,170.35,369,,,,,,
,,,,,357000,,,20.21599006652832,71.5902328491211,71.80957794189453,193.17471313476562,0.02,0.001
,,,,,357019,248.09871,248,,,,,,
,,,,,357250,274.56174,231,,,,,,
,,,,,357469,236.46663,219,,,,,,
,,,,,357724,247.9898,255,,,,,,
,,,,,357960,266.65692,236,,,,,,
,,,,,358000,,,25.815216064453125,70.86640930175781,70.77838134765625,222.4296112060547,0.02,0.001
,,,,,358219,238.00159,259,,,,,,
,,,,,358424,291.6605,205,,,,,,
,,,,,358843,242.55544,419,,,,,,
,,,,,359000,,,22.62929916381836,71.40879821777344,72.00413513183594,110.7739486694336,0.02,0.001
,,,,,359247,260.20078,404,,,,,,
,,,,,359438,25.355087,191,,,,,,
,,,,,359774,256.89853,336,,,,,,
175.94778,95.71876,273.35974,-10.894005,324.7,360000,,,5.448427677154541,67.57960510253906,67.8370132446289,64.55091094970703,0.02,0.001
,,,,,360068,282.51395,294,,,,,,
,,,,,360275,252.99843,207,,,,,,
,,,,,360460,256.1325,185,,,,,,
,,,,,360806,273.9385,346,,,,,,
,,,,,361000,,,5.776442527770996,85.37644958496094,84.67860412597656,65.00811004638672,0.02,0.001
,,,,,361480,179.85675,674,,,,,,
,,,,,361726,271.51538,246,,,,,,
,,,,,362000,,,10.599845886230469,67.11267852783203,67.87225341796875,76.85746002197266,0.02,0.001
,,,,,362147,255.93304,421,,,,,,
,,,,,362365,261.45178,218,,,,,,
,,,,,362727,255.4566,362,,,,,,
,,,,,363000,,,9.003692626953125,81.84883117675781,82.11943817138672,66.56914520263672,0.02,0.001
,,,,,363095,270.3901,368,,,,,,
,,,,,363347,277.9165,252,,,,,,
,,,,,363617,289.68353,270,,,,,,
,,,,,363931,275.36096,314,,,,,,
,,,,,364000,,,13.714598655700684,76.95470428466797,76.37646484375,75.39198303222656,0.02,0.001
,,,,,364435,231.7985,504,,,,,,
,,,,,364704,264.5393,269,,,,,,
,,,,,364869,291.44727,165,,,,,,
,,,,,365000,,,486.73468017578125,81.00613403320312,83.49314880371094,485.0539855957031,0.02,0.001
,,,,,365480,206.53415,611,,,,,,
,,,,,366000,,,6.618646144866943,81.20709228515625,80.70953369140625,78.25048828125,0.02,0.001
,,,,,366249,185.79318,769,,,,,,
,,,,,366647,194.68646,398,,,,,,
,,,,,366949,259.04095,302,,,,,,
,,,,,367000,,,12.448933601379395,66.10092163085938,65.66748809814453,106.96530151367188,0.02,0.001
,,,,,367204,252.55417,255,,,,,,
,,,,,367466,219.76257,262,,,,,,
,,,,,367853,299.57635,387,,,,,,
,,,,,368000,,,9.445185661315918,86.21759033203125,86.91979217529297,61.871673583984375,0.02,0.001
,,,,,368368,268.43445,515,,,,,,
,,,,,368722,234.15367,354,,,,,,
,,,,,369000,,,10.92646598815918,80.7554702758789,81.18118286132812,80.49235534667969,0.02,0.001
,,,,,369165,263.87494,443,,,,,,
,,,,,369480,288.8949,315,,,,,,
,,,,,369793,280.5484,313,,,,,,
158.98593,165.23798,284.12198,-163.93275,371.2,370000,,,4.852272033691406,80.41743469238281,80.66529083251953,48.48796463012695,0.02,0.001
,,,,,370076,257.85303,283,,,,,,
,,,,,370381,264.64178,305,,,,,,
,,,,,370884,229.2468,503,,,,,,
,,,,,371000,,,5.553722381591797,79.25654602050781,79.15975189208984,37.67301559448242,0.02,0.001
,,,,,371234,244.3211,350,,,,,,
,,,,,371575,281.50278,341,,,,,,
,,,,,371770,265.3606,195,,,,,,
,,,,,372000,,,4.819434642791748,72.17994689941406,72.4724349975586,54.285404205322266,0.02,0.001
,,,,,372078,250.79312,308,,,,,,
,,,,,372283,241.80518,205,,,,,,
,,,,,372599,216.36272,316,,,,,,
,,,,,373000,,,42.173805236816406,74.25994873046875,76.29594421386719,254.59230041503906,0.02,0.001
,,,,,373021,191.99799,422,,,,,,
,,,,,373271,262.685,250,,,,,,
,,,,,373464,297.74823,193,,,,,,
,,,,,373676,258.26978,212,,,,,,
,,,,,374000,,,10.324759483337402,75.80074310302734,75.8564453125,95.17865753173828,0.02,0.001
,,,,,374064,301.68036,388,,,,,,
,,,,,374644,236.7644,580,,,,,,
,,,,,374858,307.21896,214,,,,,,
,,,,,375000,,,7.216617107391357,71.89996337890625,72.16343688964844,87.78085327148438,0.02,0.001
,,,,,375097,291.7047,239,,,,,,
,,,,,375316,272.69177,219,,,,,,
,,,,,375509,262.35294,193,,,,,,
,,,,,375931,287.2522,422,,,,,,
,,,,,376000,,,4.8390045166015625,77.23634338378906,76.55201721191406,53.53936004638672,0.02,0.001
,,,,,376802,163.7297,871,,,,,,
,,,,,377000,,,7.055115222930908,70.19212341308594,69.99525451660156,53.11470413208008,0.02,0.001
,,,,,377222,177.58072,420,,,,,,
,,,,,377553,254.11482,331,,,,,,
,,,,,377965,249.59856,412,,,,,,
,,,,,378000,,,5.120586395263672,80.75999450683594,80.36902618408203,49.904632568359375,0.02,0.001
,,,,,378288,288.22632,323,,,,,,
,,,,,378660,234.60301,372,,,,,,
,,,,,379000,,,9.412115097045898,73.10222625732422,73.29027557373047,58.882720947265625,0.02,0.001
,,,,,379071,266.81253,411,,,,,,
,,,,,379486,263.58966,415,,,,,,
228.77315,104.33303,301.60428,-77.978,332.5,380000,,,10.52514934539795,76.88690185546875,76.84732055664062,97.10269927978516,0.02,0.001
,,,,,380087,275.45535,601,,,,,,
,,,,,381000,,,4.96514892578125,71.28462219238281,71.07566833496094,46.707374572753906,0.02,0.001
,,,,,381087,118.622215,1000,,,,,,
,,,,,381231,9.911995,144,,,,,,
,,,,,381613,266.23462,382,,,,,,
,,,,,382000,,,4.121058464050293,82.02094268798828,82.02766418457031,38.40078353881836,0.02,0.001
,,,,,382094,251.75632,481,,,,,,
,,,,,382421,255.71327,327,,,,,,
,,,,,382943,240.48804,522,,,,,,
,,,,,383000,,,6.994462013244629,75.6304702758789,74.66206359863281,79.280517578125,0.02,0.001
,,,,,383139,242.25255,196,,,,,,
,,,,,383494,233.32198,355,,,,,,
,,,,,383886,270.07938,392,,,,,,
,,,,,384000,,,28.002561569213867,74.98023986816406,73.79141235351562,139.8517608642578,0.02,0.001
,,,,,384569,166.07053,683,,,,,,
,,,,,385000,,,8.398666381835938,79.21842956542969,79.48644256591797,50.22686004638672,0.02,0.001
,,,,,385062,202.51547,493,,,,,,
,,,,,385369,258.27042,307,,,,,,
,,,,,385845,236.25827,476,,,,,,
,,,,,386000,,,6.147490501403809,68.68850708007812,68.80206298828125,41.30056381225586,0.02,0.001
,,,,,386545,199.39151,700,,,,,,
,,,,,386891,-233.58116,346,,,,,,
,,,,,387000,,,10.446592330932617,79.22010803222656,78.8598861694336,99.89508056640625,0.02,0.001
,,,,,387196,254.37921,305,,,,,,
,,,,,387463,206.78271,267,,,,,,
,,,,,387735,265.75543,272,,,,,,
,,,,,388000,,,10.812845230102539,84.35121154785156,84.53053283691406,68.25028228759766,0.02,0.001
,,,,,388038,296.26733,303,,,,,,
,,,,,388298,267.56342,260,,,,,,
,,,,,388700,272.2196,402,,,,,,
,,,,,389000,,,4.779479026794434,75.81595611572266,75.92420196533203,50.87544250488281,0.02,0.001
,,,,,389033,220.87201,333,,,,,,
,,,,,389382,245.65059,349,,,,,,
,,,,,389816,241.84116,434,,,,,,
132.84468,143.82286,244.99303,-217.55159,475.9,390000,,,6.594102382659912,81.20689392089844,81.14907836914062,54.461395263671875,0.02,0.001
,,,,,390120,242.4854,304,,,,,,
,,,,,390347,294.25348,227,,,,,,
,,,,,390537,300.98947,190,,,,,,
,,,,,390752,286.50793,215,,,,,,
,,,,,390972,-31.03627,220,,,,,,
,,,,,391000,,,3.112395763397217,83.97792053222656,84.01077270507812,38.850833892822266,0.02,0.001
,,,,,391187,291.45996,215,,,,,,
,,,,,391759,252.2754,572,,,,,,
,,,,,392000,,,10.537349700927734,84.7982177734375,84.78016662597656,73.40127563476562,0.02,0.001
,,,,,392184,246.54727,425,,,,,,
,,,,,392640,192.69992,456,,,,,,
,,,,,392915,253.99222,275,,,,,,
,,,,,393000,,,5.108628273010254,75.29766082763672,74.92755889892578,66.03653717041016,0.02,0.001
,,,,,393184,-90.45376,269,,,,,,
,,,,,393500,243.49008,316,,,,,,
,,,,,393801,148.17545,301,,,,,,
,,,,,394000,,,11.50879955291748,68.62494659423828,68.42955017089844,93.29496002197266,0.02,0.001
,,,,,394001,276.4532,200,,,,,,
,,,,,394643,-35.195076,642,,,,,,
,,,,,394842,235.37833,199,,,,,,
,,,,,395000,,,9.34842300415039,74.17677307128906,73.34789276123047,105.21219635009766,0.02,0.001
,,,,,395093,293.38025,251,,,,,,
,,,,,395290,246.47267,197,,,,,,
,,,,,395532,292.305,242,,,,,,
,,,,,395949,255.0202,417,,,,,,
,,,,,396000,,,5.990731239318848,71.83527374267578,71.43115234375,47.87363815307617,0.02,0.001
,,,,,396121,244.51974,172,,,,,,
,,,,,396670,194.15773,549,,,,,,
,,,,,396876,186.82704,206,,,,,,
,,,,,397000,,,6.028351306915283,89.5628433227539,89.07347869873047,87.70325469970703,0.02,0.001
,,,,,397469,263.11658,593,,,,,,
,,,,,397662,270.86322,193,,,,,,
,,,,,397906,-172.16534,244,,,,,,
,,,,,398000,,,6.086349964141846,65.59923553466797,65.89234924316406,52.66291046142578,0.02,0.001
,,,,,398116,266.1196,210,,,,,,
,,,,,398343,303.95538,227,,,,,,
,,,,,398636,-8.150223,293,,,,,,
,,,,,398863,246.65346,227,,,,,,
,,,,,399000,,,12.682852745056152,72.88299560546875,72.72901153564453,101.39128875732422,0.02,0.001
,,,,,399271,242.04979,408,,,,,,
,,,,,399412,12.899437,141,,,,,,
,,,,,399708,286.74414,296,,,,,,
238.25005,56.95719,307.39627,106.82563,287.6,400000,,,7.0073323249816895,82.61296081542969,82.8235855102539,73.8885269165039,0.02,0.001
,,,,,400059,223.2532,351,,,,,,
,,,,,400330,-193.18886,271,,,,,,
,,,,,400532,285.8177,202,,,,,,
,,,,,400914,150.0515,382,,,,,,
,,,,,401000,,,7.687451362609863,77.54843139648438,77.35542297363281,81.74539947509766,0.02,0.001
,,,,,401216,257.33896,302,,,,,,
,,,,,401595,251.26724,379,,,,,,
,,,,,402000,,,31.7558536529541,76.41844940185547,75.5083236694336,186.1490020751953,0.02,0.001
,,,,,402007,206.41592,412,,,,,,
,,,,,402190,275.16687,183,,,,,,
,,,,,402557,-45.425297,367,,,,,,
,,,,,402902,-282.1947,345,,,,,,
,,,,,403000,,,27.471445083618164,80.974365234375,81.52710723876953,164.0317840576172,0.02,0.001
,,,,,403371,154.65634,469,,,,,,
,,,,,403662,302.70447,291,,,,,,
,,,,,403907,285.39142,245,,,,,,
,,,,,404000,,,11.892273902893066,73.62281036376953,73.63492584228516,55.319915771484375,0.02,0.001
,,,,,404124,255.95264,217,,,,,,
,,,,,404499,234.47101,375,,,,,,
,,,,,404915,191.61398,416,,,,,,
,,,,,405000,,,4.3124213218688965,80.21022033691406,80.6529312133789,50.237552642822266,0.02,0.001
,,,,,405117,275.97247,202,,,,,,
,,,,,405920,220.53084,803,,,,,,
,,,,,406000,,,3.921725273132324,76.07878112792969,76.04804992675781,53.192142486572266,0.02,0.001
,,,,,406448,259.86963,528,,,,,,
,,,,,406686,292.2527,238,,,,,,
,,,,,406871,247.75809,185,,,,,,
,,,,,407000,,,12.351630210876465,81.3694839477539,81.51054382324219,71.63854217529297,0.02,0.001
,,,,,407127,266.55518,256,,,,,,
,,,,,407288,-101.067116,161,,,,,,
,,,,,407596,206.66571,308,,,,,,
,,,,,407835,231.45624,239,,,,,,
,,,,,408000,,,9.800029754638672,72.3760757446289,72.30307006835938,69.44502258300781,0.02,0.001
,,,,,408149,265.8687,314,,,,,,
,,,,,408518,200.66364,369,,,,,,
,,,,,408709,264.7561,191,,,,,,
,,,,,409000,,,13.033212661743164,80.89045715332031,80.66414642333984,83.30033874511719,0.02,0.001
,,,,,409075,298.91638,366,,,,,,
,,,,,409437,282.97577,362,,,,,,
215.33188,149.72911,298.98505,-229.07477,275.9,410000,,,10.480704307556152,75.3764419555664,75.61727142333984,120.09609985351562,0.02,0.001
,,,,,410061,215.03488,624,,,,,,
,,,,,410231,-47.739346,170,,,,,,
,,,,,410545,264.1846,314,,,,,,
,,,,,410768,276.28345,223,,,,,,
,,,,,411000,,,27.735923767089844,73.94949340820312,74.98749542236328,64.20670318603516,0.02,0.001
,,,,,411184,298.803,416,,,,,,
,,,,,411315,-140.98593,131,,,,,,
,,,,,411608,291.41785,293,,,,,,
,,,,,411818,195.26309,210,,,,,,
,,,,,412000,,,6.031231880187988,84.88571166992188,84.80055236816406,75.44812774658203,0.02,0.001
,,,,,412055,248.96686,237,,,,,,
,,,,,412318,209.82312,263,,,,,,
,,,,,412534,279.27094,216,,,,,,
,,,,,412786,236.88727,252,,,,,,
,,,,,413000,,,2.060096025466919,86.525390625,86.68413543701172,25.704303741455078,0.02,0.001
,,,,,413208,217.59149,422,,,,,,
,,,,,413635,256.00473,427,,,,,,
,,,,,413889,283.2642,254,,,,,,
,,,,,414000,,,19.182531356811523,80.65264892578125,80.6263198852539,102.8844985961914,0.02,0.001
,,,,,414102,278.86414,213,,,,,,
,,,,,414339,224.56369,237,,,,,,
,,,,,414690,270.54352,351,,,,,,
,,,,,414922,244.13173,232,,,,,,
,,,,,415000,,,13.150270462036133,63.06889724731445,62.96784210205078,114.23591613769531,0.02,0.001
,,,,,415291,205.60439,369,,,,,,
,,,,,415535,249.38544,244,,,,,,
,,,,,415752,249.19693,217,,,,,,
,,,,,415940,-63.85829,188,,,,,,
,,,,,416000,,,5.873135089874268,78.15906524658203,78.1912612915039,55.601802825927734,0.02,0.001
,,,,,416071,33.468033,131,,,,,,
,,,,,416381,266.17914,310,,,,,,
,,,,,416861,203.40727,480,,,,,,
,,,,,417000,,,9.9332275390625,84.29864501953125,83.22543334960938,110.17423248291016,0.02,0.001
,,,,,417114,250.60303,253,,,,,,
,,,,,417300,285.27734,186,,,,,,
,,,,,417837,286.70044,537,,,,,,
,,,,,418000,,,5.999380588531494,66.84466552734375,66.70427703857422,74.9481430053711,0.02,0.001
,,,,,418018,276.5373,181,,,,,,
,,,,,418231,265.91315,213,,,,,,
,,,,,418698,-109.22149,467,,,,,,
,,,,,418998,189.137,300,,,,,,
,,,,,419000,,,16.33548355102539,84.75117492675781,84.93684387207031,134.19729614257812,0.02,0.001
,,,,,419222,275.36047,224,,,,,,
,,,,,419540,277.3913,318,,,,,,
,,,,,419770,247.84781,230,,,,,,
233.15181,90.373695,310.31305,-10.2067795,245.4,420000,,,3.732987642288208,78.04057312011719,78.24303436279297,32.241092681884766,0.02,0.001
,,,,,420084,260.12555,314,,,,,,
,,,,,420422,284.94147,338,,,,,,
,,,,,420656,262.05505,234,,,,,,
,,,,,420882,298.80597,226,,,,,,
,,,,,421000,,,7.873328685760498,74.72384643554688,74.72323608398438,56.13119888305664,0.02,0.001
,,,,,421129,286.732,247,,,,,,
,,,,,421540,226.8219,411,,,,,,
,,,,,421967,286.08035,427,,,,,,
,,,,,422000,,,10.539960861206055,72.73819732666016,72.61982727050781,58.759071350097656,0.02,0.001
,,,,,422245,220.43675,278,,,,,,
,,,,,422479,257.7155,234,,,,,,
,,,,,422882,254.73949,403,,,,,,
,,,,,423000,,,4.3560404777526855,79.98226165771484,80.1788558959961,45.09292221069336,0.02,0.001
,,,,,423127,198.14183,245,,,,,,
,,,,,423338,230.70554,211,,,,,,
,,,,,423696,276.27777,358,,,,,,
,,,,,424000,,,6.1285834312438965,78.06909942626953,78.58116912841797,47.67462158203125,0.02,0.001
,,,,,424696,111.61929,1000,,,,,,
,,,,,424921,268.72906,225,,,,,,
,,,,,425000,,,15.99658203125,81.92106628417969,82.33792877197266,73.9711685180664,0.02,0.001
,,,,,425642,206.94345,721,,,,,,
,,,,,425984,203.27304,342,,,,,,
,,,,,426000,,,52.46391296386719,72.60577392578125,73.54715728759766,258.70465087890625,0.02,0.001
,,,,,426320,207.54958,336,,,,,,
,,,,,426679,161.50269,359,,,,,,
,,,,,426896,270.24716,217,,,,,,
,,,,,427000,,,5.148682594299316,70.2076416015625,69.80055236816406,50.84022521972656,0.02,0.001
,,,,,427084,247.10838,188,,,,,,
,,,,,427613,245.878,529,,,,,,
,,,,,427843,245.96735,230,,,,,,
,,,,,428000,,,18.953458786010742,77.64132690429688,76.87025451660156,150.90780639648438,0.02,0.001
,,,,,428727,107.876976,884,,,,,,
,,,,,428975,213.9708,248,,,,,,
,,,,,429000,,,6.53846549987793,79.03276824951172,77.96515655517578,95.3692398071289,0.02,0.001
,,,,,429118,-86.045204,143,,,,,,
,,,,,429878,141.44814,760,,,,,,
237.25122,37.962627,291.35522,148.67795,394.8,430000,,,3.4022819995880127,81.96302795410156,82.17382049560547,44.786842346191406,0.02,0.001
,,,,,430137,296.58875,259,,,,,,
,,,,,430367,222.27036,230,,,,,,
,,,,,430711,278.1356,344,,,,,,
,,,,,431000,,,8.826345443725586,75.01029205322266,75.00569152832031,68.07880401611328,0.02,0.001
,,,,,431424,132.61063,713,,,,,,
,,,,,431644,2.6844711,220,,,,,,
,,,,,431894,58.45285,250,,,,,,
,,,,,432000,,,23.585729598999023,72.79297637939453,72.8656234741211,128.84487915039062,0.02,0.001
,,,,,432288,175.81091,394,,,,,,
,,,,,432639,266.9035,351,,,,,,
,,,,,432957,289.90558,318,,,,,,
,,,,,433000,,,85.16732788085938,82.750732421875,84.29784393310547,361.4856872558594,0.02,0.001
,,,,,433235,221.7044,278,,,,,,
,,,,,433495,294.5313,260,,,,,,
,,,,,433823,261.33853,328,,,,,,
,,,,,434000,,,6.093066692352295,71.36395263671875,70.7663345336914,61.601802825927734,0.02,0.001
,,,,,434823,-111.873375,1000,,,,,,
,,,,,435000,,,6.750747203826904,87.53340148925781,87.91435241699219,63.188777923583984,0.02,0.001
,,,,,435049,239.95937,226,,,,,,
,,,,,435699,-179.80501,650,,,,,,
,,,,,435969,282.8675,270,,,,,,
,,,,,436000,,,22.37220573425293,83.02552795410156,84.18429565429688,110.56526184082031,0.02,0.001
,,,,,436311,257.4805,342,,,,,,
,,,,,436509,289.15335,198,,,,,,
,,,,,436758,253.3044,249,,,,,,
,,,,,437000,,,103.64864349365234,77.28144073486328,75.80934143066406,355.67486572265625,0.02,0.001
,,,,,437067,256.97986,309,,,,,,
,,,,,437363,299.67883,296,,,,,,
,,,,,437608,282.1183,245,,,,,,
,,,,,438000,,,7.883798599243164,79.34952545166016,80.10942840576172,90.99823760986328,0.02,0.001
,,,,,438054,271.00366,446,,,,,,
,,,,,438365,225.38486,311,,,,,,
,,,,,438704,173.37442,339,,,,,,
,,,,,438961,219.71536,257,,,,,,
,,,,,439000,,,22.368568420410156,85.75274658203125,86.97954559326172,159.51260375976562,0.02,0.001
,,,,,439412,177.26083,451,,,,,,
,,,,,439909,245.88916,497,,,,,,
156.50298,119.24681,287.44235,-111.13844,388.7,440000,,,8.559953689575195,71.26840209960938,70.99752807617188,73.49125671386719,0.02,0.001
,,,,,440502,238.32469,593,,,,,,
,,,,,440641,-117.60654,139,,,,,,
,,,,,440873,269.9165,232,,,,,,
,,,,,441000,,,8.744577407836914,78.10010528564453,77.68362426757812,47.28763198852539,0.02,0.001
,,,,,441561,208.40182,688,,,,,,
,,,,,441956,248.11832,395,,,,,,
,,,,,442000,,,30.392074584960938,82.64790344238281,83.45238494873047,181.98866271972656,0.02,0.001
,,,,,442206,268.5315,250,,,,,,
,,,,,442460,225.69366,254,,,,,,
,,,,,442890,164.67374,430,,,,,,
,,,,,443000,,,11.05271053314209,76.4711685180664,76.55914306640625,98.46321105957031,0.02,0.001
,,,,,443171,254.37914,281,,,,,,
,,,,,443495,248.26262,324,,,,,,
,,,,,443899,227.04141,404,,,,,,
,,,,,444000,,,206.5616912841797,79.16144561767578,77.84545135498047,133.02247619628906,0.02,0.001
,,,,,444117,266.55292,218,,,,,,
,,,,,444528,236.23943,411,,,,,,
,,,,,444815,272.59454,287,,,,,,
,,,,,445000,,,10.346382141113281,82.0448989868164,83.16896057128906,87.77355194091797,0.02,0.001
,,,,,445010,292.7389,195,,,,,,
,,,,,445353,250.04816,343,,,,,,
,,,,,445738,177.18297,385,,,,,,
,,,,,445983,223.9874,245,,,,,,
,,,,,446000,,,54.580501556396484,73.6038589477539,72.50565338134766,126.54082489013672,0.02,0.001
,,,,,446270,220.05608,287,,,,,,
,,,,,446522,225.25806,252,,,,,,
,,,,,446913,290.56528,391,,,,,,
,,,,,447000,,,4.199183940887451,79.61546325683594,79.58429718017578,45.60715103149414,0.02,0.001
,,,,,447177,289.30548,264,,,,,,
,,,,,447556,274.7151,379,,,,,,
,,,,,447888,224.27567,332,,,,,,
,,,,,448000,,,18.127500534057617,85.51065063476562,86.08148956298828,75.61519622802734,0.02,0.001
,,,,,448148,224.92372,260,,,,,,
,,,,,448520,234.7584,372,,,,,,
,,,,,449000,,,8.236361503601074,80.21377563476562,80.49832153320312,56.3663330078125,0.02,0.001
,,,,,449219,154.90945,699,,,,,,
,,,,,449615,261.42987,396,,,,,,
226.09512,54.224762,287.96713,124.90205,480.1,450000,,,10.17975902557373,76.77949523925781,76.52837371826172,70.2308349609375,0.02,0.001
,,,,,450473,235.2141,858,,,,,,
,,,,,450677,-268.94073,204,,,,,,
,,,,,450940,278.69006,263,,,,,,
,,,,,451000,,,16.135744094848633,76.92584228515625,76.30553436279297,89.18016815185547,0.02,0.001
,,,,,451266,276.70514,326,,,,,,
,,,,,451542,-265.55737,276,,,,,,
,,,,,452000,,,12.962176322937012,80.42261505126953,79.94707489013672,94.12474060058594,0.02,0.001
,,,,,452056,236.99367,514,,,,,,
,,,,,452474,243.90204,418,,,,,,
,,,,,452908,224.69757,434,,,,,,
,,,,,453000,,,3.4841415882110596,83.81888580322266,83.2630386352539,67.42041778564453,0.02,0.001
,,,,,453142,268.25638,234,,,,,,
,,,,,453395,215.92725,253,,,,,,
,,,,,453728,258.94992,333,,,,,,
,,,,,453959,274.41962,231,,,,,,
,,,,,454000,,,9.299610137939453,77.50423431396484,76.85218048095703,79.50566864013672,0.02,0.001
,,,,,454406,265.67682,447,,,,,,
,,,,,454626,255.48695,220,,,,,,
,,,,,454827,258.0943,201,,,,,,
,,,,,455000,,,40.57841491699219,87.20718383789062,87.41545867919922,95.79193115234375,0.02,0.001
,,,,,455170,280.26648,343,,,,,,
,,,,,455407,296.06458,237,,,,,,
,,,,,455616,248.66745,209,,,,,,
,,,,,455990,254.82547,374,,,,,,
,,,,,456000,,,5.007686138153076,85.49994659423828,86.14044189453125,84.23136901855469,0.02,0.001
,,,,,456322,260.25684,332,,,,,,
,,,,,456675,274.2433,353,,,,,,
,,,,,456968,-163.57901,293,,,,,,
,,,,,457000,,,5.464695930480957,77.05810546875,76.74052429199219,54.65753936767578,0.02,0.001
,,,,,457182,275.5822,214,,,,,,
,,,,,457620,272.53006,438,,,,,,
,,,,,457831,246.44295,211,,,,,,
,,,,,458000,,,8.761456489562988,77.3681640625,77.6039047241211,53.45024871826172,0.02,0.001
,,,,,458114,268.43524,283,,,,,,
,,,,,458410,199.92526,296,,,,,,
,,,,,458729,260.6672,319,,,,,,
,,,,,459000,,,21.9328670501709,79.4427490234375,79.44195556640625,87.76407623291016,0.02,0.001
,,,,,459170,265.96765,441,,,,,,
,,,,,459388,234.35931,218,,,,,,
,,,,,459561,33.5365,173,,,,,,
,,,,,459812,278.09094,251,,,,,,
248.4437,35.034996,285.29822,151.36179,335.6,460000,,,3.949367046356201,76.80614471435547,76.70584869384766,37.64480972290039,0.02,0.001
,,,,,460123,299.52185,311,,,,,,
,,,,,460369,248.09898,246,,,,,,
,,,,,460786,278.74152,417,,,,,,
,,,,,461000,,,9.112152099609375,94.56887817382812,95.57512664794922,80.6041030883789,0.02,0.001
,,,,,461053,283.9713,267,,,,,,
,,,,,461249,39.11908,196,,,,,,
,,,,,461472,277.42072,223,,,,,,
,,,,,461699,248.94893,227,,,,,,
,,,,,462000,,,3.971048355102539,79.62060546875,79.98485565185547,57.151023864746094,0.02,0.001
,,,,,462028,202.30664,329,,,,,,
,,,,,462201,277.011,173,,,,,,
,,,,,462515,249.38823,314,,,,,,
,,,,,462825,241.88347,310,,,,,,
,,,,,463000,,,5.625155925750732,84.649658203125,84.28168487548828,55.66150665283203,0.02,0.001
,,,,,463204,214.60812,379,,,,,,
,,,,,463448,259.11884,244,,,,,,
,,,,,463786,277.62686,338,,,,,,
,,,,,464000,,,5.776462078094482,88.71566772460938,88.53040313720703,43.497825622558594,0.02,0.001
,,,,,464261,234.42528,475,,,,,,
,,,,,464552,246.01042,291,,,,,,
,,,,,464818,-169.7333,266,,,,,,
,,,,,465000,,,16.013723373413086,80.6842269897461,80.75247192382812,94.86116790771484,0.02,0.001
,,,,,465153,251.88326,335,,,,,,
,,,,,465715,199.82263,562,,,,,,
,,,,,466000,,,6.25595235824585,84.67704772949219,84.28990173339844,51.006900787353516,0.02,0.001
,,,,,466067,250.71127,352,,,,,,
,,,,,466415,252.61166,348,,,,,,
,,,,,467000,,,4.366416931152344,79.17593383789062,79.1947250366211,43.26405334472656,0.02,0.001
,,,,,467125,262.89502,710,,,,,,
,,,,,467386,275.96667,261,,,,,,
,,,,,468000,,,240.11346435546875,82.88109588623047,80.45722198486328,248.57492065429688,0.02,0.001
,,,,,468131,256.02774,745,,,,,,
,,,,,468551,200.52603,420,,,,,,
,,,,,468904,261.78125,353,,,,,,
,,,,,469000,,,4.821937084197998,86.4276123046875,85.62376403808594,71.3388900756836,0.02,0.001
,,,,,469175,230.33955,271,,,,,,
,,,,,469357,249.64978,182,,,,,,
,,,,,469810,259.88654,453,,,,,,
248.37024,26.13035,272.54138,177.07976,290.5,470000,,,33.32581329345703,78.83859252929688,79.17648315429688,68.98108673095703,0.02,0.001
,,,,,470806,233.70032,996,,,,,,
,,,,,471000,,,7.987698078155518,79.30986022949219,78.91717529296875,77.4520492553711,0.02,0.001
,,,,,471515,191.4227,709,,,,,,
,,,,,472000,,,6.000144958496094,87.07978820800781,87.37925720214844,54.374629974365234,0.02,0.001
,,,,,472018,222.75928,503,,,,,,
,,,,,472252,286.3865,234,,,,,,
,,,,,472541,232.52754,289,,,,,,
,,,,,472758,271.61282,217,,,,,,
,,,,,473000,,,6.654213905334473,70.47451782226562,70.18038940429688,45.15785217285156,0.02,0.001
,,,,,473140,259.28894,382,,,,,,
,,,,,473443,295.85022,303,,,,,,
,,,,,473804,253.7767,361,,,,,,
,,,,,474000,,,14.169254302978516,77.73983001708984,76.44752502441406,126.18118286132812,0.02,0.001
,,,,,474045,244.77492,241,,,,,,
,,,,,474488,168.27524,443,,,,,,
,,,,,474645,201.45776,157,,,,,,
,,,,,475000,,,5.021438121795654,78.1978530883789,78.61125183105469,45.32372283935547,0.02,0.001
,,,,,475062,168.86536,417,,,,,,
,,,,,475479,193.31587,417,,,,,,
,,,,,475703,292.5833,224,,,,,,
,,,,,476000,,,28.731882095336914,72.48401641845703,72.96517181396484,79.98538208007812,0.02,0.001
,,,,,476076,217.89777,373,,,,,,
,,,,,476290,256.67688,214,,,,,,
,,,,,476462,244.09389,172,,,,,,
,,,,,476700,262.96616,238,,,,,,
,,,,,476974,279.2744,274,,,,,,
,,,,,477000,,,11.750819206237793,91.94031524658203,92.52862548828125,64.4781265258789,0.02,0.001
,,,,,477196,242.93773,222,,,,,,
,,,,,477497,275.72522,301,,,,,,
,,,,,477812,264.46765,315,,,,,,
,,,,,478000,,,6.2793121337890625,85.34851837158203,85.1186752319336,62.998477935791016,0.02,0.001
,,,,,478272,263.4953,460,,,,,,
,,,,,478488,258.80817,216,,,,,,
,,,,,479000,,,3.6245124340057373,88.8062515258789,89.25775146484375,59.54619216918945,0.02,0.001
,,,,,479170,271.18372,682,,,,,,
,,,,,479508,249.24983,338,,,,,,
,,,,,479790,226.47813,282,,,,,,
,,,,,479923,-188.03262,133,,,,,,
234.73727,46.255966,289.28088,116.68277,584.5,480000,,,7.036625862121582,90.71337127685547,90.56303405761719,78.58128356933594,0.02,0.001
,,,,,480097,274.91693,174,,,,,,
,,,,,480382,253.45296,285,,,,,,
,,,,,480574,287.73346,192,,,,,,
,,,,,481000,,,11.839694023132324,75.2238998413086,74.66132354736328,73.83350372314453,0.02,0.001
,,,,,481062,278.27887,488,,,,,,
,,,,,481380,227.52008,318,,,,,,
,,,,,481867,250.22887,487,,,,,,
,,,,,482000,,,7.146573543548584,72.09130859375,71.3048324584961,91.08380889892578,0.02,0.001
,,,,,482047,252.85976,180,,,,,,
,,,,,482320,266.8155,273,,,,,,
,,,,,482604,300.00482,284,,,,,,
,,,,,483000,,,8.94481086730957,79.31906127929688,79.05625915527344,106.2070541381836,0.02,0.001
,,,,,483225,268.77832,621,,,,,,
,,,,,483607,242.57617,382,,,,,,
,,,,,484000,,,18.516550064086914,80.17461395263672,80.3310775756836,76.27658081054688,0.02,0.001
,,,,,484019,225.5362,412,,,,,,
,,,,,484288,227.39346,269,,,,,,
,,,,,484589,287.5015,301,,,,,,
,,,,,484852,293.3009,263,,,,,,
,,,,,485000,,,7.9289631843566895,84.47550964355469,85.05792236328125,68.26271057128906,0.02,0.001
,,,,,485045,251.96233,193,,,,,,
,,,,,485192,9.92411,147,,,,,,
,,,,,485358,255.80035,166,,,,,,
,,,,,485536,253.45653,178,,,,,,
,,,,,485783,251.88196,247,,,,,,
,,,,,486000,,,7.3064985275268555,86.76158142089844,87.137939453125,68.46974182128906,0.02,0.001
,,,,,486134,265.2066,351,,,,,,
,,,,,486601,301.2744,467,,,,,,
,,,,,487000,,,7.743654727935791,74.3260498046875,74.23729705810547,70.04877471923828,0.02,0.001
,,,,,487249,-162.63316,648,,,,,,
,,,,,487705,-32.088127,456,,,,,,
,,,,,487958,283.43677,253,,,,,,
,,,,,488000,,,374.9403076171875,84.54780578613281,82.2390365600586,506.00250244140625,0.02,0.001
,,,,,488220,270.3037,262,,,,,,
,,,,,488426,253.12138,206,,,,,,
,,,,,488617,271.6217,191,,,,,,
,,,,,488908,271.00067,291,,,,,,
,,,,,489000,,,22.55860137939453,84.07671356201172,84.72048950195312,41.21204376220703,0.02,0.001
,,,,,489160,245.71338,252,,,,,,
,,,,,489630,267.044,470,,,,,,
,,,,,489848,301.0271,218,,,,,,
263.71954,13.334012,297.55817,247.55301,233.8,490000,,,7.91185188293457,87.12869262695312,87.9229736328125,107.67977142333984,0.02,0.001
,,,,,490136,309.26227,288,,,,,,
,,,,,490284,284.22797,148,,,,,,
,,,,,490553,246.12097,269,,,,,,
,,,,,490790,268.06033,237,,,,,,
,,,,,491000,,,3.56868052482605,87.62983703613281,87.65668487548828,43.38383865356445,0.02,0.001
,,,,,491466,-242.27419,676,,,,,,
,,,,,491614,-217.81699,148,,,,,,
,,,,,491781,260.1134,167,,,,,,
,,,,,492000,,,5.906591415405273,80.6693115234375,80.36455535888672,47.44426727294922,0.02,0.001
,,,,,492103,300.85358,322,,,,,,
,,,,,492301,297.40717,198,,,,,,
,,,,,492480,268.06827,179,,,,,,
,,,,,492691,282.86462,211,,,,,,
,,,,,492874,260.7802,183,,,,,,
,,,,,493000,,,4.725166320800781,91.54029083251953,91.52851104736328,46.390071868896484,0.02,0.001
,,,,,493050,267.03192,176,,,,,,
,,,,,493295,309.42014,245,,,,,,
,,,,,493616,248.4513,321,,,,,,
,,,,,493812,280.9027,196,,,,,,
,,,,,494000,,,4.525294303894043,86.20227813720703,86.3487548828125,49.67862319946289,0.02,0.001
,,,,,494268,268.57098,456,,,,,,
,,,,,494545,272.27603,277,,,,,,
,,,,,494714,50.323914,169,,,,,,
,,,,,495000,,,8.124095916748047,79.95054626464844,79.89470672607422,69.8975830078125,0.02,0.001
,,,,,495137,279.90936,423,,,,,,
,,,,,495364,229.15594,227,,,,,,
,,,,,495549,243.24936,185,,,,,,
,,,,,495792,280.72754,243,,,,,,
,,,,,496000,,,4.88943338394165,70.71436309814453,70.80109405517578,48.55396270751953,0.02,0.001
,,,,,496098,257.87085,306,,,,,,
,,,,,496282,272.19458,184,,,,,,
,,,,,496489,288.60822,207,,,,,,
,,,,,496698,288.00745,209,,,,,,
,,,,,496905,237.62808,207,,,,,,
,,,,,497000,,,15.27503776550293,82.9381332397461,83.67686462402344,115.75755310058594,0.02,0.001
,,,,,497222,314.24872,317,,,,,,
,,,,,497704,265.7734,482,,,,,,
,,,,,498000,,,16.306001663208008,80.42817687988281,80.56104278564453,74.96372985839844,0.02,0.001
,,,,,498071,266.92734,367,,,,,,
,,,,,498217,265.12408,146,,,,,,
,,,,,498845,209.07924,628,,,,,,
,,,,,499000,,,13.816305160522461,72.33157348632812,72.35003662109375,120.02722930908203,0.02,0.001
,,,,,499087,258.58624,242,,,,,,
,,,,,499486,262.25858,399,,,,,,
,,,,,499687,264.95465,201,,,,,,
,,,,,499918,280.7824,231,,,,,,
