Eval_AverageReturn,Eval_StdReturn,Eval_MaxReturn,Eval_MinReturn,Eval_AverageEpLen,step,Train_EpisodeReturn,Train_EpisodeLen,actor_loss,entropy,critic_loss,q_values,target_values,actor_lr,critic_lr,temperature
-236.27332,63.657513,-92.902245,-320.9485,1000.0,0,,,,,,,,,,
,,,,,999,-305.31976,1000,,,,,,,,
,,,,,1999,-516.21344,1000,,,,,,,,
,,,,,2999,-374.5002,1000,,,,,,,,
,,,,,3999,-187.0463,1000,,,,,,,,
,,,,,4999,-311.645,1000,,,,,,,,
-252.01836,47.226437,-171.96284,-319.22333,1000.0,5000,,,,,,,,,,
,,,,,5999,-236.72887,1000,,,,,,,,
,,,,,6999,-292.3766,1000,,,,,,,,
,,,,,7999,-240.52124,1000,,,,,,,,
,,,,,8999,-183.71068,1000,,,,,,,,
,,,,,9999,-258.07104,1000,,,,,,,,
-234.97104,86.23333,-138.31874,-402.3534,1000.0,10000,,,-0.3274049758911133,3.6554417610168457,1.0280574560165405,-0.012713784351944923,-0.7783972024917603,0.0003,0.0003,0.1
,,,,,10999,-229.88472,1000,,,,,,,,
,,,,,11000,,,1.0510332584381104,3.155440330505371,0.532017707824707,-1.6297435760498047,-1.6395407915115356,0.0003,0.0003,0.1
,,,,,11999,-195.29422,1000,,,,,,,,
,,,,,12000,,,2.075981378555298,2.3266541957855225,0.6619361639022827,-2.6975603103637695,-2.7677388191223145,0.0003,0.0003,0.1
,,,,,12999,-126.20319,1000,,,,,,,,
,,,,,13000,,,2.2843384742736816,1.9377613067626953,1.0887540578842163,-3.0332305431365967,-3.002274990081787,0.0003,0.0003,0.1
,,,,,13999,-235.08383,1000,,,,,,,,
,,,,,14000,,,2.2561309337615967,2.030730724334717,0.9331961870193481,-3.0635976791381836,-2.9180216789245605,0.0003,0.0003,0.1
,,,,,14999,-294.82916,1000,,,,,,,,
-279.9536,19.944546,-241.33629,-308.77808,1000.0,15000,,,0.8086226582527161,1.579270601272583,0.7668986320495605,-1.8596279621124268,-1.783451795578003,0.0003,0.0003,0.1
,,,,,15999,-229.71068,1000,,,,,,,,
,,,,,16000,,,-1.221663236618042,1.881382703781128,0.7621971368789673,0.30681440234184265,0.27733534574508667,0.0003,0.0003,0.1
,,,,,16999,-198.83223,1000,,,,,,,,
,,,,,17000,,,-2.1747241020202637,1.6587517261505127,0.632096529006958,1.2813315391540527,1.1678681373596191,0.0003,0.0003,0.1
,,,,,17999,128.85977,1000,,,,,,,,
,,,,,18000,,,-2.0050766468048096,2.2042856216430664,0.6760161519050598,1.1743485927581787,1.0682907104492188,0.0003,0.0003,0.1
,,,,,18999,57.151527,1000,,,,,,,,
,,,,,19000,,,-4.023130416870117,2.112560749053955,0.6576112508773804,3.1980538368225098,3.1706366539001465,0.0003,0.0003,0.1
,,,,,19999,616.46954,1000,,,,,,,,
917.3128,260.56714,1092.4591,337.26315,1000.0,20000,,,-3.0791306495666504,1.3956139087677002,0.6903210878372192,2.2947585582733154,2.372797966003418,0.0003,0.0003,0.1
,,,,,20999,1138.4019,1000,,,,,,,,
,,,,,21000,,,-8.052324295043945,1.154257893562317,0.8347793817520142,6.983170032501221,7.13758659362793,0.0003,0.0003,0.1
,,,,,21999,1189.7216,1000,,,,,,,,
,,,,,22000,,,-11.674570083618164,0.8798788189888,0.7525813579559326,10.699552536010742,10.687274932861328,0.0003,0.0003,0.1
,,,,,22999,1293.6903,1000,,,,,,,,
,,,,,23000,,,-13.618961334228516,0.986993670463562,0.7766311764717102,12.703729629516602,12.726547241210938,0.0003,0.0003,0.1
,,,,,23999,1453.5712,1000,,,,,,,,
,,,,,24000,,,-18.904678344726562,0.8605764508247375,0.8116017580032349,18.000804901123047,17.98691177368164,0.0003,0.0003,0.1
,,,,,24999,1605.671,1000,,,,,,,,
1685.2913,69.742065,1756.967,1565.8953,1000.0,25000,,,-25.584300994873047,0.4974361062049866,0.8222436904907227,24.51469612121582,24.569705963134766,0.0003,0.0003,0.1
,,,,,25999,1868.4628,1000,,,,,,,,
,,,,,26000,,,-29.923931121826172,0.361777126789093,0.8025914430618286,28.83513641357422,28.836341857910156,0.0003,0.0003,0.1
,,,,,26999,1935.8054,1000,,,,,,,,
,,,,,27000,,,-32.17826843261719,0.3200146555900574,0.8246793150901794,31.150184631347656,31.123699188232422,0.0003,0.0003,0.1
,,,,,27999,2024.9231,1000,,,,,,,,
,,,,,28000,,,-39.263980865478516,-0.23072215914726257,0.7451542019844055,38.16468048095703,38.13887023925781,0.0003,0.0003,0.1
,,,,,28999,2192.111,1000,,,,,,,,
,,,,,29000,,,-46.29806137084961,-0.2588579058647156,0.8814165592193604,45.1339225769043,45.047607421875,0.0003,0.0003,0.1
,,,,,29999,2268.6558,1000,,,,,,,,
2310.023,37.44828,2356.2886,2252.842,1000.0,30000,,,-55.663482666015625,-0.7084218263626099,0.897271990776062,54.413818359375,54.37881851196289,0.0003,0.0003,0.1
,,,,,30999,2298.9268,1000,,,,,,,,
,,,,,31000,,,-62.19792175292969,-0.8615424633026123,0.8290886878967285,60.77420425415039,60.80054473876953,0.0003,0.0003,0.1
,,,,,31999,2376.2385,1000,,,,,,,,
,,,,,32000,,,-68.38139343261719,-0.73310786485672,0.9671667218208313,66.937744140625,67.05014038085938,0.0003,0.0003,0.1
,,,,,32999,2459.412,1000,,,,,,,,
,,,,,33000,,,-75.31205749511719,-1.0280745029449463,0.8778228759765625,74.07600402832031,74.0925521850586,0.0003,0.0003,0.1
,,,,,33999,2354.9224,1000,,,,,,,,
,,,,,34000,,,-79.69133758544922,-0.7553566694259644,0.8633643388748169,78.65388488769531,78.69773864746094,0.0003,0.0003,0.1
,,,,,34999,2548.21,1000,,,,,,,,
2611.2588,62.87613,2702.9458,2485.3667,1000.0,35000,,,-86.62124633789062,-1.1949291229248047,1.120373249053955,85.32539367675781,85.40191650390625,0.0003,0.0003,0.1
,,,,,35999,2507.2742,1000,,,,,,,,
,,,,,36000,,,-97.27334594726562,-1.6456581354141235,1.1398285627365112,95.9494857788086,95.83990478515625,0.0003,0.0003,0.1
,,,,,36999,2598.5942,1000,,,,,,,,
,,,,,37000,,,-107.50899505615234,-1.5002837181091309,1.3771474361419678,106.02456665039062,105.9851303100586,0.0003,0.0003,0.1
,,,,,37999,2658.2231,1000,,,,,,,,
,,,,,38000,,,-114.15251922607422,-1.5302540063858032,1.4865626096725464,112.49935913085938,112.48709106445312,0.0003,0.0003,0.1
,,,,,38999,2763.0088,1000,,,,,,,,
,,,,,39000,,,-127.1556625366211,-1.3557286262512207,1.119067668914795,125.82797241210938,125.65928649902344,0.0003,0.0003,0.1
,,,,,39999,2832.0786,1000,,,,,,,,
2740.6968,50.170372,2847.747,2663.7446,1000.0,40000,,,-130.95797729492188,-2.040032386779785,1.5600107908248901,129.61827087402344,129.70877075195312,0.0003,0.0003,0.1
,,,,,40999,2293.9802,1000,,,,,,,,
,,,,,41000,,,-138.61935424804688,-1.5130205154418945,1.092750072479248,137.40463256835938,137.53472900390625,0.0003,0.0003,0.1
,,,,,41999,2847.5706,1000,,,,,,,,
,,,,,42000,,,-146.82919311523438,-1.0961369276046753,0.8985798358917236,145.7465362548828,145.8755340576172,0.0003,0.0003,0.1
,,,,,42999,2847.5547,1000,,,,,,,,
,,,,,43000,,,-148.2412109375,-1.6746571063995361,1.0257002115249634,146.8875732421875,146.94869995117188,0.0003,0.0003,0.1
,,,,,43999,787.0931,1000,,,,,,,,
,,,,,44000,,,-151.93154907226562,-1.2180171012878418,1.0779706239700317,150.80206298828125,150.72512817382812,0.0003,0.0003,0.1
,,,,,44999,3015.101,1000,,,,,,,,
2747.4023,242.15503,2973.8093,2061.221,1000.0,45000,,,-157.6186065673828,-0.9758752584457397,0.9709587097167969,156.24932861328125,156.3095245361328,0.0003,0.0003,0.1
,,,,,45999,3006.703,1000,,,,,,,,
,,,,,46000,,,-163.6984405517578,-1.0550611019134521,0.867175817489624,162.524658203125,162.46640014648438,0.0003,0.0003,0.1
,,,,,46999,2994.721,1000,,,,,,,,
,,,,,47000,,,-166.62109375,-1.5649387836456299,1.436544418334961,165.277099609375,165.53695678710938,0.0003,0.0003,0.1
,,,,,47999,2822.396,1000,,,,,,,,
,,,,,48000,,,-177.85769653320312,-1.9090380668640137,1.6771838665008545,176.38775634765625,176.368896484375,0.0003,0.0003,0.1
,,,,,48999,3003.5237,1000,,,,,,,,
,,,,,49000,,,-180.4349822998047,-1.9488003253936768,0.9685653448104858,179.0947265625,178.980224609375,0.0003,0.0003,0.1
,,,,,49999,2980.6526,1000,,,,,,,,
2949.023,53.5465,3012.7048,2835.6196,1000.0,50000,,,-189.92367553710938,-2.0108046531677246,1.4607864618301392,188.3999481201172,188.31515502929688,0.0003,0.0003,0.1
,,,,,50999,3019.1633,1000,,,,,,,,
,,,,,51000,,,-192.4916534423828,-2.1651363372802734,1.421423316001892,190.9473419189453,191.0462188720703,0.0003,0.0003,0.1
,,,,,51999,3135.8704,1000,,,,,,,,
,,,,,52000,,,-200.41427612304688,-1.9380099773406982,1.2372556924819946,198.99468994140625,199.2119140625,0.0003,0.0003,0.1
,,,,,52999,3157.0117,1000,,,,,,,,
,,,,,53000,,,-207.5406494140625,-1.8396713733673096,1.2816247940063477,206.55133056640625,206.53134155273438,0.0003,0.0003,0.1
,,,,,53999,3195.1252,1000,,,,,,,,
,,,,,54000,,,-210.97088623046875,-1.8617761135101318,0.988091230392456,209.776611328125,209.81552124023438,0.0003,0.0003,0.1
,,,,,54999,3139.334,1000,,,,,,,,
2930.4438,728.53955,3247.6077,749.8244,1000.0,55000,,,-215.82150268554688,-1.864891529083252,0.975462794303894,214.3191680908203,214.44500732421875,0.0003,0.0003,0.1
,,,,,55999,3133.1553,1000,,,,,,,,
,,,,,56000,,,-219.5250244140625,-2.057549238204956,0.9319273829460144,218.34246826171875,218.2916259765625,0.0003,0.0003,0.1
,,,,,56999,3156.8003,1000,,,,,,,,
,,,,,57000,,,-226.79592895507812,-1.7242188453674316,1.0418317317962646,225.7892608642578,225.6920928955078,0.0003,0.0003,0.1
,,,,,57999,3264.3506,1000,,,,,,,,
,,,,,58000,,,-233.2730712890625,-1.9682605266571045,0.9440919756889343,232.3045654296875,232.21669006347656,0.0003,0.0003,0.1
,,,,,58999,3200.9473,1000,,,,,,,,
,,,,,59000,,,-237.2640380859375,-1.917357087135315,0.9274805784225464,236.10906982421875,236.0153045654297,0.0003,0.0003,0.1
,,,,,59999,3219.3672,1000,,,,,,,,
3276.4272,42.50889,3363.4797,3222.0454,1000.0,60000,,,-240.32017517089844,-1.9992626905441284,1.0407724380493164,239.29879760742188,239.28871154785156,0.0003,0.0003,0.1
,,,,,60999,3225.8035,1000,,,,,,,,
,,,,,61000,,,-242.09735107421875,-1.8832883834838867,0.9883196353912354,240.86016845703125,240.84228515625,0.0003,0.0003,0.1
,,,,,61999,3268.2488,1000,,,,,,,,
,,,,,62000,,,-243.22073364257812,-2.1484251022338867,1.2006281614303589,241.7918243408203,241.70895385742188,0.0003,0.0003,0.1
,,,,,62999,3212.2576,1000,,,,,,,,
,,,,,63000,,,-253.18765258789062,-2.0813798904418945,1.0270805358886719,252.21841430664062,252.02560424804688,0.0003,0.0003,0.1
,,,,,63999,3167.106,1000,,,,,,,,
,,,,,64000,,,-256.06048583984375,-1.8806378841400146,0.843997597694397,254.87611389160156,254.7007598876953,0.0003,0.0003,0.1
,,,,,64999,3292.3762,1000,,,,,,,,
3345.2063,26.280424,3371.2927,3298.7292,1000.0,65000,,,-258.83526611328125,-2.1424217224121094,1.1297903060913086,257.7826843261719,257.82147216796875,0.0003,0.0003,0.1
,,,,,65999,3379.8794,1000,,,,,,,,
,,,,,66000,,,-262.4857177734375,-1.8270537853240967,0.8758558630943298,261.36480712890625,261.3609619140625,0.0003,0.0003,0.1
,,,,,66999,3371.4172,1000,,,,,,,,
,,,,,67000,,,-269.32611083984375,-1.8190988302230835,0.9921700954437256,268.1300964355469,268.2913818359375,0.0003,0.0003,0.1
,,,,,67999,3289.3845,1000,,,,,,,,
,,,,,68000,,,-269.4556884765625,-2.1780710220336914,1.2143670320510864,268.2691650390625,268.2821960449219,0.0003,0.0003,0.1
,,,,,68999,3390.1912,1000,,,,,,,,
,,,,,69000,,,-274.9450988769531,-1.744079828262329,0.9245772361755371,273.85687255859375,273.7265625,0.0003,0.0003,0.1
,,,,,69999,3334.2275,1000,,,,,,,,
3242.475,336.3076,3413.23,2244.7817,1000.0,70000,,,-278.786865234375,-1.9704821109771729,0.9302390813827515,277.88623046875,277.76531982421875,0.0003,0.0003,0.1
,,,,,70999,3372.8958,1000,,,,,,,,
,,,,,71000,,,-277.359619140625,-1.9022834300994873,0.904888391494751,276.27520751953125,276.270263671875,0.0003,0.0003,0.1
,,,,,71999,3348.5466,1000,,,,,,,,
,,,,,72000,,,-284.179931640625,-2.2381591796875,0.81487637758255,283.1724853515625,283.2411193847656,0.0003,0.0003,0.1
,,,,,72999,3424.687,1000,,,,,,,,
,,,,,73000,,,-288.7783508300781,-2.109236001968384,0.7975174188613892,287.83892822265625,287.83880615234375,0.0003,0.0003,0.1
,,,,,73999,3530.0862,1000,,,,,,,,
,,,,,74000,,,-286.8048095703125,-1.9988102912902832,0.9738597869873047,285.70489501953125,285.7162780761719,0.0003,0.0003,0.1
,,,,,74999,3429.0278,1000,,,,,,,,
3490.071,50.593525,3561.5408,3415.421,1000.0,75000,,,-293.3751220703125,-2.09257435798645,1.0162005424499512,292.51123046875,292.6228332519531,0.0003,0.0003,0.1
,,,,,75999,3574.0298,1000,,,,,,,,
,,,,,76000,,,-291.55255126953125,-2.206190586090088,0.8591610193252563,290.4405517578125,290.44451904296875,0.0003,0.0003,0.1
,,,,,76999,3444.0159,1000,,,,,,,,
,,,,,77000,,,-297.46661376953125,-1.982750415802002,0.801771879196167,296.42559814453125,296.54412841796875,0.0003,0.0003,0.1
,,,,,77999,3427.2278,1000,,,,,,,,
,,,,,78000,,,-299.45123291015625,-1.9180647134780884,1.1983416080474854,298.32818603515625,298.1745910644531,0.0003,0.0003,0.1
,,,,,78999,3317.023,1000,,,,,,,,
,,,,,79000,,,-303.2325439453125,-2.2902302742004395,0.9268150925636292,302.3501892089844,302.28326416015625,0.0003,0.0003,0.1
,,,,,79999,3538.0427,1000,,,,,,,,
3524.8765,37.82884,3586.5952,3456.2617,1000.0,80000,,,-302.2916259765625,-2.1174652576446533,0.926032543182373,301.27740478515625,301.230224609375,0.0003,0.0003,0.1
,,,,,80999,3491.282,1000,,,,,,,,
,,,,,81000,,,-306.57916259765625,-2.1198489665985107,0.920392632484436,305.692626953125,305.5546875,0.0003,0.0003,0.1
,,,,,81999,3572.2976,1000,,,,,,,,
,,,,,82000,,,-308.90869140625,-2.0098485946655273,0.9515225291252136,307.8197937011719,307.69610595703125,0.0003,0.0003,0.1
,,,,,82999,3577.7947,1000,,,,,,,,
,,,,,83000,,,-312.48388671875,-2.2994256019592285,0.8469781875610352,311.4185791015625,311.2960510253906,0.0003,0.0003,0.1
,,,,,83999,3587.6082,1000,,,,,,,,
,,,,,84000,,,-314.09326171875,-1.7194457054138184,0.8796964883804321,313.15960693359375,313.19744873046875,0.0003,0.0003,0.1
,,,,,84999,3580.7207,1000,,,,,,,,
3622.9536,28.754774,3662.296,3576.3215,1000.0,85000,,,-315.7591552734375,-2.17008113861084,0.8146069645881653,314.797119140625,314.7669677734375,0.0003,0.0003,0.1
,,,,,85999,3580.5427,1000,,,,,,,,
,,,,,86000,,,-318.69873046875,-2.439094066619873,0.88841712474823,317.87786865234375,317.806884765625,0.0003,0.0003,0.1
,,,,,86999,3533.9504,1000,,,,,,,,
,,,,,87000,,,-320.1114501953125,-2.4013490676879883,0.7567063570022583,318.96722412109375,319.02435302734375,0.0003,0.0003,0.1
,,,,,87999,3633.2944,1000,,,,,,,,
,,,,,88000,,,-323.91912841796875,-1.7628105878829956,0.7225675582885742,323.0650634765625,323.0277099609375,0.0003,0.0003,0.1
,,,,,88999,3690.0042,1000,,,,,,,,
,,,,,89000,,,-321.4580993652344,-2.5004866123199463,0.8688467741012573,320.0655822753906,320.1686706542969,0.0003,0.0003,0.1
,,,,,89999,3686.512,1000,,,,,,,,
3648.6675,67.99815,3726.3623,3479.2534,1000.0,90000,,,-324.3927001953125,-2.345128059387207,0.7943214774131775,323.3159484863281,323.3744812011719,0.0003,0.0003,0.1
,,,,,90999,3614.266,1000,,,,,,,,
,,,,,91000,,,-330.439208984375,-2.4692091941833496,0.7520517110824585,329.43603515625,329.2879333496094,0.0003,0.0003,0.1
,,,,,91999,3726.1619,1000,,,,,,,,
,,,,,92000,,,-329.03582763671875,-2.508460521697998,0.9056676030158997,327.9120788574219,327.94183349609375,0.0003,0.0003,0.1
,,,,,92999,3706.7327,1000,,,,,,,,
,,,,,93000,,,-331.2974548339844,-1.9728375673294067,0.996687114238739,330.1419677734375,330.0144348144531,0.0003,0.0003,0.1
,,,,,93999,3581.6406,1000,,,,,,,,
,,,,,94000,,,-335.43707275390625,-2.5441460609436035,0.9564962387084961,334.53759765625,334.4314270019531,0.0003,0.0003,0.1
,,,,,94999,3671.7085,1000,,,,,,,,
3683.0234,16.536608,3709.424,3647.2354,1000.0,95000,,,-337.44012451171875,-2.3040871620178223,0.7912816405296326,336.5292663574219,336.5992126464844,0.0003,0.0003,0.1
,,,,,95999,3778.0671,1000,,,,,,,,
,,,,,96000,,,-339.1041259765625,-1.921689748764038,0.7209019660949707,338.1537170410156,338.26239013671875,0.0003,0.0003,0.1
,,,,,96999,3758.275,1000,,,,,,,,
,,,,,97000,,,-340.8681945800781,-2.4257168769836426,0.7528455257415771,340.003173828125,340.1050109863281,0.0003,0.0003,0.1
,,,,,97999,3796.2637,1000,,,,,,,,
,,,,,98000,,,-343.73138427734375,-2.194589138031006,0.6625875234603882,342.87353515625,342.990966796875,0.0003,0.0003,0.1
,,,,,98999,3662.3652,1000,,,,,,,,
,,,,,99000,,,-344.7816467285156,-2.268282413482666,0.7243631482124329,344.0652160644531,344.0302734375,0.0003,0.0003,0.1
,,,,,99999,3800.922,1000,,,,,,,,
3754.7,83.51501,3816.7375,3518.5117,1000.0,100000,,,-347.2964172363281,-2.15539288520813,1.066409707069397,346.238525390625,346.158935546875,0.0003,0.0003,0.1
,,,,,100999,3822.638,1000,,,,,,,,
,,,,,101000,,,-349.3095703125,-1.820712685585022,0.7366646528244019,348.4510498046875,348.374755859375,0.0003,0.0003,0.1
,,,,,101999,3817.3184,1000,,,,,,,,
,,,,,102000,,,-349.474609375,-2.2068543434143066,0.7024625539779663,348.5487365722656,348.6121520996094,0.0003,0.0003,0.1
,,,,,102999,3776.578,1000,,,,,,,,
,,,,,103000,,,-350.87835693359375,-2.3364973068237305,0.8416332006454468,349.94158935546875,350.06365966796875,0.0003,0.0003,0.1
,,,,,103999,3870.5745,1000,,,,,,,,
,,,,,104000,,,-350.45147705078125,-2.290867328643799,0.9933710694313049,349.5525207519531,349.3275146484375,0.0003,0.0003,0.1
,,,,,104999,3886.3738,1000,,,,,,,,
3610.608,907.7514,3985.1438,889.2188,1000.0,105000,,,-354.87738037109375,-2.462437152862549,0.8636677265167236,353.9288330078125,353.94500732421875,0.0003,0.0003,0.1
,,,,,105999,3845.6868,1000,,,,,,,,
,,,,,106000,,,-353.9464111328125,-2.2858033180236816,0.7621899843215942,352.95233154296875,353.063720703125,0.0003,0.0003,0.1
,,,,,106999,3618.366,1000,,,,,,,,
,,,,,107000,,,-356.470947265625,-2.3826472759246826,1.0313231945037842,355.66357421875,355.5250244140625,0.0003,0.0003,0.1
,,,,,107999,3913.5535,1000,,,,,,,,
,,,,,108000,,,-360.90179443359375,-2.286050319671631,0.9452778100967407,360.1175537109375,360.146240234375,0.0003,0.0003,0.1
,,,,,108999,3912.1514,1000,,,,,,,,
,,,,,109000,,,-360.72894287109375,-2.586268424987793,0.9337034225463867,359.81488037109375,359.9139099121094,0.0003,0.0003,0.1
,,,,,109999,3848.631,1000,,,,,,,,
3731.054,88.771095,3866.6375,3608.3342,1000.0,110000,,,-362.449951171875,-2.3808960914611816,0.6214221715927124,361.55078125,361.6419372558594,0.0003,0.0003,0.1
,,,,,110999,3889.9358,1000,,,,,,,,
,,,,,111000,,,-363.03271484375,-2.289574146270752,0.9479770064353943,362.2100830078125,362.385009765625,0.0003,0.0003,0.1
,,,,,111999,3836.0747,1000,,,,,,,,
,,,,,112000,,,-362.71942138671875,-2.6381571292877197,0.7100214958190918,361.6632385253906,361.75726318359375,0.0003,0.0003,0.1
,,,,,112999,3870.7341,1000,,,,,,,,
,,,,,113000,,,-367.8229675292969,-1.8143174648284912,0.7859958410263062,367.0655517578125,366.9713134765625,0.0003,0.0003,0.1
,,,,,113999,3844.826,1000,,,,,,,,
,,,,,114000,,,-366.00848388671875,-2.487044334411621,0.7074518799781799,365.2235107421875,365.3106689453125,0.0003,0.0003,0.1
,,,,,114999,3798.7488,1000,,,,,,,,
3872.313,33.650055,3935.7302,3821.2449,1000.0,115000,,,-368.76849365234375,-2.227815628051758,0.8226193189620972,367.9268798828125,368.051025390625,0.0003,0.0003,0.1
,,,,,115999,3746.2952,1000,,,,,,,,
,,,,,116000,,,-367.97418212890625,-2.276564359664917,0.8611323237419128,367.0791931152344,367.22607421875,0.0003,0.0003,0.1
,,,,,116999,3925.9282,1000,,,,,,,,
,,,,,117000,,,-371.15362548828125,-2.4153335094451904,0.8273428678512573,370.49444580078125,370.40167236328125,0.0003,0.0003,0.1
,,,,,117999,559.4176,1000,,,,,,,,
,,,,,118000,,,-372.13812255859375,-2.489051342010498,0.931932806968689,371.3941345214844,371.4469909667969,0.0003,0.0003,0.1
,,,,,118999,3918.8105,1000,,,,,,,,
,,,,,119000,,,-369.0789794921875,-2.4103500843048096,0.8700346946716309,368.303466796875,368.1396789550781,0.0003,0.0003,0.1
,,,,,119999,3860.4805,1000,,,,,,,,
4009.8074,36.002617,4082.9116,3950.749,1000.0,120000,,,-371.9448547363281,-2.399589776992798,0.9148733615875244,371.102783203125,371.05352783203125,0.0003,0.0003,0.1
,,,,,120999,896.0152,1000,,,,,,,,
,,,,,121000,,,-370.09356689453125,-1.8956183195114136,1.366701602935791,369.3677978515625,369.14996337890625,0.0003,0.0003,0.1
,,,,,121999,3870.1946,1000,,,,,,,,
,,,,,122000,,,-372.549560546875,-2.127420425415039,1.0699124336242676,371.8454284667969,371.93731689453125,0.0003,0.0003,0.1
,,,,,122999,3839.4348,1000,,,,,,,,
,,,,,123000,,,-376.3980712890625,-1.828989028930664,1.2913670539855957,375.7874755859375,375.817138671875,0.0003,0.0003,0.1
,,,,,123999,3906.655,1000,,,,,,,,
,,,,,124000,,,-374.1553955078125,-2.1783182621002197,1.1366994380950928,373.4820556640625,373.51141357421875,0.0003,0.0003,0.1
,,,,,124999,3739.229,1000,,,,,,,,
3860.3481,52.83343,3926.7544,3743.5127,1000.0,125000,,,-373.8172302246094,-2.230832099914551,1.5575249195098877,372.9761047363281,373.1443786621094,0.0003,0.0003,0.1
,,,,,125999,3971.3257,1000,,,,,,,,
,,,,,126000,,,-374.89666748046875,-2.088632106781006,1.3639650344848633,374.012451171875,373.99420166015625,0.0003,0.0003,0.1
,,,,,126999,3958.759,1000,,,,,,,,
,,,,,127000,,,-372.3301086425781,-2.7466068267822266,2.2042577266693115,371.2853088378906,371.287841796875,0.0003,0.0003,0.1
,,,,,127999,3984.4915,1000,,,,,,,,
,,,,,128000,,,-376.97552490234375,-2.530111789703369,1.2718576192855835,375.9821472167969,376.0522766113281,0.0003,0.0003,0.1
,,,,,128999,2858.737,1000,,,,,,,,
,,,,,129000,,,-378.49542236328125,-2.612548589706421,1.3474472761154175,377.6375427246094,377.646728515625,0.0003,0.0003,0.1
,,,,,129999,3986.495,1000,,,,,,,,
3927.5952,24.790148,3963.2761,3896.9158,1000.0,130000,,,-384.01019287109375,-1.8908283710479736,1.0694937705993652,383.5804443359375,383.56475830078125,0.0003,0.0003,0.1
,,,,,130999,3852.116,1000,,,,,,,,
,,,,,131000,,,-382.9796142578125,-1.8360919952392578,0.8105531930923462,382.48675537109375,382.49786376953125,0.0003,0.0003,0.1
,,,,,131999,3897.4634,1000,,,,,,,,
,,,,,132000,,,-382.3896789550781,-2.161879777908325,1.2854281663894653,381.7464294433594,381.6214294433594,0.0003,0.0003,0.1
,,,,,132999,3953.1177,1000,,,,,,,,
,,,,,133000,,,-378.9332275390625,-2.107102394104004,1.4522922039031982,378.22967529296875,377.9772644042969,0.0003,0.0003,0.1
,,,,,133999,3968.3887,1000,,,,,,,,
,,,,,134000,,,-373.67510986328125,-2.0086779594421387,1.0867379903793335,372.87164306640625,372.876220703125,0.0003,0.0003,0.1
,,,,,134999,4044.0217,1000,,,,,,,,
3433.5918,1033.5355,3846.4634,335.575,1000.0,135000,,,-383.00970458984375,-1.8669040203094482,1.1335630416870117,382.204345703125,382.150146484375,0.0003,0.0003,0.1
,,,,,135999,4030.5725,1000,,,,,,,,
,,,,,136000,,,-382.7262268066406,-2.4720382690429688,1.058777093887329,381.65985107421875,381.679443359375,0.0003,0.0003,0.1
,,,,,136999,3951.1812,1000,,,,,,,,
,,,,,137000,,,-387.2404479980469,-1.988224983215332,1.1888360977172852,386.6610107421875,386.48052978515625,0.0003,0.0003,0.1
,,,,,137999,3994.2097,1000,,,,,,,,
,,,,,138000,,,-383.2330017089844,-2.286458969116211,1.4039769172668457,382.3402404785156,382.3704833984375,0.0003,0.0003,0.1
,,,,,138999,3994.713,1000,,,,,,,,
,,,,,139000,,,-388.00390625,-2.654773235321045,1.1576011180877686,387.2381896972656,387.097900390625,0.0003,0.0003,0.1
,,,,,139999,3986.4424,1000,,,,,,,,
4058.4543,62.868347,4119.905,3893.6963,1000.0,140000,,,-391.0340576171875,-2.3383893966674805,1.075844168663025,390.3085021972656,390.2190246582031,0.0003,0.0003,0.1
,,,,,140999,4045.5845,1000,,,,,,,,
,,,,,141000,,,-389.26995849609375,-1.9187506437301636,0.9867158532142639,388.3072509765625,388.25775146484375,0.0003,0.0003,0.1
,,,,,141999,4067.193,1000,,,,,,,,
,,,,,142000,,,-388.60546875,-2.6248621940612793,1.1096599102020264,387.76007080078125,387.91436767578125,0.0003,0.0003,0.1
,,,,,142999,4044.5361,1000,,,,,,,,
,,,,,143000,,,-391.1549072265625,-2.9115638732910156,0.9811603426933289,390.376953125,390.39349365234375,0.0003,0.0003,0.1
,,,,,143999,-98.34119,1000,,,,,,,,
,,,,,144000,,,-389.16265869140625,-2.158024787902832,1.0520634651184082,388.2611083984375,388.4299621582031,0.0003,0.0003,0.1
,,,,,144999,4028.6472,1000,,,,,,,,
3778.429,520.3309,4050.6633,2231.499,1000.0,145000,,,-388.1278991699219,-1.5309768915176392,1.2635574340820312,387.4904479980469,387.53948974609375,0.0003,0.0003,0.1
,,,,,145999,3994.552,1000,,,,,,,,
,,,,,146000,,,-389.2760925292969,-1.5385881662368774,1.017313003540039,388.74017333984375,388.75897216796875,0.0003,0.0003,0.1
,,,,,146999,3960.3074,1000,,,,,,,,
,,,,,147000,,,-392.047119140625,-2.1449837684631348,0.8297711610794067,391.4748229980469,391.5460205078125,0.0003,0.0003,0.1
,,,,,147999,3964.7751,1000,,,,,,,,
,,,,,148000,,,-389.22918701171875,-2.599884510040283,1.7234594821929932,388.4660949707031,388.50335693359375,0.0003,0.0003,0.1
,,,,,148999,4057.2478,1000,,,,,,,,
,,,,,149000,,,-393.13507080078125,-1.8294928073883057,1.1707358360290527,392.5346374511719,392.6226501464844,0.0003,0.0003,0.1
,,,,,149999,4015.5366,1000,,,,,,,,
4019.554,35.7332,4066.9407,3972.4485,1000.0,150000,,,-388.6662292480469,-2.223788261413574,1.9158806800842285,387.789306640625,387.77008056640625,0.0003,0.0003,0.1
,,,,,150999,4019.4917,1000,,,,,,,,
,,,,,151000,,,-393.21392822265625,-1.784183144569397,0.863418698310852,392.43646240234375,392.5155334472656,0.0003,0.0003,0.1
,,,,,151999,3939.577,1000,,,,,,,,
,,,,,152000,,,-396.17108154296875,-2.398425817489624,0.9842901825904846,395.38861083984375,395.5504150390625,0.0003,0.0003,0.1
,,,,,152999,4032.0007,1000,,,,,,,,
,,,,,153000,,,-392.085205078125,-2.426058292388916,1.0750024318695068,391.1283874511719,391.07135009765625,0.0003,0.0003,0.1
,,,,,153999,4076.8608,1000,,,,,,,,
,,,,,154000,,,-393.51025390625,-2.3713836669921875,1.58358633518219,392.65350341796875,392.80084228515625,0.0003,0.0003,0.1
,,,,,154999,4033.2004,1000,,,,,,,,
4101.6084,21.765673,4120.1567,4043.139,1000.0,155000,,,-390.90740966796875,-2.4611990451812744,1.7658146619796753,390.1842041015625,390.1899719238281,0.0003,0.0003,0.1
,,,,,155999,4065.2214,1000,,,,,,,,
,,,,,156000,,,-394.7780456542969,-2.462820529937744,0.9810092449188232,394.042236328125,393.9844970703125,0.0003,0.0003,0.1
,,,,,156999,3861.3809,1000,,,,,,,,
,,,,,157000,,,-395.38299560546875,-2.333829402923584,1.5258294343948364,394.901123046875,394.88140869140625,0.0003,0.0003,0.1
,,,,,157999,4070.8613,1000,,,,,,,,
,,,,,158000,,,-397.42413330078125,-1.8023772239685059,1.1223937273025513,396.7958984375,396.8544006347656,0.0003,0.0003,0.1
,,,,,158999,748.5679,1000,,,,,,,,
,,,,,159000,,,-399.8939514160156,-2.008518695831299,1.5853519439697266,399.1446228027344,399.2215576171875,0.0003,0.0003,0.1
,,,,,159999,4091.4663,1000,,,,,,,,
4070.989,19.514244,4102.817,4040.251,1000.0,160000,,,-398.13201904296875,-2.0281052589416504,0.8524957895278931,397.3804931640625,397.46160888671875,0.0003,0.0003,0.1
,,,,,160999,4033.9622,1000,,,,,,,,
,,,,,161000,,,-397.06109619140625,-2.3374545574188232,1.180396556854248,396.36553955078125,396.2976989746094,0.0003,0.0003,0.1
,,,,,161999,4010.927,1000,,,,,,,,
,,,,,162000,,,-397.55413818359375,-1.8436721563339233,1.4854018688201904,396.9040832519531,396.83367919921875,0.0003,0.0003,0.1
,,,,,162999,3978.7263,1000,,,,,,,,
,,,,,163000,,,-395.5872802734375,-1.9342539310455322,1.2978802919387817,394.7100830078125,394.8675537109375,0.0003,0.0003,0.1
,,,,,163999,3948.722,1000,,,,,,,,
,,,,,164000,,,-399.97601318359375,-1.8629426956176758,0.9162776470184326,399.35150146484375,399.37750244140625,0.0003,0.0003,0.1
,,,,,164999,3942.9941,1000,,,,,,,,
4057.6047,21.955042,4101.2954,4028.8445,1000.0,165000,,,-398.43896484375,-2.196704864501953,1.4155701398849487,397.6951599121094,397.7680358886719,0.0003,0.0003,0.1
,,,,,165999,4014.7188,1000,,,,,,,,
,,,,,166000,,,-397.64666748046875,-2.252892255783081,1.2006793022155762,396.9233703613281,396.934814453125,0.0003,0.0003,0.1
,,,,,166999,3839.0474,1000,,,,,,,,
,,,,,167000,,,-400.4354248046875,-2.24257230758667,1.636940836906433,399.5686340332031,399.43096923828125,0.0003,0.0003,0.1
,,,,,167999,4087.7393,1000,,,,,,,,
,,,,,168000,,,-400.23828125,-2.5290513038635254,0.6913337111473083,399.3623962402344,399.3913879394531,0.0003,0.0003,0.1
,,,,,168999,4120.7153,1000,,,,,,,,
,,,,,169000,,,-405.18914794921875,-2.4648146629333496,1.2205384969711304,404.577880859375,404.414306640625,0.0003,0.0003,0.1
,,,,,169999,4151.8696,1000,,,,,,,,
3915.3276,260.24554,4053.074,3144.1094,1000.0,170000,,,-402.2979736328125,-2.316856622695923,1.2242720127105713,401.73876953125,401.7811279296875,0.0003,0.0003,0.1
,,,,,170999,3970.1921,1000,,,,,,,,
,,,,,171000,,,-400.728759765625,-2.034275770187378,1.0497280359268188,399.85302734375,400.0562438964844,0.0003,0.0003,0.1
,,,,,171999,4149.033,1000,,,,,,,,
,,,,,172000,,,-398.104248046875,-2.2715351581573486,0.9957700371742249,397.1776123046875,397.23638916015625,0.0003,0.0003,0.1
,,,,,172999,4117.897,1000,,,,,,,,
,,,,,173000,,,-405.9630126953125,-2.1651787757873535,1.1108746528625488,405.3058166503906,405.20233154296875,0.0003,0.0003,0.1
,,,,,173999,4096.4727,1000,,,,,,,,
,,,,,174000,,,-403.37286376953125,-2.0137290954589844,1.1286174058914185,402.3323669433594,402.52301025390625,0.0003,0.0003,0.1
,,,,,174999,4013.9004,1000,,,,,,,,
3974.7808,88.83189,4116.37,3796.8447,1000.0,175000,,,-404.6773681640625,-2.41066312789917,0.8996672630310059,403.98394775390625,403.8964538574219,0.0003,0.0003,0.1
,,,,,175999,4044.381,1000,,,,,,,,
,,,,,176000,,,-406.1512756347656,-2.0225396156311035,0.6727769374847412,405.4884033203125,405.511962890625,0.0003,0.0003,0.1
,,,,,176999,4095.0017,1000,,,,,,,,
,,,,,177000,,,-406.4349365234375,-2.2816319465637207,1.0009891986846924,405.66192626953125,405.67498779296875,0.0003,0.0003,0.1
,,,,,177999,4101.716,1000,,,,,,,,
,,,,,178000,,,-407.5770568847656,-1.804013967514038,1.1198744773864746,406.8133239746094,406.9903869628906,0.0003,0.0003,0.1
,,,,,178999,4156.1665,1000,,,,,,,,
,,,,,179000,,,-407.7226257324219,-2.400662422180176,0.8684509992599487,407.0581359863281,407.17755126953125,0.0003,0.0003,0.1
,,,,,179999,4123.629,1000,,,,,,,,
4095.375,17.795753,4119.009,4060.6787,1000.0,180000,,,-405.9552001953125,-2.2354729175567627,1.091320514678955,405.4306945800781,405.350830078125,0.0003,0.0003,0.1
,,,,,180999,4092.1672,1000,,,,,,,,
,,,,,181000,,,-406.57257080078125,-2.2306554317474365,0.7358278036117554,405.85107421875,405.891845703125,0.0003,0.0003,0.1
,,,,,181999,4080.3132,1000,,,,,,,,
,,,,,182000,,,-407.7508850097656,-2.165416717529297,0.8138532638549805,407.0082092285156,407.0223388671875,0.0003,0.0003,0.1
,,,,,182999,4057.8064,1000,,,,,,,,
,,,,,183000,,,-409.09564208984375,-2.255359649658203,0.9035647511482239,408.3963623046875,408.50244140625,0.0003,0.0003,0.1
,,,,,183999,4200.495,1000,,,,,,,,
,,,,,184000,,,-407.1571044921875,-2.173307180404663,1.0375537872314453,406.3390808105469,406.349609375,0.0003,0.0003,0.1
,,,,,184999,3859.7888,1000,,,,,,,,
3868.5044,672.64703,4155.7466,1858.8723,1000.0,185000,,,-411.49639892578125,-2.428985595703125,0.8311523795127869,410.750244140625,410.80364990234375,0.0003,0.0003,0.1
,,,,,185999,4028.1252,1000,,,,,,,,
,,,,,186000,,,-410.849609375,-2.1882269382476807,1.088038682937622,410.30853271484375,410.2566223144531,0.0003,0.0003,0.1
,,,,,186999,4135.79,1000,,,,,,,,
,,,,,187000,,,-410.0625,-2.324227809906006,0.9926704168319702,409.39495849609375,409.32794189453125,0.0003,0.0003,0.1
,,,,,187999,4075.9258,1000,,,,,,,,
,,,,,188000,,,-410.98187255859375,-2.1529481410980225,0.9903895258903503,410.3385925292969,410.43658447265625,0.0003,0.0003,0.1
,,,,,188999,4125.395,1000,,,,,,,,
,,,,,189000,,,-412.1226806640625,-2.1768531799316406,0.9177509546279907,411.5208740234375,411.417724609375,0.0003,0.0003,0.1
,,,,,189999,4133.373,1000,,,,,,,,
4115.4634,53.80356,4171.7695,4013.9531,1000.0,190000,,,-407.7574462890625,-2.444918155670166,0.7986748814582825,406.88555908203125,406.84454345703125,0.0003,0.0003,0.1
,,,,,190999,4170.434,1000,,,,,,,,
,,,,,191000,,,-414.0535888671875,-1.9504814147949219,0.5824002027511597,413.4264221191406,413.43603515625,0.0003,0.0003,0.1
,,,,,191999,3994.618,1000,,,,,,,,
,,,,,192000,,,-414.6769714355469,-2.1746559143066406,0.8271874785423279,414.17364501953125,414.1968994140625,0.0003,0.0003,0.1
,,,,,192999,3579.8928,1000,,,,,,,,
,,,,,193000,,,-412.93212890625,-2.0402891635894775,1.2811579704284668,412.3124084472656,412.3132629394531,0.0003,0.0003,0.1
,,,,,193999,4071.6482,1000,,,,,,,,
,,,,,194000,,,-415.05157470703125,-2.2883224487304688,1.0777802467346191,414.45611572265625,414.27825927734375,0.0003,0.0003,0.1
,,,,,194999,4098.1772,1000,,,,,,,,
4122.3853,37.233128,4158.5366,4055.922,1000.0,195000,,,-415.2289123535156,-1.8676730394363403,0.779969334602356,414.672607421875,414.78692626953125,0.0003,0.0003,0.1
,,,,,195999,4160.3228,1000,,,,,,,,
,,,,,196000,,,-413.4673156738281,-2.3245840072631836,0.7689486742019653,412.86395263671875,412.9064636230469,0.0003,0.0003,0.1
,,,,,196999,4115.5854,1000,,,,,,,,
,,,,,197000,,,-413.9793701171875,-1.99970281124115,0.8127511739730835,413.3741760253906,413.2763671875,0.0003,0.0003,0.1
,,,,,197999,4120.127,1000,,,,,,,,
,,,,,198000,,,-413.34765625,-2.0707287788391113,0.7921057939529419,412.8162841796875,412.7510070800781,0.0003,0.0003,0.1
,,,,,198999,4182.365,1000,,,,,,,,
,,,,,199000,,,-415.7984619140625,-2.2219901084899902,0.8484654426574707,414.9378967285156,415.04949951171875,0.0003,0.0003,0.1
,,,,,199999,4136.017,1000,,,,,,,,
4182.626,32.154465,4240.128,4120.5464,1000.0,200000,,,-414.45660400390625,-2.5503692626953125,0.6912057399749756,413.7857666015625,413.697509765625,0.0003,0.0003,0.1
,,,,,200999,1908.5934,1000,,,,,,,,
,,,,,201000,,,-411.96234130859375,-2.2336771488189697,0.9938433170318604,411.1447448730469,411.1356201171875,0.0003,0.0003,0.1
,,,,,201999,4170.1416,1000,,,,,,,,
,,,,,202000,,,-414.5980224609375,-1.7085001468658447,0.9573404788970947,413.94158935546875,414.04974365234375,0.0003,0.0003,0.1
,,,,,202999,4145.9546,1000,,,,,,,,
,,,,,203000,,,-414.33343505859375,-1.9497463703155518,0.8866076469421387,413.9525146484375,413.7918395996094,0.0003,0.0003,0.1
,,,,,203999,4170.6484,1000,,,,,,,,
,,,,,204000,,,-412.79791259765625,-2.126843214035034,1.0717271566390991,412.1756591796875,411.9839172363281,0.0003,0.0003,0.1
,,,,,204999,4041.0693,1000,,,,,,,,
4122.8394,75.05782,4175.021,3904.2314,1000.0,205000,,,-413.8669738769531,-2.10123348236084,0.9364564418792725,413.3604736328125,413.45220947265625,0.0003,0.0003,0.1
,,,,,205999,4116.498,1000,,,,,,,,
,,,,,206000,,,-411.55572509765625,-1.736025094985962,0.9882766008377075,410.971435546875,410.97637939453125,0.0003,0.0003,0.1
,,,,,206999,4167.36,1000,,,,,,,,
,,,,,207000,,,-417.03485107421875,-1.9280601739883423,1.0791171789169312,416.5720520019531,416.3992004394531,0.0003,0.0003,0.1
,,,,,207999,4149.835,1000,,,,,,,,
,,,,,208000,,,-414.72637939453125,-2.2535293102264404,1.063509225845337,414.14208984375,413.9254150390625,0.0003,0.0003,0.1
,,,,,208999,4137.4526,1000,,,,,,,,
,,,,,209000,,,-416.24053955078125,-2.1371519565582275,0.997283399105072,415.6980895996094,415.7044982910156,0.0003,0.0003,0.1
,,,,,209999,4185.771,1000,,,,,,,,
4175.4185,30.245361,4215.9385,4119.345,1000.0,210000,,,-416.5518493652344,-1.8496730327606201,0.7397617101669312,415.98138427734375,415.96844482421875,0.0003,0.0003,0.1
,,,,,210999,4103.9355,1000,,,,,,,,
,,,,,211000,,,-416.01702880859375,-2.0005898475646973,0.9101223945617676,415.39501953125,415.34942626953125,0.0003,0.0003,0.1
,,,,,211999,4225.5903,1000,,,,,,,,
,,,,,212000,,,-415.73858642578125,-1.881032943725586,0.9133597612380981,415.1726989746094,415.20367431640625,0.0003,0.0003,0.1
,,,,,212999,4189.0044,1000,,,,,,,,
,,,,,213000,,,-417.4548645019531,-2.1867048740386963,0.8823145031929016,416.79656982421875,416.7447814941406,0.0003,0.0003,0.1
,,,,,213999,4236.8154,1000,,,,,,,,
,,,,,214000,,,-418.307373046875,-2.3511812686920166,0.9865645170211792,417.6912841796875,417.79827880859375,0.0003,0.0003,0.1
,,,,,214999,4240.6597,1000,,,,,,,,
4296.6562,39.818882,4348.212,4228.5093,1000.0,215000,,,-417.34722900390625,-2.2268776893615723,0.7075720429420471,416.6606140136719,416.72491455078125,0.0003,0.0003,0.1
,,,,,215999,4146.0796,1000,,,,,,,,
,,,,,216000,,,-417.9833984375,-2.4444632530212402,1.0941153764724731,417.267333984375,417.19580078125,0.0003,0.0003,0.1
,,,,,216999,4179.8,1000,,,,,,,,
,,,,,217000,,,-417.18695068359375,-2.255286931991577,0.9838564395904541,416.4393005371094,416.3410949707031,0.0003,0.0003,0.1
,,,,,217999,4172.271,1000,,,,,,,,
,,,,,218000,,,-417.2238464355469,-1.5664567947387695,1.0040252208709717,416.34765625,416.6576232910156,0.0003,0.0003,0.1
,,,,,218999,4246.1396,1000,,,,,,,,
,,,,,219000,,,-419.5863342285156,-1.4508721828460693,0.8072651028633118,419.068115234375,418.93829345703125,0.0003,0.0003,0.1
,,,,,219999,4158.15,1000,,,,,,,,
4182.9854,47.01235,4244.369,4070.785,1000.0,220000,,,-421.53143310546875,-2.0764894485473633,0.7527291774749756,420.929443359375,420.95892333984375,0.0003,0.0003,0.1
,,,,,220999,4264.7124,1000,,,,,,,,
,,,,,221000,,,-418.5486755371094,-2.1329734325408936,1.0536367893218994,417.88702392578125,417.88275146484375,0.0003,0.0003,0.1
,,,,,221999,4223.8335,1000,,,,,,,,
,,,,,222000,,,-422.2100830078125,-1.8500465154647827,0.9612242579460144,421.7143249511719,421.672607421875,0.0003,0.0003,0.1
,,,,,222999,4200.6816,1000,,,,,,,,
,,,,,223000,,,-423.54193115234375,-2.149116277694702,0.8067035675048828,422.98626708984375,423.00543212890625,0.0003,0.0003,0.1
,,,,,223999,4172.362,1000,,,,,,,,
,,,,,224000,,,-419.4024963378906,-1.9752683639526367,0.9764512777328491,418.7256164550781,418.7010498046875,0.0003,0.0003,0.1
,,,,,224999,4235.215,1000,,,,,,,,
4232.611,41.03082,4288.3213,4169.4067,1000.0,225000,,,-420.5498352050781,-2.206007242202759,0.8097046613693237,419.92822265625,419.94024658203125,0.0003,0.0003,0.1
,,,,,225999,4234.0737,1000,,,,,,,,
,,,,,226000,,,-421.97991943359375,-2.0322265625,0.9413059949874878,421.4053955078125,421.36065673828125,0.0003,0.0003,0.1
,,,,,226999,3643.9087,1000,,,,,,,,
,,,,,227000,,,-419.9085388183594,-2.1856813430786133,1.2863001823425293,419.391357421875,419.343994140625,0.0003,0.0003,0.1
,,,,,227999,4255.0063,1000,,,,,,,,
,,,,,228000,,,-423.0336608886719,-1.8383561372756958,0.7710131406784058,422.38665771484375,422.44134521484375,0.0003,0.0003,0.1
,,,,,228999,4133.2827,1000,,,,,,,,
,,,,,229000,,,-424.7530517578125,-2.0793309211730957,0.6948692202568054,424.15093994140625,424.0918884277344,0.0003,0.0003,0.1
,,,,,229999,4140.2764,1000,,,,,,,,
4132.6885,139.24591,4238.552,3815.944,1000.0,230000,,,-422.64825439453125,-2.0842478275299072,0.9599501490592957,421.97412109375,421.87432861328125,0.0003,0.0003,0.1
,,,,,230999,4184.433,1000,,,,,,,,
,,,,,231000,,,-422.90606689453125,-2.2167139053344727,1.3041199445724487,422.51190185546875,422.4613037109375,0.0003,0.0003,0.1
,,,,,231999,4257.626,1000,,,,,,,,
,,,,,232000,,,-425.2695007324219,-2.0436878204345703,0.8405181765556335,424.8043212890625,424.7275695800781,0.0003,0.0003,0.1
,,,,,232999,4231.667,1000,,,,,,,,
,,,,,233000,,,-423.5891418457031,-1.8995537757873535,0.7014886140823364,422.98455810546875,422.9498291015625,0.0003,0.0003,0.1
,,,,,233999,4286.7427,1000,,,,,,,,
,,,,,234000,,,-424.9073181152344,-1.9757353067398071,1.0434123277664185,424.427490234375,424.49267578125,0.0003,0.0003,0.1
,,,,,234999,4039.3772,1000,,,,,,,,
4311.758,35.55671,4355.0454,4256.269,1000.0,235000,,,-421.6084289550781,-2.4067811965942383,1.1971285343170166,421.1055603027344,421.18701171875,0.0003,0.0003,0.1
,,,,,235999,4237.9053,1000,,,,,,,,
,,,,,236000,,,-423.9596862792969,-1.7770144939422607,0.6652563214302063,423.40863037109375,423.4037170410156,0.0003,0.0003,0.1
,,,,,236999,4202.8887,1000,,,,,,,,
,,,,,237000,,,-425.83587646484375,-2.0558276176452637,0.5816110968589783,425.2130126953125,425.231201171875,0.0003,0.0003,0.1
,,,,,237999,4295.752,1000,,,,,,,,
,,,,,238000,,,-426.9454345703125,-2.2186312675476074,0.7981396913528442,426.4764404296875,426.399169921875,0.0003,0.0003,0.1
,,,,,238999,4202.337,1000,,,,,,,,
,,,,,239000,,,-423.25921630859375,-2.1563210487365723,0.8135130405426025,422.693115234375,422.66644287109375,0.0003,0.0003,0.1
,,,,,239999,4225.7944,1000,,,,,,,,
4295.722,40.66702,4341.097,4196.4937,1000.0,240000,,,-424.35601806640625,-1.9492454528808594,0.7897388339042664,423.8416748046875,423.8710021972656,0.0003,0.0003,0.1
,,,,,240999,4250.9453,1000,,,,,,,,
,,,,,241000,,,-426.48095703125,-2.3664638996124268,0.870909571647644,426.0793151855469,426.0608215332031,0.0003,0.0003,0.1
,,,,,241999,4253.4204,1000,,,,,,,,
,,,,,242000,,,-427.1492004394531,-2.1607506275177,1.0659338235855103,426.62811279296875,426.46282958984375,0.0003,0.0003,0.1
,,,,,242999,4269.2803,1000,,,,,,,,
,,,,,243000,,,-427.281494140625,-2.086336612701416,0.6922638416290283,426.6670837402344,426.62481689453125,0.0003,0.0003,0.1
,,,,,243999,4252.105,1000,,,,,,,,
,,,,,244000,,,-427.1611022949219,-2.162370204925537,0.9457692503929138,426.5416259765625,426.5133056640625,0.0003,0.0003,0.1
,,,,,244999,4203.158,1000,,,,,,,,
4270.1343,30.01049,4312.3315,4218.2363,1000.0,245000,,,-425.31207275390625,-2.0547122955322266,0.866020917892456,425.0001220703125,424.9591064453125,0.0003,0.0003,0.1
,,,,,245999,4254.4473,1000,,,,,,,,
,,,,,246000,,,-429.41192626953125,-1.7194316387176514,0.8608973026275635,428.9793395996094,428.80975341796875,0.0003,0.0003,0.1
,,,,,246999,4235.696,1000,,,,,,,,
,,,,,247000,,,-429.32086181640625,-1.8904778957366943,0.7176817655563354,428.9020690917969,428.9015808105469,0.0003,0.0003,0.1
,,,,,247999,4174.8916,1000,,,,,,,,
,,,,,248000,,,-428.80767822265625,-2.2934327125549316,0.8760623931884766,428.0477294921875,428.1124267578125,0.0003,0.0003,0.1
,,,,,248999,4304.3164,1000,,,,,,,,
,,,,,249000,,,-425.495849609375,-1.996830940246582,0.818627119064331,425.0982666015625,425.21136474609375,0.0003,0.0003,0.1
,,,,,249999,4356.616,1000,,,,,,,,
4297.6587,42.407112,4348.405,4194.8022,1000.0,250000,,,-428.82427978515625,-1.833319902420044,1.0440330505371094,428.2489929199219,428.15643310546875,0.0003,0.0003,0.1
,,,,,250999,3596.258,1000,,,,,,,,
,,,,,251000,,,-425.6072998046875,-2.0593128204345703,0.7310158014297485,424.9969482421875,424.99420166015625,0.0003,0.0003,0.1
,,,,,251999,4323.2876,1000,,,,,,,,
,,,,,252000,,,-428.19580078125,-2.281754970550537,0.9146661758422852,427.54376220703125,427.619384765625,0.0003,0.0003,0.1
,,,,,252999,4278.0933,1000,,,,,,,,
,,,,,253000,,,-431.4901123046875,-2.1166610717773438,0.7174700498580933,430.9379577636719,430.97283935546875,0.0003,0.0003,0.1
,,,,,253999,4277.5747,1000,,,,,,,,
,,,,,254000,,,-428.3343811035156,-2.2822818756103516,0.9976341128349304,427.87847900390625,427.7198486328125,0.0003,0.0003,0.1
,,,,,254999,4284.66,1000,,,,,,,,
4229.1455,40.881718,4290.3604,4142.822,1000.0,255000,,,-428.0625305175781,-1.9881962537765503,0.8880147933959961,427.44171142578125,427.6170959472656,0.0003,0.0003,0.1
,,,,,255999,4299.9785,1000,,,,,,,,
,,,,,256000,,,-432.38873291015625,-2.4050278663635254,0.8147326707839966,431.8790283203125,431.981689453125,0.0003,0.0003,0.1
,,,,,256999,4239.9585,1000,,,,,,,,
,,,,,257000,,,-429.05828857421875,-2.281445026397705,1.1221565008163452,428.477294921875,428.59820556640625,0.0003,0.0003,0.1
,,,,,257999,4184.1997,1000,,,,,,,,
,,,,,258000,,,-431.03009033203125,-2.033106565475464,0.6722164154052734,430.51080322265625,430.4709167480469,0.0003,0.0003,0.1
,,,,,258999,4291.632,1000,,,,,,,,
,,,,,259000,,,-430.0391845703125,-2.4445507526397705,0.8479565978050232,429.52606201171875,429.486328125,0.0003,0.0003,0.1
,,,,,259999,4252.532,1000,,,,,,,,
4052.3196,295.1367,4279.945,3448.154,1000.0,260000,,,-430.3554992675781,-2.229259967803955,0.9337865710258484,429.8272705078125,429.94708251953125,0.0003,0.0003,0.1
,,,,,260999,4264.8203,1000,,,,,,,,
,,,,,261000,,,-431.27288818359375,-2.111422300338745,0.7030680775642395,430.8236083984375,430.8812561035156,0.0003,0.0003,0.1
,,,,,261999,4300.3945,1000,,,,,,,,
,,,,,262000,,,-431.3372497558594,-2.1778149604797363,0.8592557907104492,430.7955322265625,430.76666259765625,0.0003,0.0003,0.1
,,,,,262999,4329.269,1000,,,,,,,,
,,,,,263000,,,-431.72540283203125,-1.8941280841827393,0.8651421070098877,431.25299072265625,431.1402587890625,0.0003,0.0003,0.1
,,,,,263999,4339.4746,1000,,,,,,,,
,,,,,264000,,,-432.06683349609375,-2.3643767833709717,0.8333842754364014,431.8390808105469,431.8597412109375,0.0003,0.0003,0.1
,,,,,264999,4351.459,1000,,,,,,,,
4311.959,220.45108,4427.8647,3654.4749,1000.0,265000,,,-432.4158020019531,-2.3338966369628906,1.0537712574005127,431.7137756347656,431.7438659667969,0.0003,0.0003,0.1
,,,,,265999,4138.2695,1000,,,,,,,,
,,,,,266000,,,-432.3345031738281,-2.0403168201446533,0.8310834169387817,431.88916015625,431.8875427246094,0.0003,0.0003,0.1
,,,,,266999,4254.312,1000,,,,,,,,
,,,,,267000,,,-433.6524658203125,-2.389336585998535,0.6538132429122925,433.1471862792969,433.11297607421875,0.0003,0.0003,0.1
,,,,,267999,4332.2656,1000,,,,,,,,
,,,,,268000,,,-431.166259765625,-2.6420774459838867,1.1569647789001465,430.57177734375,430.44183349609375,0.0003,0.0003,0.1
,,,,,268999,4313.264,1000,,,,,,,,
,,,,,269000,,,-435.53656005859375,-2.03841495513916,0.8539438247680664,435.14910888671875,435.0400695800781,0.0003,0.0003,0.1
,,,,,269999,4312.8354,1000,,,,,,,,
4283.958,65.970856,4336.5176,4102.5024,1000.0,270000,,,-435.762451171875,-2.070329189300537,1.018888235092163,435.20703125,435.25897216796875,0.0003,0.0003,0.1
,,,,,270999,1490.7551,1000,,,,,,,,
,,,,,271000,,,-433.4432373046875,-2.101266622543335,1.2296875715255737,433.006103515625,432.8484191894531,0.0003,0.0003,0.1
,,,,,271999,4302.537,1000,,,,,,,,
,,,,,272000,,,-434.8922119140625,-2.1224303245544434,0.8424358367919922,434.4171447753906,434.618896484375,0.0003,0.0003,0.1
,,,,,272999,4297.818,1000,,,,,,,,
,,,,,273000,,,-433.2095947265625,-2.3592658042907715,0.9033374786376953,432.73876953125,432.765869140625,0.0003,0.0003,0.1
,,,,,273999,4332.287,1000,,,,,,,,
,,,,,274000,,,-434.94622802734375,-2.1809115409851074,0.8688665628433228,434.59228515625,434.59002685546875,0.0003,0.0003,0.1
,,,,,274999,4170.211,1000,,,,,,,,
4255.064,89.35115,4339.217,4069.3635,1000.0,275000,,,-433.7187194824219,-1.960259199142456,0.9369900226593018,433.24688720703125,433.3115234375,0.0003,0.0003,0.1
,,,,,275999,4361.7466,1000,,,,,,,,
,,,,,276000,,,-433.9942321777344,-2.0395593643188477,0.9851385354995728,433.42547607421875,433.279541015625,0.0003,0.0003,0.1
,,,,,276999,4011.637,1000,,,,,,,,
,,,,,277000,,,-436.37420654296875,-2.1906657218933105,0.629031777381897,436.06414794921875,435.9822998046875,0.0003,0.0003,0.1
,,,,,277999,4178.037,1000,,,,,,,,
,,,,,278000,,,-433.65521240234375,-2.098323345184326,1.1132020950317383,433.2093505859375,433.2720947265625,0.0003,0.0003,0.1
,,,,,278999,4321.302,1000,,,,,,,,
,,,,,279000,,,-434.5691833496094,-2.1817026138305664,0.8700969219207764,434.16021728515625,434.2919921875,0.0003,0.0003,0.1
,,,,,279999,4312.4736,1000,,,,,,,,
4239.136,242.92944,4369.0117,3515.5862,1000.0,280000,,,-432.2124938964844,-2.310800552368164,1.2008423805236816,431.419921875,431.52386474609375,0.0003,0.0003,0.1
,,,,,280999,4341.4644,1000,,,,,,,,
,,,,,281000,,,-435.2428894042969,-2.1971852779388428,0.9145828485488892,434.6898193359375,434.81500244140625,0.0003,0.0003,0.1
,,,,,281999,4342.1396,1000,,,,,,,,
,,,,,282000,,,-433.7352600097656,-2.3904967308044434,0.8532626628875732,433.05615234375,432.9674072265625,0.0003,0.0003,0.1
,,,,,282999,4377.67,1000,,,,,,,,
,,,,,283000,,,-434.0009765625,-2.182605504989624,1.386983036994934,433.3516540527344,433.4648742675781,0.0003,0.0003,0.1
,,,,,283999,4324.85,1000,,,,,,,,
,,,,,284000,,,-433.2668151855469,-2.0010881423950195,0.7597700953483582,432.75030517578125,432.84033203125,0.0003,0.0003,0.1
,,,,,284999,4234.657,1000,,,,,,,,
4189.8506,301.33878,4360.0674,3303.3477,1000.0,285000,,,-437.90850830078125,-2.107433795928955,0.8893986344337463,437.34234619140625,437.3933410644531,0.0003,0.0003,0.1
,,,,,285999,4397.2144,1000,,,,,,,,
,,,,,286000,,,-434.3514709472656,-2.080730438232422,0.6963762044906616,433.79034423828125,433.81585693359375,0.0003,0.0003,0.1
,,,,,286999,4379.4785,1000,,,,,,,,
,,,,,287000,,,-437.8057861328125,-1.9083728790283203,0.8224530220031738,437.40411376953125,437.3035888671875,0.0003,0.0003,0.1
,,,,,287999,4364.6353,1000,,,,,,,,
,,,,,288000,,,-437.1357421875,-2.226410388946533,0.7768669128417969,436.69586181640625,436.580322265625,0.0003,0.0003,0.1
,,,,,288999,4342.5664,1000,,,,,,,,
,,,,,289000,,,-438.2398986816406,-1.9166817665100098,0.8333045244216919,437.81951904296875,437.78643798828125,0.0003,0.0003,0.1
,,,,,289999,4364.306,1000,,,,,,,,
4352.3716,58.712376,4442.176,4243.1333,1000.0,290000,,,-436.5885314941406,-2.399502754211426,0.6476329565048218,436.2708740234375,436.22412109375,0.0003,0.0003,0.1
,,,,,290999,4315.37,1000,,,,,,,,
,,,,,291000,,,-437.79644775390625,-2.0061309337615967,0.9077579975128174,437.295166015625,437.24334716796875,0.0003,0.0003,0.1
,,,,,291999,4405.963,1000,,,,,,,,
,,,,,292000,,,-437.9579772949219,-2.092029094696045,0.7932047247886658,437.52960205078125,437.608642578125,0.0003,0.0003,0.1
,,,,,292999,4345.6973,1000,,,,,,,,
,,,,,293000,,,-436.8304443359375,-2.1827449798583984,0.7698302268981934,436.27301025390625,436.4739990234375,0.0003,0.0003,0.1
,,,,,293999,4373.9883,1000,,,,,,,,
,,,,,294000,,,-437.38641357421875,-2.526299476623535,1.7215626239776611,436.736572265625,436.61907958984375,0.0003,0.0003,0.1
,,,,,294999,4448.829,1000,,,,,,,,
4199.421,367.45956,4386.528,3102.6892,1000.0,295000,,,-435.9422607421875,-2.5375614166259766,0.9735327363014221,435.46258544921875,435.4151306152344,0.0003,0.0003,0.1
,,,,,295999,4418.5034,1000,,,,,,,,
,,,,,296000,,,-439.2709655761719,-2.234699010848999,1.5744528770446777,438.7758483886719,438.90472412109375,0.0003,0.0003,0.1
,,,,,296999,4294.9263,1000,,,,,,,,
,,,,,297000,,,-440.64129638671875,-1.6902105808258057,0.7717380523681641,440.2099304199219,440.07855224609375,0.0003,0.0003,0.1
,,,,,297999,4472.794,1000,,,,,,,,
,,,,,298000,,,-438.77325439453125,-1.9735922813415527,0.8673332929611206,438.26654052734375,438.2728271484375,0.0003,0.0003,0.1
,,,,,298999,4369.2725,1000,,,,,,,,
,,,,,299000,,,-443.13311767578125,-2.306591510772705,0.9046601057052612,442.645263671875,442.7663269042969,0.0003,0.0003,0.1
,,,,,299999,4212.6016,1000,,,,,,,,
4346.0747,293.7097,4505.2812,3484.9993,1000.0,300000,,,-438.57965087890625,-2.0073390007019043,0.7225220203399658,438.03173828125,438.15423583984375,0.0003,0.0003,0.1
,,,,,300999,848.3924,1000,,,,,,,,
,,,,,301000,,,-436.3462829589844,-2.3463187217712402,1.6002037525177002,435.8602600097656,435.8346252441406,0.0003,0.0003,0.1
,,,,,301999,4340.77,1000,,,,,,,,
,,,,,302000,,,-441.24298095703125,-1.7559634447097778,0.9466657042503357,440.74261474609375,440.86004638671875,0.0003,0.0003,0.1
,,,,,302999,4383.7036,1000,,,,,,,,
,,,,,303000,,,-441.79345703125,-1.9389729499816895,0.9574190378189087,441.3560485839844,441.4833984375,0.0003,0.0003,0.1
,,,,,303999,4383.91,1000,,,,,,,,
,,,,,304000,,,-441.84576416015625,-2.0271925926208496,0.8238555192947388,441.3851318359375,441.4659118652344,0.0003,0.0003,0.1
,,,,,304999,4435.3574,1000,,,,,,,,
4072.7004,553.34106,4383.6313,2732.9797,1000.0,305000,,,-439.2171630859375,-2.127314567565918,1.018705129623413,438.7659912109375,438.86395263671875,0.0003,0.0003,0.1
,,,,,305999,4276.67,1000,,,,,,,,
,,,,,306000,,,-437.9485778808594,-1.7560452222824097,2.6480047702789307,437.4884338378906,437.5538330078125,0.0003,0.0003,0.1
,,,,,306999,4361.0264,1000,,,,,,,,
,,,,,307000,,,-439.42529296875,-2.494542121887207,1.3467296361923218,438.7313232421875,438.84967041015625,0.0003,0.0003,0.1
,,,,,307999,4376.003,1000,,,,,,,,
,,,,,308000,,,-441.99432373046875,-2.2631924152374268,1.080910086631775,441.49664306640625,441.50213623046875,0.0003,0.0003,0.1
,,,,,308999,4418.225,1000,,,,,,,,
,,,,,309000,,,-445.3420104980469,-1.9351935386657715,0.7801550626754761,444.9343566894531,445.03753662109375,0.0003,0.0003,0.1
,,,,,309999,4301.445,1000,,,,,,,,
4409.0474,35.095844,4475.5903,4350.169,1000.0,310000,,,-442.5158386230469,-2.0695862770080566,1.0311492681503296,442.0173645019531,441.9487609863281,0.0003,0.0003,0.1
,,,,,310999,4423.4097,1000,,,,,,,,
,,,,,311000,,,-441.3457946777344,-2.2585225105285645,1.0513030290603638,440.68817138671875,440.6126403808594,0.0003,0.0003,0.1
,,,,,311999,4419.085,1000,,,,,,,,
,,,,,312000,,,-441.11370849609375,-1.7984507083892822,0.7971013784408569,440.7213134765625,440.5935363769531,0.0003,0.0003,0.1
,,,,,312999,4477.7114,1000,,,,,,,,
,,,,,313000,,,-444.3284606933594,-1.6092301607131958,1.4888269901275635,443.9510498046875,443.8709411621094,0.0003,0.0003,0.1
,,,,,313999,4450.028,1000,,,,,,,,
,,,,,314000,,,-443.12811279296875,-2.2177295684814453,1.068976879119873,442.6161804199219,442.6353759765625,0.0003,0.0003,0.1
,,,,,314999,4416.6885,1000,,,,,,,,
4405.641,25.887367,4457.027,4377.735,1000.0,315000,,,-443.086181640625,-2.3287951946258545,1.1401352882385254,442.462890625,442.5119934082031,0.0003,0.0003,0.1
,,,,,315999,4452.7036,1000,,,,,,,,
,,,,,316000,,,-441.96044921875,-2.3305869102478027,1.054071068763733,441.35894775390625,441.3387145996094,0.0003,0.0003,0.1
,,,,,316999,4404.0146,1000,,,,,,,,
,,,,,317000,,,-443.49407958984375,-2.2129013538360596,1.2950773239135742,443.05682373046875,443.0076599121094,0.0003,0.0003,0.1
,,,,,317999,4428.5933,1000,,,,,,,,
,,,,,318000,,,-442.933837890625,-2.064244270324707,1.0403344631195068,442.351806640625,442.5071105957031,0.0003,0.0003,0.1
,,,,,318999,4486.837,1000,,,,,,,,
,,,,,319000,,,-444.03948974609375,-2.3077189922332764,1.9002327919006348,443.5262145996094,443.5257873535156,0.0003,0.0003,0.1
,,,,,319999,4404.4185,1000,,,,,,,,
4412.0244,36.439507,4459.465,4366.132,1000.0,320000,,,-445.24462890625,-2.077568531036377,0.7180345058441162,444.75872802734375,444.8182678222656,0.0003,0.0003,0.1
,,,,,320999,4448.613,1000,,,,,,,,
,,,,,321000,,,-444.05010986328125,-2.1131348609924316,1.037707805633545,443.65234375,443.67999267578125,0.0003,0.0003,0.1
,,,,,321999,4448.816,1000,,,,,,,,
,,,,,322000,,,-447.53857421875,-2.3691091537475586,1.0626306533813477,447.28106689453125,447.21881103515625,0.0003,0.0003,0.1
,,,,,322999,4503.345,1000,,,,,,,,
,,,,,323000,,,-444.3218688964844,-2.136967658996582,1.0548750162124634,443.50799560546875,443.5015563964844,0.0003,0.0003,0.1
,,,,,323999,4462.5376,1000,,,,,,,,
,,,,,324000,,,-445.37457275390625,-2.1547861099243164,0.9891793727874756,445.04742431640625,444.9743347167969,0.0003,0.0003,0.1
,,,,,324999,4433.901,1000,,,,,,,,
4326.3857,300.35992,4487.5483,3451.158,1000.0,325000,,,-445.21142578125,-2.0893630981445312,1.0504894256591797,444.6768798828125,444.46295166015625,0.0003,0.0003,0.1
,,,,,325999,4502.6265,1000,,,,,,,,
,,,,,326000,,,-445.19677734375,-2.1504621505737305,0.8514357805252075,444.7491760253906,444.7235107421875,0.0003,0.0003,0.1
,,,,,326999,4428.687,1000,,,,,,,,
,,,,,327000,,,-446.844482421875,-2.4926648139953613,0.6880905628204346,446.36700439453125,446.43914794921875,0.0003,0.0003,0.1
,,,,,327999,4435.75,1000,,,,,,,,
,,,,,328000,,,-447.9188232421875,-2.158997058868408,0.8702715039253235,447.48248291015625,447.6514892578125,0.0003,0.0003,0.1
,,,,,328999,4478.5493,1000,,,,,,,,
,,,,,329000,,,-447.2750244140625,-2.320720672607422,1.0465707778930664,446.6795349121094,446.69390869140625,0.0003,0.0003,0.1
,,,,,329999,4455.1157,1000,,,,,,,,
4468.5146,32.228607,4525.2114,4428.9463,1000.0,330000,,,-448.38775634765625,-1.9529825448989868,1.0368378162384033,447.83465576171875,447.8187255859375,0.0003,0.0003,0.1
,,,,,330999,4502.76,1000,,,,,,,,
,,,,,331000,,,-448.0707702636719,-1.9228794574737549,0.8704686164855957,447.5964050292969,447.4757385253906,0.0003,0.0003,0.1
,,,,,331999,4492.082,1000,,,,,,,,
,,,,,332000,,,-447.7851867675781,-2.260929584503174,0.8673771619796753,447.24432373046875,447.14935302734375,0.0003,0.0003,0.1
,,,,,332999,4393.4175,1000,,,,,,,,
,,,,,333000,,,-448.20428466796875,-1.8488883972167969,0.9010721445083618,447.6995849609375,447.67340087890625,0.0003,0.0003,0.1
,,,,,333999,4412.5835,1000,,,,,,,,
,,,,,334000,,,-448.0533752441406,-2.115172863006592,0.831721305847168,447.4877624511719,447.62921142578125,0.0003,0.0003,0.1
,,,,,334999,4267.4854,1000,,,,,,,,
4439.1475,65.56399,4541.489,4350.896,1000.0,335000,,,-449.4599609375,-2.4100723266601562,1.3529777526855469,449.0333251953125,449.1941833496094,0.0003,0.0003,0.1
,,,,,335999,4474.9365,1000,,,,,,,,
,,,,,336000,,,-448.37664794921875,-2.0037622451782227,0.9998230338096619,448.09527587890625,448.03955078125,0.0003,0.0003,0.1
,,,,,336999,4478.4165,1000,,,,,,,,
,,,,,337000,,,-449.77105712890625,-2.1678452491760254,1.0214126110076904,449.30694580078125,449.3304138183594,0.0003,0.0003,0.1
,,,,,337999,4506.279,1000,,,,,,,,
,,,,,338000,,,-448.62811279296875,-2.434941053390503,0.9533374905586243,448.16607666015625,448.1531982421875,0.0003,0.0003,0.1
,,,,,338999,4456.6523,1000,,,,,,,,
,,,,,339000,,,-447.95880126953125,-2.21195125579834,1.0734920501708984,447.28912353515625,447.47100830078125,0.0003,0.0003,0.1
,,,,,339999,4457.2817,1000,,,,,,,,
4182.756,745.5655,4456.584,1947.6306,1000.0,340000,,,-450.98779296875,-1.991844654083252,0.9394611716270447,450.4638977050781,450.59588623046875,0.0003,0.0003,0.1
,,,,,340999,4430.6133,1000,,,,,,,,
,,,,,341000,,,-452.40472412109375,-2.1561994552612305,0.7642233371734619,452.1432189941406,452.1721496582031,0.0003,0.0003,0.1
,,,,,341999,4495.2676,1000,,,,,,,,
,,,,,342000,,,-450.316650390625,-2.2779033184051514,1.001298427581787,449.83038330078125,449.95611572265625,0.0003,0.0003,0.1
,,,,,342999,3874.0337,1000,,,,,,,,
,,,,,343000,,,-452.7606201171875,-2.590169668197632,0.7077382206916809,452.36785888671875,452.34149169921875,0.0003,0.0003,0.1
,,,,,343999,4556.379,1000,,,,,,,,
,,,,,344000,,,-452.0415344238281,-2.4698386192321777,0.9105454087257385,451.39007568359375,451.4883117675781,0.0003,0.0003,0.1
,,,,,344999,4563.6963,1000,,,,,,,,
4451.0283,215.8307,4593.9478,3810.4824,1000.0,345000,,,-451.9079284667969,-1.992294192314148,1.0115437507629395,451.41278076171875,451.498291015625,0.0003,0.0003,0.1
,,,,,345999,4420.9087,1000,,,,,,,,
,,,,,346000,,,-451.77362060546875,-2.4377307891845703,0.9754576683044434,451.2374572753906,451.2847900390625,0.0003,0.0003,0.1
,,,,,346999,4364.37,1000,,,,,,,,
,,,,,347000,,,-453.60137939453125,-1.9542207717895508,0.9497179985046387,453.14691162109375,453.38128662109375,0.0003,0.0003,0.1
,,,,,347999,4601.1904,1000,,,,,,,,
,,,,,348000,,,-452.39410400390625,-2.472846746444702,1.0426024198532104,451.8409423828125,451.619873046875,0.0003,0.0003,0.1
,,,,,348999,4521.5786,1000,,,,,,,,
,,,,,349000,,,-453.0453796386719,-2.072012424468994,0.7696341276168823,452.38153076171875,452.5794982910156,0.0003,0.0003,0.1
,,,,,349999,4449.151,1000,,,,,,,,
4525.7314,15.855014,4558.6323,4501.325,1000.0,350000,,,-451.21002197265625,-2.2357177734375,0.7629134058952332,450.8029479980469,450.8805236816406,0.0003,0.0003,0.1
,,,,,350999,4440.0957,1000,,,,,,,,
,,,,,351000,,,-452.7868957519531,-2.3843932151794434,1.0174812078475952,452.56170654296875,452.31719970703125,0.0003,0.0003,0.1
,,,,,351999,4384.787,1000,,,,,,,,
,,,,,352000,,,-452.12652587890625,-2.114809036254883,0.8840058445930481,451.48876953125,451.392578125,0.0003,0.0003,0.1
,,,,,352999,4467.6807,1000,,,,,,,,
,,,,,353000,,,-454.1444396972656,-2.0875465869903564,0.9086530208587646,453.69146728515625,453.56134033203125,0.0003,0.0003,0.1
,,,,,353999,4515.23,1000,,,,,,,,
,,,,,354000,,,-453.9573974609375,-2.076716661453247,1.5153559446334839,453.57598876953125,453.57275390625,0.0003,0.0003,0.1
,,,,,354999,4529.62,1000,,,,,,,,
4545.4497,34.090405,4597.0474,4471.217,1000.0,355000,,,-453.8388366699219,-2.0374324321746826,0.7573696970939636,453.31768798828125,453.369140625,0.0003,0.0003,0.1
,,,,,355999,4499.796,1000,,,,,,,,
,,,,,356000,,,-452.7423095703125,-2.2475132942199707,1.198845386505127,452.29229736328125,452.3421325683594,0.0003,0.0003,0.1
,,,,,356999,4519.3506,1000,,,,,,,,
,,,,,357000,,,-455.43280029296875,-1.5431885719299316,0.8227603435516357,455.12017822265625,455.093505859375,0.0003,0.0003,0.1
,,,,,357999,4511.999,1000,,,,,,,,
,,,,,358000,,,-453.9218444824219,-2.115293025970459,1.3216204643249512,453.28057861328125,453.30743408203125,0.0003,0.0003,0.1
,,,,,358999,4528.417,1000,,,,,,,,
,,,,,359000,,,-454.0245666503906,-2.314239978790283,1.0620554685592651,453.50048828125,453.49005126953125,0.0003,0.0003,0.1
,,,,,359999,4500.061,1000,,,,,,,,
4564.4136,34.93638,4617.955,4508.004,1000.0,360000,,,-453.15716552734375,-2.814545154571533,0.782607913017273,452.63714599609375,452.70574951171875,0.0003,0.0003,0.1
,,,,,360999,4530.2227,1000,,,,,,,,
,,,,,361000,,,-458.53289794921875,-2.180412769317627,0.8072036504745483,458.31158447265625,458.2175598144531,0.0003,0.0003,0.1
,,,,,361999,4522.8037,1000,,,,,,,,
,,,,,362000,,,-452.7950134277344,-2.026566743850708,1.0568180084228516,452.2117614746094,452.07421875,0.0003,0.0003,0.1
,,,,,362999,4513.3257,1000,,,,,,,,
,,,,,363000,,,-458.8585205078125,-2.159776210784912,0.8487429022789001,458.51251220703125,458.46893310546875,0.0003,0.0003,0.1
,,,,,363999,4556.699,1000,,,,,,,,
,,,,,364000,,,-458.06964111328125,-2.182600975036621,0.6584694385528564,457.465087890625,457.3908386230469,0.0003,0.0003,0.1
,,,,,364999,4563.483,1000,,,,,,,,
4402.436,174.9226,4557.794,3915.9417,1000.0,365000,,,-454.4078369140625,-2.259664535522461,0.8632014393806458,453.9150390625,453.92962646484375,0.0003,0.0003,0.1
,,,,,365999,4356.5913,1000,,,,,,,,
,,,,,366000,,,-455.84930419921875,-2.3250014781951904,0.8651970624923706,455.25933837890625,455.38916015625,0.0003,0.0003,0.1
,,,,,366999,4611.6724,1000,,,,,,,,
,,,,,367000,,,-458.2599182128906,-1.9786421060562134,0.7069666981697083,457.74761962890625,457.79498291015625,0.0003,0.0003,0.1
,,,,,367999,4440.9478,1000,,,,,,,,
,,,,,368000,,,-457.85589599609375,-2.1700992584228516,1.2225372791290283,457.39935302734375,457.24139404296875,0.0003,0.0003,0.1
,,,,,368999,4575.194,1000,,,,,,,,
,,,,,369000,,,-456.95269775390625,-2.6359429359436035,1.099963665008545,456.6099853515625,456.5108642578125,0.0003,0.0003,0.1
,,,,,369999,4522.9097,1000,,,,,,,,
4322.0977,444.23013,4568.812,3010.0486,1000.0,370000,,,-457.10345458984375,-2.5177230834960938,0.9956179857254028,456.584716796875,456.59759521484375,0.0003,0.0003,0.1
,,,,,370999,4585.613,1000,,,,,,,,
,,,,,371000,,,-459.43487548828125,-1.790257453918457,0.900618314743042,458.89453125,458.864013671875,0.0003,0.0003,0.1
,,,,,371999,4578.102,1000,,,,,,,,
,,,,,372000,,,-457.1326904296875,-1.9819532632827759,1.2247594594955444,456.7728576660156,456.69964599609375,0.0003,0.0003,0.1
,,,,,372999,4520.9097,1000,,,,,,,,
,,,,,373000,,,-457.8635559082031,-2.1916277408599854,1.0207089185714722,457.5111389160156,457.52325439453125,0.0003,0.0003,0.1
,,,,,373999,4549.2593,1000,,,,,,,,
,,,,,374000,,,-460.56158447265625,-2.0711569786071777,0.6949912309646606,460.27825927734375,460.27313232421875,0.0003,0.0003,0.1
,,,,,374999,4603.6807,1000,,,,,,,,
4528.205,45.55569,4594.794,4419.405,1000.0,375000,,,-461.6973876953125,-2.4098713397979736,0.9508292078971863,461.18499755859375,461.1708984375,0.0003,0.0003,0.1
,,,,,375999,4607.0933,1000,,,,,,,,
,,,,,376000,,,-460.7279357910156,-2.3841381072998047,0.9910610914230347,460.45263671875,460.4136962890625,0.0003,0.0003,0.1
,,,,,376999,4585.624,1000,,,,,,,,
,,,,,377000,,,-459.6351013183594,-2.007591485977173,0.8178173303604126,459.377197265625,459.3793029785156,0.0003,0.0003,0.1
,,,,,377999,4570.86,1000,,,,,,,,
,,,,,378000,,,-460.91131591796875,-2.496116876602173,0.7729864716529846,460.51995849609375,460.48126220703125,0.0003,0.0003,0.1
,,,,,378999,4511.6455,1000,,,,,,,,
,,,,,379000,,,-455.69293212890625,-2.8867435455322266,1.1199815273284912,454.98370361328125,455.020263671875,0.0003,0.0003,0.1
,,,,,379999,4544.0273,1000,,,,,,,,
4525.789,44.030804,4606.747,4446.0054,1000.0,380000,,,-461.2058410644531,-2.2618775367736816,0.7870364785194397,460.7920227050781,460.88006591796875,0.0003,0.0003,0.1
,,,,,380999,4468.1143,1000,,,,,,,,
,,,,,381000,,,-458.494384765625,-2.2845449447631836,1.2554346323013306,457.993408203125,457.88037109375,0.0003,0.0003,0.1
,,,,,381999,4527.1577,1000,,,,,,,,
,,,,,382000,,,-461.5447998046875,-2.7463154792785645,0.9112169146537781,461.0625,461.2673034667969,0.0003,0.0003,0.1
,,,,,382999,4595.4116,1000,,,,,,,,
,,,,,383000,,,-459.9308776855469,-2.416025161743164,1.3238325119018555,459.2353515625,459.06634521484375,0.0003,0.0003,0.1
,,,,,383999,4596.957,1000,,,,,,,,
,,,,,384000,,,-463.73583984375,-2.0941786766052246,0.9152460694313049,463.36431884765625,463.42132568359375,0.0003,0.0003,0.1
,,,,,384999,4542.867,1000,,,,,,,,
4436.462,288.79135,4591.541,3583.1667,1000.0,385000,,,-460.84930419921875,-2.4115853309631348,1.0167038440704346,460.352294921875,460.3746337890625,0.0003,0.0003,0.1
,,,,,385999,4631.235,1000,,,,,,,,
,,,,,386000,,,-464.2647705078125,-2.3349921703338623,0.8045520782470703,464.0423583984375,463.9314270019531,0.0003,0.0003,0.1
,,,,,386999,4623.275,1000,,,,,,,,
,,,,,387000,,,-463.0681457519531,-2.4442038536071777,0.8519085049629211,462.59625244140625,462.5892028808594,0.0003,0.0003,0.1
,,,,,387999,4621.906,1000,,,,,,,,
,,,,,388000,,,-464.15789794921875,-2.3686206340789795,1.4495397806167603,463.7049560546875,463.87994384765625,0.0003,0.0003,0.1
,,,,,388999,4578.1,1000,,,,,,,,
,,,,,389000,,,-465.095947265625,-2.187091588973999,0.708923876285553,464.64849853515625,464.64776611328125,0.0003,0.0003,0.1
,,,,,389999,4532.2944,1000,,,,,,,,
4505.257,146.88235,4626.4497,4098.9536,1000.0,390000,,,-463.4837646484375,-2.409923791885376,0.954972505569458,462.85711669921875,463.025390625,0.0003,0.0003,0.1
,,,,,390999,4553.459,1000,,,,,,,,
,,,,,391000,,,-463.755126953125,-2.5168793201446533,1.0300790071487427,463.273681640625,463.347412109375,0.0003,0.0003,0.1
,,,,,391999,4666.506,1000,,,,,,,,
,,,,,392000,,,-463.39642333984375,-2.625821590423584,0.9481528997421265,462.99755859375,463.0343017578125,0.0003,0.0003,0.1
,,,,,392999,4647.275,1000,,,,,,,,
,,,,,393000,,,-465.81134033203125,-2.2443344593048096,0.8074063062667847,465.37286376953125,465.3349914550781,0.0003,0.0003,0.1
,,,,,393999,4604.043,1000,,,,,,,,
,,,,,394000,,,-463.64501953125,-2.3304443359375,1.0250988006591797,463.10894775390625,463.0813293457031,0.0003,0.0003,0.1
,,,,,394999,4569.725,1000,,,,,,,,
4671.5127,26.592825,4723.2256,4634.2744,1000.0,395000,,,-465.7320251464844,-2.5957255363464355,0.8548827171325684,465.2090148925781,465.2384033203125,0.0003,0.0003,0.1
,,,,,395999,4559.6934,1000,,,,,,,,
,,,,,396000,,,-467.20599365234375,-2.5334367752075195,0.7513028979301453,466.63995361328125,466.7337341308594,0.0003,0.0003,0.1
,,,,,396999,4646.103,1000,,,,,,,,
,,,,,397000,,,-466.04327392578125,-2.1159050464630127,0.9349426627159119,465.6849365234375,465.60687255859375,0.0003,0.0003,0.1
,,,,,397999,4479.453,1000,,,,,,,,
,,,,,398000,,,-464.4133605957031,-2.463946580886841,0.8667187690734863,463.74151611328125,463.72833251953125,0.0003,0.0003,0.1
,,,,,398999,4633.2676,1000,,,,,,,,
,,,,,399000,,,-464.91448974609375,-2.503655433654785,0.9825644493103027,464.48992919921875,464.376953125,0.0003,0.0003,0.1
,,,,,399999,4603.8726,1000,,,,,,,,
4468.3125,393.8209,4638.3096,3290.9724,1000.0,400000,,,-467.44097900390625,-2.379922866821289,0.761888861656189,467.0030822753906,466.98358154296875,0.0003,0.0003,0.1
,,,,,400999,4703.1772,1000,,,,,,,,
,,,,,401000,,,-466.6784973144531,-2.8962535858154297,0.8570727109909058,466.1261291503906,466.1064453125,0.0003,0.0003,0.1
,,,,,401999,4596.9854,1000,,,,,,,,
,,,,,402000,,,-466.6033020019531,-2.4252593517303467,0.9577785134315491,466.232666015625,466.1053466796875,0.0003,0.0003,0.1
,,,,,402999,4679.381,1000,,,,,,,,
,,,,,403000,,,-467.33758544921875,-2.5567142963409424,0.9483336210250854,466.78143310546875,466.7135009765625,0.0003,0.0003,0.1
,,,,,403999,4635.3647,1000,,,,,,,,
,,,,,404000,,,-465.1637878417969,-2.595001459121704,1.0223467350006104,464.59075927734375,464.6429443359375,0.0003,0.0003,0.1
,,,,,404999,4656.0396,1000,,,,,,,,
4611.7124,30.236286,4656.1724,4569.4595,1000.0,405000,,,-465.5635070800781,-2.7097601890563965,0.8684607744216919,465.1311340332031,465.02606201171875,0.0003,0.0003,0.1
,,,,,405999,4593.092,1000,,,,,,,,
,,,,,406000,,,-468.2394714355469,-2.4751763343811035,1.2534579038619995,467.58001708984375,467.56744384765625,0.0003,0.0003,0.1
,,,,,406999,4170.5596,1000,,,,,,,,
,,,,,407000,,,-467.2499084472656,-2.3990089893341064,1.0075931549072266,466.74127197265625,466.78814697265625,0.0003,0.0003,0.1
,,,,,407999,4639.0254,1000,,,,,,,,
,,,,,408000,,,-470.3890380859375,-1.8163697719573975,0.8417546153068542,470.04156494140625,470.0592346191406,0.0003,0.0003,0.1
,,,,,408999,4660.063,1000,,,,,,,,
,,,,,409000,,,-471.38861083984375,-2.4766056537628174,1.2679942846298218,471.16241455078125,471.05609130859375,0.0003,0.0003,0.1
,,,,,409999,4629.02,1000,,,,,,,,
4584.785,21.064737,4628.705,4556.36,1000.0,410000,,,-465.05401611328125,-2.318087577819824,1.1864616870880127,464.5579833984375,464.6745300292969,0.0003,0.0003,0.1
,,,,,410999,4631.039,1000,,,,,,,,
,,,,,411000,,,-467.9040832519531,-2.6945295333862305,0.8000689744949341,467.427490234375,467.31732177734375,0.0003,0.0003,0.1
,,,,,411999,4606.2666,1000,,,,,,,,
,,,,,412000,,,-467.52593994140625,-2.732121229171753,0.6746139526367188,466.9855651855469,466.964111328125,0.0003,0.0003,0.1
,,,,,412999,4618.827,1000,,,,,,,,
,,,,,413000,,,-466.92144775390625,-2.9743385314941406,1.1077299118041992,466.33636474609375,466.27825927734375,0.0003,0.0003,0.1
,,,,,413999,4585.5054,1000,,,,,,,,
,,,,,414000,,,-471.097412109375,-2.5682201385498047,0.9498533606529236,470.845458984375,470.8950500488281,0.0003,0.0003,0.1
,,,,,414999,4639.066,1000,,,,,,,,
4640.326,31.495365,4691.0454,4582.0703,1000.0,415000,,,-470.09661865234375,-2.5865089893341064,0.8150862455368042,469.6688232421875,469.7356262207031,0.0003,0.0003,0.1
,,,,,415999,4605.516,1000,,,,,,,,
,,,,,416000,,,-468.3058166503906,-2.442809820175171,0.9025846719741821,467.75164794921875,467.73468017578125,0.0003,0.0003,0.1
,,,,,416999,4654.81,1000,,,,,,,,
,,,,,417000,,,-470.9764099121094,-2.5671839714050293,0.7161139249801636,470.4395446777344,470.3606872558594,0.0003,0.0003,0.1
,,,,,417999,2103.9539,1000,,,,,,,,
,,,,,418000,,,-467.00238037109375,-2.8104710578918457,1.0989898443222046,466.4344177246094,466.5994567871094,0.0003,0.0003,0.1
,,,,,418999,4662.9155,1000,,,,,,,,
,,,,,419000,,,-471.4501647949219,-2.5957577228546143,1.0002825260162354,471.0198059082031,470.8666076660156,0.0003,0.0003,0.1
,,,,,419999,4705.032,1000,,,,,,,,
4621.2456,36.376663,4672.487,4540.678,1000.0,420000,,,-468.8748779296875,-2.3001468181610107,1.1223912239074707,468.44122314453125,468.61700439453125,0.0003,0.0003,0.1
,,,,,420999,4600.4624,1000,,,,,,,,
,,,,,421000,,,-466.4743347167969,-2.421109199523926,1.6573820114135742,466.09149169921875,466.0296630859375,0.0003,0.0003,0.1
,,,,,421999,4638.339,1000,,,,,,,,
,,,,,422000,,,-469.4421081542969,-2.419966220855713,0.9521663784980774,469.1898498535156,469.22003173828125,0.0003,0.0003,0.1
,,,,,422999,4685.379,1000,,,,,,,,
,,,,,423000,,,-467.3575134277344,-2.5902695655822754,0.95270836353302,467.0035400390625,467.07135009765625,0.0003,0.0003,0.1
,,,,,423999,4665.1562,1000,,,,,,,,
,,,,,424000,,,-468.26171875,-2.824845790863037,1.3437156677246094,467.57525634765625,467.6322326660156,0.0003,0.0003,0.1
,,,,,424999,4641.7744,1000,,,,,,,,
4664.968,52.250797,4721.3755,4526.425,1000.0,425000,,,-470.58380126953125,-2.451641082763672,0.8265962600708008,470.1933288574219,470.1573181152344,0.0003,0.0003,0.1
,,,,,425999,4674.512,1000,,,,,,,,
,,,,,426000,,,-471.1750183105469,-2.4248080253601074,0.807161808013916,470.77777099609375,470.75958251953125,0.0003,0.0003,0.1
,,,,,426999,4578.6074,1000,,,,,,,,
,,,,,427000,,,-470.4154052734375,-2.6115427017211914,1.175248622894287,469.91644287109375,469.99969482421875,0.0003,0.0003,0.1
,,,,,427999,4677.094,1000,,,,,,,,
,,,,,428000,,,-473.9205017089844,-1.456852912902832,0.9621542096138,473.66424560546875,473.5548095703125,0.0003,0.0003,0.1
,,,,,428999,4639.5522,1000,,,,,,,,
,,,,,429000,,,-468.74066162109375,-2.6071367263793945,0.8168920278549194,468.4043273925781,468.4422302246094,0.0003,0.0003,0.1
,,,,,429999,4518.0396,1000,,,,,,,,
4713.036,42.684006,4768.7593,4622.876,1000.0,430000,,,-469.5274353027344,-2.4046974182128906,1.036803126335144,469.045166015625,468.9393310546875,0.0003,0.0003,0.1
,,,,,430999,4681.9272,1000,,,,,,,,
,,,,,431000,,,-467.944580078125,-2.0573911666870117,1.6083598136901855,467.53179931640625,467.47784423828125,0.0003,0.0003,0.1
,,,,,431999,4633.56,1000,,,,,,,,
,,,,,432000,,,-464.9858703613281,-2.6191625595092773,1.2359610795974731,464.40093994140625,464.38592529296875,0.0003,0.0003,0.1
,,,,,432999,4620.1797,1000,,,,,,,,
,,,,,433000,,,-470.4044189453125,-2.5423882007598877,0.7822580337524414,470.09051513671875,470.0543518066406,0.0003,0.0003,0.1
,,,,,433999,4666.4834,1000,,,,,,,,
,,,,,434000,,,-471.33416748046875,-2.0361270904541016,1.3532729148864746,470.86541748046875,470.852294921875,0.0003,0.0003,0.1
,,,,,434999,4640.9736,1000,,,,,,,,
4694.006,41.14142,4778.2188,4627.485,1000.0,435000,,,-471.5966796875,-2.4917051792144775,1.358489990234375,471.218017578125,471.17877197265625,0.0003,0.0003,0.1
,,,,,435999,4685.6,1000,,,,,,,,
,,,,,436000,,,-470.894775390625,-2.4663095474243164,1.6528757810592651,470.37188720703125,470.5089416503906,0.0003,0.0003,0.1
,,,,,436999,4716.441,1000,,,,,,,,
,,,,,437000,,,-470.1212158203125,-2.2060718536376953,0.8234245777130127,469.6327209472656,469.677001953125,0.0003,0.0003,0.1
,,,,,437999,4610.0723,1000,,,,,,,,
,,,,,438000,,,-471.4484558105469,-2.643366813659668,1.043134093284607,470.95904541015625,470.96466064453125,0.0003,0.0003,0.1
,,,,,438999,4710.5063,1000,,,,,,,,
,,,,,439000,,,-474.1040344238281,-2.6599268913269043,1.0889345407485962,473.7577209472656,473.6684265136719,0.0003,0.0003,0.1
,,,,,439999,4715.546,1000,,,,,,,,
4633.1455,134.16997,4735.851,4274.0137,1000.0,440000,,,-473.2412109375,-2.047046661376953,0.8005313873291016,472.7326354980469,472.78350830078125,0.0003,0.0003,0.1
,,,,,440999,4659.5884,1000,,,,,,,,
,,,,,441000,,,-471.4893493652344,-2.5247609615325928,1.3954544067382812,470.9346008300781,470.96514892578125,0.0003,0.0003,0.1
,,,,,441999,4653.311,1000,,,,,,,,
,,,,,442000,,,-474.69921875,-2.0409600734710693,1.6430448293685913,474.1719665527344,473.923095703125,0.0003,0.0003,0.1
,,,,,442999,4669.373,1000,,,,,,,,
,,,,,443000,,,-472.60052490234375,-3.1657910346984863,1.0041711330413818,472.2905578613281,472.07421875,0.0003,0.0003,0.1
,,,,,443999,4725.686,1000,,,,,,,,
,,,,,444000,,,-475.77288818359375,-2.3190407752990723,1.0127211809158325,475.289306640625,475.4737854003906,0.0003,0.0003,0.1
,,,,,444999,4667.0513,1000,,,,,,,,
4662.6562,34.9478,4719.4785,4601.241,1000.0,445000,,,-474.40264892578125,-2.5270659923553467,0.8570389747619629,474.06927490234375,474.052001953125,0.0003,0.0003,0.1
,,,,,445999,4667.929,1000,,,,,,,,
,,,,,446000,,,-475.2333679199219,-2.343759775161743,1.3143484592437744,474.69842529296875,474.5452880859375,0.0003,0.0003,0.1
,,,,,446999,4681.5337,1000,,,,,,,,
,,,,,447000,,,-472.75518798828125,-2.4889307022094727,0.8601105213165283,472.3869934082031,472.3743896484375,0.0003,0.0003,0.1
,,,,,447999,4671.131,1000,,,,,,,,
,,,,,448000,,,-475.4402770996094,-2.2899205684661865,0.8761123418807983,474.978271484375,475.10040283203125,0.0003,0.0003,0.1
,,,,,448999,4709.0825,1000,,,,,,,,
,,,,,449000,,,-474.2131042480469,-2.3996171951293945,1.0111515522003174,473.5634765625,473.67376708984375,0.0003,0.0003,0.1
,,,,,449999,4616.784,1000,,,,,,,,
4687.763,83.79938,4766.355,4481.976,1000.0,450000,,,-474.97784423828125,-1.9759852886199951,0.7018501162528992,474.53802490234375,474.61041259765625,0.0003,0.0003,0.1
,,,,,450999,4723.722,1000,,,,,,,,
,,,,,451000,,,-476.1693115234375,-2.4723124504089355,0.874253511428833,475.8002624511719,475.7728271484375,0.0003,0.0003,0.1
,,,,,451999,4698.071,1000,,,,,,,,
,,,,,452000,,,-477.2091064453125,-2.2932729721069336,0.8428428173065186,476.8626403808594,476.8095703125,0.0003,0.0003,0.1
,,,,,452999,4722.5107,1000,,,,,,,,
,,,,,453000,,,-476.30792236328125,-2.5356273651123047,0.8016847968101501,475.9736328125,476.00799560546875,0.0003,0.0003,0.1
,,,,,453999,4737.085,1000,,,,,,,,
,,,,,454000,,,-476.2339172363281,-2.5382280349731445,1.0760754346847534,475.71380615234375,475.65472412109375,0.0003,0.0003,0.1
,,,,,454999,4722.6265,1000,,,,,,,,
4645.173,173.46693,4769.293,4137.3525,1000.0,455000,,,-478.96820068359375,-2.7642436027526855,0.9337024092674255,478.6710510253906,478.6144104003906,0.0003,0.0003,0.1
,,,,,455999,4601.5703,1000,,,,,,,,
,,,,,456000,,,-475.6944580078125,-2.254115581512451,1.5494495630264282,475.394287109375,475.3463134765625,0.0003,0.0003,0.1
,,,,,456999,4700.4307,1000,,,,,,,,
,,,,,457000,,,-476.62994384765625,-2.532522678375244,1.299042820930481,476.1320495605469,476.13421630859375,0.0003,0.0003,0.1
,,,,,457999,4682.539,1000,,,,,,,,
,,,,,458000,,,-474.07220458984375,-2.798694133758545,1.1797441244125366,473.6933288574219,473.54608154296875,0.0003,0.0003,0.1
,,,,,458999,4705.232,1000,,,,,,,,
,,,,,459000,,,-477.04510498046875,-2.507052183151245,0.942047119140625,476.6125793457031,476.6064453125,0.0003,0.0003,0.1
,,,,,459999,4675.0337,1000,,,,,,,,
4670.862,31.516468,4711.8667,4617.5273,1000.0,460000,,,-479.3769836425781,-2.335188865661621,0.8590736985206604,478.966796875,479.0115966796875,0.0003,0.0003,0.1
,,,,,460999,4619.0264,1000,,,,,,,,
,,,,,461000,,,-478.0952453613281,-2.2577083110809326,0.7429477572441101,477.65380859375,477.70855712890625,0.0003,0.0003,0.1
,,,,,461999,4681.8374,1000,,,,,,,,
,,,,,462000,,,-478.575439453125,-2.4117825031280518,1.1568365097045898,478.1493835449219,478.276611328125,0.0003,0.0003,0.1
,,,,,462999,4667.234,1000,,,,,,,,
,,,,,463000,,,-475.6817932128906,-2.1810877323150635,0.8178770542144775,475.1658630371094,475.3583068847656,0.0003,0.0003,0.1
,,,,,463999,4643.2646,1000,,,,,,,,
,,,,,464000,,,-479.641845703125,-2.4231390953063965,0.9343193173408508,479.3734436035156,479.5251770019531,0.0003,0.0003,0.1
,,,,,464999,4663.6895,1000,,,,,,,,
4648.585,67.74145,4727.5605,4495.8667,1000.0,465000,,,-477.63165283203125,-2.3344874382019043,0.949211835861206,477.29107666015625,477.2982177734375,0.0003,0.0003,0.1
,,,,,465999,4681.5854,1000,,,,,,,,
,,,,,466000,,,-476.943115234375,-2.1938271522521973,0.7648336291313171,476.7064208984375,476.8206787109375,0.0003,0.0003,0.1
,,,,,466999,4669.9634,1000,,,,,,,,
,,,,,467000,,,-481.02203369140625,-1.9826620817184448,0.7509681582450867,480.7289123535156,480.53607177734375,0.0003,0.0003,0.1
,,,,,467999,4616.5537,1000,,,,,,,,
,,,,,468000,,,-477.83514404296875,-2.672499179840088,1.025481104850769,477.21844482421875,477.08050537109375,0.0003,0.0003,0.1
,,,,,468999,4427.7803,1000,,,,,,,,
,,,,,469000,,,-477.88531494140625,-2.3950536251068115,0.8167111873626709,477.3637390136719,477.479248046875,0.0003,0.0003,0.1
,,,,,469999,4654.7715,1000,,,,,,,,
4743.6045,17.218899,4778.1025,4714.2837,1000.0,470000,,,-481.347412109375,-2.494938850402832,0.9321025013923645,480.98834228515625,480.9742736816406,0.0003,0.0003,0.1
,,,,,470999,4675.841,1000,,,,,,,,
,,,,,471000,,,-479.2724609375,-1.8635826110839844,1.0140655040740967,478.88629150390625,478.8255615234375,0.0003,0.0003,0.1
,,,,,471999,4753.8525,1000,,,,,,,,
,,,,,472000,,,-478.1192626953125,-2.7653064727783203,0.8348891735076904,477.61505126953125,477.57073974609375,0.0003,0.0003,0.1
,,,,,472999,4521.2285,1000,,,,,,,,
,,,,,473000,,,-478.3734130859375,-2.455526351928711,0.8289093971252441,478.0960998535156,478.057373046875,0.0003,0.0003,0.1
,,,,,473999,4480.1997,1000,,,,,,,,
,,,,,474000,,,-480.54345703125,-2.3346428871154785,0.6458907127380371,480.25177001953125,480.1981201171875,0.0003,0.0003,0.1
,,,,,474999,3798.1838,1000,,,,,,,,
4705.4463,29.841623,4765.7485,4654.061,1000.0,475000,,,-476.00201416015625,-2.4867067337036133,0.9276609420776367,475.6273193359375,475.49237060546875,0.0003,0.0003,0.1
,,,,,475999,4710.983,1000,,,,,,,,
,,,,,476000,,,-477.39385986328125,-2.5737252235412598,1.1895688772201538,476.9754638671875,477.0098876953125,0.0003,0.0003,0.1
,,,,,476999,4678.8174,1000,,,,,,,,
,,,,,477000,,,-479.7984924316406,-2.6478025913238525,0.9671942591667175,479.3912048339844,479.3369140625,0.0003,0.0003,0.1
,,,,,477999,4722.243,1000,,,,,,,,
,,,,,478000,,,-476.7569580078125,-2.507537364959717,0.883202314376831,476.35137939453125,476.3830261230469,0.0003,0.0003,0.1
,,,,,478999,4711.674,1000,,,,,,,,
,,,,,479000,,,-480.2432556152344,-2.4001972675323486,0.8093196153640747,479.5447998046875,479.5196228027344,0.0003,0.0003,0.1
,,,,,479999,4637.242,1000,,,,,,,,
4602.901,266.6456,4743.9365,3809.109,1000.0,480000,,,-481.9268798828125,-2.1975789070129395,0.8511606454849243,481.67047119140625,481.71051025390625,0.0003,0.0003,0.1
,,,,,480999,4695.208,1000,,,,,,,,
,,,,,481000,,,-479.7496032714844,-2.3151557445526123,0.7632448077201843,479.4490661621094,479.26373291015625,0.0003,0.0003,0.1
,,,,,481999,4743.366,1000,,,,,,,,
,,,,,482000,,,-479.6524963378906,-2.590850830078125,0.804313063621521,479.3270263671875,479.1141662597656,0.0003,0.0003,0.1
,,,,,482999,4646.6406,1000,,,,,,,,
,,,,,483000,,,-480.54132080078125,-2.5250656604766846,0.7621026039123535,480.0857849121094,480.15631103515625,0.0003,0.0003,0.1
,,,,,483999,4672.428,1000,,,,,,,,
,,,,,484000,,,-480.6951904296875,-2.4790375232696533,0.8795672655105591,480.2660217285156,480.24859619140625,0.0003,0.0003,0.1
,,,,,484999,4745.3477,1000,,,,,,,,
4736.8154,48.194862,4801.4536,4640.487,1000.0,485000,,,-477.22210693359375,-2.8490452766418457,0.9777916073799133,476.7597351074219,476.6755676269531,0.0003,0.0003,0.1
,,,,,485999,4729.431,1000,,,,,,,,
,,,,,486000,,,-480.4479064941406,-2.410891056060791,0.9686406850814819,480.20465087890625,480.29840087890625,0.0003,0.0003,0.1
,,,,,486999,4710.8926,1000,,,,,,,,
,,,,,487000,,,-478.9719543457031,-2.3663783073425293,1.043590784072876,478.4960021972656,478.67462158203125,0.0003,0.0003,0.1
,,,,,487999,3257.4297,1000,,,,,,,,
,,,,,488000,,,-480.7149658203125,-2.3400344848632812,0.856306791305542,480.30682373046875,480.3758544921875,0.0003,0.0003,0.1
,,,,,488999,4718.534,1000,,,,,,,,
,,,,,489000,,,-479.6412048339844,-2.3577921390533447,1.2566649913787842,479.1679992675781,479.2486572265625,0.0003,0.0003,0.1
,,,,,489999,4695.3115,1000,,,,,,,,
4600.0303,264.7997,4728.2812,3810.8005,1000.0,490000,,,-480.8253173828125,-2.231229543685913,1.1369035243988037,480.3611145019531,480.34381103515625,0.0003,0.0003,0.1
,,,,,490999,4694.9194,1000,,,,,,,,
,,,,,491000,,,-481.4823913574219,-2.112771987915039,1.1661975383758545,481.1410827636719,481.15740966796875,0.0003,0.0003,0.1
,,,,,491999,4617.6084,1000,,,,,,,,
,,,,,492000,,,-479.3068542480469,-2.030742645263672,1.035447359085083,479.0071716308594,478.88153076171875,0.0003,0.0003,0.1
,,,,,492999,4707.431,1000,,,,,,,,
,,,,,493000,,,-478.642822265625,-2.3773179054260254,0.87755286693573,478.16387939453125,478.0911865234375,0.0003,0.0003,0.1
,,,,,493999,4683.469,1000,,,,,,,,
,,,,,494000,,,-479.01666259765625,-2.2779226303100586,0.8834131360054016,478.4693908691406,478.48626708984375,0.0003,0.0003,0.1
,,,,,494999,4163.947,1000,,,,,,,,
4718.2607,40.93569,4782.6494,4628.862,1000.0,495000,,,-480.8289794921875,-2.9799041748046875,1.0521422624588013,480.536376953125,480.4412841796875,0.0003,0.0003,0.1
,,,,,495999,4664.2837,1000,,,,,,,,
,,,,,496000,,,-478.038330078125,-2.734888792037964,1.0125761032104492,477.6094970703125,477.65740966796875,0.0003,0.0003,0.1
,,,,,496999,4645.093,1000,,,,,,,,
,,,,,497000,,,-481.2564697265625,-2.415604829788208,0.8438313603401184,480.73406982421875,480.5920104980469,0.0003,0.0003,0.1
,,,,,497999,4688.83,1000,,,,,,,,
,,,,,498000,,,-480.70086669921875,-2.115351676940918,0.7504953742027283,480.39501953125,480.2424011230469,0.0003,0.0003,0.1
,,,,,498999,4658.1357,1000,,,,,,,,
,,,,,499000,,,-481.3201904296875,-2.315459728240967,0.7111131548881531,481.03631591796875,481.0518798828125,0.0003,0.0003,0.1
,,,,,499999,4659.084,1000,,,,,,,,
4684.196,50.143227,4732.932,4555.491,1000.0,500000,,,-479.62945556640625,-2.4158616065979004,0.8552657961845398,479.4287109375,479.3139953613281,0.0003,0.0003,0.1
,,,,,500999,4526.175,1000,,,,,,,,
,,,,,501000,,,-481.732666015625,-2.180414915084839,0.7599893808364868,481.40960693359375,481.59564208984375,0.0003,0.0003,0.1
,,,,,501999,4660.806,1000,,,,,,,,
,,,,,502000,,,-481.4026184082031,-1.9615682363510132,0.8181805610656738,481.10888671875,481.0748291015625,0.0003,0.0003,0.1
,,,,,502999,4678.452,1000,,,,,,,,
,,,,,503000,,,-477.56658935546875,-2.3058221340179443,0.7549792528152466,477.172119140625,477.31439208984375,0.0003,0.0003,0.1
,,,,,503999,4745.4863,1000,,,,,,,,
,,,,,504000,,,-483.39892578125,-2.5017735958099365,0.9388524889945984,483.07330322265625,483.0694580078125,0.0003,0.0003,0.1
,,,,,504999,4743.374,1000,,,,,,,,
4618.2134,148.75531,4757.6924,4190.4834,1000.0,505000,,,-482.5325927734375,-2.0646486282348633,1.0997306108474731,482.12176513671875,482.1977844238281,0.0003,0.0003,0.1
,,,,,505999,4559.367,1000,,,,,,,,
,,,,,506000,,,-483.7685546875,-2.3735339641571045,0.9795351624488831,483.5264587402344,483.6043701171875,0.0003,0.0003,0.1
,,,,,506999,4638.2427,1000,,,,,,,,
,,,,,507000,,,-483.25555419921875,-2.8604893684387207,0.7040420174598694,482.8733825683594,482.7396240234375,0.0003,0.0003,0.1
,,,,,507999,4718.255,1000,,,,,,,,
,,,,,508000,,,-481.497314453125,-2.565910816192627,1.1511759757995605,481.1038818359375,481.0380554199219,0.0003,0.0003,0.1
,,,,,508999,4688.953,1000,,,,,,,,
,,,,,509000,,,-483.1134033203125,-2.5909652709960938,0.9030365943908691,482.69677734375,482.97698974609375,0.0003,0.0003,0.1
,,,,,509999,4657.1455,1000,,,,,,,,
4707.476,23.191055,4745.1016,4656.558,1000.0,510000,,,-480.3642578125,-2.314840316772461,0.7946534156799316,479.73785400390625,479.8566589355469,0.0003,0.0003,0.1
,,,,,510999,4651.311,1000,,,,,,,,
,,,,,511000,,,-482.21356201171875,-2.1081743240356445,0.8099313974380493,481.91949462890625,482.08526611328125,0.0003,0.0003,0.1
,,,,,511999,4684.725,1000,,,,,,,,
,,,,,512000,,,-481.5775146484375,-2.811617851257324,0.9352673292160034,481.363525390625,481.1783447265625,0.0003,0.0003,0.1
,,,,,512999,4254.786,1000,,,,,,,,
,,,,,513000,,,-480.5147399902344,-2.040788412094116,0.7746351957321167,480.0018005371094,480.0118408203125,0.0003,0.0003,0.1
,,,,,513999,4772.043,1000,,,,,,,,
,,,,,514000,,,-482.01873779296875,-2.3527402877807617,0.867042064666748,481.46417236328125,481.7304382324219,0.0003,0.0003,0.1
,,,,,514999,4701.8574,1000,,,,,,,,
4639.904,138.20319,4807.6177,4302.132,1000.0,515000,,,-480.1507568359375,-2.763399124145508,0.9346369504928589,479.70721435546875,479.6684265136719,0.0003,0.0003,0.1
,,,,,515999,4680.998,1000,,,,,,,,
,,,,,516000,,,-481.18060302734375,-2.579637289047241,0.8309101462364197,480.82568359375,480.928466796875,0.0003,0.0003,0.1
,,,,,516999,4775.211,1000,,,,,,,,
,,,,,517000,,,-481.26318359375,-2.2426018714904785,1.1569870710372925,480.856689453125,480.7010498046875,0.0003,0.0003,0.1
,,,,,517999,4629.0664,1000,,,,,,,,
,,,,,518000,,,-482.13226318359375,-2.23427152633667,1.153443455696106,481.8379821777344,481.7738037109375,0.0003,0.0003,0.1
,,,,,518999,4046.34,1000,,,,,,,,
,,,,,519000,,,-485.451904296875,-2.332610845565796,0.8610211610794067,485.16583251953125,485.3853759765625,0.0003,0.0003,0.1
,,,,,519999,4687.357,1000,,,,,,,,
4789.253,43.761425,4858.7725,4693.545,1000.0,520000,,,-482.96783447265625,-2.444047451019287,0.9176093339920044,482.6826171875,482.8264465332031,0.0003,0.0003,0.1
,,,,,520999,4678.326,1000,,,,,,,,
,,,,,521000,,,-480.8157653808594,-2.802534341812134,0.7585403323173523,480.44903564453125,480.45074462890625,0.0003,0.0003,0.1
,,,,,521999,4542.3296,1000,,,,,,,,
,,,,,522000,,,-485.39959716796875,-2.1013388633728027,1.6141316890716553,485.0782470703125,485.0841979980469,0.0003,0.0003,0.1
,,,,,522999,4714.4126,1000,,,,,,,,
,,,,,523000,,,-483.4530029296875,-2.4578990936279297,1.2983434200286865,482.93023681640625,483.0052795410156,0.0003,0.0003,0.1
,,,,,523999,4714.232,1000,,,,,,,,
,,,,,524000,,,-480.635498046875,-2.506671667098999,0.8424465656280518,480.1551513671875,480.15045166015625,0.0003,0.0003,0.1
,,,,,524999,4633.0547,1000,,,,,,,,
4721.543,41.421867,4780.342,4644.0107,1000.0,525000,,,-483.3603820800781,-1.9964525699615479,0.8678085803985596,483.0854187011719,482.9290466308594,0.0003,0.0003,0.1
,,,,,525999,4736.431,1000,,,,,,,,
,,,,,526000,,,-484.7459716796875,-2.4567322731018066,0.7453580498695374,484.4281005859375,484.40130615234375,0.0003,0.0003,0.1
,,,,,526999,4648.396,1000,,,,,,,,
,,,,,527000,,,-484.58489990234375,-1.7199420928955078,0.9028204679489136,484.34588623046875,484.48822021484375,0.0003,0.0003,0.1
,,,,,527999,4724.513,1000,,,,,,,,
,,,,,528000,,,-481.57489013671875,-2.5100581645965576,0.8842805624008179,481.01922607421875,481.12982177734375,0.0003,0.0003,0.1
,,,,,528999,4644.4243,1000,,,,,,,,
,,,,,529000,,,-480.9294738769531,-2.270592212677002,0.9617646336555481,480.42681884765625,480.5380859375,0.0003,0.0003,0.1
,,,,,529999,4636.4937,1000,,,,,,,,
4487.9155,215.34009,4680.7656,4062.9192,1000.0,530000,,,-483.96905517578125,-2.3675506114959717,1.068732500076294,483.61785888671875,483.5616149902344,0.0003,0.0003,0.1
,,,,,530999,3771.0105,1000,,,,,,,,
,,,,,531000,,,-482.0429992675781,-1.876007318496704,0.7879019975662231,481.7264709472656,481.76580810546875,0.0003,0.0003,0.1
,,,,,531999,4594.249,1000,,,,,,,,
,,,,,532000,,,-479.68218994140625,-2.1177539825439453,0.9873272776603699,479.38165283203125,479.4427185058594,0.0003,0.0003,0.1
,,,,,532999,4678.2207,1000,,,,,,,,
,,,,,533000,,,-482.9962463378906,-2.324162483215332,3.18078875541687,482.707275390625,482.5630187988281,0.0003,0.0003,0.1
,,,,,533999,4794.4727,1000,,,,,,,,
,,,,,534000,,,-484.226806640625,-2.0489587783813477,0.7604759335517883,483.922119140625,483.87451171875,0.0003,0.0003,0.1
,,,,,534999,4724.6445,1000,,,,,,,,
4333.353,1053.598,4760.423,1175.4034,1000.0,535000,,,-481.9671325683594,-2.221384048461914,0.8553782105445862,481.6147766113281,481.5088195800781,0.0003,0.0003,0.1
,,,,,535999,4711.157,1000,,,,,,,,
,,,,,536000,,,-483.4850158691406,-2.226273775100708,0.8419750928878784,483.15338134765625,483.13922119140625,0.0003,0.0003,0.1
,,,,,536999,4560.0586,1000,,,,,,,,
,,,,,537000,,,-484.40472412109375,-2.310936212539673,0.8355239629745483,484.2451477050781,484.20721435546875,0.0003,0.0003,0.1
,,,,,537999,4725.099,1000,,,,,,,,
,,,,,538000,,,-483.3177490234375,-2.7403769493103027,0.9156652688980103,482.92230224609375,482.822998046875,0.0003,0.0003,0.1
,,,,,538999,4748.812,1000,,,,,,,,
,,,,,539000,,,-482.72161865234375,-2.092902421951294,1.0101933479309082,482.214599609375,482.2540283203125,0.0003,0.0003,0.1
,,,,,539999,4772.473,1000,,,,,,,,
4709.888,62.3027,4784.7017,4570.074,1000.0,540000,,,-482.49578857421875,-2.6769118309020996,1.0664036273956299,482.06396484375,482.000732421875,0.0003,0.0003,0.1
,,,,,540999,4680.537,1000,,,,,,,,
,,,,,541000,,,-480.3857421875,-1.97156822681427,0.9564275741577148,479.9056396484375,479.9719543457031,0.0003,0.0003,0.1
,,,,,541999,4670.386,1000,,,,,,,,
,,,,,542000,,,-482.9640197753906,-2.1233363151550293,0.8347762823104858,482.7188720703125,482.5712890625,0.0003,0.0003,0.1
,,,,,542999,4727.8633,1000,,,,,,,,
,,,,,543000,,,-482.9086608886719,-1.9311420917510986,0.9352279305458069,482.43621826171875,482.43865966796875,0.0003,0.0003,0.1
,,,,,543999,4730.312,1000,,,,,,,,
,,,,,544000,,,-482.1956787109375,-2.3181028366088867,1.171668291091919,481.88043212890625,481.9656982421875,0.0003,0.0003,0.1
,,,,,544999,4692.182,1000,,,,,,,,
4744.759,53.543633,4806.2573,4673.0347,1000.0,545000,,,-484.15625,-2.323446750640869,0.9089071750640869,483.79205322265625,484.05694580078125,0.0003,0.0003,0.1
,,,,,545999,4705.956,1000,,,,,,,,
,,,,,546000,,,-480.6236877441406,-2.1749982833862305,0.9643933773040771,480.1903381347656,480.276611328125,0.0003,0.0003,0.1
,,,,,546999,4771.6626,1000,,,,,,,,
,,,,,547000,,,-484.5911560058594,-2.8067424297332764,0.9772729873657227,484.2840881347656,484.22216796875,0.0003,0.0003,0.1
,,,,,547999,4690.732,1000,,,,,,,,
,,,,,548000,,,-484.6471862792969,-2.3840384483337402,1.0931293964385986,484.1925048828125,484.4618835449219,0.0003,0.0003,0.1
,,,,,548999,4652.7974,1000,,,,,,,,
,,,,,549000,,,-485.6946105957031,-2.3456993103027344,0.9459432363510132,485.3816833496094,485.42767333984375,0.0003,0.0003,0.1
,,,,,549999,4669.1753,1000,,,,,,,,
4583.9385,292.3713,4732.9966,3711.6694,1000.0,550000,,,-482.1350402832031,-2.3364696502685547,1.3259053230285645,481.77410888671875,481.72039794921875,0.0003,0.0003,0.1
,,,,,550999,4678.224,1000,,,,,,,,
,,,,,551000,,,-485.0716552734375,-2.216118812561035,0.8999252319335938,484.6109619140625,484.58154296875,0.0003,0.0003,0.1
,,,,,551999,4645.41,1000,,,,,,,,
,,,,,552000,,,-485.3881530761719,-2.3430449962615967,1.0960584878921509,485.03955078125,485.06219482421875,0.0003,0.0003,0.1
,,,,,552999,4627.398,1000,,,,,,,,
,,,,,553000,,,-485.20477294921875,-2.0875420570373535,0.847460925579071,484.86468505859375,484.89239501953125,0.0003,0.0003,0.1
,,,,,553999,4750.1724,1000,,,,,,,,
,,,,,554000,,,-482.4488220214844,-2.515371561050415,1.1519544124603271,482.112548828125,482.0926513671875,0.0003,0.0003,0.1
,,,,,554999,4661.366,1000,,,,,,,,
4644.8154,148.9036,4760.1245,4225.947,1000.0,555000,,,-483.55035400390625,-2.1276252269744873,1.2077076435089111,483.19866943359375,483.1964111328125,0.0003,0.0003,0.1
,,,,,555999,4557.1494,1000,,,,,,,,
,,,,,556000,,,-485.9373779296875,-2.665416717529297,0.9101212024688721,485.634033203125,485.5828552246094,0.0003,0.0003,0.1
,,,,,556999,4761.0415,1000,,,,,,,,
,,,,,557000,,,-485.86431884765625,-2.550248622894287,0.977642297744751,485.474365234375,485.56158447265625,0.0003,0.0003,0.1
,,,,,557999,4719.3716,1000,,,,,,,,
,,,,,558000,,,-483.5742492675781,-2.2667298316955566,0.9561113715171814,483.2767639160156,483.18695068359375,0.0003,0.0003,0.1
,,,,,558999,4747.6353,1000,,,,,,,,
,,,,,559000,,,-485.27398681640625,-2.668529748916626,1.098198413848877,484.8783874511719,484.7998046875,0.0003,0.0003,0.1
,,,,,559999,4718.804,1000,,,,,,,,
4757.6006,83.82085,4836.174,4575.567,1000.0,560000,,,-483.4806823730469,-2.523503065109253,0.9838321208953857,483.0428771972656,483.029541015625,0.0003,0.0003,0.1
,,,,,560999,4714.0806,1000,,,,,,,,
,,,,,561000,,,-486.93865966796875,-2.549055814743042,0.7703365087509155,486.7186279296875,486.6248474121094,0.0003,0.0003,0.1
,,,,,561999,4798.1104,1000,,,,,,,,
,,,,,562000,,,-484.2730712890625,-2.377854824066162,0.998500406742096,483.94415283203125,483.88525390625,0.0003,0.0003,0.1
,,,,,562999,4741.425,1000,,,,,,,,
,,,,,563000,,,-484.74847412109375,-2.76254940032959,0.9333708882331848,484.4624938964844,484.4794616699219,0.0003,0.0003,0.1
,,,,,563999,4675.8726,1000,,,,,,,,
,,,,,564000,,,-488.45794677734375,-1.7675145864486694,0.9271941781044006,488.40264892578125,488.19451904296875,0.0003,0.0003,0.1
,,,,,564999,4723.5283,1000,,,,,,,,
4779.2744,30.30161,4838.4014,4730.469,1000.0,565000,,,-483.9767761230469,-2.5634584426879883,1.08567476272583,483.6214599609375,483.6643371582031,0.0003,0.0003,0.1
,,,,,565999,4709.9644,1000,,,,,,,,
,,,,,566000,,,-486.3099670410156,-2.112178087234497,1.0406410694122314,485.9976806640625,485.96063232421875,0.0003,0.0003,0.1
,,,,,566999,4703.0796,1000,,,,,,,,
,,,,,567000,,,-486.1824951171875,-2.3966641426086426,0.7036257982254028,485.7262268066406,485.7076110839844,0.0003,0.0003,0.1
,,,,,567999,4716.8228,1000,,,,,,,,
,,,,,568000,,,-487.42962646484375,-2.210268497467041,1.096191167831421,487.10797119140625,487.0690612792969,0.0003,0.0003,0.1
,,,,,568999,4765.8105,1000,,,,,,,,
,,,,,569000,,,-486.1422119140625,-2.436920642852783,1.2837456464767456,485.72283935546875,485.639404296875,0.0003,0.0003,0.1
,,,,,569999,4657.513,1000,,,,,,,,
4795.2993,29.048882,4834.706,4730.651,1000.0,570000,,,-485.4773254394531,-2.111062526702881,0.6553459167480469,485.10540771484375,485.21063232421875,0.0003,0.0003,0.1
,,,,,570999,4787.6235,1000,,,,,,,,
,,,,,571000,,,-486.7919006347656,-2.3657100200653076,0.640317976474762,486.5927734375,486.6619873046875,0.0003,0.0003,0.1
,,,,,571999,4684.222,1000,,,,,,,,
,,,,,572000,,,-488.354248046875,-1.703974962234497,1.0886037349700928,487.94036865234375,488.01239013671875,0.0003,0.0003,0.1
,,,,,572999,4747.3135,1000,,,,,,,,
,,,,,573000,,,-486.71075439453125,-2.4487366676330566,1.0821516513824463,486.45751953125,486.3560485839844,0.0003,0.0003,0.1
,,,,,573999,4701.3374,1000,,,,,,,,
,,,,,574000,,,-483.9231262207031,-2.364469528198242,0.8872382640838623,483.61724853515625,483.578369140625,0.0003,0.0003,0.1
,,,,,574999,4800.049,1000,,,,,,,,
4701.6343,35.258198,4737.631,4622.0737,1000.0,575000,,,-485.5885925292969,-2.4316458702087402,0.9801300764083862,485.2940979003906,485.1899108886719,0.0003,0.0003,0.1
,,,,,575999,4691.165,1000,,,,,,,,
,,,,,576000,,,-485.1319885253906,-2.143544912338257,0.6598207354545593,484.7748718261719,484.7369079589844,0.0003,0.0003,0.1
,,,,,576999,4554.933,1000,,,,,,,,
,,,,,577000,,,-486.27069091796875,-2.3303232192993164,0.958071231842041,486.017822265625,485.73291015625,0.0003,0.0003,0.1
,,,,,577999,4689.603,1000,,,,,,,,
,,,,,578000,,,-486.16119384765625,-2.361708164215088,1.8449571132659912,486.0234680175781,485.84515380859375,0.0003,0.0003,0.1
,,,,,578999,4762.8975,1000,,,,,,,,
,,,,,579000,,,-487.352294921875,-2.088728427886963,0.8672748804092407,487.00628662109375,486.91552734375,0.0003,0.0003,0.1
,,,,,579999,4726.124,1000,,,,,,,,
4715.4956,38.026817,4781.355,4657.124,1000.0,580000,,,-483.7664489746094,-2.717827796936035,0.9582167267799377,483.2693176269531,483.362548828125,0.0003,0.0003,0.1
,,,,,580999,4745.018,1000,,,,,,,,
,,,,,581000,,,-487.73675537109375,-2.497316360473633,0.9119473099708557,487.3722229003906,487.36083984375,0.0003,0.0003,0.1
,,,,,581999,4739.5815,1000,,,,,,,,
,,,,,582000,,,-488.2428894042969,-2.154590129852295,0.6548689603805542,487.81671142578125,487.91845703125,0.0003,0.0003,0.1
,,,,,582999,4695.613,1000,,,,,,,,
,,,,,583000,,,-486.15118408203125,-2.2217745780944824,0.7273925542831421,485.92559814453125,485.97784423828125,0.0003,0.0003,0.1
,,,,,583999,4724.2485,1000,,,,,,,,
,,,,,584000,,,-486.3830871582031,-2.393056869506836,0.8327893018722534,486.1651916503906,486.05419921875,0.0003,0.0003,0.1
,,,,,584999,4745.637,1000,,,,,,,,
4681.43,111.23379,4788.081,4390.7627,1000.0,585000,,,-484.7894287109375,-2.2366857528686523,0.8310115337371826,484.46563720703125,484.61224365234375,0.0003,0.0003,0.1
,,,,,585999,4781.5503,1000,,,,,,,,
,,,,,586000,,,-488.63592529296875,-2.2290825843811035,0.6551163196563721,488.3419189453125,488.35577392578125,0.0003,0.0003,0.1
,,,,,586999,4732.5845,1000,,,,,,,,
,,,,,587000,,,-484.7509460449219,-2.2216506004333496,1.0804030895233154,484.2513427734375,484.37628173828125,0.0003,0.0003,0.1
,,,,,587999,4771.0737,1000,,,,,,,,
,,,,,588000,,,-486.76312255859375,-2.578556537628174,0.876846194267273,486.27813720703125,486.26031494140625,0.0003,0.0003,0.1
,,,,,588999,4642.423,1000,,,,,,,,
,,,,,589000,,,-487.0843200683594,-1.9824838638305664,0.8654757738113403,486.8379821777344,486.90557861328125,0.0003,0.0003,0.1
,,,,,589999,4719.226,1000,,,,,,,,
4709.6934,29.280594,4751.029,4637.7114,1000.0,590000,,,-485.9494323730469,-2.6859099864959717,1.2664051055908203,485.49822998046875,485.5107421875,0.0003,0.0003,0.1
,,,,,590999,4791.447,1000,,,,,,,,
,,,,,591000,,,-485.54534912109375,-1.7570240497589111,0.8140655755996704,484.9952392578125,485.0683898925781,0.0003,0.0003,0.1
,,,,,591999,4708.789,1000,,,,,,,,
,,,,,592000,,,-486.86492919921875,-2.032362222671509,1.1691691875457764,486.41998291015625,486.689453125,0.0003,0.0003,0.1
,,,,,592999,4807.284,1000,,,,,,,,
,,,,,593000,,,-484.1329345703125,-2.4945755004882812,1.3733304738998413,483.69549560546875,483.80401611328125,0.0003,0.0003,0.1
,,,,,593999,4777.7114,1000,,,,,,,,
,,,,,594000,,,-488.6929626464844,-2.4233791828155518,1.051957130432129,488.4900207519531,488.4382019042969,0.0003,0.0003,0.1
,,,,,594999,4774.492,1000,,,,,,,,
4709.1904,34.18948,4775.3003,4668.133,1000.0,595000,,,-486.653076171875,-2.4526870250701904,1.1736292839050293,486.50537109375,486.3329162597656,0.0003,0.0003,0.1
,,,,,595999,4811.5996,1000,,,,,,,,
,,,,,596000,,,-488.94818115234375,-2.617703437805176,0.8028919696807861,488.62725830078125,488.76153564453125,0.0003,0.0003,0.1
,,,,,596999,4763.725,1000,,,,,,,,
,,,,,597000,,,-489.54498291015625,-2.2357702255249023,0.7878693342208862,489.1177978515625,489.1710510253906,0.0003,0.0003,0.1
,,,,,597999,4767.3574,1000,,,,,,,,
,,,,,598000,,,-487.0391845703125,-2.012799024581909,0.8600979447364807,486.6185302734375,486.615234375,0.0003,0.0003,0.1
,,,,,598999,4732.645,1000,,,,,,,,
,,,,,599000,,,-488.8953552246094,-2.055485248565674,0.9367195963859558,488.5012512207031,488.65325927734375,0.0003,0.0003,0.1
,,,,,599999,4766.2437,1000,,,,,,,,
4767.561,35.63319,4817.3,4710.507,1000.0,600000,,,-484.0990295410156,-2.360369920730591,1.1878786087036133,483.8071594238281,483.7830505371094,0.0003,0.0003,0.1
,,,,,600999,4775.172,1000,,,,,,,,
,,,,,601000,,,-490.24169921875,-2.356067419052124,0.9845281839370728,490.2354736328125,490.385009765625,0.0003,0.0003,0.1
,,,,,601999,4758.8647,1000,,,,,,,,
,,,,,602000,,,-488.09490966796875,-2.509603261947632,1.8500351905822754,487.6970520019531,487.7486267089844,0.0003,0.0003,0.1
,,,,,602999,4782.796,1000,,,,,,,,
,,,,,603000,,,-490.18695068359375,-1.9861772060394287,0.9350793361663818,489.9645690917969,489.84808349609375,0.0003,0.0003,0.1
,,,,,603999,4721.2407,1000,,,,,,,,
,,,,,604000,,,-487.9609680175781,-2.537449836730957,0.8922339081764221,487.67071533203125,487.610595703125,0.0003,0.0003,0.1
,,,,,604999,4701.7393,1000,,,,,,,,
4759.8203,36.66696,4807.296,4688.2515,1000.0,605000,,,-487.5321350097656,-2.0110254287719727,0.9942219257354736,487.1547546386719,487.31842041015625,0.0003,0.0003,0.1
,,,,,605999,4789.883,1000,,,,,,,,
,,,,,606000,,,-486.4766845703125,-2.2167749404907227,1.1820460557937622,486.17156982421875,486.0360412597656,0.0003,0.0003,0.1
,,,,,606999,4693.1577,1000,,,,,,,,
,,,,,607000,,,-490.06109619140625,-2.63029408454895,0.8734121918678284,489.78619384765625,489.7192687988281,0.0003,0.0003,0.1
,,,,,607999,4770.5674,1000,,,,,,,,
,,,,,608000,,,-490.029052734375,-2.434894561767578,0.7623319625854492,489.75927734375,489.72576904296875,0.0003,0.0003,0.1
,,,,,608999,4797.6914,1000,,,,,,,,
,,,,,609000,,,-489.560791015625,-2.219963788986206,0.843399167060852,489.1789855957031,489.1705322265625,0.0003,0.0003,0.1
,,,,,609999,4735.7954,1000,,,,,,,,
4600.431,549.54877,4828.384,2957.8047,1000.0,610000,,,-490.7855224609375,-2.140922784805298,0.8556835651397705,490.33087158203125,490.289306640625,0.0003,0.0003,0.1
,,,,,610999,4709.5254,1000,,,,,,,,
,,,,,611000,,,-488.44390869140625,-1.7304750680923462,0.7931321859359741,488.17431640625,488.172119140625,0.0003,0.0003,0.1
,,,,,611999,4718.244,1000,,,,,,,,
,,,,,612000,,,-490.34234619140625,-2.1032538414001465,0.768682062625885,489.98974609375,489.94769287109375,0.0003,0.0003,0.1
,,,,,612999,4782.0728,1000,,,,,,,,
,,,,,613000,,,-490.27099609375,-1.7714545726776123,0.6936368942260742,490.0672607421875,490.1729736328125,0.0003,0.0003,0.1
,,,,,613999,4777.5503,1000,,,,,,,,
,,,,,614000,,,-490.6654968261719,-1.985211730003357,0.8599724173545837,490.468017578125,490.54541015625,0.0003,0.0003,0.1
,,,,,614999,4769.3555,1000,,,,,,,,
4774.296,39.350952,4828.319,4698.7866,1000.0,615000,,,-489.352294921875,-2.321068286895752,0.9393059015274048,489.08636474609375,489.0081787109375,0.0003,0.0003,0.1
,,,,,615999,4712.781,1000,,,,,,,,
,,,,,616000,,,-487.7587890625,-2.482898235321045,0.9892590045928955,487.51617431640625,487.43035888671875,0.0003,0.0003,0.1
,,,,,616999,4801.015,1000,,,,,,,,
,,,,,617000,,,-489.706298828125,-2.5428409576416016,0.8437051773071289,489.2142333984375,489.34893798828125,0.0003,0.0003,0.1
,,,,,617999,4769.7954,1000,,,,,,,,
,,,,,618000,,,-488.36065673828125,-1.8901145458221436,0.8775507807731628,487.8684387207031,488.031494140625,0.0003,0.0003,0.1
,,,,,618999,4817.145,1000,,,,,,,,
,,,,,619000,,,-488.3106689453125,-2.4061129093170166,0.8075651526451111,487.95111083984375,487.88134765625,0.0003,0.0003,0.1
,,,,,619999,4808.4146,1000,,,,,,,,
4667.0977,229.15822,4800.0,4001.1174,1000.0,620000,,,-488.0125732421875,-2.019493579864502,0.8048556447029114,487.5183410644531,487.56231689453125,0.0003,0.0003,0.1
,,,,,620999,4695.501,1000,,,,,,,,
,,,,,621000,,,-488.75958251953125,-2.2511680126190186,1.1181727647781372,488.475341796875,488.3800964355469,0.0003,0.0003,0.1
,,,,,621999,3298.047,1000,,,,,,,,
,,,,,622000,,,-488.6884765625,-2.0543525218963623,0.9170600175857544,488.2911376953125,488.358154296875,0.0003,0.0003,0.1
,,,,,622999,4758.391,1000,,,,,,,,
,,,,,623000,,,-489.1019592285156,-2.485334873199463,1.0266000032424927,488.90625,488.91571044921875,0.0003,0.0003,0.1
,,,,,623999,4792.0938,1000,,,,,,,,
,,,,,624000,,,-488.265869140625,-2.2044739723205566,1.1118496656417847,487.8399658203125,487.6666259765625,0.0003,0.0003,0.1
,,,,,624999,4769.8926,1000,,,,,,,,
4723.0444,291.13123,4847.7344,3851.146,1000.0,625000,,,-489.0747375488281,-2.412785530090332,1.2420767545700073,488.8401794433594,488.8819580078125,0.0003,0.0003,0.1
,,,,,625999,4700.4785,1000,,,,,,,,
,,,,,626000,,,-487.16546630859375,-2.354888439178467,1.0945565700531006,486.7252197265625,486.6689453125,0.0003,0.0003,0.1
,,,,,626999,3968.1252,1000,,,,,,,,
,,,,,627000,,,-489.5455322265625,-2.1202850341796875,0.8092876672744751,489.2064208984375,489.30718994140625,0.0003,0.0003,0.1
,,,,,627999,4737.6494,1000,,,,,,,,
,,,,,628000,,,-485.3709716796875,-2.2358546257019043,1.3440464735031128,485.016357421875,484.9458923339844,0.0003,0.0003,0.1
,,,,,628999,4763.582,1000,,,,,,,,
,,,,,629000,,,-490.447021484375,-2.188638210296631,1.2652465105056763,490.12322998046875,490.13079833984375,0.0003,0.0003,0.1
,,,,,629999,4730.903,1000,,,,,,,,
4691.3623,52.418243,4766.569,4585.36,1000.0,630000,,,-488.3228759765625,-2.5501437187194824,1.3013994693756104,487.8865966796875,487.7733154296875,0.0003,0.0003,0.1
,,,,,630999,4768.3955,1000,,,,,,,,
,,,,,631000,,,-487.9129333496094,-1.8812358379364014,1.0626429319381714,487.65325927734375,487.71832275390625,0.0003,0.0003,0.1
,,,,,631999,4714.1016,1000,,,,,,,,
,,,,,632000,,,-488.0920715332031,-2.299999713897705,1.4000163078308105,487.80419921875,487.70037841796875,0.0003,0.0003,0.1
,,,,,632999,4735.028,1000,,,,,,,,
,,,,,633000,,,-489.67218017578125,-2.0599634647369385,0.9992657899856567,489.2154541015625,489.2086181640625,0.0003,0.0003,0.1
,,,,,633999,4750.789,1000,,,,,,,,
,,,,,634000,,,-489.0853271484375,-1.9233729839324951,1.1717514991760254,488.7960205078125,488.75518798828125,0.0003,0.0003,0.1
,,,,,634999,4827.6074,1000,,,,,,,,
4778.7046,26.793085,4828.3057,4742.325,1000.0,635000,,,-489.9383544921875,-2.443862199783325,0.8393153548240662,489.79156494140625,489.9486999511719,0.0003,0.0003,0.1
,,,,,635999,4728.6797,1000,,,,,,,,
,,,,,636000,,,-490.13238525390625,-2.2608256340026855,0.6579868793487549,489.78509521484375,489.7992248535156,0.0003,0.0003,0.1
,,,,,636999,4832.739,1000,,,,,,,,
,,,,,637000,,,-488.26910400390625,-2.3369245529174805,0.9063208103179932,487.92437744140625,487.7588806152344,0.0003,0.0003,0.1
,,,,,637999,4755.749,1000,,,,,,,,
,,,,,638000,,,-491.0087890625,-2.5675272941589355,0.8397047519683838,490.7061767578125,490.70477294921875,0.0003,0.0003,0.1
,,,,,638999,4785.6777,1000,,,,,,,,
,,,,,639000,,,-489.8193359375,-2.311929225921631,1.8365670442581177,489.5138244628906,489.2524108886719,0.0003,0.0003,0.1
,,,,,639999,4736.2603,1000,,,,,,,,
4735.2744,40.668873,4809.492,4683.218,1000.0,640000,,,-488.7894287109375,-2.070770740509033,0.8681958913803101,488.2812194824219,488.41009521484375,0.0003,0.0003,0.1
,,,,,640999,4233.2983,1000,,,,,,,,
,,,,,641000,,,-488.95098876953125,-2.836721658706665,0.8639125823974609,488.58465576171875,488.5657653808594,0.0003,0.0003,0.1
,,,,,641999,4818.6626,1000,,,,,,,,
,,,,,642000,,,-488.258056640625,-2.4584474563598633,1.17946457862854,487.842529296875,487.93804931640625,0.0003,0.0003,0.1
,,,,,642999,4768.9966,1000,,,,,,,,
,,,,,643000,,,-484.1694030761719,-2.9825963973999023,0.887071967124939,483.7371826171875,483.79998779296875,0.0003,0.0003,0.1
,,,,,643999,4820.961,1000,,,,,,,,
,,,,,644000,,,-491.50262451171875,-2.3982768058776855,1.1036198139190674,491.248291015625,491.2969970703125,0.0003,0.0003,0.1
,,,,,644999,4785.2217,1000,,,,,,,,
4769.4243,89.179565,4850.025,4585.05,1000.0,645000,,,-488.3358154296875,-2.2448489665985107,1.0639550685882568,487.9029541015625,487.97119140625,0.0003,0.0003,0.1
,,,,,645999,4856.675,1000,,,,,,,,
,,,,,646000,,,-488.3040466308594,-2.546522378921509,1.0857396125793457,487.9219970703125,487.8858642578125,0.0003,0.0003,0.1
,,,,,646999,4785.173,1000,,,,,,,,
,,,,,647000,,,-491.30224609375,-2.415234088897705,0.8058550357818604,491.0291748046875,490.9800109863281,0.0003,0.0003,0.1
,,,,,647999,4669.2705,1000,,,,,,,,
,,,,,648000,,,-492.9642639160156,-1.9425033330917358,0.8775641322135925,492.759765625,492.7442321777344,0.0003,0.0003,0.1
,,,,,648999,4792.404,1000,,,,,,,,
,,,,,649000,,,-490.11871337890625,-2.269439220428467,0.7342253923416138,489.74285888671875,489.73712158203125,0.0003,0.0003,0.1
,,,,,649999,4789.354,1000,,,,,,,,
4760.346,52.11124,4838.2817,4668.7065,1000.0,650000,,,-488.5269470214844,-2.755481004714966,1.3283946514129639,488.12640380859375,488.12933349609375,0.0003,0.0003,0.1
,,,,,650999,4830.76,1000,,,,,,,,
,,,,,651000,,,-491.27215576171875,-2.0489773750305176,0.87619549036026,490.789306640625,490.81939697265625,0.0003,0.0003,0.1
,,,,,651999,4875.379,1000,,,,,,,,
,,,,,652000,,,-490.3403625488281,-2.247344493865967,0.7180362343788147,490.021484375,490.1521301269531,0.0003,0.0003,0.1
,,,,,652999,2253.475,1000,,,,,,,,
,,,,,653000,,,-490.2362060546875,-2.253469467163086,0.839505672454834,490.03314208984375,490.10150146484375,0.0003,0.0003,0.1
,,,,,653999,4785.105,1000,,,,,,,,
,,,,,654000,,,-489.4464111328125,-2.129697322845459,1.4356144666671753,489.1828308105469,488.8695983886719,0.0003,0.0003,0.1
,,,,,654999,4763.76,1000,,,,,,,,
4789.9453,30.254833,4834.5503,4721.8516,1000.0,655000,,,-489.24151611328125,-2.350423574447632,0.99420565366745,488.9388427734375,488.885986328125,0.0003,0.0003,0.1
,,,,,655999,4794.144,1000,,,,,,,,
,,,,,656000,,,-486.68048095703125,-2.183504343032837,1.0325578451156616,486.21124267578125,486.06072998046875,0.0003,0.0003,0.1
,,,,,656999,4761.7446,1000,,,,,,,,
,,,,,657000,,,-490.0548095703125,-2.3037285804748535,0.802038311958313,489.85235595703125,490.04974365234375,0.0003,0.0003,0.1
,,,,,657999,4750.9336,1000,,,,,,,,
,,,,,658000,,,-491.0073547363281,-1.9695626497268677,1.0281357765197754,490.78369140625,490.83599853515625,0.0003,0.0003,0.1
,,,,,658999,4834.005,1000,,,,,,,,
,,,,,659000,,,-487.3558654785156,-2.4012045860290527,0.9260144233703613,486.876708984375,486.84283447265625,0.0003,0.0003,0.1
,,,,,659999,4786.3486,1000,,,,,,,,
4795.5815,35.183346,4849.023,4731.926,1000.0,660000,,,-491.3189392089844,-1.9585471153259277,0.8722424507141113,491.10382080078125,490.99749755859375,0.0003,0.0003,0.1
,,,,,660999,4678.573,1000,,,,,,,,
,,,,,661000,,,-492.32513427734375,-2.235739231109619,1.0297844409942627,492.14556884765625,492.07861328125,0.0003,0.0003,0.1
,,,,,661999,4823.0146,1000,,,,,,,,
,,,,,662000,,,-490.1412048339844,-2.343924045562744,1.012390375137329,489.84942626953125,489.8199462890625,0.0003,0.0003,0.1
,,,,,662999,4734.7217,1000,,,,,,,,
,,,,,663000,,,-488.3912353515625,-2.008542060852051,0.5944416522979736,487.9689025878906,487.98492431640625,0.0003,0.0003,0.1
,,,,,663999,4570.6665,1000,,,,,,,,
,,,,,664000,,,-491.841796875,-1.68471097946167,0.7199312448501587,491.706787109375,491.8092346191406,0.0003,0.0003,0.1
,,,,,664999,4750.1104,1000,,,,,,,,
4724.175,37.953957,4808.7476,4670.0757,1000.0,665000,,,-490.1554870605469,-1.8770370483398438,1.2711923122406006,489.73712158203125,489.7250061035156,0.0003,0.0003,0.1
,,,,,665999,4743.812,1000,,,,,,,,
,,,,,666000,,,-488.06829833984375,-2.355771541595459,1.3459911346435547,487.78125,487.71453857421875,0.0003,0.0003,0.1
,,,,,666999,4740.1577,1000,,,,,,,,
,,,,,667000,,,-490.5190124511719,-2.5550854206085205,0.8285254836082458,490.38470458984375,490.463623046875,0.0003,0.0003,0.1
,,,,,667999,4763.0596,1000,,,,,,,,
,,,,,668000,,,-490.57403564453125,-2.2335290908813477,1.080336332321167,490.22686767578125,490.2490234375,0.0003,0.0003,0.1
,,,,,668999,4786.2773,1000,,,,,,,,
,,,,,669000,,,-488.79412841796875,-1.8674571514129639,1.133925199508667,488.4005432128906,488.4056396484375,0.0003,0.0003,0.1
,,,,,669999,4790.511,1000,,,,,,,,
4696.8584,190.12276,4834.7295,4137.0537,1000.0,670000,,,-490.8614807128906,-2.124042510986328,0.7085021138191223,490.57977294921875,490.41986083984375,0.0003,0.0003,0.1
,,,,,670999,4738.469,1000,,,,,,,,
,,,,,671000,,,-492.01678466796875,-1.6851540803909302,0.9713739156723022,491.83819580078125,491.746826171875,0.0003,0.0003,0.1
,,,,,671999,4755.6753,1000,,,,,,,,
,,,,,672000,,,-490.0584411621094,-2.4336166381835938,1.2507003545761108,489.744140625,489.6170349121094,0.0003,0.0003,0.1
,,,,,672999,4727.261,1000,,,,,,,,
,,,,,673000,,,-488.4199523925781,-2.3317904472351074,1.333922266960144,488.26031494140625,488.28741455078125,0.0003,0.0003,0.1
,,,,,673999,4761.959,1000,,,,,,,,
,,,,,674000,,,-491.31341552734375,-2.0630741119384766,0.9822808504104614,490.86285400390625,490.9649963378906,0.0003,0.0003,0.1
,,,,,674999,4571.389,1000,,,,,,,,
4801.987,51.644146,4893.8022,4720.0264,1000.0,675000,,,-492.6305236816406,-2.3705124855041504,0.9740253686904907,492.4259338378906,492.44244384765625,0.0003,0.0003,0.1
,,,,,675999,4805.3403,1000,,,,,,,,
,,,,,676000,,,-488.7888488769531,-2.6011881828308105,1.2926745414733887,488.4664306640625,488.448974609375,0.0003,0.0003,0.1
,,,,,676999,4796.9224,1000,,,,,,,,
,,,,,677000,,,-490.3773193359375,-2.3065316677093506,1.1622464656829834,490.227783203125,490.3078918457031,0.0003,0.0003,0.1
,,,,,677999,4809.151,1000,,,,,,,,
,,,,,678000,,,-491.6717834472656,-2.68387508392334,0.9484350085258484,491.5196533203125,491.5040283203125,0.0003,0.0003,0.1
,,,,,678999,4748.6963,1000,,,,,,,,
,,,,,679000,,,-489.5352783203125,-2.2919678688049316,1.3213331699371338,489.410888671875,489.5018005371094,0.0003,0.0003,0.1
,,,,,679999,4753.546,1000,,,,,,,,
4755.0513,245.88039,4883.753,4023.4875,1000.0,680000,,,-489.48529052734375,-2.2297415733337402,0.9472060799598694,489.1707763671875,489.0400390625,0.0003,0.0003,0.1
,,,,,680999,4839.6978,1000,,,,,,,,
,,,,,681000,,,-491.4295654296875,-2.677349328994751,0.8992985486984253,491.1280212402344,491.1694030761719,0.0003,0.0003,0.1
,,,,,681999,4795.562,1000,,,,,,,,
,,,,,682000,,,-488.7393798828125,-2.585461378097534,1.122046947479248,488.3450927734375,488.2983093261719,0.0003,0.0003,0.1
,,,,,682999,4745.519,1000,,,,,,,,
,,,,,683000,,,-492.23944091796875,-1.8346428871154785,0.9364315271377563,492.01910400390625,492.0540771484375,0.0003,0.0003,0.1
,,,,,683999,4829.9727,1000,,,,,,,,
,,,,,684000,,,-491.9719543457031,-1.9577487707138062,0.8213587999343872,491.68988037109375,491.6412048339844,0.0003,0.0003,0.1
,,,,,684999,4315.781,1000,,,,,,,,
4717.9775,99.774765,4773.101,4422.7124,1000.0,685000,,,-492.91314697265625,-2.351670742034912,0.8672833442687988,492.63690185546875,492.6014404296875,0.0003,0.0003,0.1
,,,,,685999,4778.849,1000,,,,,,,,
,,,,,686000,,,-488.6684265136719,-2.5978546142578125,1.0696529150009155,488.1234436035156,488.2691650390625,0.0003,0.0003,0.1
,,,,,686999,4745.449,1000,,,,,,,,
,,,,,687000,,,-489.54949951171875,-2.429619550704956,1.152091145515442,489.1470947265625,489.2857666015625,0.0003,0.0003,0.1
,,,,,687999,4760.714,1000,,,,,,,,
,,,,,688000,,,-489.2703857421875,-2.243577241897583,0.6651151180267334,489.0212707519531,489.1470947265625,0.0003,0.0003,0.1
,,,,,688999,4796.187,1000,,,,,,,,
,,,,,689000,,,-493.7597961425781,-1.7748751640319824,0.8967859745025635,493.46820068359375,493.4403076171875,0.0003,0.0003,0.1
,,,,,689999,4815.025,1000,,,,,,,,
4829.2666,23.140142,4868.165,4780.133,1000.0,690000,,,-492.9790344238281,-2.0278282165527344,1.1837661266326904,492.81903076171875,492.7519836425781,0.0003,0.0003,0.1
,,,,,690999,4753.879,1000,,,,,,,,
,,,,,691000,,,-491.2745361328125,-2.3545308113098145,1.116124153137207,490.94000244140625,491.14984130859375,0.0003,0.0003,0.1
,,,,,691999,4846.7515,1000,,,,,,,,
,,,,,692000,,,-492.32769775390625,-1.7908464670181274,1.3418054580688477,491.791748046875,491.8802185058594,0.0003,0.0003,0.1
,,,,,692999,4719.2246,1000,,,,,,,,
,,,,,693000,,,-492.10321044921875,-2.263305425643921,0.8227556347846985,491.8891296386719,491.8328857421875,0.0003,0.0003,0.1
,,,,,693999,4805.4785,1000,,,,,,,,
,,,,,694000,,,-491.85821533203125,-2.274815559387207,0.9700685739517212,491.5091857910156,491.61383056640625,0.0003,0.0003,0.1
,,,,,694999,4816.2417,1000,,,,,,,,
4850.8403,30.22067,4916.1953,4809.6426,1000.0,695000,,,-492.45904541015625,-2.1810429096221924,0.6844368577003479,492.2117004394531,492.1429443359375,0.0003,0.0003,0.1
,,,,,695999,4809.8013,1000,,,,,,,,
,,,,,696000,,,-488.5804443359375,-2.264355182647705,0.7425311803817749,488.13616943359375,488.0731201171875,0.0003,0.0003,0.1
,,,,,696999,4195.415,1000,,,,,,,,
,,,,,697000,,,-493.17877197265625,-1.7629754543304443,0.9246657490730286,492.7646179199219,492.9998779296875,0.0003,0.0003,0.1
,,,,,697999,4786.5693,1000,,,,,,,,
,,,,,698000,,,-493.70208740234375,-2.1766469478607178,1.0053856372833252,493.47088623046875,493.3768310546875,0.0003,0.0003,0.1
,,,,,698999,4753.2383,1000,,,,,,,,
,,,,,699000,,,-490.4615478515625,-2.0842676162719727,1.5726819038391113,490.2824401855469,490.42840576171875,0.0003,0.0003,0.1
,,,,,699999,4790.5093,1000,,,,,,,,
4803.4897,22.394077,4831.3516,4760.7964,1000.0,700000,,,-492.02496337890625,-2.0048537254333496,1.218207597732544,491.8168029785156,491.8721923828125,0.0003,0.0003,0.1
,,,,,700999,4755.989,1000,,,,,,,,
,,,,,701000,,,-492.1048583984375,-2.280758857727051,0.8478643894195557,491.716796875,491.71929931640625,0.0003,0.0003,0.1
,,,,,701999,4785.535,1000,,,,,,,,
,,,,,702000,,,-490.10955810546875,-2.1665992736816406,1.2613751888275146,489.9178466796875,489.903564453125,0.0003,0.0003,0.1
,,,,,702999,4783.414,1000,,,,,,,,
,,,,,703000,,,-492.5643310546875,-2.116027355194092,0.8511723875999451,492.29010009765625,492.3797607421875,0.0003,0.0003,0.1
,,,,,703999,4673.9995,1000,,,,,,,,
,,,,,704000,,,-492.2626953125,-2.109891891479492,0.8984503149986267,491.999267578125,491.907958984375,0.0003,0.0003,0.1
,,,,,704999,4757.141,1000,,,,,,,,
4759.2954,74.49421,4820.2656,4579.6265,1000.0,705000,,,-493.62353515625,-1.9833823442459106,0.8921515941619873,493.3333740234375,493.1971435546875,0.0003,0.0003,0.1
,,,,,705999,4790.3315,1000,,,,,,,,
,,,,,706000,,,-492.0663757324219,-2.296062469482422,1.0144877433776855,491.8482666015625,491.9525451660156,0.0003,0.0003,0.1
,,,,,706999,4779.3726,1000,,,,,,,,
,,,,,707000,,,-491.0277099609375,-2.2262229919433594,1.1039644479751587,490.79241943359375,490.713623046875,0.0003,0.0003,0.1
,,,,,707999,4804.377,1000,,,,,,,,
,,,,,708000,,,-491.6372375488281,-2.1135659217834473,1.0812182426452637,491.2509765625,491.19708251953125,0.0003,0.0003,0.1
,,,,,708999,4860.207,1000,,,,,,,,
,,,,,709000,,,-491.8944396972656,-2.387244701385498,0.6909670829772949,491.5290832519531,491.568603515625,0.0003,0.0003,0.1
,,,,,709999,4794.7603,1000,,,,,,,,
4684.462,339.8208,4890.468,3679.9233,1000.0,710000,,,-492.0948486328125,-2.3268799781799316,0.7899600863456726,491.60321044921875,491.79290771484375,0.0003,0.0003,0.1
,,,,,710999,4721.2007,1000,,,,,,,,
,,,,,711000,,,-491.4217529296875,-2.2385413646698,1.4170818328857422,491.26898193359375,491.30474853515625,0.0003,0.0003,0.1
,,,,,711999,4744.5,1000,,,,,,,,
,,,,,712000,,,-488.1696472167969,-2.2923946380615234,1.2602344751358032,487.8541259765625,487.8860778808594,0.0003,0.0003,0.1
,,,,,712999,4825.2666,1000,,,,,,,,
,,,,,713000,,,-492.3096923828125,-2.5722784996032715,1.2837800979614258,491.88482666015625,491.9274597167969,0.0003,0.0003,0.1
,,,,,713999,4824.8804,1000,,,,,,,,
,,,,,714000,,,-495.4281005859375,-1.8249213695526123,0.7671889066696167,495.15911865234375,495.0953674316406,0.0003,0.0003,0.1
,,,,,714999,4841.8145,1000,,,,,,,,
4734.246,155.02249,4854.1934,4281.375,1000.0,715000,,,-492.0986328125,-2.3882522583007812,1.0697979927062988,491.69189453125,491.5168151855469,0.0003,0.0003,0.1
,,,,,715999,4823.0186,1000,,,,,,,,
,,,,,716000,,,-492.92431640625,-2.020561695098877,1.1763100624084473,492.7081298828125,492.6343994140625,0.0003,0.0003,0.1
,,,,,716999,4836.249,1000,,,,,,,,
,,,,,717000,,,-492.58770751953125,-2.4095683097839355,0.9071112871170044,492.42279052734375,492.46343994140625,0.0003,0.0003,0.1
,,,,,717999,4856.1274,1000,,,,,,,,
,,,,,718000,,,-492.9303894042969,-2.228847026824951,0.862565279006958,492.7406005859375,492.72247314453125,0.0003,0.0003,0.1
,,,,,718999,4783.3267,1000,,,,,,,,
,,,,,719000,,,-493.4019470214844,-1.9002493619918823,1.1249923706054688,493.1298828125,493.1448059082031,0.0003,0.0003,0.1
,,,,,719999,4842.877,1000,,,,,,,,
4831.0713,35.865017,4870.462,4740.4604,1000.0,720000,,,-490.6673583984375,-2.4473650455474854,1.1120409965515137,490.17840576171875,490.4232177734375,0.0003,0.0003,0.1
,,,,,720999,4745.443,1000,,,,,,,,
,,,,,721000,,,-493.7386474609375,-2.8223023414611816,1.1417434215545654,493.43896484375,493.51446533203125,0.0003,0.0003,0.1
,,,,,721999,4776.533,1000,,,,,,,,
,,,,,722000,,,-493.09490966796875,-1.73063325881958,0.9101333618164062,492.7520751953125,492.71636962890625,0.0003,0.0003,0.1
,,,,,722999,4785.057,1000,,,,,,,,
,,,,,723000,,,-492.3276672363281,-2.406285047531128,0.9396358132362366,492.12554931640625,491.92529296875,0.0003,0.0003,0.1
,,,,,723999,4808.3823,1000,,,,,,,,
,,,,,724000,,,-494.5472106933594,-1.797743797302246,0.9019668102264404,494.4725341796875,494.3562316894531,0.0003,0.0003,0.1
,,,,,724999,4789.864,1000,,,,,,,,
4788.529,22.972351,4823.7017,4744.628,1000.0,725000,,,-493.1671142578125,-2.2363762855529785,1.1850523948669434,493.0108337402344,492.8724365234375,0.0003,0.0003,0.1
,,,,,725999,4788.313,1000,,,,,,,,
,,,,,726000,,,-490.3190002441406,-2.1157827377319336,0.8598299026489258,490.06683349609375,489.9616394042969,0.0003,0.0003,0.1
,,,,,726999,4787.8486,1000,,,,,,,,
,,,,,727000,,,-494.2765808105469,-2.002919912338257,0.7741735577583313,494.0219421386719,494.07525634765625,0.0003,0.0003,0.1
,,,,,727999,4715.9946,1000,,,,,,,,
,,,,,728000,,,-492.68853759765625,-1.8985271453857422,0.7471740245819092,492.3630676269531,492.4339599609375,0.0003,0.0003,0.1
,,,,,728999,4786.09,1000,,,,,,,,
,,,,,729000,,,-493.144775390625,-2.2488348484039307,1.3259000778198242,492.73199462890625,492.8714599609375,0.0003,0.0003,0.1
,,,,,729999,4788.093,1000,,,,,,,,
4740.468,56.13988,4795.093,4603.19,1000.0,730000,,,-491.7344665527344,-1.9437007904052734,0.8886013031005859,491.4410400390625,491.5271911621094,0.0003,0.0003,0.1
,,,,,730999,4791.6216,1000,,,,,,,,
,,,,,731000,,,-495.3797607421875,-2.3211848735809326,0.9387719631195068,495.2607727050781,494.998046875,0.0003,0.0003,0.1
,,,,,731999,4767.4185,1000,,,,,,,,
,,,,,732000,,,-493.435791015625,-2.2177071571350098,1.5382192134857178,493.1287841796875,492.99005126953125,0.0003,0.0003,0.1
,,,,,732999,4790.6694,1000,,,,,,,,
,,,,,733000,,,-495.01239013671875,-2.2097644805908203,1.1367456912994385,494.8208923339844,494.67401123046875,0.0003,0.0003,0.1
,,,,,733999,4820.0063,1000,,,,,,,,
,,,,,734000,,,-496.0045166015625,-2.3641517162323,0.8166894912719727,495.76239013671875,495.7071533203125,0.0003,0.0003,0.1
,,,,,734999,4839.0864,1000,,,,,,,,
4825.2246,41.019382,4898.936,4772.552,1000.0,735000,,,-491.9056091308594,-1.894121527671814,0.7640607357025146,491.50689697265625,491.60931396484375,0.0003,0.0003,0.1
,,,,,735999,4787.1885,1000,,,,,,,,
,,,,,736000,,,-491.7752685546875,-2.1716742515563965,1.064153790473938,491.6117248535156,491.4112548828125,0.0003,0.0003,0.1
,,,,,736999,4790.3564,1000,,,,,,,,
,,,,,737000,,,-495.75537109375,-2.2320003509521484,1.0178706645965576,495.4926452636719,495.4230041503906,0.0003,0.0003,0.1
,,,,,737999,4815.704,1000,,,,,,,,
,,,,,738000,,,-492.2405090332031,-2.471724033355713,0.755569338798523,492.0286865234375,492.037841796875,0.0003,0.0003,0.1
,,,,,738999,4765.651,1000,,,,,,,,
,,,,,739000,,,-495.22900390625,-2.21974778175354,1.0004234313964844,495.1473388671875,495.01177978515625,0.0003,0.0003,0.1
,,,,,739999,4750.7085,1000,,,,,,,,
4817.4463,24.859194,4841.798,4761.4624,1000.0,740000,,,-494.159423828125,-2.2001166343688965,0.9120283126831055,493.8783874511719,493.8519287109375,0.0003,0.0003,0.1
,,,,,740999,4735.8,1000,,,,,,,,
,,,,,741000,,,-490.69476318359375,-2.572218656539917,0.863653302192688,490.38043212890625,490.3907775878906,0.0003,0.0003,0.1
,,,,,741999,4776.067,1000,,,,,,,,
,,,,,742000,,,-491.6240234375,-2.0902013778686523,1.0783723592758179,491.2491455078125,491.38128662109375,0.0003,0.0003,0.1
,,,,,742999,4855.3164,1000,,,,,,,,
,,,,,743000,,,-493.46917724609375,-2.507699966430664,1.0986963510513306,493.0565185546875,492.9908447265625,0.0003,0.0003,0.1
,,,,,743999,4831.4146,1000,,,,,,,,
,,,,,744000,,,-495.4596862792969,-1.9547293186187744,0.9297453165054321,495.16217041015625,495.331298828125,0.0003,0.0003,0.1
,,,,,744999,4825.737,1000,,,,,,,,
4801.6304,111.22718,4882.047,4486.2417,1000.0,745000,,,-492.4139404296875,-2.210909366607666,0.8069785237312317,492.0185241699219,491.95562744140625,0.0003,0.0003,0.1
,,,,,745999,4860.33,1000,,,,,,,,
,,,,,746000,,,-493.2745361328125,-2.430467128753662,0.8197336196899414,492.91973876953125,492.8763122558594,0.0003,0.0003,0.1
,,,,,746999,4810.9634,1000,,,,,,,,
,,,,,747000,,,-496.25506591796875,-2.439455509185791,0.8242013454437256,496.12713623046875,496.02923583984375,0.0003,0.0003,0.1
,,,,,747999,4735.796,1000,,,,,,,,
,,,,,748000,,,-494.185546875,-2.083892345428467,1.4528884887695312,493.86724853515625,493.8285827636719,0.0003,0.0003,0.1
,,,,,748999,4819.279,1000,,,,,,,,
,,,,,749000,,,-494.19110107421875,-2.16087007522583,1.10753333568573,493.96234130859375,493.836669921875,0.0003,0.0003,0.1
,,,,,749999,4800.8984,1000,,,,,,,,
4781.2188,33.631374,4845.7285,4738.6353,1000.0,750000,,,-494.0331726074219,-1.9684405326843262,0.9995248317718506,493.78173828125,493.9405517578125,0.0003,0.0003,0.1
,,,,,750999,1961.3627,1000,,,,,,,,
,,,,,751000,,,-494.46783447265625,-2.2073631286621094,1.4908548593521118,494.3280029296875,494.20648193359375,0.0003,0.0003,0.1
,,,,,751999,4831.588,1000,,,,,,,,
,,,,,752000,,,-493.8331298828125,-2.5318703651428223,0.8385888338088989,493.4505310058594,493.43145751953125,0.0003,0.0003,0.1
,,,,,752999,4722.0317,1000,,,,,,,,
,,,,,753000,,,-493.37884521484375,-2.2051706314086914,1.0920555591583252,492.9309387207031,493.19427490234375,0.0003,0.0003,0.1
,,,,,753999,4806.0767,1000,,,,,,,,
,,,,,754000,,,-493.89398193359375,-1.9433701038360596,0.9356284141540527,493.60675048828125,493.462158203125,0.0003,0.0003,0.1
,,,,,754999,4777.565,1000,,,,,,,,
4792.166,29.530884,4828.471,4734.6987,1000.0,755000,,,-494.87908935546875,-2.2610740661621094,1.0565173625946045,494.5002136230469,494.37103271484375,0.0003,0.0003,0.1
,,,,,755999,4833.815,1000,,,,,,,,
,,,,,756000,,,-494.6368103027344,-2.4689135551452637,0.747721791267395,494.2406311035156,494.4185485839844,0.0003,0.0003,0.1
,,,,,756999,4815.3125,1000,,,,,,,,
,,,,,757000,,,-495.5636291503906,-2.5051093101501465,1.1354600191116333,495.32659912109375,495.15594482421875,0.0003,0.0003,0.1
,,,,,757999,4765.448,1000,,,,,,,,
,,,,,758000,,,-495.4306335449219,-2.3571910858154297,0.7317211627960205,495.3458251953125,495.1732177734375,0.0003,0.0003,0.1
,,,,,758999,4790.7163,1000,,,,,,,,
,,,,,759000,,,-495.05169677734375,-2.4721908569335938,0.807877242565155,494.83172607421875,494.9963073730469,0.0003,0.0003,0.1
,,,,,759999,4708.187,1000,,,,,,,,
4816.686,30.686754,4870.6924,4770.521,1000.0,760000,,,-493.87744140625,-2.164417266845703,1.0355490446090698,493.7992858886719,493.8460693359375,0.0003,0.0003,0.1
,,,,,760999,4826.9644,1000,,,,,,,,
,,,,,761000,,,-492.94183349609375,-2.322226047515869,1.1881284713745117,492.689208984375,492.7296142578125,0.0003,0.0003,0.1
,,,,,761999,4795.891,1000,,,,,,,,
,,,,,762000,,,-490.4954528808594,-2.2139549255371094,0.9511829614639282,490.358642578125,490.39630126953125,0.0003,0.0003,0.1
,,,,,762999,4786.042,1000,,,,,,,,
,,,,,763000,,,-495.41290283203125,-2.44893741607666,0.8011813759803772,495.2440490722656,495.24737548828125,0.0003,0.0003,0.1
,,,,,763999,4812.9185,1000,,,,,,,,
,,,,,764000,,,-496.46533203125,-1.6458827257156372,0.6172370910644531,496.2835388183594,496.31500244140625,0.0003,0.0003,0.1
,,,,,764999,4791.8164,1000,,,,,,,,
4743.0435,36.756985,4794.4453,4673.8364,1000.0,765000,,,-492.2765197753906,-1.7848665714263916,1.2123017311096191,491.92376708984375,491.9085998535156,0.0003,0.0003,0.1
,,,,,765999,4844.501,1000,,,,,,,,
,,,,,766000,,,-495.4252624511719,-1.943450689315796,0.7345582246780396,495.260498046875,495.1663513183594,0.0003,0.0003,0.1
,,,,,766999,4817.2783,1000,,,,,,,,
,,,,,767000,,,-495.4637756347656,-2.171825885772705,0.9802930355072021,495.208251953125,495.18548583984375,0.0003,0.0003,0.1
,,,,,767999,4804.661,1000,,,,,,,,
,,,,,768000,,,-491.71038818359375,-2.3502449989318848,0.996284008026123,491.3441467285156,491.393798828125,0.0003,0.0003,0.1
,,,,,768999,4117.3706,1000,,,,,,,,
,,,,,769000,,,-494.7353820800781,-1.8902688026428223,0.971669614315033,494.34124755859375,494.29986572265625,0.0003,0.0003,0.1
,,,,,769999,4814.231,1000,,,,,,,,
4751.779,100.5201,4840.2695,4499.64,1000.0,770000,,,-494.56866455078125,-2.0335264205932617,1.2121580839157104,494.3135986328125,494.3700256347656,0.0003,0.0003,0.1
,,,,,770999,4772.615,1000,,,,,,,,
,,,,,771000,,,-494.840576171875,-2.0844738483428955,2.1645631790161133,494.51220703125,494.308837890625,0.0003,0.0003,0.1
,,,,,771999,4760.009,1000,,,,,,,,
,,,,,772000,,,-494.904296875,-1.8049484491348267,0.8670361638069153,494.4812316894531,494.68743896484375,0.0003,0.0003,0.1
,,,,,772999,4791.0586,1000,,,,,,,,
,,,,,773000,,,-494.37493896484375,-1.9897003173828125,1.158477544784546,493.9671630859375,493.9101257324219,0.0003,0.0003,0.1
,,,,,773999,4807.9526,1000,,,,,,,,
,,,,,774000,,,-496.80999755859375,-1.9512770175933838,1.0132131576538086,496.4728698730469,496.44464111328125,0.0003,0.0003,0.1
,,,,,774999,4841.491,1000,,,,,,,,
4831.794,72.57717,4890.8247,4622.144,1000.0,775000,,,-494.56842041015625,-2.301170825958252,0.9225428700447083,494.347412109375,494.3248291015625,0.0003,0.0003,0.1
,,,,,775999,4794.1914,1000,,,,,,,,
,,,,,776000,,,-495.59100341796875,-2.289806365966797,1.1259764432907104,495.4888610839844,495.54241943359375,0.0003,0.0003,0.1
,,,,,776999,4821.177,1000,,,,,,,,
,,,,,777000,,,-496.19354248046875,-2.258761405944824,0.9645781517028809,496.03564453125,495.9566650390625,0.0003,0.0003,0.1
,,,,,777999,4820.323,1000,,,,,,,,
,,,,,778000,,,-497.23712158203125,-1.7589623928070068,1.3926231861114502,497.0559387207031,496.9969787597656,0.0003,0.0003,0.1
,,,,,778999,4767.651,1000,,,,,,,,
,,,,,779000,,,-493.43121337890625,-1.9058964252471924,1.1462197303771973,493.15106201171875,493.1671142578125,0.0003,0.0003,0.1
,,,,,779999,4743.46,1000,,,,,,,,
4786.4194,42.099476,4852.167,4694.202,1000.0,780000,,,-494.541748046875,-2.1166934967041016,1.7923297882080078,494.27008056640625,494.2231750488281,0.0003,0.0003,0.1
,,,,,780999,4792.869,1000,,,,,,,,
,,,,,781000,,,-493.8497009277344,-2.213597059249878,0.9202175140380859,493.52923583984375,493.4359436035156,0.0003,0.0003,0.1
,,,,,781999,4838.6567,1000,,,,,,,,
,,,,,782000,,,-496.5330810546875,-2.0553905963897705,1.060711145401001,496.3176574707031,496.2419738769531,0.0003,0.0003,0.1
,,,,,782999,4816.2856,1000,,,,,,,,
,,,,,783000,,,-495.2227783203125,-1.799830436706543,0.8681633472442627,494.9046630859375,494.952880859375,0.0003,0.0003,0.1
,,,,,783999,4852.966,1000,,,,,,,,
,,,,,784000,,,-493.08941650390625,-2.2128453254699707,0.8896627426147461,492.8799743652344,492.75054931640625,0.0003,0.0003,0.1
,,,,,784999,3736.348,1000,,,,,,,,
4805.958,34.408806,4835.2754,4747.0044,1000.0,785000,,,-496.88787841796875,-1.75954270362854,0.8308249115943909,496.5791015625,496.5266418457031,0.0003,0.0003,0.1
,,,,,785999,4827.357,1000,,,,,,,,
,,,,,786000,,,-493.446044921875,-2.0096192359924316,1.2066442966461182,493.19683837890625,493.41558837890625,0.0003,0.0003,0.1
,,,,,786999,4763.9834,1000,,,,,,,,
,,,,,787000,,,-495.3981628417969,-2.0993547439575195,1.2274284362792969,495.1453857421875,494.99298095703125,0.0003,0.0003,0.1
,,,,,787999,4812.8433,1000,,,,,,,,
,,,,,788000,,,-495.8381042480469,-2.5390865802764893,0.8291294574737549,495.552734375,495.60748291015625,0.0003,0.0003,0.1
,,,,,788999,4795.806,1000,,,,,,,,
,,,,,789000,,,-494.55609130859375,-2.2349514961242676,0.9029155373573303,494.2658996582031,494.294189453125,0.0003,0.0003,0.1
,,,,,789999,4727.563,1000,,,,,,,,
4706.6724,71.71453,4804.892,4539.602,1000.0,790000,,,-494.3363342285156,-1.9193058013916016,0.9163817167282104,494.12060546875,494.2064514160156,0.0003,0.0003,0.1
,,,,,790999,4776.636,1000,,,,,,,,
,,,,,791000,,,-494.90655517578125,-1.6539808511734009,1.5444955825805664,494.7353515625,494.73590087890625,0.0003,0.0003,0.1
,,,,,791999,4812.723,1000,,,,,,,,
,,,,,792000,,,-493.49932861328125,-2.2733497619628906,0.8826684951782227,493.11541748046875,493.02264404296875,0.0003,0.0003,0.1
,,,,,792999,4788.879,1000,,,,,,,,
,,,,,793000,,,-494.56964111328125,-2.181567668914795,1.0244228839874268,494.24822998046875,494.2528991699219,0.0003,0.0003,0.1
,,,,,793999,4835.6084,1000,,,,,,,,
,,,,,794000,,,-493.24200439453125,-2.4361624717712402,1.3419370651245117,493.0765380859375,492.9994812011719,0.0003,0.0003,0.1
,,,,,794999,4805.216,1000,,,,,,,,
4793.86,74.04689,4864.3374,4614.512,1000.0,795000,,,-491.81085205078125,-2.0466041564941406,3.8661417961120605,491.3009033203125,491.321044921875,0.0003,0.0003,0.1
,,,,,795999,4837.3574,1000,,,,,,,,
,,,,,796000,,,-493.19891357421875,-2.303675651550293,0.7165411710739136,492.839599609375,492.77685546875,0.0003,0.0003,0.1
,,,,,796999,4786.4927,1000,,,,,,,,
,,,,,797000,,,-492.689208984375,-1.8783271312713623,1.2251259088516235,492.4562072753906,492.5531311035156,0.0003,0.0003,0.1
,,,,,797999,4781.562,1000,,,,,,,,
,,,,,798000,,,-494.94390869140625,-2.242934226989746,0.9256280064582825,494.63885498046875,494.615478515625,0.0003,0.0003,0.1
,,,,,798999,4735.084,1000,,,,,,,,
,,,,,799000,,,-494.8092041015625,-1.8304615020751953,0.6996744275093079,494.5977783203125,494.5718078613281,0.0003,0.0003,0.1
,,,,,799999,4799.734,1000,,,,,,,,
4767.9146,40.532665,4827.166,4711.939,1000.0,800000,,,-494.1636962890625,-1.9057847261428833,0.8912335634231567,493.927001953125,493.8662109375,0.0003,0.0003,0.1
,,,,,800999,4816.2163,1000,,,,,,,,
,,,,,801000,,,-493.55975341796875,-1.8886871337890625,1.0396863222122192,493.26702880859375,493.2154846191406,0.0003,0.0003,0.1
,,,,,801999,4824.0005,1000,,,,,,,,
,,,,,802000,,,-493.18505859375,-1.9020742177963257,1.583728551864624,492.8150329589844,492.79571533203125,0.0003,0.0003,0.1
,,,,,802999,4711.5273,1000,,,,,,,,
,,,,,803000,,,-493.5745849609375,-2.0222291946411133,1.0284423828125,493.32220458984375,493.4295959472656,0.0003,0.0003,0.1
,,,,,803999,4839.8228,1000,,,,,,,,
,,,,,804000,,,-493.14569091796875,-2.1954894065856934,1.0470366477966309,493.0713195800781,492.98046875,0.0003,0.0003,0.1
,,,,,804999,4800.898,1000,,,,,,,,
4755.8086,68.371826,4837.8457,4578.653,1000.0,805000,,,-496.31671142578125,-1.459205150604248,1.0942294597625732,495.9510498046875,496.00408935546875,0.0003,0.0003,0.1
,,,,,805999,4750.3467,1000,,,,,,,,
,,,,,806000,,,-495.3197021484375,-2.107358932495117,1.4666223526000977,494.9807434082031,494.88128662109375,0.0003,0.0003,0.1
,,,,,806999,4764.3115,1000,,,,,,,,
,,,,,807000,,,-492.99456787109375,-2.436764717102051,1.220277190208435,492.6388244628906,492.72491455078125,0.0003,0.0003,0.1
,,,,,807999,4808.4404,1000,,,,,,,,
,,,,,808000,,,-494.181396484375,-2.0841903686523438,0.9222886562347412,493.74951171875,493.7123718261719,0.0003,0.0003,0.1
,,,,,808999,4770.087,1000,,,,,,,,
,,,,,809000,,,-496.01239013671875,-2.5646770000457764,1.02060866355896,495.8607177734375,495.7546081542969,0.0003,0.0003,0.1
,,,,,809999,4770.73,1000,,,,,,,,
4898.3857,23.766325,4945.5415,4857.2324,1000.0,810000,,,-494.47442626953125,-2.4470527172088623,0.9752312898635864,494.1102294921875,494.08941650390625,0.0003,0.0003,0.1
,,,,,810999,4638.4053,1000,,,,,,,,
,,,,,811000,,,-494.01416015625,-1.9820624589920044,1.0239064693450928,493.8309631347656,493.6619567871094,0.0003,0.0003,0.1
,,,,,811999,4815.71,1000,,,,,,,,
,,,,,812000,,,-495.06243896484375,-2.2055513858795166,0.7373940944671631,494.8499450683594,494.77545166015625,0.0003,0.0003,0.1
,,,,,812999,4812.573,1000,,,,,,,,
,,,,,813000,,,-496.11383056640625,-2.1930489540100098,1.1495599746704102,495.8780212402344,495.9175109863281,0.0003,0.0003,0.1
,,,,,813999,4794.9727,1000,,,,,,,,
,,,,,814000,,,-496.24627685546875,-2.4743311405181885,1.0236420631408691,496.1871643066406,496.04229736328125,0.0003,0.0003,0.1
,,,,,814999,4191.661,1000,,,,,,,,
4764.78,40.987156,4812.067,4678.002,1000.0,815000,,,-496.06805419921875,-1.9187724590301514,0.991540789604187,495.7310485839844,495.80133056640625,0.0003,0.0003,0.1
,,,,,815999,4799.308,1000,,,,,,,,
,,,,,816000,,,-496.13934326171875,-2.0221991539001465,0.6783536672592163,495.8662109375,495.90203857421875,0.0003,0.0003,0.1
,,,,,816999,4851.8843,1000,,,,,,,,
,,,,,817000,,,-492.6795654296875,-2.3045668601989746,1.792917013168335,492.2583923339844,492.70556640625,0.0003,0.0003,0.1
,,,,,817999,4762.749,1000,,,,,,,,
,,,,,818000,,,-496.3809814453125,-2.529592990875244,0.7574167251586914,496.2550048828125,496.037841796875,0.0003,0.0003,0.1
,,,,,818999,4798.4556,1000,,,,,,,,
,,,,,819000,,,-494.5518798828125,-2.0947532653808594,1.5428675413131714,494.31268310546875,494.1637878417969,0.0003,0.0003,0.1
,,,,,819999,4744.5854,1000,,,,,,,,
4800.29,53.779026,4880.173,4696.806,1000.0,820000,,,-496.0877380371094,-2.218752384185791,1.1497925519943237,495.79296875,495.8970947265625,0.0003,0.0003,0.1
,,,,,820999,4778.06,1000,,,,,,,,
,,,,,821000,,,-493.1733093261719,-1.948700189590454,1.0666933059692383,492.9067687988281,492.99774169921875,0.0003,0.0003,0.1
,,,,,821999,4735.675,1000,,,,,,,,
,,,,,822000,,,-493.42694091796875,-2.0189192295074463,1.3977974653244019,493.0118103027344,493.19207763671875,0.0003,0.0003,0.1
,,,,,822999,4825.9165,1000,,,,,,,,
,,,,,823000,,,-494.259765625,-2.0254602432250977,1.420815110206604,493.95989990234375,493.8888854980469,0.0003,0.0003,0.1
,,,,,823999,4805.143,1000,,,,,,,,
,,,,,824000,,,-494.6358947753906,-1.8630249500274658,1.0447909832000732,494.3117370605469,494.37335205078125,0.0003,0.0003,0.1
,,,,,824999,4823.198,1000,,,,,,,,
4888.2837,26.026243,4916.7554,4820.9717,1000.0,825000,,,-494.00189208984375,-2.370556592941284,0.9622009992599487,493.81207275390625,493.7085876464844,0.0003,0.0003,0.1
,,,,,825999,4811.0615,1000,,,,,,,,
,,,,,826000,,,-495.118408203125,-1.905703067779541,0.9785473346710205,494.8202209472656,494.8369140625,0.0003,0.0003,0.1
,,,,,826999,4848.624,1000,,,,,,,,
,,,,,827000,,,-493.8260192871094,-2.179412603378296,0.6677951216697693,493.5218505859375,493.596435546875,0.0003,0.0003,0.1
,,,,,827999,4811.3594,1000,,,,,,,,
,,,,,828000,,,-496.7940368652344,-1.8081380128860474,0.6177917122840881,496.6767272949219,496.6029357910156,0.0003,0.0003,0.1
,,,,,828999,4819.9966,1000,,,,,,,,
,,,,,829000,,,-495.1337890625,-2.179093360900879,0.7275837063789368,495.04595947265625,494.9449462890625,0.0003,0.0003,0.1
,,,,,829999,4757.2695,1000,,,,,,,,
4771.874,43.762295,4840.149,4692.7354,1000.0,830000,,,-496.59429931640625,-1.4160797595977783,0.8658084869384766,496.2696228027344,496.2460021972656,0.0003,0.0003,0.1
,,,,,830999,4829.2437,1000,,,,,,,,
,,,,,831000,,,-496.11181640625,-1.6464799642562866,0.9183212518692017,495.760009765625,495.7279968261719,0.0003,0.0003,0.1
,,,,,831999,4781.4185,1000,,,,,,,,
,,,,,832000,,,-496.048583984375,-2.1422619819641113,0.7350677251815796,495.84210205078125,495.80609130859375,0.0003,0.0003,0.1
,,,,,832999,4796.6543,1000,,,,,,,,
,,,,,833000,,,-495.9104309082031,-2.0720717906951904,1.034332513809204,495.5909423828125,495.61846923828125,0.0003,0.0003,0.1
,,,,,833999,4775.77,1000,,,,,,,,
,,,,,834000,,,-494.0885314941406,-1.9576001167297363,1.0210785865783691,493.74755859375,493.72930908203125,0.0003,0.0003,0.1
,,,,,834999,4803.286,1000,,,,,,,,
4834.589,42.123745,4904.655,4762.075,1000.0,835000,,,-493.6695556640625,-1.9382717609405518,1.0857326984405518,493.37188720703125,493.3775329589844,0.0003,0.0003,0.1
,,,,,835999,4809.8833,1000,,,,,,,,
,,,,,836000,,,-496.7759704589844,-2.1807217597961426,0.7493045330047607,496.6678466796875,496.6273193359375,0.0003,0.0003,0.1
,,,,,836999,4808.0054,1000,,,,,,,,
,,,,,837000,,,-495.8311767578125,-1.9755895137786865,0.8165689706802368,495.6147766113281,495.62799072265625,0.0003,0.0003,0.1
,,,,,837999,4841.698,1000,,,,,,,,
,,,,,838000,,,-496.0072021484375,-1.7376844882965088,0.6957669258117676,495.86492919921875,495.8812255859375,0.0003,0.0003,0.1
,,,,,838999,4774.8677,1000,,,,,,,,
,,,,,839000,,,-496.9588623046875,-1.9337928295135498,0.9694569110870361,496.85015869140625,496.8556213378906,0.0003,0.0003,0.1
,,,,,839999,4840.413,1000,,,,,,,,
4793.703,42.181763,4856.315,4695.8496,1000.0,840000,,,-494.4103088378906,-1.9821454286575317,0.8309828042984009,494.32135009765625,494.37060546875,0.0003,0.0003,0.1
,,,,,840999,4744.194,1000,,,,,,,,
,,,,,841000,,,-495.50634765625,-2.340697765350342,0.6878595352172852,495.1817626953125,495.41961669921875,0.0003,0.0003,0.1
,,,,,841999,4778.788,1000,,,,,,,,
,,,,,842000,,,-494.9512939453125,-1.7968066930770874,1.538830041885376,494.6178283691406,494.6354675292969,0.0003,0.0003,0.1
,,,,,842999,4837.8027,1000,,,,,,,,
,,,,,843000,,,-494.261962890625,-2.381932258605957,0.8686220645904541,493.8902587890625,494.0633239746094,0.0003,0.0003,0.1
,,,,,843999,4824.3306,1000,,,,,,,,
,,,,,844000,,,-496.8231201171875,-2.005796432495117,0.9663641452789307,496.66107177734375,496.80657958984375,0.0003,0.0003,0.1
,,,,,844999,4833.0967,1000,,,,,,,,
4845.684,26.431355,4888.0776,4808.1196,1000.0,845000,,,-497.16375732421875,-2.312178611755371,0.6541014313697815,497.17449951171875,497.1358337402344,0.0003,0.0003,0.1
,,,,,845999,4800.382,1000,,,,,,,,
,,,,,846000,,,-495.6170959472656,-2.2289154529571533,0.9094254970550537,495.3359069824219,495.42950439453125,0.0003,0.0003,0.1
,,,,,846999,4795.915,1000,,,,,,,,
,,,,,847000,,,-498.07275390625,-1.9871015548706055,0.7013442516326904,497.946533203125,497.9814758300781,0.0003,0.0003,0.1
,,,,,847999,4805.424,1000,,,,,,,,
,,,,,848000,,,-496.02655029296875,-1.8050053119659424,0.7818888425827026,495.791748046875,495.76007080078125,0.0003,0.0003,0.1
,,,,,848999,4837.7754,1000,,,,,,,,
,,,,,849000,,,-496.4594421386719,-2.512138843536377,0.9904960989952087,496.26953125,496.2151184082031,0.0003,0.0003,0.1
,,,,,849999,4865.5303,1000,,,,,,,,
4828.6187,21.287043,4858.33,4784.7495,1000.0,850000,,,-497.3478698730469,-2.2096238136291504,0.7285094857215881,497.26806640625,497.35552978515625,0.0003,0.0003,0.1
,,,,,850999,4487.628,1000,,,,,,,,
,,,,,851000,,,-497.6591796875,-1.8007972240447998,0.9439241290092468,497.4456481933594,497.3682861328125,0.0003,0.0003,0.1
,,,,,851999,4766.916,1000,,,,,,,,
,,,,,852000,,,-495.40185546875,-2.0028090476989746,0.978007972240448,495.05279541015625,495.1447448730469,0.0003,0.0003,0.1
,,,,,852999,4701.177,1000,,,,,,,,
,,,,,853000,,,-495.988037109375,-1.758175253868103,1.0707048177719116,495.71539306640625,495.9615783691406,0.0003,0.0003,0.1
,,,,,853999,4417.5063,1000,,,,,,,,
,,,,,854000,,,-494.92041015625,-2.0609922409057617,0.7902954816818237,494.5457763671875,494.6517028808594,0.0003,0.0003,0.1
,,,,,854999,4707.654,1000,,,,,,,,
4616.4053,285.34164,4765.798,3766.8328,1000.0,855000,,,-496.1101379394531,-1.6742265224456787,0.7634574174880981,495.9691162109375,495.8790283203125,0.0003,0.0003,0.1
,,,,,855999,4705.8154,1000,,,,,,,,
,,,,,856000,,,-497.7640075683594,-2.1481144428253174,1.018014669418335,497.51129150390625,497.4896240234375,0.0003,0.0003,0.1
,,,,,856999,4785.1646,1000,,,,,,,,
,,,,,857000,,,-493.5924987792969,-1.8404414653778076,0.8642966151237488,493.34967041015625,493.2064208984375,0.0003,0.0003,0.1
,,,,,857999,4765.105,1000,,,,,,,,
,,,,,858000,,,-493.45355224609375,-2.119635581970215,1.4168188571929932,493.1867980957031,493.3575439453125,0.0003,0.0003,0.1
,,,,,858999,4793.397,1000,,,,,,,,
,,,,,859000,,,-493.9742431640625,-2.1963376998901367,1.1122281551361084,493.63946533203125,493.85791015625,0.0003,0.0003,0.1
,,,,,859999,4825.0728,1000,,,,,,,,
4767.6265,67.90915,4842.629,4584.4453,1000.0,860000,,,-494.10284423828125,-1.9450371265411377,1.2838200330734253,493.99200439453125,493.9482421875,0.0003,0.0003,0.1
,,,,,860999,4812.6084,1000,,,,,,,,
,,,,,861000,,,-494.62493896484375,-2.3209519386291504,1.7772080898284912,494.38763427734375,494.36328125,0.0003,0.0003,0.1
,,,,,861999,4875.8745,1000,,,,,,,,
,,,,,862000,,,-494.9593505859375,-1.9487963914871216,0.9938530921936035,494.7224426269531,494.74737548828125,0.0003,0.0003,0.1
,,,,,862999,4786.3794,1000,,,,,,,,
,,,,,863000,,,-496.09130859375,-1.8569531440734863,0.8205469250679016,495.7703857421875,495.93536376953125,0.0003,0.0003,0.1
,,,,,863999,4859.0664,1000,,,,,,,,
,,,,,864000,,,-495.6163635253906,-1.8409886360168457,0.9127829074859619,495.5166015625,495.4065856933594,0.0003,0.0003,0.1
,,,,,864999,4803.6284,1000,,,,,,,,
4821.003,35.993916,4863.5293,4738.5054,1000.0,865000,,,-496.6572265625,-1.6244709491729736,1.0562759637832642,496.6164245605469,496.70318603515625,0.0003,0.0003,0.1
,,,,,865999,4854.602,1000,,,,,,,,
,,,,,866000,,,-497.7457580566406,-2.0760550498962402,0.8261291980743408,497.53564453125,497.4677734375,0.0003,0.0003,0.1
,,,,,866999,4802.4565,1000,,,,,,,,
,,,,,867000,,,-495.9329833984375,-2.2742061614990234,1.2494909763336182,495.6392822265625,495.5392761230469,0.0003,0.0003,0.1
,,,,,867999,4740.4907,1000,,,,,,,,
,,,,,868000,,,-495.0375671386719,-2.078012228012085,1.126467227935791,494.6575622558594,494.6838684082031,0.0003,0.0003,0.1
,,,,,868999,4876.7905,1000,,,,,,,,
,,,,,869000,,,-494.056640625,-2.3489174842834473,1.778451919555664,493.7497863769531,493.83502197265625,0.0003,0.0003,0.1
,,,,,869999,4848.73,1000,,,,,,,,
4761.6445,28.657179,4816.505,4726.261,1000.0,870000,,,-497.5560302734375,-1.603958010673523,0.8325616121292114,497.3419189453125,497.5032653808594,0.0003,0.0003,0.1
,,,,,870999,4810.353,1000,,,,,,,,
,,,,,871000,,,-494.1394348144531,-2.581305980682373,1.0821220874786377,493.91998291015625,493.9462890625,0.0003,0.0003,0.1
,,,,,871999,4699.083,1000,,,,,,,,
,,,,,872000,,,-493.53790283203125,-2.2344157695770264,1.0340423583984375,493.23260498046875,493.32806396484375,0.0003,0.0003,0.1
,,,,,872999,4842.014,1000,,,,,,,,
,,,,,873000,,,-491.74072265625,-2.017974853515625,2.144653558731079,491.41009521484375,491.5548095703125,0.0003,0.0003,0.1
,,,,,873999,4840.6367,1000,,,,,,,,
,,,,,874000,,,-498.029296875,-1.9129769802093506,0.6927443742752075,497.77691650390625,497.8980407714844,0.0003,0.0003,0.1
,,,,,874999,4771.554,1000,,,,,,,,
4625.1523,251.8077,4757.988,3881.1194,1000.0,875000,,,-498.308349609375,-1.8499140739440918,0.7348935604095459,498.08575439453125,498.0411682128906,0.0003,0.0003,0.1
,,,,,875999,4799.2227,1000,,,,,,,,
,,,,,876000,,,-496.9393005371094,-1.9237035512924194,0.9521495699882507,496.88458251953125,496.9148864746094,0.0003,0.0003,0.1
,,,,,876999,4639.9604,1000,,,,,,,,
,,,,,877000,,,-493.23309326171875,-1.9630568027496338,1.131591796875,492.96453857421875,492.9236755371094,0.0003,0.0003,0.1
,,,,,877999,4821.2456,1000,,,,,,,,
,,,,,878000,,,-494.7942199707031,-2.465912342071533,0.9380007982254028,494.6584777832031,494.5897216796875,0.0003,0.0003,0.1
,,,,,878999,4812.048,1000,,,,,,,,
,,,,,879000,,,-494.7179260253906,-2.398418426513672,0.8792136311531067,494.55450439453125,494.585693359375,0.0003,0.0003,0.1
,,,,,879999,4868.244,1000,,,,,,,,
4838.6494,37.62445,4909.5576,4795.022,1000.0,880000,,,-496.48126220703125,-2.100823402404785,1.173719882965088,496.3128662109375,496.427734375,0.0003,0.0003,0.1
,,,,,880999,4818.38,1000,,,,,,,,
,,,,,881000,,,-493.40106201171875,-2.350705146789551,1.1457823514938354,492.8176574707031,492.8700256347656,0.0003,0.0003,0.1
,,,,,881999,4816.141,1000,,,,,,,,
,,,,,882000,,,-496.068115234375,-2.0095176696777344,0.700700581073761,495.74530029296875,495.9241638183594,0.0003,0.0003,0.1
,,,,,882999,4864.595,1000,,,,,,,,
,,,,,883000,,,-496.177001953125,-1.9791948795318604,0.8314850330352783,495.9676513671875,496.16802978515625,0.0003,0.0003,0.1
,,,,,883999,4825.088,1000,,,,,,,,
,,,,,884000,,,-495.9418029785156,-2.159144401550293,0.8711804151535034,495.65740966796875,495.7234802246094,0.0003,0.0003,0.1
,,,,,884999,4170.6274,1000,,,,,,,,
4858.7505,16.645544,4886.846,4829.7695,1000.0,885000,,,-498.1855163574219,-2.035604953765869,0.6330101490020752,497.989013671875,498.0563659667969,0.0003,0.0003,0.1
,,,,,885999,4756.925,1000,,,,,,,,
,,,,,886000,,,-496.5008544921875,-2.2461416721343994,1.160696268081665,496.1739807128906,496.0462341308594,0.0003,0.0003,0.1
,,,,,886999,4781.547,1000,,,,,,,,
,,,,,887000,,,-494.5914306640625,-2.201700448989868,0.8293807506561279,494.229248046875,494.22332763671875,0.0003,0.0003,0.1
,,,,,887999,4781.537,1000,,,,,,,,
,,,,,888000,,,-493.9677429199219,-2.548919200897217,1.3268214464187622,493.57464599609375,493.84759521484375,0.0003,0.0003,0.1
,,,,,888999,4826.5503,1000,,,,,,,,
,,,,,889000,,,-494.9797058105469,-1.9190449714660645,0.9045366048812866,494.7943115234375,494.78472900390625,0.0003,0.0003,0.1
,,,,,889999,4813.341,1000,,,,,,,,
4812.1123,30.079597,4858.743,4768.7773,1000.0,890000,,,-494.96795654296875,-1.915083646774292,1.1386914253234863,494.610107421875,494.6753234863281,0.0003,0.0003,0.1
,,,,,890999,4845.025,1000,,,,,,,,
,,,,,891000,,,-494.31280517578125,-1.8694233894348145,0.8535986542701721,494.0068359375,494.2056884765625,0.0003,0.0003,0.1
,,,,,891999,4718.2515,1000,,,,,,,,
,,,,,892000,,,-496.4814453125,-2.075434684753418,0.8108820915222168,496.2760009765625,496.1515808105469,0.0003,0.0003,0.1
,,,,,892999,4799.543,1000,,,,,,,,
,,,,,893000,,,-493.08612060546875,-1.6942849159240723,1.416914463043213,492.86065673828125,492.59295654296875,0.0003,0.0003,0.1
,,,,,893999,4802.9253,1000,,,,,,,,
,,,,,894000,,,-499.1177978515625,-1.9262161254882812,0.8981556296348572,498.91741943359375,498.89630126953125,0.0003,0.0003,0.1
,,,,,894999,4821.225,1000,,,,,,,,
4851.113,54.124447,4928.8066,4742.9307,1000.0,895000,,,-496.525634765625,-2.3148679733276367,1.0598820447921753,496.29779052734375,496.20208740234375,0.0003,0.0003,0.1
,,,,,895999,4810.1724,1000,,,,,,,,
,,,,,896000,,,-497.87249755859375,-2.0400657653808594,0.6983844041824341,497.57281494140625,497.6397705078125,0.0003,0.0003,0.1
,,,,,896999,4798.0874,1000,,,,,,,,
,,,,,897000,,,-494.1885070800781,-2.0288949012756348,0.8774712085723877,494.02642822265625,494.03973388671875,0.0003,0.0003,0.1
,,,,,897999,4845.8457,1000,,,,,,,,
,,,,,898000,,,-495.9537658691406,-2.093714714050293,0.7015025615692139,495.56854248046875,495.52685546875,0.0003,0.0003,0.1
,,,,,898999,4886.6665,1000,,,,,,,,
,,,,,899000,,,-494.35894775390625,-2.479754686355591,0.9065304398536682,494.0333251953125,494.111083984375,0.0003,0.0003,0.1
,,,,,899999,4860.2754,1000,,,,,,,,
4822.634,19.936903,4856.801,4796.9204,1000.0,900000,,,-496.8158874511719,-1.9519743919372559,1.1914443969726562,496.6716003417969,496.50714111328125,0.0003,0.0003,0.1
,,,,,900999,4726.2983,1000,,,,,,,,
,,,,,901000,,,-494.8582763671875,-2.3516364097595215,1.0079137086868286,494.6329345703125,494.7214050292969,0.0003,0.0003,0.1
,,,,,901999,4812.9014,1000,,,,,,,,
,,,,,902000,,,-495.3594665527344,-1.8292059898376465,1.002751111984253,494.9367370605469,495.10064697265625,0.0003,0.0003,0.1
,,,,,902999,4802.1133,1000,,,,,,,,
,,,,,903000,,,-494.74310302734375,-2.4505908489227295,1.079867959022522,494.5225830078125,494.5813293457031,0.0003,0.0003,0.1
,,,,,903999,4846.272,1000,,,,,,,,
,,,,,904000,,,-496.73150634765625,-2.067032814025879,1.051493763923645,496.527587890625,496.48944091796875,0.0003,0.0003,0.1
,,,,,904999,4791.5234,1000,,,,,,,,
4769.8857,60.17601,4866.5137,4661.0776,1000.0,905000,,,-495.41741943359375,-1.83522629737854,0.9897857308387756,495.17803955078125,495.1969299316406,0.0003,0.0003,0.1
,,,,,905999,4851.8853,1000,,,,,,,,
,,,,,906000,,,-496.31658935546875,-2.2225942611694336,0.9995157718658447,496.169189453125,496.1641845703125,0.0003,0.0003,0.1
,,,,,906999,4767.365,1000,,,,,,,,
,,,,,907000,,,-498.1431579589844,-1.9205753803253174,0.6980677843093872,497.97723388671875,497.98419189453125,0.0003,0.0003,0.1
,,,,,907999,4829.4805,1000,,,,,,,,
,,,,,908000,,,-499.0567626953125,-1.8729841709136963,0.9361249208450317,498.7881774902344,498.7716064453125,0.0003,0.0003,0.1
,,,,,908999,4887.429,1000,,,,,,,,
,,,,,909000,,,-496.9789733886719,-2.31376051902771,1.0039541721343994,496.50567626953125,496.67059326171875,0.0003,0.0003,0.1
,,,,,909999,4824.9517,1000,,,,,,,,
4758.532,131.89243,4822.8047,4368.3877,1000.0,910000,,,-495.347412109375,-2.2655386924743652,1.5303410291671753,494.9881896972656,495.10540771484375,0.0003,0.0003,0.1
,,,,,910999,4756.875,1000,,,,,,,,
,,,,,911000,,,-495.87127685546875,-2.0190162658691406,0.8509155511856079,495.66937255859375,495.6812744140625,0.0003,0.0003,0.1
,,,,,911999,4855.8384,1000,,,,,,,,
,,,,,912000,,,-497.4234924316406,-2.3462791442871094,0.8137661218643188,497.2672119140625,497.1697998046875,0.0003,0.0003,0.1
,,,,,912999,4773.106,1000,,,,,,,,
,,,,,913000,,,-496.6652526855469,-2.2616159915924072,0.9056239724159241,496.4600830078125,496.32672119140625,0.0003,0.0003,0.1
,,,,,913999,3334.1018,1000,,,,,,,,
,,,,,914000,,,-495.122314453125,-1.9064226150512695,1.0858937501907349,494.87689208984375,494.77813720703125,0.0003,0.0003,0.1
,,,,,914999,4777.387,1000,,,,,,,,
4728.755,67.142975,4825.243,4586.3247,1000.0,915000,,,-496.64129638671875,-2.045795440673828,1.0068485736846924,496.5577087402344,496.5846862792969,0.0003,0.0003,0.1
,,,,,915999,4786.023,1000,,,,,,,,
,,,,,916000,,,-497.5611877441406,-2.0935449600219727,1.1188087463378906,497.3825378417969,497.311279296875,0.0003,0.0003,0.1
,,,,,916999,4791.622,1000,,,,,,,,
,,,,,917000,,,-498.80029296875,-1.8072197437286377,1.0592986345291138,498.505859375,498.47564697265625,0.0003,0.0003,0.1
,,,,,917999,4824.036,1000,,,,,,,,
,,,,,918000,,,-497.20172119140625,-1.467212438583374,1.3015389442443848,496.956787109375,497.1405334472656,0.0003,0.0003,0.1
,,,,,918999,4760.7964,1000,,,,,,,,
,,,,,919000,,,-497.599609375,-1.766084909439087,1.1889052391052246,497.2652893066406,497.31219482421875,0.0003,0.0003,0.1
,,,,,919999,4849.2217,1000,,,,,,,,
4810.4253,24.016405,4853.102,4771.3667,1000.0,920000,,,-499.45147705078125,-1.764098882675171,0.8722924590110779,499.3414611816406,499.37310791015625,0.0003,0.0003,0.1
,,,,,920999,4792.668,1000,,,,,,,,
,,,,,921000,,,-494.65325927734375,-2.484076499938965,0.820431113243103,494.24652099609375,494.203857421875,0.0003,0.0003,0.1
,,,,,921999,4812.8716,1000,,,,,,,,
,,,,,922000,,,-496.4503173828125,-2.070415735244751,1.2039718627929688,496.2510986328125,496.1412353515625,0.0003,0.0003,0.1
,,,,,922999,4763.7583,1000,,,,,,,,
,,,,,923000,,,-496.92681884765625,-1.6164742708206177,1.0335534811019897,496.6045837402344,496.72052001953125,0.0003,0.0003,0.1
,,,,,923999,4811.143,1000,,,,,,,,
,,,,,924000,,,-494.8404846191406,-2.1440248489379883,1.0765466690063477,494.5066833496094,494.59661865234375,0.0003,0.0003,0.1
,,,,,924999,4762.824,1000,,,,,,,,
4770.891,146.26408,4862.8574,4343.2905,1000.0,925000,,,-494.74395751953125,-1.9303052425384521,1.1065236330032349,494.526611328125,494.4453125,0.0003,0.0003,0.1
,,,,,925999,4783.606,1000,,,,,,,,
,,,,,926000,,,-496.37841796875,-2.0487101078033447,1.6470226049423218,496.1497802734375,496.17523193359375,0.0003,0.0003,0.1
,,,,,926999,4806.668,1000,,,,,,,,
,,,,,927000,,,-499.45440673828125,-1.7342766523361206,0.8011070489883423,499.482177734375,499.421875,0.0003,0.0003,0.1
,,,,,927999,4836.9927,1000,,,,,,,,
,,,,,928000,,,-498.1051330566406,-1.9712814092636108,0.951921820640564,497.927001953125,497.97088623046875,0.0003,0.0003,0.1
,,,,,928999,4773.934,1000,,,,,,,,
,,,,,929000,,,-496.9093933105469,-1.6590526103973389,0.7439850568771362,496.7491455078125,496.67022705078125,0.0003,0.0003,0.1
,,,,,929999,4749.521,1000,,,,,,,,
4845.7007,29.140434,4887.348,4772.276,1000.0,930000,,,-496.1993408203125,-1.8892364501953125,1.3621675968170166,495.91302490234375,495.89984130859375,0.0003,0.0003,0.1
,,,,,930999,4786.394,1000,,,,,,,,
,,,,,931000,,,-497.0482482910156,-1.840376615524292,1.8331944942474365,496.7688293457031,496.9207458496094,0.0003,0.0003,0.1
,,,,,931999,4812.373,1000,,,,,,,,
,,,,,932000,,,-496.76397705078125,-1.7821736335754395,0.8999494910240173,496.4933166503906,496.64306640625,0.0003,0.0003,0.1
,,,,,932999,4794.6553,1000,,,,,,,,
,,,,,933000,,,-495.68017578125,-1.584650993347168,0.8852808475494385,495.21734619140625,495.3338928222656,0.0003,0.0003,0.1
,,,,,933999,4844.9033,1000,,,,,,,,
,,,,,934000,,,-495.2320556640625,-1.9732182025909424,1.236505150794983,494.86810302734375,495.0383605957031,0.0003,0.0003,0.1
,,,,,934999,4838.324,1000,,,,,,,,
4692.328,260.88153,4856.8765,3919.0444,1000.0,935000,,,-496.364013671875,-1.898277997970581,0.973956823348999,496.0109558105469,495.972412109375,0.0003,0.0003,0.1
,,,,,935999,4786.2505,1000,,,,,,,,
,,,,,936000,,,-495.9195556640625,-1.810379147529602,0.734870195388794,495.81304931640625,495.6989440917969,0.0003,0.0003,0.1
,,,,,936999,4810.4395,1000,,,,,,,,
,,,,,937000,,,-497.25054931640625,-1.7374763488769531,1.4152188301086426,497.0389709472656,496.99505615234375,0.0003,0.0003,0.1
,,,,,937999,4846.2324,1000,,,,,,,,
,,,,,938000,,,-497.70343017578125,-1.755232810974121,0.9175791144371033,497.3619384765625,497.4319763183594,0.0003,0.0003,0.1
,,,,,938999,4838.199,1000,,,,,,,,
,,,,,939000,,,-497.77105712890625,-2.1998910903930664,0.8863542079925537,497.5885009765625,497.6081848144531,0.0003,0.0003,0.1
,,,,,939999,4839.541,1000,,,,,,,,
4789.9907,35.307682,4836.8315,4708.7466,1000.0,940000,,,-497.4713134765625,-1.611924409866333,0.827622652053833,497.2586669921875,497.1946716308594,0.0003,0.0003,0.1
,,,,,940999,4725.5747,1000,,,,,,,,
,,,,,941000,,,-497.53948974609375,-2.065171718597412,0.6859663128852844,497.1119384765625,497.01678466796875,0.0003,0.0003,0.1
,,,,,941999,4780.422,1000,,,,,,,,
,,,,,942000,,,-495.37969970703125,-1.6829118728637695,1.00384521484375,494.999267578125,495.05975341796875,0.0003,0.0003,0.1
,,,,,942999,4809.0693,1000,,,,,,,,
,,,,,943000,,,-496.23297119140625,-1.441422939300537,0.8409104347229004,495.88104248046875,495.9561767578125,0.0003,0.0003,0.1
,,,,,943999,4802.9917,1000,,,,,,,,
,,,,,944000,,,-495.080810546875,-2.0242631435394287,0.8027148842811584,495.0452880859375,494.93267822265625,0.0003,0.0003,0.1
,,,,,944999,4826.3906,1000,,,,,,,,
4710.137,183.7035,4812.7183,4165.7563,1000.0,945000,,,-496.54345703125,-2.254176139831543,1.0416665077209473,496.36859130859375,496.26800537109375,0.0003,0.0003,0.1
,,,,,945999,4845.249,1000,,,,,,,,
,,,,,946000,,,-497.7366027832031,-1.6465977430343628,0.9697222709655762,497.776611328125,497.64306640625,0.0003,0.0003,0.1
,,,,,946999,4836.592,1000,,,,,,,,
,,,,,947000,,,-497.1869201660156,-2.0996501445770264,0.8669730424880981,497.0362243652344,496.94171142578125,0.0003,0.0003,0.1
,,,,,947999,4762.7334,1000,,,,,,,,
,,,,,948000,,,-499.9871826171875,-1.6949578523635864,0.6107597351074219,499.80108642578125,499.8062744140625,0.0003,0.0003,0.1
,,,,,948999,4832.348,1000,,,,,,,,
,,,,,949000,,,-497.0965576171875,-1.7365944385528564,0.8611268997192383,496.95208740234375,496.7637939453125,0.0003,0.0003,0.1
,,,,,949999,4805.1196,1000,,,,,,,,
4812.7515,25.725904,4858.711,4769.347,1000.0,950000,,,-496.9517517089844,-1.8691288232803345,1.3724274635314941,496.7457275390625,496.6664123535156,0.0003,0.0003,0.1
,,,,,950999,4741.1274,1000,,,,,,,,
,,,,,951000,,,-496.71697998046875,-2.106652021408081,1.3692386150360107,496.3900451660156,496.64862060546875,0.0003,0.0003,0.1
,,,,,951999,4784.34,1000,,,,,,,,
,,,,,952000,,,-493.4738464355469,-1.8839502334594727,1.1761877536773682,493.4149169921875,493.3021240234375,0.0003,0.0003,0.1
,,,,,952999,4821.001,1000,,,,,,,,
,,,,,953000,,,-494.7322082519531,-1.883353590965271,1.0883545875549316,494.480712890625,494.45245361328125,0.0003,0.0003,0.1
,,,,,953999,4845.6294,1000,,,,,,,,
,,,,,954000,,,-497.25689697265625,-1.7668993473052979,0.6122478246688843,497.0723571777344,496.9910888671875,0.0003,0.0003,0.1
,,,,,954999,4822.4927,1000,,,,,,,,
4822.658,25.977549,4851.5303,4771.535,1000.0,955000,,,-492.8623352050781,-2.4367589950561523,1.8840079307556152,492.526123046875,492.6674499511719,0.0003,0.0003,0.1
,,,,,955999,4818.383,1000,,,,,,,,
,,,,,956000,,,-498.62530517578125,-1.4809112548828125,1.0452420711517334,498.503173828125,498.5391845703125,0.0003,0.0003,0.1
,,,,,956999,4789.2925,1000,,,,,,,,
,,,,,957000,,,-496.93304443359375,-2.1081604957580566,0.9540358781814575,496.53326416015625,496.73785400390625,0.0003,0.0003,0.1
,,,,,957999,4878.052,1000,,,,,,,,
,,,,,958000,,,-494.799072265625,-1.859966516494751,1.127368450164795,494.527099609375,494.4051208496094,0.0003,0.0003,0.1
,,,,,958999,4802.204,1000,,,,,,,,
,,,,,959000,,,-498.690185546875,-1.7497775554656982,0.5806649923324585,498.5155029296875,498.6669616699219,0.0003,0.0003,0.1
,,,,,959999,4864.99,1000,,,,,,,,
4824.9297,38.248184,4891.502,4756.8594,1000.0,960000,,,-497.35955810546875,-1.8187174797058105,1.742788553237915,496.952392578125,497.102783203125,0.0003,0.0003,0.1
,,,,,960999,4788.525,1000,,,,,,,,
,,,,,961000,,,-495.6685791015625,-2.1540281772613525,1.0558867454528809,495.19586181640625,495.1574401855469,0.0003,0.0003,0.1
,,,,,961999,4825.8784,1000,,,,,,,,
,,,,,962000,,,-494.0581359863281,-1.8430041074752808,1.1945925951004028,493.85748291015625,493.82861328125,0.0003,0.0003,0.1
,,,,,962999,4815.673,1000,,,,,,,,
,,,,,963000,,,-497.45648193359375,-1.8585565090179443,0.6897462010383606,497.4392395019531,497.42138671875,0.0003,0.0003,0.1
,,,,,963999,4503.091,1000,,,,,,,,
,,,,,964000,,,-497.01275634765625,-1.3650318384170532,0.8514782786369324,496.67620849609375,496.72064208984375,0.0003,0.0003,0.1
,,,,,964999,4805.3784,1000,,,,,,,,
4830.3296,52.00469,4903.32,4735.7983,1000.0,965000,,,-496.8086853027344,-1.9228156805038452,0.9439600706100464,496.41387939453125,496.534423828125,0.0003,0.0003,0.1
,,,,,965999,4476.0566,1000,,,,,,,,
,,,,,966000,,,-496.4803466796875,-1.9656925201416016,0.9925119876861572,496.29937744140625,496.1964111328125,0.0003,0.0003,0.1
,,,,,966999,4747.0986,1000,,,,,,,,
,,,,,967000,,,-497.6749267578125,-2.061739444732666,1.198353886604309,497.49591064453125,497.45330810546875,0.0003,0.0003,0.1
,,,,,967999,4757.6846,1000,,,,,,,,
,,,,,968000,,,-497.3999328613281,-1.7266578674316406,1.125001072883606,497.2043151855469,497.2030944824219,0.0003,0.0003,0.1
,,,,,968999,4834.243,1000,,,,,,,,
,,,,,969000,,,-493.9022521972656,-1.6317460536956787,1.294110655784607,493.56243896484375,493.62042236328125,0.0003,0.0003,0.1
,,,,,969999,4863.942,1000,,,,,,,,
4766.495,68.12005,4823.6484,4595.18,1000.0,970000,,,-496.7250061035156,-1.8858922719955444,1.02474045753479,496.57440185546875,496.5719299316406,0.0003,0.0003,0.1
,,,,,970999,4820.988,1000,,,,,,,,
,,,,,971000,,,-498.8266906738281,-1.4017983675003052,0.9631253480911255,498.6435241699219,498.5429992675781,0.0003,0.0003,0.1
,,,,,971999,4835.2524,1000,,,,,,,,
,,,,,972000,,,-496.550537109375,-1.8960037231445312,1.0728356838226318,496.20269775390625,496.26947021484375,0.0003,0.0003,0.1
,,,,,972999,4864.2993,1000,,,,,,,,
,,,,,973000,,,-498.0647277832031,-2.089249610900879,1.3632984161376953,497.90948486328125,497.92156982421875,0.0003,0.0003,0.1
,,,,,973999,4759.086,1000,,,,,,,,
,,,,,974000,,,-494.63360595703125,-2.0295286178588867,1.2668359279632568,494.3110656738281,494.51611328125,0.0003,0.0003,0.1
,,,,,974999,4810.248,1000,,,,,,,,
4777.3076,168.1116,4909.234,4283.878,1000.0,975000,,,-496.5636291503906,-2.1008613109588623,0.9215273261070251,496.20599365234375,496.31036376953125,0.0003,0.0003,0.1
,,,,,975999,4819.014,1000,,,,,,,,
,,,,,976000,,,-495.81610107421875,-2.3128583431243896,0.8758344650268555,495.6741027832031,495.6656494140625,0.0003,0.0003,0.1
,,,,,976999,4826.9004,1000,,,,,,,,
,,,,,977000,,,-495.6535339355469,-1.9573988914489746,0.9820974469184875,495.427978515625,495.42462158203125,0.0003,0.0003,0.1
,,,,,977999,4822.1045,1000,,,,,,,,
,,,,,978000,,,-498.65362548828125,-1.6405842304229736,0.6875921487808228,498.5540466308594,498.39727783203125,0.0003,0.0003,0.1
,,,,,978999,4799.748,1000,,,,,,,,
,,,,,979000,,,-494.550537109375,-1.9832040071487427,1.7831029891967773,494.00390625,493.9644775390625,0.0003,0.0003,0.1
,,,,,979999,4775.904,1000,,,,,,,,
4842.0503,32.35162,4878.6396,4785.5396,1000.0,980000,,,-496.69244384765625,-2.0695271492004395,0.8070789575576782,496.4422607421875,496.432373046875,0.0003,0.0003,0.1
,,,,,980999,4830.1704,1000,,,,,,,,
,,,,,981000,,,-493.52508544921875,-2.166637420654297,1.0584667921066284,493.3983154296875,493.3992614746094,0.0003,0.0003,0.1
,,,,,981999,4829.483,1000,,,,,,,,
,,,,,982000,,,-495.80657958984375,-2.0658507347106934,0.8237573504447937,495.549560546875,495.53314208984375,0.0003,0.0003,0.1
,,,,,982999,4765.773,1000,,,,,,,,
,,,,,983000,,,-497.337890625,-2.190847396850586,0.6485002040863037,497.1326904296875,497.13421630859375,0.0003,0.0003,0.1
,,,,,983999,4755.1787,1000,,,,,,,,
,,,,,984000,,,-495.9249572753906,-1.7279014587402344,1.1753848791122437,495.840576171875,495.79736328125,0.0003,0.0003,0.1
,,,,,984999,4835.863,1000,,,,,,,,
4847.6475,37.027668,4920.928,4791.989,1000.0,985000,,,-495.87823486328125,-2.299896717071533,1.2342430353164673,495.627685546875,495.7462158203125,0.0003,0.0003,0.1
,,,,,985999,4848.9233,1000,,,,,,,,
,,,,,986000,,,-494.01763916015625,-1.9431414604187012,0.9479122161865234,493.7284851074219,493.8630676269531,0.0003,0.0003,0.1
,,,,,986999,4854.325,1000,,,,,,,,
,,,,,987000,,,-496.03448486328125,-1.9813183546066284,1.270207166671753,495.90142822265625,495.9239807128906,0.0003,0.0003,0.1
,,,,,987999,4814.7026,1000,,,,,,,,
,,,,,988000,,,-495.9284362792969,-1.8007301092147827,0.8173262476921082,495.6916198730469,495.66619873046875,0.0003,0.0003,0.1
,,,,,988999,4824.653,1000,,,,,,,,
,,,,,989000,,,-495.9823303222656,-2.060969114303589,1.17997407913208,495.6434326171875,495.5860595703125,0.0003,0.0003,0.1
,,,,,989999,4828.657,1000,,,,,,,,
4780.4775,90.493256,4860.2236,4527.8296,1000.0,990000,,,-495.7257080078125,-1.9216296672821045,1.2922532558441162,495.5555419921875,495.55609130859375,0.0003,0.0003,0.1
,,,,,990999,4795.193,1000,,,,,,,,
,,,,,991000,,,-497.89410400390625,-1.9795191287994385,0.8184006810188293,497.6285705566406,497.6735534667969,0.0003,0.0003,0.1
,,,,,991999,4783.3027,1000,,,,,,,,
,,,,,992000,,,-496.55023193359375,-1.9247709512710571,1.3080494403839111,496.234619140625,496.2977294921875,0.0003,0.0003,0.1
,,,,,992999,4698.596,1000,,,,,,,,
,,,,,993000,,,-497.833251953125,-2.2283923625946045,0.9400988817214966,497.7442626953125,497.9034118652344,0.0003,0.0003,0.1
,,,,,993999,4859.092,1000,,,,,,,,
,,,,,994000,,,-497.0309753417969,-1.7902705669403076,1.2661290168762207,496.6864013671875,496.6324462890625,0.0003,0.0003,0.1
,,,,,994999,4798.465,1000,,,,,,,,
4851.98,23.209623,4893.2256,4818.8643,1000.0,995000,,,-495.11114501953125,-1.7889872789382935,0.9976937770843506,495.0321044921875,495.00927734375,0.0003,0.0003,0.1
,,,,,995999,4759.75,1000,,,,,,,,
,,,,,996000,,,-495.70574951171875,-1.852247953414917,0.7047165632247925,495.56787109375,495.4522705078125,0.0003,0.0003,0.1
,,,,,996999,4812.779,1000,,,,,,,,
,,,,,997000,,,-498.5065612792969,-1.9178617000579834,1.4036617279052734,498.42388916015625,498.42718505859375,0.0003,0.0003,0.1
,,,,,997999,3983.244,1000,,,,,,,,
,,,,,998000,,,-498.96624755859375,-2.029694080352783,0.7447762489318848,498.81268310546875,498.85333251953125,0.0003,0.0003,0.1
,,,,,998999,4803.034,1000,,,,,,,,
,,,,,999000,,,-497.27325439453125,-1.5135924816131592,0.5804704427719116,497.02117919921875,497.02410888671875,0.0003,0.0003,0.1
,,,,,999999,4872.121,1000,,,,,,,,
